book	chapter	verse	text	usfm
1Par	1	1	Adam, Seth, Enosh;	1CH
1Par	1	2	Kenan, Mahalalel, Jared;	1CH
1Par	1	3	Enoch, Methuselah, Lamech;	1CH
1Par	1	4	Noah, Shem, Ham, and Japheth.	1CH
1Par	1	5	The sons of Japheth; Gomer, and Magog, and Madai, and Javan, and Tubal, and Meshech, and Tiras.	1CH
1Par	1	6	And the sons of Gomer; Ashkenaz, and Diphath, and Togarmah.	1CH
1Par	1	7	And the sons of Javan; Elishah, and Tarshish, Kittim, and Rodanim.	1CH
1Par	1	8	The sons of Ham; Cush, and Mizraim, Put, and Canaan.	1CH
1Par	1	9	And the sons of Cush; Seba, and Havilah, and Sabta, and Raama, and Sabteca. And the sons of Raamah; Sheba, and Dedan.	1CH
1Par	1	10	And Cush begat Nimrod: he began to be a mighty one in the earth.	1CH
1Par	1	11	And Mizraim begat Ludim, and Anamim, and Lehabim, and Naphtuhim,	1CH
1Par	1	12	and Pathrusim, and Casluhim (from whence came the Philistines), and Caphtorim.	1CH
1Par	1	13	And Canaan begat Zidon his firstborn, and Heth;	1CH
1Par	1	14	and the Jebusite, and the Amorite, and the Girgashite;	1CH
1Par	1	15	and the Hivite, and the Arkite, and the Sinite;	1CH
1Par	1	16	and the Arvadite, and the Zemarite, and the Hamathite.	1CH
1Par	1	17	The sons of Shem; Elam, and Asshur, and Arpachshad, and Lud, and Aram, and Uz, and Hul, and Gether., and Meshech.	1CH
1Par	1	18	And Arpachshad begat Shelah, and Shelah begat Eber.	1CH
1Par	1	19	And unto Eber were born two sons: the name of the one was Peleg; for in his days the earth was divided; and his brother’s name was Joktan.	1CH
1Par	1	20	And Joktan begat Almodad, and Sheleph, and Hazarmaveth, and Jerah;	1CH
1Par	1	21	and Hadoram, and Uzal, and Diklah;	1CH
1Par	1	22	and Ebal, and Abimael, and Sheba;	1CH
1Par	1	23	and Ophir, and Havilah, and Jobab; All these were the sons of Joktan.	1CH
1Par	1	24	Shem, Arpachshad, Shelah;	1CH
1Par	1	25	Eber, Peleg, Reu;	1CH
1Par	1	26	Serug, Nahor, Terah;	1CH
1Par	1	27	Abram (the same is Abraham).	1CH
1Par	1	28	The sons of Abraham; Isaac, and Ishmael.	1CH
1Par	1	29	These are their generations: the firstborn of Ishmael, Nebaioth; then Kedar, and Adbeel, and Mibsam,	1CH
1Par	1	30	Mishma, and Dumah, Massa; Hadad, and Tema,	1CH
1Par	1	31	Jetur, Naphish, and Kedemah. These are the sons of Ishmael.	1CH
1Par	1	32	And the sons of Keturah, Abraham’s concubine: she bare Zimran, and Jokshan, and Medan, and Midian, and Ishbak, and Shuah. And the sons of Jokshan; Sheba, and Dedan.	1CH
1Par	1	33	And the sons of Midian; Ephah, and Epher, and Hanoch, and Abida, and Eldaah. All these were the sons of Keturah.	1CH
1Par	1	34	And Abraham begat Isaac. The sons of Isaac; Esau, and Israel.	1CH
1Par	1	35	The sons of Esau; Eliphaz, Reuel, and Jeush, and Jalam, and Korah.	1CH
1Par	1	36	The sons of Eliphaz; Teman, and Omar, Zephi, and Gatam, Kenaz, and Timna, and Amalek.	1CH
1Par	1	37	The sons of Reuel; Nahath, Zerah, Shammah, and Mizzah.	1CH
1Par	1	38	And the sons of Seir; Lotan and Shobal and Zibeon and Anah, and Dishon and Ezer and Dishan.	1CH
1Par	1	39	And the sons of Lotan; Hori and Homam: and Timna was Lotan’s sister.	1CH
1Par	1	40	The sons of Shobal; Alian and Manahath and Ebal, Shephi and Onam. And the sons of Zibeon; Aiah and Anah.	1CH
1Par	1	41	The sons of Anah; Dishon. And the sons of Dishon; Hamran and Eshban and Ithran and Cheran.	1CH
1Par	1	42	The sons of Ezer; Bilhan and Zaavan, Jaakan. The sons of Dishan; Uz and Aran.	1CH
1Par	1	43	Now these are the kings that reigned in the land of Edom, before there reigned any king over the children of Israel: Bela the son of Beor; and the name of his city was Dinhabah,	1CH
1Par	1	44	And Bela died, and Jobab the son of Zerah of Bozrah reigned in his stead.	1CH
1Par	1	45	And Jobab died, and Husham of the land of the Temanites reigned in his stead.	1CH
1Par	1	46	And Husham died, and Hadad the son of Bedad, which smote Midian in the field of Moab, reigned in his stead: and the name of his city was Avith.	1CH
1Par	1	47	And Hadad died, and Samlah of Masrekah reigned in his stead.	1CH
1Par	1	48	And Samlah died, and Shaul of Rehoboth by the River reigned in his stead.	1CH
1Par	1	49	And Shaul died, and Baal-hanan the son of Achbor reigned in his stead.	1CH
1Par	1	50	And Baal-hanan died, and Hadad reigned in his stead; and the name of his city was Pai: and his wife’s name was Mehetabel, the daughter of Matred, the daughter of Me-zahab.	1CH
1Par	1	51	And Hadad died. And the dukes of Edom were; duke Timna, duke Aliah, duke Jetheth;	1CH
1Par	1	52	duke Oholibamah, duke Elah, duke Pinon;	1CH
1Par	1	53	duke Kenaz, duke Teman, duke Mibzar;	1CH
1Par	1	54	duke Magdiel, duke Iram. These are the dukes of Edom.	1CH
1Par	2	1	These are the sons of Israel; Reuben, Simeon, Levi, and Judah, Issachar and Zebulun;	1CH
1Par	2	2	Dan, Joseph and Benjamin, Naphtali, Gad and Asher.	1CH
1Par	2	3	The sons of Judah; Er, and Onan, and Shelah: which three were born unto him of Bath-shua the Canaanitess. And Er, Judah’s firstborn, was wicked in the sight of the LORD; and he slew him.	1CH
1Par	2	4	And Tamar his daughter in law bare him Perez and Zerah. All the sons of Judah were five.	1CH
1Par	2	5	The sons of Perez; Hezron and Hamul.	1CH
1Par	2	6	And the sons of Zerah; Zimri, and Ethan, and Heman, and Calcol, and Dara: five of them in all.	1CH
1Par	2	7	And the sons of Carmi; Achar, the troubler of Israel, who committed a trespass in the devoted thing.	1CH
1Par	2	8	And the sons of Ethan; Azariah.	1CH
1Par	2	9	The sons also of Hezron, that were born unto him; Jerahmeel, and Ram, and Chelubai.	1CH
1Par	2	10	And Ram begat Amminadab; and Amminadab begat Nahshon, prince of the children of Judah;	1CH
1Par	2	11	and Nahshon begat Salma, and Salma begat Boaz;	1CH
1Par	2	12	and Boaz begat Obed, and Obed begat Jesse;	1CH
1Par	2	13	and Jesse begat his firstborn Eliab, and Abinadab the second, and Shimea the third;	1CH
1Par	2	14	Nethanel the fourth, Raddai the fifth;	1CH
1Par	2	15	Ozem the sixth, David the seventh:	1CH
1Par	2	16	and their sisters were Zeruiah and Abigail. And the sons of Zeruiah; Abishai, and Joab, and Asahel, three.	1CH
1Par	2	17	And Abigail bare Amasa: and the father of Amasa was Jether the Ishmaelite.	1CH
1Par	2	18	And Caleb the son of Hezron begat children of Azubah his wife, and of Jerioth: and these were her sons; Jesher, and Shobab, and Ardon.	1CH
1Par	2	19	And Azubah died, and Caleb took unto him Ephrath, which bare him Hur.	1CH
1Par	2	20	And Hur begat Uri, and Uri begat Bezalel.	1CH
1Par	2	21	And afterward Hezron went in to the daughter of Machir the father of Gilead; whom he took to wife when he was threescore years old; and she bare him Segub.	1CH
1Par	2	22	And Segub begat Jair, who had three and twenty cities in the land of Gilead.	1CH
1Par	2	23	And Geshur and Aram took the towns of Jair from them, with Kenath, and the villages thereof, even threescore cities. All these were the sons of Machir the father of Gilead:	1CH
1Par	2	24	And after that Hezron was dead in Caleb-ephrathah, then Abijah Hezron’s wife bare him Ashhur the father of Tekoa.	1CH
1Par	2	25	And the sons of Jerahmeel the firstborn of Hezron were Ram the firstborn, and Bunah, and Oren, and Ozem, Ahijah.	1CH
1Par	2	26	And Jerahmeel had another wife, whose name was Atarah; she was the mother of Onam.	1CH
1Par	2	27	And the sons of Ram the firstborn of Jerahmeel were Maaz, and Jamin, and Eker.	1CH
1Par	2	28	And the sons of Onam were Shammai, and Jada: and the sons of Shammai; Nadab, and Abishur.	1CH
1Par	2	29	And the name of the wife of Abishur was Abihail; and she bare him Ahban, and Molid.	1CH
1Par	2	30	And the sons of Nadab; Seled, and Appaim: but Seled died without children.	1CH
1Par	2	31	And the sons of Appaim; Ishi. And the sons of Ishi; Sheshan. And the sons of Sheshan; Ahlai.	1CH
1Par	2	32	And the sons of Jada the brother of Shammai; Jether, and Jonathan: and Jether died without children.	1CH
1Par	2	33	And the sons of Jonathan; Peleth, and Zaza. These were the sons of Jerahmeel.	1CH
1Par	2	34	Now Sheshan had no sons, but daughters. And Sheshan had a servant, an Egyptian, whose name was Jarha.	1CH
1Par	2	35	Sheshan gave his daughter to Jarha his servant to wife; and she bare him Attai.	1CH
1Par	2	36	And Attai begat Nathan, and Nathan begat Zabad;	1CH
1Par	2	37	and Zabad begat Ephlal, and Ephlal begat Obed;	1CH
1Par	2	38	and Obed begat Jehu, and Jehu begat Azariah;	1CH
1Par	2	39	and Azariah begat Helez, and Helez begat Eleasah;	1CH
1Par	2	40	and Eleasah begat Sismai, and Sismai begat Shallum;	1CH
1Par	2	41	and Shallum begat Jekamiah, and Jekamiah begat Elishama.	1CH
1Par	2	42	And the sons of Caleb the brother of Jerahmeel were Mesha his firstborn, which was the father of Ziph; and the sons of Mareshah the father of Hebron.	1CH
1Par	2	43	And the sons of Hebron; Korah, and Tappuah, and Rekem, and Shema.	1CH
1Par	2	44	And Shema begat Raham, the father of Jorkeam; and Rekem begat Shammai.	1CH
1Par	2	45	And the son of Shammai was Maon; and Maon was the father of Beth-zur.	1CH
1Par	2	46	And Ephah, Caleb’s concubine, bare Haran, and Moza, and Gazez: and Haran begat Gazez.	1CH
1Par	2	47	And the sons of Jahdai; Regem, and Jotham, and Geshan, and Pelet, and Ephah, and Shaaph.	1CH
1Par	2	48	Maacah, Caleb’s concubine, bare Sheber and Tirhanah.	1CH
1Par	2	49	She bare also Shaaph the father of Madmannah, Sheva the father of Machbena, and the father of Gibea; and the daughter of Caleb was Achsah.	1CH
1Par	2	50	These were the sons of Caleb; the son of Hur, the firstborn of Ephrathah, Shobal the father of Kiriath-jearim;	1CH
1Par	2	51	Salma the father of Beth-lehem, Hareph the father of Beth-gader.	1CH
1Par	2	52	And Shobal the father of Kiriath-jearim had sons; Haroeh, half of the Menuhoth.	1CH
1Par	2	53	And the families of Kiriath-jearim; the Ithrites, and the Puthites, and the Shumathites, and the Mishraites; of them came the Zorathites and the Eshtaolites.	1CH
1Par	2	54	The sons of Salma; Beth-lehem, the Netophathites, Atroth-beth-Joab, and half of the Manahathites, the Zorites.	1CH
1Par	2	55	And the families of scribes which dwelt at Jabez; the Tirathites, the Shimeathites, the Sucathites. These are the Kenites that came of Hammath, the father of the house of Rechab.	1CH
1Par	3	1	Now these were the sons of David, which were born unto him in Hebron: the firstborn, Amnon, of Ahinoam the Jezreelitess; the second, Daniel, of Abigail the Carmelitess;	1CH
1Par	3	2	the third, Absalom the son of Maacah the daughter of Talmai king of Geshur; the fourth, Adonijah the son of Haggith;	1CH
1Par	3	3	the fifth, Shephatiah of Abital; the sixth, Ithream by Eglah his wife.	1CH
1Par	3	4	six were born unto him in Hebron; and there he reigned seven years and six months: and in Jerusalem he reigned thirty and three years.	1CH
1Par	3	5	and these were born unto him in Jerusalem: Shimea, and Shobab, and Nathan, and Solomon, four, of Bath-shua the daughter of Ammiel:	1CH
1Par	3	6	and Ibhar, and Elishama, and Eliphelet;	1CH
1Par	3	7	and Nogah, and Nepheg, and Japhia;	1CH
1Par	3	8	and Elishama, and Eliada, and Eliphelet, nine.	1CH
1Par	3	9	All these were the sons of David; beside the sons of the concubines; and Tamar was their sister.	1CH
1Par	3	10	And Solomon’s son was Rehoboam, Abijah his son, Asa his son, Jehoshaphat his son;	1CH
1Par	3	11	Joram his son, Ahaziah his son, Joash his son;	1CH
1Par	3	12	Amaziah his son, Azariah his son, Jotham his son;	1CH
1Par	3	13	Ahaz his son, Hezekiah his son, Manasseh his son;	1CH
1Par	3	14	Amon his son, Josiah his son.	1CH
1Par	3	15	And the sons of Josiah; the firstborn Johanan, the second Jehoiakim, the third Zedekiah, the fourth Shallum.	1CH
1Par	3	16	And the sons of Jehoiakim: Jeconiah his son, Zedekiah his son.	1CH
1Par	3	17	And the sons of Jeconiah, the captive; Shealtiel his son,	1CH
1Par	3	18	and Malchiram, and Pedaiah, and Shenazzar, Jekamiah, Hoshama, and Nedabiah.	1CH
1Par	3	19	And the sons of Pedaiah; Zerubbabel, and Shimei: and the sons of Zerubbabel; Meshullam, and Hananiah; and Shelomith was their sister:	1CH
1Par	3	20	and Hashubah, and Ohel, and Berechiah, and Hasadiah, Jushabhesed, five.	1CH
1Par	3	21	And the sons of Hananiah; Pelatiah, and Jeshaiah: the sons of Rephaiah, the sons of Arnan, the sons of Obadiah, the sons of Shecaniah.	1CH
1Par	3	22	And the sons of Shecaniah; Shemaiah: and the sons of Shemaiah; Hattush, and Igal, and Bariah, and Neariah, and Shaphat, six.	1CH
1Par	3	23	And the sons of Neariah; Elioenai, and Hizkiah, and Azrikam, three.	1CH
1Par	3	24	And the sons of Elioenai; Hodaviah, and Eliashib, and Pelaiah, and Akkub, and Johanan, and Delaiah, and Anani, seven.	1CH
1Par	4	1	The sons of Judah; Perez, Hezron, and Carmi, and Hur, and Shobal.	1CH
1Par	4	2	And Reaiah the son of Shobal begat Jahath; and Jahath begat Ahumai and Lahad. These are the families of the Zorathites.	1CH
1Par	4	3	And these were the sons of the father of Etam; Jezreel, and Ishma, and Idbash: and the name of their sister was Hazzelelponi:	1CH
1Par	4	4	and Penuel the father of Gedor, and Ezer the father of Hushah. These are the sons of Hur, the firstborn of Ephrathah, the father of Beth-lehem.	1CH
1Par	4	5	And Ashhur the father of Tekoa had two wives, Helah and Naarah.	1CH
1Par	4	6	And Naarah bare him Ahuzzam, and Hepher, and Temeni, and Haahashtari. These were the sons of Naarah.	1CH
1Par	4	7	And the sons of Helah were Zereth, Izhar, and Ethnan.	1CH
1Par	4	8	And Hakkoz begat Anub, and Zobebah, and the families of Aharhel the son of Harum.	1CH
1Par	4	9	And Jabez was more honourable than his brethren: and his mother called his name Jabez, saying, Because I bare him with sorrow.	1CH
1Par	4	10	And Jabez called on the God of Israel, saying, Oh that thou wouldest bless me indeed, and enlarge my border, and that thine hand might be with me, and that thou wouldest keep me from evil, that it be not to my sorrow! And God granted him that which he requested.	1CH
1Par	4	11	And Chelub the brother of Shuhah begat Mehir, which was the father of Eshton.	1CH
1Par	4	12	And Eshton begat Beth-rapha, and Paseah, and Tehinnah the father of Ir-nahash. These are the men of Recah.	1CH
1Par	4	13	And the sons of Kenaz; Othniel, and Seraiah: and the sons of Othniel; Hathath.	1CH
1Par	4	14	And Meonothai begat Ophrah: and Seraiah begat Joab the father of Ge-harashim; for they were craftsmen.	1CH
1Par	4	15	And the sons of Caleb the son of Jephunneh; Iru, Elah, and Naam: and the sons of Elah; and Kenaz.	1CH
1Par	4	16	And the sons of Jehallelel; Ziph, and Ziphah, Tiria, and Asarel.	1CH
1Par	4	17	And the sons of Ezrah; Jether, and Mered, and Epher, and Jalon: and she bare Miriam, and Shammai, and Ishbah the father of Eshtemoa.	1CH
1Par	4	18	And his wife the Jewess bare Jered the father of Gedor, and Heber the father of Soco, and Jekuthiel the father of Zanoah. And these are the sons of Bithiah the daughter of Pharaoh, which Mered took.	1CH
1Par	4	19	And the sons of the wife of Hodiah, the sister of Naham, were the father of Keilah the Garmite, and Eshtemoa the Maacathite.	1CH
1Par	4	20	And the sons of Shimon; Amnon, and Rinnah, Ben-hanan, and Tilon. And the sons of Ishi; Zoheth, and Ben-zoheth.	1CH
1Par	4	21	The sons of Shelah the son of Judah; Er the father of Lecah, and Laadah the father of Mareshah, and the families of the house of them that wrought fine linen, of the house of Ashbea;	1CH
1Par	4	22	and Jokim, and the men of Cozeba, and Joash, and Saraph, who had dominion in Moab, and Jashubi-lehem. And the records are ancient.	1CH
1Par	4	23	These were the potters, and the inhabitants of Netaim and Gederah: there they dwelt with the king for his work.	1CH
1Par	4	24	The sons of Simeon; Nemuel, and Jamin, Jarib, Zerah, Shaul:	1CH
1Par	4	25	Shallum his son, Mibsam his son, Mishma his son.	1CH
1Par	4	26	And the sons of Mishma; Hammuel his son, Zaccur his son, Shimei his son.	1CH
1Par	4	27	And Shimei had sixteen sons and six daughters; but his brethren had not many children, neither did all their family multiply, like to the children of Judah.	1CH
1Par	4	28	And they dwelt at Beer-sheba, and Moladah, and Hazar-shual;	1CH
1Par	4	29	and at Bilhah, and at Ezem, and at Tolad;	1CH
1Par	4	30	and at Bethuel, and at Hormah, and at Ziklag;	1CH
1Par	4	31	and at Beth-marcaboth, and Hazar-susim, and at Beth-biri, and at Shaaraim. These were their cities unto the reign of David.	1CH
1Par	4	32	And their villages were Etam, and Ain, Rimmon, and Tochen, and Ashan, five cities:	1CH
1Par	4	33	and all their villages that were round about the same cities, unto Baal. These were their habitations, and they have their genealogy.	1CH
1Par	4	34	And Meshobab, and Jamlech, and Joshah the son of Amaziah;	1CH
1Par	4	35	and Joel, and Jehu the son of Joshibiah, the son of Seraiah, the son of Asiel;	1CH
1Par	4	36	and Elioenai, and Jaakobah, and Jeshohaiah, and Asaiah, and Adiel, and Jesimiel, and Benaiah;	1CH
1Par	4	37	and Ziza the son of Shiphi, the son of Allon, the son of Jedaiah, the son of Shimri, the son of Shemaiah;	1CH
1Par	4	38	these mentioned by name were princes in their families: and their fathers’ houses increased greatly.	1CH
1Par	4	39	And they went to the entering in of Gedor, even unto the east side of the valley, to seek pasture for their flocks.	1CH
1Par	4	40	And they found fat pasture and good, and the land was wide, and quiet, and peaceable; for they that dwelt there aforetime were of Ham.	1CH
1Par	4	41	And these written by name came in the days of Hezekiah king of Judah, and smote their tents, and the Meunim that were found there, and destroyed them utterly, unto this day, and dwelt in their stead: because there was pasture there for their flocks.	1CH
1Par	4	42	And some of them, even of the sons of Simeon, five hundred men, went to mount Seir; having for their captains Pelatiah, and Neariah, and Rephaiah, and Uzziel, the sons of Ishi.	1CH
1Par	4	43	And they smote the remnant of the Amalekites that escaped, and dwelt there, unto this day.	1CH
1Par	5	1	And the sons of Reuben the firstborn of Israel, (for he was the firstborn; but, forasmuch as he defiled his father’s couch, his birthright was given unto the sons of Joseph the son of Israel; and the genealogy is not to be reckoned after the birthright.	1CH
1Par	5	2	For Judah prevailed above his brethren, and of him came the prince; but the birthright was Joseph’s:)	1CH
1Par	5	3	the sons of Reuben the firstborn of Israel; Hanoch, and Pallu, Hezron, and Carmi.	1CH
1Par	5	4	The sons of Joel; Shemaiah his son, Gog his son, Shimei his son;	1CH
1Par	5	5	Micah his son, Reaiah his son, Baal his son;	1CH
1Par	5	6	Beerah his son, whom Tilgath-pilneser king of Assyria carried away captive: he was prince of the Reubenites.	1CH
1Par	5	7	And his brethren by their families, when the genealogy of their generations was reckoned; the chief, Jeiel, and Zechariah,	1CH
1Par	5	8	and Bela the son of Azaz, the son of Shema, the son of Joel, who dwelt in Aroer, even unto Nebo and Baal-meon:	1CH
1Par	5	9	and eastward he dwelt even unto the entering in of the wilderness from the river Euphrates: because their cattle were multiplied in the land of Gilead.	1CH
1Par	5	10	And in the days of Saul they made war with the Hagrites, who fell by their hand: and they dwelt in their tents throughout all the land east of Gilead.	1CH
1Par	5	11	And the sons of Gad dwelt over against them, in the land of Bashan unto Salecah:	1CH
1Par	5	12	Joel the chief, and Shapham the second, and Janai, and Shaphat in Bashan:	1CH
1Par	5	13	And their brethren of their fathers’ houses; Michael, and Meshullam, and Sheba, and Jorai, and Jacan, and Zia, and Eber, seven.	1CH
1Par	5	14	These were the sons of Abihail the son of Huri, the son of Jaroah, the son of Gilead, the son of Michael, the son of Jeshishai, the son of Jahdo, the son of Buz;	1CH
1Par	5	15	Ahi the son of Abdiel, the son of Guni, chief of their fathers’ houses.	1CH
1Par	5	16	And they dwelt in Gilead in Bashan, and in her towns, and in all the suburbs of Sharon, as far as their borders.	1CH
1Par	5	17	All these were reckoned by genealogies in the days of Jotham king of Judah, and in the days of Jeroboam king of Israel.	1CH
1Par	5	18	The sons of Reuben, and the Gadites, and the half tribe of Manasseh, of valiant men, men able to bear buckler and sword, and to shoot with bow, and skilful in war, were forty and four thousand seven hundred and threescore, that were able to go forth to war.	1CH
1Par	5	19	And they made war with the Hagrites, with Jetur, and Naphish, and Nodab.	1CH
1Par	5	20	And they were helped against them, and the Hagrites were delivered into their hand, and all that were with them: for they cried to God in the battle, and he was entreated of them; because they put their trust in him.	1CH
1Par	5	21	And they took away their cattle; of their camels fifty thousand, and of sheep two hundred and fifty thousand, and of asses two thousand, and of men an hundred thousand.	1CH
1Par	5	22	For there fell many slain, because the war was of God. And they dwelt in their stead until the captivity.	1CH
1Par	5	23	And the children of the half tribe of Manasseh dwelt in the land: they increased from Bashan unto Baal-hermon and Senir and mount Hermon.	1CH
1Par	5	24	And these were the heads of their fathers’ houses; even Epher, and Ishi, and Eliel, and Azriel, and Jeremiah, and Hodaviah, and Jahdiel, mighty men of valour, famous men, heads of their fathers’ houses.	1CH
1Par	5	25	And they trespassed against the God of their fathers, and went a whoring after the gods of the peoples of the land, whom God destroyed before them.	1CH
1Par	5	26	And the God of Israel stirred up the spirit of Pul king of Assyria, and the spirit of Tilgath-pilneser king of Assyria, and he carried them away, even the Reubenites, and the Gadites, and the half tribe of Manasseh, and brought them unto Halah, and Habor, and Hara, and to the river of Gozan, unto this day.	1CH
1Par	6	1	The sons of Levi; Gershon, Kohath, and Merari.	1CH
1Par	6	2	And the sons of Kohath; Amram, Izhar, and Hebron, and Uzziel.	1CH
1Par	6	3	And the children of Amram; Aaron, and Moses, and Miriam. And the sons of Aaron; Nadab and Abihu, Eleazar and Ithamar.	1CH
1Par	6	4	Eleazar begat Phinehas, Phinehas begat Abishua;	1CH
1Par	6	5	and Abishua begat Bukki, and Bukki begat Uzzi;	1CH
1Par	6	6	and Uzzi begat Zerahiah, and Zerahiah begat Meraioth;	1CH
1Par	6	7	Meraioth begat Amariah, and Amariah begat Ahitub;	1CH
1Par	6	8	and Ahitub begat Zadok, and Zadok begat Ahimaaz;	1CH
1Par	6	9	and Ahimaaz begat Azariah, and Azariah begat Johanan;	1CH
1Par	6	10	and Johanan begat Azariah (he it is that executed the priest’s office in the house that Solomon built in Jerusalem:)	1CH
1Par	6	11	and Azariah begat Amariah, and Amariah begat Ahitub;	1CH
1Par	6	12	and Ahitub begat Zadok, and Zadok begat Shallum;	1CH
1Par	6	13	and Shallum begat Hilkiah, and Hilkiah begat Azariah;	1CH
1Par	6	14	and Azariah begat Seraiah, and Seraiah begat Jehozadak;	1CH
1Par	6	15	And Jehozadak went into captivity, when the LORD carried away Judah and Jerusalem by the hand of Nebuchadnezzar.	1CH
1Par	6	16	The sons of Levi; Gershom, Kohath, and Merari.	1CH
1Par	6	17	And these be the names of the sons of Gershom; Libni and Shimei.	1CH
1Par	6	18	And the sons of Kohath were Amram, and Izhar, and Hebron, and Uzziel.	1CH
1Par	6	19	The sons of Merari; Mahli and Mushi. And these are the families of the Levites according to their father’s houses.	1CH
1Par	6	20	Of Gershom; Libni his son, Jahath his son, Zimmah his son;	1CH
1Par	6	21	Joah his son, Iddo his son, Zerah his son, Jeatherai his son.	1CH
1Par	6	22	The sons of Kohath; Amminadab his son, Koran his son, Assir his son;	1CH
1Par	6	23	Elkanah his son, and Ebiasaph his son, and Assir his son;	1CH
1Par	6	24	Tahath his son, Uriel his son, Uzziah his son, and Shaul his son.	1CH
1Par	6	25	And the sons of Elkanah; Amasai, and Ahimoth.	1CH
1Par	6	26	As for Elkanah: the sons of Elkanah; Zophai his son, and Nahath his son;	1CH
1Par	6	27	Eliab his son, Jeroham his son, Elkanah his son.	1CH
1Par	6	28	And the sons of Samuel; the firstborn, Joel, and the second Abijah.	1CH
1Par	6	29	The sons of Merari; Mahli, Libni his son, Shimei his son, Uzzah his son;	1CH
1Par	6	30	Shimea his son, Haggiah his son, Asaiah his son.	1CH
1Par	6	31	And these are they whom David set over the service of song in the house of the LORD, after that the ark had rest.	1CH
1Par	6	32	And they ministered with song before the tabernacle of the tent of meeting, until Solomon had built the house of the LORD in Jerusalem: and they waited on their office according to their order.	1CH
1Par	6	33	And these are they that waited, and their sons. Of the sons of the Kohathites: Heman the singer, the son of Joel, the son of Samuel;	1CH
1Par	6	34	the son of Elkanah, the son of Jeroham, the son of Eliel, the son of Toah;	1CH
1Par	6	35	the son of Zuph, the son of Elkanah, the son of Mahath, the son of Amasai;	1CH
1Par	6	36	the son of Elkanah, the son of Joel, the son of Azariah, the son of Zephaniah;	1CH
1Par	6	37	the son of Tahath, the son of Assir, the son of Ebiasaph, the son of Korah;	1CH
1Par	6	38	the son of Izhar, the son of Kohath, the son of Levi, the son of Israel.	1CH
1Par	6	39	And his brother Asaph, who stood on his right hand, even Asaph the son of Berechiah, the son of Shimea;	1CH
1Par	6	40	the son of Michael, the son of Baaseiah, the son of Malchijah;	1CH
1Par	6	41	the son of Ethni, the son of Zerah, the son of Adaiah;	1CH
1Par	6	42	the son of Ethan, the son of Zimmah, the son of Shimei;	1CH
1Par	6	43	the son of Jahath, the son of Gershom, the son of Levi.	1CH
1Par	6	44	And on the left hand their brethren the sons of Merari: Ethan the son of Kishi, the son of Abdi, the son of Malluch;	1CH
1Par	6	45	the son of Hashabiah, the son of Amaziah, the son of Hilkiah;	1CH
1Par	6	46	the son of Amzi, the son of Bani, the son of Shemer;	1CH
1Par	6	47	the son of Mahli, the son of Mushi, the son of Merari, the son of Levi.	1CH
1Par	6	48	And their brethren the Levites were appointed for all the service of the tabernacle of the house of God.	1CH
1Par	6	49	But Aaron and his sons offered upon the altar of burnt offering, and upon the altar of incense, for all the work of the most holy place, and to make atonement for Israel, according to all that Moses the servant of God had commanded.	1CH
1Par	6	50	And these are the sons of Aaron; Eleazar his son, Phinehas his son, Abishua his son;	1CH
1Par	6	51	Bukki his son, Uzzi his son, Zerahiah his son;	1CH
1Par	6	52	Meraioth his son, Amariah his son, Ahitub his son;	1CH
1Par	6	53	Zadok his son, Ahimaaz his son.	1CH
1Par	6	54	Now these are their dwelling places according to their encampments in their borders: to the sons of Aaron, of the families of the Kohathites, for theirs was the first lot,	1CH
1Par	6	55	to them they gave Hebron in the land of Judah, and the suburbs thereof round about it;	1CH
1Par	6	56	but the fields of the city, and the villages thereof, they gave to Caleb the son of Jephunneh.	1CH
1Par	6	57	And to the sons of Aaron they gave the cities of refuge, Hebron; Libnah also with her suburbs, and Jattir, and Eshtemoa with her suburbs;	1CH
1Par	6	58	and Hilen with her suburbs, Debir with her suburbs;	1CH
1Par	6	59	and Ashan with her suburbs, and Beth-shemesh with her suburbs:	1CH
1Par	6	60	and out of the tribe of Benjamin; Geba with her suburbs, and Allemeth with her suburbs, and Anathoth with her suburbs. All their cities throughout their families were thirteen cities.	1CH
1Par	6	61	And unto the rest of the sons of Kohath were given by lot, out of the family of the tribe, out of the half tribe, the half of Manasseh, ten cities.	1CH
1Par	6	62	And to the sons of Gershom, according to their families, out of the tribe of Issachar, and out of the tribe of Asher, and out of the tribe of Naphtali, and out of the tribe of Manasseh in Bashan, thirteen cities.	1CH
1Par	6	63	Unto the sons of Merari were given by lot, according to their families, out of the tribe of Reuben, and out of the tribe of Gad, and out of the tribe of Zebulun, twelve cities.	1CH
1Par	6	64	And the children of Israel gave to the Levites the cities with their suburbs.	1CH
1Par	6	65	And they gave by lot out of the tribe of the children of Judah, and out of the tribe of the children of Simeon, and out of the tribe of the children of Benjamin, these cities which are mentioned by name.	1CH
1Par	6	66	And some of the families of the sons of Kohath had cities of their borders out of the tribe of Ephraim.	1CH
1Par	6	67	And they gave unto them the cities of refuge, Shechem in the hill country of Ephraim with her suburbs; Gezer also with her suburbs;	1CH
1Par	6	68	and Jokmeam with her suburbs, and Beth-horon with her suburbs;	1CH
1Par	6	69	and Aijalon with her suburbs, and Gath-rimmon with her suburbs:	1CH
1Par	6	70	and out of the half tribe of Manasseh; Aner with her suburbs, and Bileam with her suburbs, for the rest of the family of the sons of Kohath.	1CH
1Par	6	71	Unto the sons of Gershom were given, out of the family of the half tribe of Manasseh, Golan in Bashan with her suburbs, and Ashtaroth with her suburbs:	1CH
1Par	6	72	and out of the tribe of Issachar; Kedesh with her suburbs, Daberath with her suburbs;	1CH
1Par	6	73	and Ramoth with her suburbs, and Anem with her suburbs:	1CH
1Par	6	74	and out of the tribe of Asher; Mashal with her suburbs, and Abdon with her suburbs;	1CH
1Par	6	75	and Hukok with her suburbs, and Rehob with her suburbs:	1CH
1Par	6	76	and out of the tribe of Naphtali; Kedesh in Galilee with her suburbs, and Hammon with her suburbs, and Kiriathaim with her suburbs.	1CH
1Par	6	77	Unto the rest of the Levites, the sons of Merari, were given, out of the tribe of Zebulun, Rimmono with her suburbs, Tabor with her suburbs:	1CH
1Par	6	78	and beyond the Jordan at Jericho, on the east side of Jordan, were given them, out of the tribe of Reuben, Bezer in the wilderness with her suburbs, and Jahzah with her suburbs,	1CH
1Par	6	79	and Kedemoth with her suburbs, and Mephaath with her suburbs:	1CH
1Par	6	80	and out of the tribe of Gad; Ramoth in Gilead with her suburbs, and Mahanaim with her suburbs,	1CH
1Par	6	81	and Heshbon with her suburbs, and Jazer with her suburbs.	1CH
1Par	7	1	And of the sons of Issachar; Tola, and Puah, Jashub, and Shimron, four.	1CH
1Par	7	2	And the sons of Tola; Uzzi, and Rephaiah, and Jeriel, and Jahmai, and Ibsam, and Shemuel, heads of their fathers’ houses, to wit, of Tola; mighty men of valour in their generations: their number in the days of David was two and twenty thousand and six hundred.	1CH
1Par	7	3	And the sons of Uzzi; Izrahiah: and the sons of Izrahiah; Michael, and Obadiah, and Joel, Isshiah, five: all of them chief men.	1CH
1Par	7	4	And with them, by their generations, after their fathers’ houses, were bands of the host for war, six and thirty thousand: for they had many wives and sons.	1CH
1Par	7	5	And their brethren among all the families of Issachar, mighty men of valour, reckoned in all by genealogy, were fourscore and seven thousand.	1CH
1Par	7	6	The sons of Benjamin; Bela, and Becher, and Jediael, three.	1CH
1Par	7	7	And the sons of Bela; Ezbon, and Uzzi, and Uzziel, and Jerimoth, and Iri, five; heads of fathers’ houses, mighty men of valour; and they were reckoned by genealogy twenty and two thousand and thirty and four.	1CH
1Par	7	8	And the sons of Becher; Zemirah, and Joash, and Eliezer, and Elioenai, and Omri, and Jeremoth, and Abijah, and Anathoth, and Alemeth. All these were the sons of Becher.	1CH
1Par	7	9	And they were reckoned by genealogy, after their generations, heads of their fathers’ houses, mighty men of valour, twenty thousand and two hundred.	1CH
1Par	7	10	And the sons of Jediael; Bilhan: and the sons of Bilhan; Jeush, and Benjamin, and Ehud, and Chenaanah, and Zethan, and Tarshish, and Ahishahar.	1CH
1Par	7	11	All these were sons of Jediael; according to the heads of their father’s houses, mighty men of valour, seventeen thousand and two hundred, that were able to go forth in the host for war.	1CH
1Par	7	12	Shuppim also, and Huppim, the sons of Ir, Hushim, the sons of Aher.	1CH
1Par	7	13	The sons of Naphtali; Jahziel, and Guni, and Jezer, and Shallum, the sons of Bilhah.	1CH
1Par	7	14	The sons of Manasseh; Asriel, whom his wife bare: (his concubine the Aramitess bare Machir the father of Gilead:	1CH
1Par	7	15	and Machir took a wife of Huppim and Shuppim, whose sister’s name was Maacah;) and the name of the second was Zelophehad: and Zelophehad had daughters.	1CH
1Par	7	16	And Maacah the wife of Machir bare a son, and she called his name Peresh; and the name of his brother was Sheresh; and his sons were Ulam and Rakem.	1CH
1Par	7	17	And the sons of Ulam; Bedan. These were the sons of Gilead the son of Machir, the son of Manasseh.	1CH
1Par	7	18	And his sister Hammolecheth bare Ishhod, and Abiezer, and Mahlah.	1CH
1Par	7	19	And the sons of Shemida were Ahian, and Shechem, and Likhi, and Aniam.	1CH
1Par	7	20	And the sons of Ephraim; Shuthelah, and Bered his son, and Tahath his son, and Eleadah his son, and Tahath his son,	1CH
1Par	7	21	and Zabad his son, and Shuthelah his son, and Ezer, and Elead, whom the men of Gath that were born in the land slew, because they came down to take away their cattle.	1CH
1Par	7	22	And Ephraim their father mourned many days, and his brethren came to comfort him.	1CH
1Par	7	23	And he went in to his wife, and she conceived, and bare a son, and he called his name Beriah, because it went evil with his house.	1CH
1Par	7	24	And his daughter was Sheerah, who built Beth-horon the nether and the upper, and Uzzen-sheerah.	1CH
1Par	7	25	And Rephah was his son, and Resheph, and Telah his son, and Tahan his son;	1CH
1Par	7	26	Ladan his son, Ammihud his son, Elishama his son;	1CH
1Par	7	27	Nun his son, Joshua his son.	1CH
1Par	7	28	And their possessions and habitations were Beth-el and the towns thereof, and eastward Naaran, and westward Gezer, with the towns thereof; Shechem also and the towns thereof, unto Azzah and the towns thereof:	1CH
1Par	7	29	and by the borders of the children of Manasseh, Beth-shean and her towns, Taanach and her towns, Megiddo and her towns, Dor and her towns. In these dwelt the children of Joseph the son of Israel.	1CH
1Par	7	30	The sons of Asher; Imnah, and Ishvah, and Ishvi, and Beriah, and Serah their sister.	1CH
1Par	7	31	And the sons of Beriah; Heber, and Malchiel, who was the father of Birzaith.	1CH
1Par	7	32	And Heber begat Japhlet, and Shomer, and Hotham, and Shua their sister.	1CH
1Par	7	33	And the sons of Japhlet; Pasach, and Bimhal, and Ashvath. These are the children of Japhlet.	1CH
1Par	7	34	And the sons of Shemer; Ahi, and Rohgah, Jehubbah, and Aram.	1CH
1Par	7	35	And the sons of Helem his brother; Zophah, and Imna, and Shelesh, and Amal.	1CH
1Par	7	36	The sons of Zophah; Suah, and Harnepher, and Shual, and Beri, and Imrah;	1CH
1Par	7	37	Bezer, and Hod, and Shamma, and Shilshah, and Ithran, and Beera.	1CH
1Par	7	38	And the sons of Jether; Jephunneh, and Pispah, and Ara.	1CH
1Par	7	39	And the sons of Ulla; Arah, and Hanniel, and Rizia.	1CH
1Par	7	40	All these were the children of Asher, heads of the fathers’ houses, choice and mighty men of valour, chief of the princes. And the number of them reckoned by genealogy for service in war was twenty and six thousand men.	1CH
1Par	8	1	And Benjamin begat Bela his firstborn, Ashbel the second, and Aharah the third;	1CH
1Par	8	2	Nohah the fourth, and Rapha the fifth.	1CH
1Par	8	3	And Bela had sons, Addar, and Gera, and Abihud;	1CH
1Par	8	4	and Abishua, and Naaman, and Ahoah;	1CH
1Par	8	5	and Gera, and Shephuphan, and Huram.	1CH
1Par	8	6	And these are the sons of Ehud: these are the heads of fathers’ houses of the inhabitants of Geba, and they carried them captive to Manahath:	1CH
1Par	8	7	and Naaman, and Ahijah, and Gera, he carried them captive; and he begat Uzza and Ahihud:	1CH
1Par	8	8	And Shaharaim begat children in the field of Moab, after he had sent them away; Hushim and Baara were his wives.	1CH
1Par	8	9	And he begat of Hodesh his wife, Jobab, and Zibia, and Mesha, and Malcam;	1CH
1Par	8	10	and Jeuz, and Shachia, and Mirmah. These were his sons, heads of fathers’ houses.	1CH
1Par	8	11	And of Hushim he begat Abitub and Elpaal.	1CH
1Par	8	12	And the sons of Elpaal; Eber, and Misham, and Shemed, who built Ono and Lod, with the towns thereof:	1CH
1Par	8	13	and Beriah, and Shema, who were heads of fathers’ houses of the inhabitants of Aijalon, who put to flight the inhabitants of Gath;	1CH
1Par	8	14	and Ahio, Shashak, and Jeremoth;	1CH
1Par	8	15	and Zebadiah, and Arad, and Eder;	1CH
1Par	8	16	and Michael, and Ishpah, and Joha, the sons of Beriah;	1CH
1Par	8	17	and Zebadiah, and Meshullam, and Hizki, and Heber;	1CH
1Par	8	18	and Ishmerai, and Izliah, and Jobab, the sons of Elpaal;	1CH
1Par	8	19	and Jakim, and Zichri, and Zabdi;	1CH
1Par	8	20	and Elienai, and Zillethai, and Eliel;	1CH
1Par	8	21	and Adaiah, and Beraiah, and Shimrath, the sons of Shimei;	1CH
1Par	8	22	and Ishpan, and Eber, and Eliel;	1CH
1Par	8	23	and Abdon, and Zichri, and Hanan;	1CH
1Par	8	24	and Hananiah, and Elam, and Anthothijah;	1CH
1Par	8	25	and Iphdeiah, and Penuel, and sons of Shashak;	1CH
1Par	8	26	and Shamsherai, and Shehariah, and Athaliah;	1CH
1Par	8	27	and Jaareshiah, and Elijah, and Zichri, the sons of Jeroham.	1CH
1Par	8	28	These were heads of fathers’ houses throughout their generations, chief men: these dwelt in Jerusalem.	1CH
1Par	8	29	And in Gibeon there dwelt the father of Gibeon, Jeiel, whose wife’s name was Maacah:	1CH
1Par	8	30	and his firstborn son Abdon, and Zur, and Kish, and Baal, and Nadab;	1CH
1Par	8	31	and Gedor, and Ahio, and Zecher.	1CH
1Par	8	32	And Mikloth begat Shimeah. And they also dwelt with their brethren in Jerusalem, over against their brethren.	1CH
1Par	8	33	And Ner begat Kish; and Kish begat Saul; and Saul begat Jonathan, and Malchi-shua, and Abinadab, and Eshbaal.	1CH
1Par	8	34	And the son of Jonathan was Merib-baal; and Merib-baal begat Micah.	1CH
1Par	8	35	And the sons of Micah; Pithon, and Melech, and Tarea, and Ahaz.	1CH
1Par	8	36	And Ahaz begat Jehoaddah; and Jehoaddah begat Alemeth, and Azmaveth, and Zimri; and Zimri begat Moza:	1CH
1Par	8	37	And Moza begat Binea; Raphah was his son, Eleasah his son, Azel his son:	1CH
1Par	8	38	And Azel had six sons, whose names are these; Azrikam, Bocheru, and Ishmael, and Sheariah, and Obadiah, and Hanan. All these were the sons of Azel.	1CH
1Par	8	39	And the sons of Eshek his brother; Ulam his firstborn, Jeush the second, and Eliphelet the third.	1CH
1Par	8	40	And the sons of Ulam were mighty men of valour, archers, and had many sons, and sons’ sons, an hundred and fifty. All these were of the sons of Benjamin.	1CH
1Par	9	1	So all Israel were reckoned by genealogies; and, behold, they are written in the book of the kings of Israel: and Judah was carried away captive to Babylon for their transgression.	1CH
1Par	9	2	Now the first inhabitants that dwelt in their possessions in their cities were, Israel, the priests, the Levites, and the Nethinim.	1CH
1Par	9	3	And in Jerusalem dwelt of the children of Judah, and of the children of Benjamin, and of the children of Ephraim and Manasseh;	1CH
1Par	9	4	Uthai the son of Ammihud, the son of Omri, the son of Imri, the son of Bani, of the children of Perez the son of Judah.	1CH
1Par	9	5	And of the Shilonites; Asaiah the firstborn, and his sons.	1CH
1Par	9	6	And of the sons of Zerah; Jeuel, and their brethren, six hundred and ninety.	1CH
1Par	9	7	And of the sons of Benjamin; Sallu the son of Meshullam, the son of Hodaviah, the son of Hassenuah;	1CH
1Par	9	8	and Ibneiah the son of Jeroham, and Elah the son of Uzzi, the son of Michri, and Meshullam the son of Shephatiah, the son of Reuel, the son of Ibnijah;	1CH
1Par	9	9	and their brethren, according to their generations, nine hundred and fifty and six. All these men were heads of fathers houses by their fathers’ houses.	1CH
1Par	9	10	And of the priests; Jedaiah, and Jehoiarib, and Jachin;	1CH
1Par	9	11	and Azariah the son of Hilkiah, the son of Meshullam; the son of Zadok, the son of Meraioth, the son of Ahitub, the ruler of the house of God;	1CH
1Par	9	12	and Adaiah the son of Jeroham, the son of Pashhur, the son of Malchijah, and Maasai the son of Adiel, the son of Jahzerah, the son of Meshullam, the son of Meshillemith, the son of Immer;	1CH
1Par	9	13	and their brethren, heads of their fathers’ houses, a thousand and seven hundred and threescore; very able men for the work of the service of the house of God.	1CH
1Par	9	14	And of the Levites; Shemaiah the son of Hasshub, the son of Azrikam, the son of Hashabiah, of the sons of Merari;	1CH
1Par	9	15	and Bakbakkar, Heresh, and Galal, and Mattaniah the son of Mica, the son of Zichri, the son of Asaph;	1CH
1Par	9	16	and Obadiah the son of Shemaiah, the son of Galal, the son of Jeduthun, and Berechiah the son of Asa, the son of Elkanah, that dwelt in the villages of the Netophathites.	1CH
1Par	9	17	And the porters; Shallum, and Akkub, and Talmon, and Ahiman, and their brethren: Shallum was the chief;	1CH
1Par	9	18	who hitherto waited in the king’s gate eastward: they were the porters for the camp of the children of Levi.	1CH
1Par	9	19	And Shallum the son of Kore, the son of Ebiasaph, the son of Korah, and his brethren, of his father’s house, the Korahites, were over the work of the service, keepers of the gates of the tabernacle: and their fathers had been over the camp of the LORD, keepers of the entry;	1CH
1Par	9	20	And Phinehas the son of Eleazar was ruler over them in time past, and the LORD was with him.	1CH
1Par	9	21	Zechariah the son of Meshelemiah was porter of the door of the tent of meeting.	1CH
1Par	9	22	All these which were chosen to be porters in the gates were two hundred and twelve. These were reckoned by genealogy in their villages, whom David and Samuel the seer did ordain in their set office.	1CH
1Par	9	23	So they and their children had the oversight of the gates of the house of the LORD, even the house of the tabernacle, by wards.	1CH
1Par	9	24	On the four sides were the porters, toward the east, west, north, and south.	1CH
1Par	9	25	And their brethren, and their villages, were to come in every seven days from time to time to be with them:	1CH
1Par	9	26	for the four chief porters, who were Levites, were in a set office, and were over the chambers and over the treasuries in the house of God.	1CH
1Par	9	27	And they lodged round about the house of God, because the charge thereof was upon them, and to them pertained the opening thereof morning by morning.	1CH
1Par	9	28	And certain of them had charge of the vessels of service; for by tale were they brought in and by tale were they taken out.	1CH
1Par	9	29	Some of them also were appointed over the furniture, and over all the vessels of the sanctuary, and over the fine flour, and the wine, and the oil, and the frankincense, and the spices:	1CH
1Par	9	30	And some of the sons of the priests prepared the confection of the spices.	1CH
1Par	9	31	And Mattithiah, one of the Levites, who was the firstborn of Shallum the Korahite, had the set office over the things that were baked in pans.	1CH
1Par	9	32	And some of their brethren, of the sons of the Kohathites, were over the shewbread, to prepare it every sabbath.	1CH
1Par	9	33	And these are the singers, heads of fathers’ houses of the Levites, who dwelt in the chambers and were free from other service: for they were employed in their work day and night.	1CH
1Par	9	34	These were heads of fathers’ houses of the Levites, throughout their generations, chief men: these dwelt at Jerusalem.	1CH
1Par	9	35	And in Gibeon there dwelt the father of Gibeon, Jeiel, whose wife’s name was Maacah:	1CH
1Par	9	36	and his firstborn son Abdon, and Zur, and Kish, and Baal, and Ner, and Nadab;	1CH
1Par	9	37	and Gedor, and Ahio, and Zechariah, and Mikloth.	1CH
1Par	9	38	And Mikloth begat Shimeam. And they also dwelt with their brethren in Jerusalem, over against their brethren.	1CH
1Par	9	39	And Ner begat Kish; and Kish begat Saul; and Saul begat Jonathan, and Malchi-shua, and Abinadab, and Eshbaal.	1CH
1Par	9	40	And the son of Jonathan was Merib-baal; and Merib-baal begat Micah.	1CH
1Par	9	41	And the sons of Micah; Pithon, and Melech, and Tahrea, and Ahaz.	1CH
1Par	9	42	And Ahaz begat Jarah; and Jarah begat Alemeth, and Azmaveth, and Zimri; and Zimri begat Moza:	1CH
1Par	9	43	and Moza begat Binea; and Rephaiah his son, Eleasah his son, Azel his son:	1CH
1Par	9	44	And Azel had six sons, whose names are these; Azrikam, Bocheru, and Ishmael, and Sheariah, and Obadiah, and Hanan: these were the sons of Azel.	1CH
1Par	10	1	Now the Philistines fought against Israel: and the men of Israel fled from before the Philistines, and fell down slain in mount Gilboa.	1CH
1Par	10	2	And the Philistines followed hard after Saul and after his sons; and the Philistines slew Jonathan, and Abinadab, and Malchi-shua, the sons of Saul.	1CH
1Par	10	3	And the battle went sore against Saul, and the archers overtook him; and he was distressed by reason of the archers.	1CH
1Par	10	4	Then said Saul unto his armourbearer, Draw thy sword, and thrust me through therewith: lest these uncircumcised come and abuse me. But his armourbearer would not; for he was sore afraid. Therefore Saul took his sword, and fell upon it.	1CH
1Par	10	5	And when his armourbearer saw that Saul was dead, he likewise fell upon his sword, and died.	1CH
1Par	10	6	So Saul died, and his three sons; and all his house died together.	1CH
1Par	10	7	And when all the men of Israel that were in the valley saw that they fled, and that Saul and his sons were dead, they forsook their cities, and fled; and the Philistines came and dwelt in them.	1CH
1Par	10	8	And it came to pass on the morrow, when the Philistines came to strip the slain, that they found Saul and his sons fallen in mount Gilboa.	1CH
1Par	10	9	And they stripped him, and took his head, and his armour, and sent into the land of the Philistines round about, to carry the tidings unto their idols, and to the people.	1CH
1Par	10	10	And they put his armour in the house of their gods, and fastened his head in the house of Dagon.	1CH
1Par	10	11	And when all Jabesh-gilead heard all that the Philistines had done to Saul,	1CH
1Par	10	12	all the valiant men arose, and took away the body of Saul, and the bodies of his sons, and brought them to Jabesh, and buried their bones under the oak in Jabesh, and fasted seven days.	1CH
1Par	10	13	So Saul died for his trespass which he committed against the LORD, because of the word of the LORD, which he kept not; and also for that he asked counsel of one that had a familiar spirit, to inquire thereby,	1CH
1Par	10	14	and inquired not of the LORD: therefore he slew him, and turned the kingdom unto David the son of Jesse.	1CH
1Par	11	1	Then all Israel gathered themselves to David unto Hebron, saying, Behold, we are thy bone and thy flesh.	1CH
1Par	11	2	In times past, even when Saul was king, it was thou that leddest out and broughtest in Israel: and the LORD thy God said unto thee, Thou shalt feed my people Israel, and thou shalt be prince over my people Israel.	1CH
1Par	11	3	So all the elders of Israel came to the king to Hebron; and David made a covenant with them in Hebron before the LORD; and they anointed David king over Israel, according to the word of the LORD by the hand of Samuel.	1CH
1Par	11	4	And David and all Israel went to Jerusalem (the same is Jebus); and the Jebusites, the inhabitants of the land, were there.	1CH
1Par	11	5	And the inhabitants of Jebus said to David, Thou shalt not come in hither. Nevertheless David took the strong hold of Zion; the same is the city of David.	1CH
1Par	11	6	And David said, Whosoever smiteth the Jebusites first shall be chief and captain. And Joab the son of Zeruiah went up first, and was made chief.	1CH
1Par	11	7	And David dwelt in the strong hold; therefore they called it the city of David.	1CH
1Par	11	8	And he built the city round about, from Millo even round about: and Joab repaired the rest of the city.	1CH
1Par	11	9	And David waxed greater and greater; for the LORD of hosts was with him.	1CH
1Par	11	10	Now these are the chief of the mighty men whom David had, who shewed themselves strong with him in his kingdom, together with all Israel, to make him king, according to the word of the LORD concerning Israel.	1CH
1Par	11	11	And this is the number of the mighty men whom David had: Jashobeam, the son of a Hachmonite, the chief of the thirty; he lifted up his spear against three hundred and slew them at one time.	1CH
1Par	11	12	And after him was Eleazar the son of Dodo, the Ahohite, who was one of the three mighty men.	1CH
1Par	11	13	He was with David at Pasdammim, and there the Philistines were gathered together to battle, where was a plot of ground full of barley; and the people fled from before the Philistines.	1CH
1Par	11	14	And they stood in the midst of the plot, and defended it, and slew the Philistines; and the LORD saved them by a great victory.	1CH
1Par	11	15	And three of the thirty chief went down to the rock to David, into the cave of Adullam; and the host of the Philistines were encamped in the valley of Rephaim.	1CH
1Par	11	16	And David was then in the hold, and the garrison of the Philistines was then in Beth-lehem.	1CH
1Par	11	17	And David longed, and said, Oh that one would give me water to drink of the well of Beth-lehem, which is by the gate!	1CH
1Par	11	18	And the three brake through the host of the Philistines, and drew water out of the well of Beth-lehem, that was by the gate, and took it, and brought it to David: but David would not drink thereof, but poured it out unto the LORD,	1CH
1Par	11	19	and said, My God forbid it me, that I should do this: shall I drink the blood of these men that have put their lives in jeopardy? for with the jeopardy of their lives they brought it. Therefore he would not drink it. These things did the three mighty men.	1CH
1Par	11	20	And Abishai, the brother of Joab, he was chief of the three: for he lifted up his spear against three hundred and slew them, and had a name among the three.	1CH
1Par	11	21	Of the three, he was more honourable than the two and was made their captain: howbeit he attained not to the first three.	1CH
1Par	11	22	Benaiah the son of Jehoiada, the son of a valiant man of Kabzeel, who had done mighty deeds, he slew the two sons of Ariel of Moab: he went down also and slew a lion in the midst of a pit in time of snow.	1CH
1Par	11	23	And he slew an Egyptian, a man of great stature, five cubits high; and in the Egyptian’s hand was a spear like a weaver’s beam; and he went down to him with a staff, and plucked the spear out of the Egyptian’s hand, and slew him with his own spear.	1CH
1Par	11	24	These things did Benaiah the son of Jehoiada, and had a name among the three mighty men.	1CH
1Par	11	25	Behold, he was more honourable than the thirty, but he attained not to the first three: and David set him over his guard.	1CH
1Par	11	26	Also the mighty men of the armies; Asahel the brother of Joab, Elhanan the son of Dodo of Beth-lehem;	1CH
1Par	11	27	Shammoth the Harorite, Helez the Pelonite;	1CH
1Par	11	28	Ira the son of Ikkesh the Tekoite, Abiezer the Anathothite;	1CH
1Par	11	29	Sibbecai the Hushathite, Ilai the Ahohite;	1CH
1Par	11	30	Maharai the Netophathite, Heled the son of Baanah the Netophathite;	1CH
1Par	11	31	Ithai the son of Ribai of Gibeah of the children of Benjamin, Benaiah the Pirathonite;	1CH
1Par	11	32	Hurai of the brooks of Gaash, Abiel the Arbathite;	1CH
1Par	11	33	Azmaveth the Baharumite, Eliahba the Shaalbonite;	1CH
1Par	11	34	the sons of Hashem the Gizonite, Jonathan the son of Shage the Hararite;	1CH
1Par	11	35	Ahiam the son of Sacar the Hararite, Eliphal the son of Ur;	1CH
1Par	11	36	Hepher the Mecherathite, Ahijah the Pelonite;	1CH
1Par	11	37	Hezro the Carmelite, Naarai the son of Ezbai;	1CH
1Par	11	38	Joel the brother of Nathan, Mibhar the son of Hagri;	1CH
1Par	11	39	Zelek the Ammonite, Naharai the Berothite, the armourbearer of Joab the son of Zeruiah;	1CH
1Par	11	40	Ira the Ithrite, Gareb the Ithrite;	1CH
1Par	11	41	Uriah the Hittite, Zabad the son of Ahlai;	1CH
1Par	11	42	Adina the son of Shiza the Reubenite, a chief of the Reubenites, and thirty with him;	1CH
1Par	11	43	Hanan the son of Maacah, and Joshaphat the Mithnite;	1CH
1Par	11	44	Uzzia the Ashterathite, Shama and Jeiel the sons of Hotham the Aroerite;	1CH
1Par	11	45	Jediael the son of Shimri, and Joha his brother, the Tizite;	1CH
1Par	11	46	Eliel the Mahavite, and Jeribai, and Joshaviah, the sons of Elnaam, and Ithmah the Moabite;	1CH
1Par	11	47	Eliel, and Obed, and Jaasiel the Mezobaite.	1CH
1Par	12	1	Now these are they that came to David to Ziklag, while he yet kept himself close because of Saul the son of Kish: and they were among the mighty men, his helpers in war.	1CH
1Par	12	2	They were armed with bows, and could use both the right hand and the left in slinging stones and in shooting arrows from the bow; they were of Saul’s brethren of Benjamin.	1CH
1Par	12	3	The chief was Ahiezer, then Joash, the sons of Shemaah the Gibeathite; and Jeziel, and Pelet, the sons of Azmaveth; and Beracah, and Jehu the Anathothite;	1CH
1Par	12	4	and Ishmaiah the Gibeonite, a mighty man among the thirty and over the thirty; and Jeremiah, and Jahaziel, and Johanan, and Jozabad the Gederathite;	1CH
1Par	12	5	Eluzai, and Jerimoth, and Bealiah, and Shemariah, and Shephatiah the Haruphite;	1CH
1Par	12	6	Elkanah, and Isshiah, and Azarel, and Joezer, and Jashobeam, the Korahites;	1CH
1Par	12	7	and Joelah, and Zebadiah, the sons of Jeroham of Gedor.	1CH
1Par	12	8	And of the Gadites there separated themselves unto David to the hold in the wilderness, mighty men of valour, men trained for war, that could handle shield and spear; whose faces were like the faces of lions, and they were as swift as the roes upon the mountains;	1CH
1Par	12	9	Ezer the chief, Obadiah the second, Eliab the third;	1CH
1Par	12	10	Mishmannah the fourth; Jeremiah the fifth;	1CH
1Par	12	11	Attai the sixth, Eliel the seventh;	1CH
1Par	12	12	Johanan the eighth, Elzabad the ninth;	1CH
1Par	12	13	Jeremiah the tenth, Machbannai the eleventh.	1CH
1Par	12	14	These of the sons of Gad were captains of the host: he that was least was equal to an hundred, and the greatest to a thousand.	1CH
1Par	12	15	These are they that went over Jordan in the first month, when it had overflown all its banks; and they put to flight all them of the valleys, both toward the east, and toward the west.	1CH
1Par	12	16	And there came of the children of Benjamin and Judah to the hold unto David.	1CH
1Par	12	17	And David went out to meet them, and answered and said unto them, If ye be come peaceably unto me to help me, mine heart shall be knit unto you: but if ye be come to betray me to mine adversaries, seeing there is no wrong in mine hands, the God of our fathers look thereon, and rebuke it.	1CH
1Par	12	18	Then the spirit came upon Amasai, who was chief of the thirty, and he said, Thine are we, David, and on thy side, thou son of Jesse: peace, peace be unto thee, and peace be to thine helpers; for thy God helpeth thee. Then David received them, and made them captains of the band.	1CH
1Par	12	19	Of Manasseh also there fell away some to David, when he came with the Philistines against Saul to battle, but they helped them not: for the lords of the Philistines upon advisement sent him away, saying, He will fall away to his master Saul to the jeopardy of our heads.	1CH
1Par	12	20	As he went to Ziklag, there fell to him of Manasseh, Adnah, and Jozabad, and Jediael, and Michael, and Jozabad, and Elihu, and Zillethai, captains of thousands that were of Manasseh.	1CH
1Par	12	21	And they helped David against the band of rovers: for they were all mighty men of valour, and were captains in the host.	1CH
1Par	12	22	For from day to day there came to David to help him, until it was a great host, like the host of God.	1CH
1Par	12	23	And these are the numbers of the heads of them that were armed for war, which came to David to Hebron, to turn the kingdom of Saul to him, according to the word of the LORD.	1CH
1Par	12	24	The children of Judah that bare shield and spear were six thousand and eight hundred, armed for war.	1CH
1Par	12	25	Of the children of Simeon, mighty men of valour for the war, seven thousand and one hundred.	1CH
1Par	12	26	Of the children of Levi four thousand and six hundred.	1CH
1Par	12	27	And Jehoiada was the leader of the house of Aaron, and with him were three thousand and seven hundred;	1CH
1Par	12	28	and Zadok, a young man mighty of valour, and of his father’s house twenty and two captains.	1CH
1Par	12	29	And of the children of Benjamin, the brethren of Saul, three thousand: for hitherto the greatest part of them had kept their allegiance to the house of Saul.	1CH
1Par	12	30	And of the children of Ephraim twenty thousand and eight hundred, mighty men of valour, famous men in their fathers’ houses.	1CH
1Par	12	31	And of the half tribe of Manasseh eighteen thousand, which were expressed by name, to come and make David king.	1CH
1Par	12	32	And of the children of Issachar, men that had understanding of the times, to know what Israel ought to do; the heads of them were two hundred; and all their brethren were at their commandment.	1CH
1Par	12	33	Of Zebulun, such as were able to go out in the host, that could set the battle in array, with all manner of instruments of war, fifty thousand; and that could order the battle array, and were not of double heart.	1CH
1Par	12	34	And of Naphtali a thousand captains, and with them with shield and spear thirty and seven thousand.	1CH
1Par	12	35	And of the Danites that could set the battle in array, twenty and eight thousand and six hundred.	1CH
1Par	12	36	And of Asher, such as were able to go out in the host, that could set the battle in array, forty thousand.	1CH
1Par	12	37	And on the other side of Jordan, of the Reubenites, and the Gadites, and of the half tribe of Manasseh, with all manner of instruments of war for the battle, an hundred and twenty thousand.	1CH
1Par	12	38	All these, being men of war, that could order the battle array, came with a perfect heart to Hebron, to make David king over all Israel: and all the rest also of Israel were of one heart to make David king.	1CH
1Par	12	39	And they were there with David three days, eating and drinking: for their brethren had made preparation for them.	1CH
1Par	12	40	Moreover they that were nigh unto them, even as far as Issachar and Zebulun and Naphtali, brought bread on asses, and on camels, and on mules, and on oxen, victual of meal, cakes of figs, and clusters of raisins, and wine, and oil, and oxen, and sheep in abundance: for there was joy in Israel:	1CH
1Par	13	1	And David consulted with the captains of thousands and of hundreds, even with every leader.	1CH
1Par	13	2	And David said unto, all the assembly of Israel, If it seem good unto you, and if it be of the LORD our God, let us send abroad every where unto our brethren that are left in all the land of Israel, with whom the priests and Levites are in their cities that have suburbs, that they may gather themselves unto us:	1CH
1Par	13	3	and let us bring again the ark of our God to us: for we sought not unto it in the days of Saul.	1CH
1Par	13	4	And all the assembly said that they would do so: for the thing was right in the eyes of all the people.	1CH
1Par	13	5	So David assembled all Israel together, from Shihor the brook of Egypt even unto the entering in of Hamath; to bring the ark of God from Kiriath-jearim.	1CH
1Par	13	6	And David went up, and all Israel, to Baalah, that is, to Kiriath-jearim, which belonged to Judah, to bring up from thence the ark of God, the LORD that sitteth upon the cherubim, which is called by the Name.	1CH
1Par	13	7	And they carried the ark of God upon a new cart, and brought it out of the house of Abinadab: and Uzza and Ahio drave the cart.	1CH
1Par	13	8	And David and all Israel played before God with all their might: even with songs, and with harps, and with psalteries, and with timbrels, and with cymbals, and with trumpets.	1CH
1Par	13	9	And when they came unto the threshing-floor of Chidon, Uzza put forth his hand to hold the ark; for the oxen stumbled.	1CH
1Par	13	10	And the anger of the LORD was kindled against Uzza, and he smote him, because he put forth his hand to the ark: and there he died before God.	1CH
1Par	13	11	And David was displeased, because the LORD had broken forth upon Uzza: and he called that place Perez-uzza, unto this day.	1CH
1Par	13	12	And David was afraid of God that day, saying, How shall I bring the ark of God home to me?	1CH
1Par	13	13	So David removed not the ark unto him into the city of David, but carried it aside into the house of Obed-edom the Gittite.	1CH
1Par	13	14	And the ark of God remained with the family of Obed-edom in his house three months: and the LORD blessed the house of Obed-edom, and all that he had.	1CH
1Par	14	1	And Hiram king of Tyre sent messengers to David, and cedar trees, and masons, and carpenters, to build him an house.	1CH
1Par	14	2	And David perceived that the LORD had established him king over Israel, for his kingdom was exalted on high, for his people Israel’s sake.	1CH
1Par	14	3	And David took more wives at Jerusalem: and David begat more sons and daughters.	1CH
1Par	14	4	And these are the names of the children which he had in Jerusalem; Shammua, and Shobab, Nathan, and Solomon;	1CH
1Par	14	5	and Ibhar, and Elishua, and Elpelet;	1CH
1Par	14	6	and Nogah, and Nepheg, and Japhia;	1CH
1Par	14	7	and Elishama, and Beeliada, and Eliphelet.	1CH
1Par	14	8	And when the Philistines heard that David was anointed king over all Israel, all the Philistines went up to seek David: and David heard of it, and went out against them.	1CH
1Par	14	9	Now the Philistines had come and made a raid in the valley of Rephaim.	1CH
1Par	14	10	And David inquired of God, saying, Shall I go up against the Philistines? and wilt thou deliver them into mine hand? And the LORD said unto him, Go up; for I will deliver them into thine hand.	1CH
1Par	14	11	So they came up to Baal-perazim, and David smote them there; and David said, God hath broken mine enemies by mine hand, like the breach of waters. Therefore they called the name of that place Baal-perazim.	1CH
1Par	14	12	And they left their gods there; and David gave commandment, and they were burned with fire.	1CH
1Par	14	13	And the Philistines yet again made a raid in the valley.	1CH
1Par	14	14	And David inquired again of God; and God said unto him, Thou shalt not go up after them: turn away from them, and come upon them over against the mulberry trees.	1CH
1Par	14	15	And it shall be, when thou hearest the sound of marching in the tops of the mulberry trees, that then thou shalt go out to battle: for God is gone out before thee to smite the host of the Philistines;	1CH
1Par	14	16	And David did as God commanded him: and they smote the host of the Philistines from Gibeon even to Gezer.	1CH
1Par	14	17	And the fame of David went out unto all lands; and the LORD brought the fear of him upon all nations.	1CH
1Par	15	1	And David made him houses in the city of David; and he prepared a place for the ark of God, and pitched for it a tent.	1CH
1Par	15	2	Then David said, None ought to carry the ark of God but the Levites: for them hath the LORD chosen to carry the ark of God, and to minister unto him for ever.	1CH
1Par	15	3	And David assembled all Israel at Jerusalem, to bring up the ark of the LORD unto its place, which he had prepared for it.	1CH
1Par	15	4	And David gathered together the sons of Aaron, and the Levites:	1CH
1Par	15	5	of the sons of Kohath; Uriel the chief, and his brethren an hundred and twenty:	1CH
1Par	15	6	of the sons of Merari; Asaiah the chief, and his brethren two hundred and twenty:	1CH
1Par	15	7	of the sons of Gershom; Joel the chief, and his brethren an hundred and thirty:	1CH
1Par	15	8	of the sons of Elizaphan; Shemaiah the chief, and his brethren two hundred:	1CH
1Par	15	9	of the sons of Hebron; Eliel the chief, and his brethren fourscore:	1CH
1Par	15	10	of the sons of Uzziel; Amminadab the chief, and his brethren an hundred and twelve.	1CH
1Par	15	11	And David called for Zadok and Abiathar the priests, and for the Levites, for Uriel, Asaiah, and Joel, Shemaiah, and Eliel, and Amminadab,	1CH
1Par	15	12	and said unto them, Ye are the heads of the fathers’ houses of the Levites: sanctify yourselves, both ye and your brethren, that ye may bring up the ark of the LORD, the God of Israel, unto the place that I have prepared for it.	1CH
1Par	15	13	For because ye bare it not at the first, the LORD our God made a breach upon us, for that we sought him not according to the ordinance.	1CH
1Par	15	14	So the priests and the Levites sanctified themselves to bring up the ark of the LORD, the God of Israel.	1CH
1Par	15	15	And the children of the Levites bare the ark of God upon their shoulders with the staves thereon, as Moses commanded according to the word of the LORD.	1CH
1Par	15	16	And David spake to the chief of the Levites to appoint their brethren the singers, with instruments of music, psalteries and harps and cymbals, sounding aloud and lifting up the voice with joy.	1CH
1Par	15	17	So the Levites appointed Heman the son of Joel; and of his brethren, Asaph the son of Berechiah; and of the sons of Merari their brethren, Ethan the son of Kushaiah;	1CH
1Par	15	18	and with them their brethren of the second degree, Zechariah, Ben, and Jaaziel, and Shemiramoth, and Jehiel, and Unni, Eliab, and Benaiah, and Maaseiah, and Mattithiah, and Eliphelehu, and Mikneiah, and Obed-edom, and Jeiel, the doorkeepers.	1CH
1Par	15	19	So the singers, Heman, Asaph, and Ethan, were appointed, with cymbals of brass to sound aloud;	1CH
1Par	15	20	and Zechariah, and Aziel, and Shemiramoth, and Jehiel, and Unni, and Eliab, and Maaseiah, and Benaiah, with psalteries set to Alamoth;	1CH
1Par	15	21	and Mattithiah, and Eliphelehu, and Mikneiah, and Obed-edom, and Jeiel, and Azaziah, with harps set to the Sheminith, to lead.	1CH
1Par	15	22	And Chenaniah, chief of the Levites, was over the song: he instructed about the song, because he was skilful.	1CH
1Par	15	23	And Berechiah and Elkanah were doorkeepers for the ark.	1CH
1Par	15	24	And Shebaniah, and Joshaphat, and Nethanel, and Amasai, and Zechariah, and Benaiah, and Eliezer, the priests, did blow with the trumpets before the ark of God: and Obed-edom and Jehiah were doorkeepers for the ark.	1CH
1Par	15	25	So David, and the elders of Israel, and the captains over thousands, went to bring up the ark of the covenant of the LORD out of the house of Obed-edom with joy:	1CH
1Par	15	26	And it came to pass, when God helped the Levites that bare the ark of the covenant of the LORD, that they sacrificed seven bullocks and seven rams.	1CH
1Par	15	27	And David was clothed with a robe of fine linen, and all the Levites that bare the ark, and the singers, and Chenaniah the master of the song with the singers: and David had upon him an ephod of linen.	1CH
1Par	15	28	Thus all Israel brought up the ark of the covenant of the LORD with shouting, and with sound of the cornet, and with trumpets, and with cymbals, sounding aloud with psalteries and harps.	1CH
1Par	15	29	And it came to pass, as the ark of the covenant of the LORD came to the city of David, that Michal the daughter of Saul looked out at the window, and saw king David dancing and playing; and she despised him in her heart.	1CH
1Par	16	1	And they brought in the ark of God, and set it in the midst of the tent that David had pitched for it: and they offered burnt offerings and peace offerings before God.	1CH
1Par	16	2	And when David had made an end of offering the burnt offering and the peace offerings, he blessed the people in the name of the LORD.	1CH
1Par	16	3	And he dealt to every one of Israel, both man and woman, to every one a loaf of bread, and a portion of flesh, and a cake of raisins.	1CH
1Par	16	4	And he appointed certain of the Levites to minister before the ark of the LORD, and to celebrate and to thank and praise the LORD, the God of Israel:	1CH
1Par	16	5	Asaph the chief, and second to him Zechariah, Jeiel, and Shemiramoth, and Jehiel, and Mattithiah, and Eliab, and Benaiah, and Obed-edom, and Jeiel, with psalteries and with harps; and Asaph with cymbals, sounding aloud;	1CH
1Par	16	6	and Benaiah and Jahaziel the priests with trumpets continually, before the ark of the covenant of God.	1CH
1Par	16	7	Then on that day did David first ordain to give thanks unto the LORD, by the hand of Asaph and his brethren.	1CH
1Par	16	8	O give thanks unto the LORD, call upon his name; make known his doings among the peoples.	1CH
1Par	16	9	Sing unto him, sing praises unto him; talk ye of all his marvelous works.	1CH
1Par	16	10	Glory ye in his holy name: let the heart of them rejoice that seek the LORD.	1CH
1Par	16	11	Seek ye the LORD and his strength; seek his face evermore.	1CH
1Par	16	12	Remember his marvelous works that he hath done; his wonders, and the judgments of his mouth;	1CH
1Par	16	13	O ye seed of Israel his servant, ye children of Jacob, his chosen ones.	1CH
1Par	16	14	He is the LORD our God: his judgments are in all the earth.	1CH
1Par	16	15	Remember his covenant for ever, the word which he commanded to a thousand generations;	1CH
1Par	16	16	The covenant which he made with Abraham, and his oath unto Isaac;	1CH
1Par	16	17	And confirmed the same unto Jacob for a statute, to Israel for an everlasting covenant:	1CH
1Par	16	18	Saying, Unto thee will I give the land of Canaan, the lot of your inheritance:	1CH
1Par	16	19	When ye were but a few men in number; yea, very few, and sojourners in it;	1CH
1Par	16	20	And they went about from nation to nation, and from one kingdom to another people.	1CH
1Par	16	21	He suffered no man to do them wrong; yea, he reproved kings for their sakes;	1CH
1Par	16	22	Saying, Touch not mine anointed ones, and do my prophets no harm.	1CH
1Par	16	23	Sing unto the LORD, all the earth; shew forth his salvation from day to day.	1CH
1Par	16	24	Declare his glory among the nations, his marvelous works among all the peoples.	1CH
1Par	16	25	For great is the LORD, and highly to be praised: he also is to be feared above all gods.	1CH
1Par	16	26	For all the gods of the peoples are idols: but the LORD made the heavens.	1CH
1Par	16	27	Honour and majesty are before him: strength and gladness are in his place.	1CH
1Par	16	28	Give unto the LORD, ye kindreds of the peoples, give unto the LORD glory and strength.	1CH
1Par	16	29	Give unto the LORD the glory due unto his name: bring an offering, and come before him: worship the LORD in the beauty of holiness.	1CH
1Par	16	30	Tremble before him, all the earth: the world also is stablished that it cannot be moved.	1CH
1Par	16	31	Let the heavens be glad, and let the earth rejoice; and let them say among the nations, The LORD reigneth.	1CH
1Par	16	32	Let the sea roar and the fulness thereof; let the field exult, and all that is therein;	1CH
1Par	16	33	Then shall the trees of the wood sing for joy before the LORD, for he cometh to judge the earth.	1CH
1Par	16	34	O give thanks unto the LORD; for he is good: for his mercy endureth for ever.	1CH
1Par	16	35	And say ye, Save us, O God of our salvation, and gather us together and deliver us from the nations, to give thanks unto thy holy name, and to triumph in thy praise.	1CH
1Par	16	36	Blessed be the LORD, the God of Israel, from everlasting even to everlasting. And all the people said, Amen, and praised the LORD.	1CH
1Par	16	37	So he left there, before the ark of the covenant of the LORD, Asaph and his brethren, to minister before the ark continually, as every day’s work required:	1CH
1Par	16	38	and Obed-edom with their brethren, threescore and eight; Obed-edom also the son of Jeduthun and Hosah to be doorkeepers:	1CH
1Par	16	39	and Zadok the priest, and his brethren the priests, before the tabernacle of the LORD in the high place that was at Gibeon,	1CH
1Par	16	40	to offer burnt offerings unto the LORD upon the altar of burnt offering continually morning and evening, even according to all that is written in the law of the LORD, which he commanded unto Israel;	1CH
1Par	16	41	and with them Heman and Jeduthun, and the rest that were chosen, who were expressed by name, to give thanks to the LORD, because his mercy endureth for ever;	1CH
1Par	16	42	and with them Heman and Jeduthun with trumpets and cymbals for those that should sound aloud, and with instruments for the songs of God: and the sons of Jeduthun to be at the gate.	1CH
1Par	16	43	And all the people departed every man to his house: and David returned to bless his house.	1CH
1Par	17	1	And it came to pass, when David dwelt in his house, that David said to Nathan the prophet, Lo, I dwell in an house of cedar, but the ark of the covenant of the LORD dwelleth under curtains.	1CH
1Par	17	2	And Nathan said unto David, Do all that is in thine heart; for God is with thee.	1CH
1Par	17	3	And it came to pass the same night, that the word of God came to Nathan, saying,	1CH
1Par	17	4	Go and tell David my servant, Thus saith the LORD, Thou shalt not build me an house to dwell in:	1CH
1Par	17	5	for I have not dwelt in an house since the day that I brought up Israel, unto this day; but have gone from tent to tent, and from one tabernacle to another.	1CH
1Par	17	6	In all places wherein I have walked with all Israel, spake I a word with any of the judges of Israel, whom I commanded to feed my people, saying, Why have ye not built me an house of cedar?	1CH
1Par	17	7	Now therefore thus shalt thou say unto my servant David, Thus saith the LORD of hosts, I took thee from the sheepcote, from following the sheep, that thou shouldest be prince over my people Israel:	1CH
1Par	17	8	and I have been with thee whithersoever thou wentest, and have cut off all thine enemies from before thee; and I will make thee a name, like unto the name of the great ones that are in the earth.	1CH
1Par	17	9	And I will appoint a place for my people Israel, and will plant them, that they may dwell in their own place, and be moved no more; neither shall the children of wickedness waste them any more, as at the first,	1CH
1Par	17	10	and as from the day that I commanded judges to be over my people Israel; and I will subdue all thine enemies. Moreover I tell thee that the LORD will build thee an house.	1CH
1Par	17	11	And it shall come to pass, when thy days be fulfilled that thou must go to be with thy fathers, that I will set up thy seed after thee, which shall be of thy sons; and I will establish his kingdom.	1CH
1Par	17	12	He shall build me an house, and I will establish his throne for ever.	1CH
1Par	17	13	I will be his father, and he shall be my son: and I will not take my mercy away from him, as I took it from him that was before thee:	1CH
1Par	17	14	but I will settle him in mine house and in my kingdom for ever: and his throne shall be established for ever.	1CH
1Par	17	15	According to all these words, and according to all this vision, so did Nathan speak unto David.	1CH
1Par	17	16	Then David the king went in, and sat before the LORD; and he said, Who am I, O LORD God, and what is my house, that thou hast brought me thus far?	1CH
1Par	17	17	And this was a small thing in thine eyes, O God; but thou hast spoken of thy servant’s house for a great while to come, and hast regarded me according to the estate of a man of high degree, O LORD God.	1CH
1Par	17	18	What can David say yet more unto thee concerning the honour which is done to thy servant? for thou knowest thy servant.	1CH
1Par	17	19	O LORD, for thy servant’s sake, and according to thine own heart, hast thou wrought all this greatness, to make known all these great things.	1CH
1Par	17	20	O LORD, there is none like thee, neither is there any God beside thee, according to all that we have heard with our ears.	1CH
1Par	17	21	And what one nation in the earth is like thy people Israel, whom God went to redeem unto himself for a people, to make thee a name by great and terrible things, in driving out nations from before thy people, which thou redeemedst out of Egypt?	1CH
1Par	17	22	For thy people Israel didst thou make thine own people for ever; and thou, LORD, becamest their God.	1CH
1Par	17	23	And now, O LORD, let the word that thou hast spoken concerning thy servant, and concerning his house, be established for ever, and do as thou hast spoken.	1CH
1Par	17	24	And let thy name be established and magnified for ever, saying, The LORD of hosts is the God of Israel, even a God to Israel: and the house of David thy servant is established before thee.	1CH
1Par	17	25	For thou, O my God, hast revealed to thy servant that thou wilt build him an house: therefore hath thy servant found in his heart to pray before thee.	1CH
1Par	17	26	And now, O LORD, thou art God, and hast promised this good thing unto thy servant:	1CH
1Par	17	27	and now it hath pleased thee to bless the house of thy servant, that it may continue for ever before thee: for thou, O LORD, hast blessed, and it is blessed for ever.	1CH
1Par	18	1	And after this it came to pass, that David smote the Philistines, and subdued them, and took Gath and her towns out of the hand of the Philistines.	1CH
1Par	18	2	And he smote Moab; and the Moabites became servants to David, and brought presents.	1CH
1Par	18	3	And David smote Hadarezer king of Zobah unto Hamath, as he went to stablish his dominion by the river Euphrates.	1CH
1Par	18	4	And David took from him a thousand chariots, and seven thousand horsemen, and twenty thousand footmen: and David houghed all the chariot horses, but reserved of them for an hundred chariots.	1CH
1Par	18	5	And when the Syrians of Damascus came to succour Hadarezer king of Zobah, David smote of the Syrians two and twenty thousand men.	1CH
1Par	18	6	Then David put garrisons in Syria of Damascus; and the Syrians became servants to David, and brought presents. And the LORD gave victory to David whithersoever he went.	1CH
1Par	18	7	And David took the shields of gold that were on the servants of Hadarezer, and brought them to Jerusalem.	1CH
1Par	18	8	And from Tibhath and from Cun, cities of Hadarezer, David took very much brass, wherewith Solomon made the brasen sea, and the pillars, and the vessels of brass.	1CH
1Par	18	9	And when Tou king of Hamath heard that David had smitten all the host of Hadarezer king of Zobah,	1CH
1Par	18	10	he sent Hadoram his son to king David, to salute him, and to bless him, because he had fought against Hadarezer and smitten him; for Hadarezer had wars with Tou; and he had with him all manner of vessels of gold and silver and brass.	1CH
1Par	18	11	These also did king David dedicate unto the LORD, with the silver and the gold that he carried away from all the nations; from Edom, and from Moab, and from the children of Ammon, and from the Philistines, and from Amalek.	1CH
1Par	18	12	Moreover Abishai the son of Zeruiah smote of the Edomites in the Valley of Salt eighteen thousand.	1CH
1Par	18	13	And he put garrisons in Edom; and all the Edomites became servants to David. And the LORD gave victory to David whithersoever he went.	1CH
1Par	18	14	And David reigned over all Israel; and he executed judgment and justice unto all his people.	1CH
1Par	18	15	And Joab the son of Zeruiah was over the host; and Jehoshaphat the son of Ahilud was recorder.	1CH
1Par	18	16	and Zadok the son of Ahitub, and Abimelech the son of Abiathar, were priests; and Shavsha was scribe;	1CH
1Par	18	17	and Benaiah the son of Jehoiada was over the Cherethites and the Pelethites; and the sons of David were chief about the king.	1CH
1Par	19	1	And it came to pass after this, that Nahash the king of the children of Ammon died, and his son reigned in his stead.	1CH
1Par	19	2	And David said, I will shew kindness unto Hanun the son of Nahash, because his father shewed kindness to me. So David sent messengers to comfort him concerning his father. And David’s servants came into the land of the children of Ammon to Hanun, to comfort him.	1CH
1Par	19	3	But the princes of the children of Ammon said to Hanun, Thinkest thou that David doth honour thy father, that he hath sent comforters unto thee? are not his servants come unto thee for to search, and to overthrow, and to spy out the land?	1CH
1Par	19	4	So Hanun took David’s servants, and shaved them, and cut off their garments in the middle, even to their buttocks, and sent them away.	1CH
1Par	19	5	Then there went certain, and told David how the men were served. And he sent to meet them; for the men were greatly ashamed. And the king said, Tarry at Jericho until your beards be grown, and then return.	1CH
1Par	19	6	And when the children of Ammon saw that they had made themselves odious to David, Hanun and the children of Ammon sent a thousand talents of silver to hire them chariots and horsemen out of Mesopotamia, and out of Aram-maacah, and out of Zobah.	1CH
1Par	19	7	So they hired them thirty and two thousand chariots, and the king of Maacah and his people; who came and pitched before Medeba. And the children of Ammon gathered themselves together from their cites, and came to battle.	1CH
1Par	19	8	And when David heard of it, he sent Joab, and all the host of the mighty men.	1CH
1Par	19	9	And the children of Ammon came out, and put the battle in array at the gate of the city: and the kings that were come were by themselves in the field.	1CH
1Par	19	10	Now when Joab saw that the battle was set against him before and behind, he chose of all the choice men of Israel, and put them in array against the Syrians.	1CH
1Par	19	11	And the rest of the people he committed into the hand of Abishai his brother, and they put themselves in array against the children of Ammon.	1CH
1Par	19	12	And he said, If the Syrians be too strong for me, then thou shalt help me: but if the children of Ammon be too strong for thee, then I will help thee.	1CH
1Par	19	13	Be of good courage, and let us play the men for our people, and for the cities of our God: and the LORD do that which seemeth him good.	1CH
1Par	19	14	So Joab and the people that were with him drew nigh before the Syrians unto the battle; and they fled before him.	1CH
1Par	19	15	And when the children of Ammon saw that the Syrians were fled, they likewise fled before Abishai his brother, and entered into the city. Then Joab came to Jerusalem.	1CH
1Par	19	16	And when the Syrians saw that they were put to the worse before Israel, they sent messengers, and drew forth the Syrians that were beyond the River, with Shophach the captain of the host of Hadarezer at their head.	1CH
1Par	19	17	And it was told David; and he gathered all Israel together, and passed over Jordan, and came upon them, and set the battle in array against them. So when David had put the battle in array against the Syrians, they fought with him:	1CH
1Par	19	18	And the Syrians fled before Israel; and David slew of the Syrians the men of seven thousand chariots, and forty thousand footmen, and killed Shophach the captain of the host.	1CH
1Par	19	19	And when the servants of Hadarezer saw that they were put to the worse before Israel, they made peace with David, and served him: neither would the Syrians help the children of Ammon any more.	1CH
1Par	20	1	And it came to pass, at the time of the return of the year, at the time when kings go out to battle, that Joab led forth the power of the army, and wasted the country of the children of Ammon, and came and besieged Rabbah. But David tarried at Jerusalem. And Joab smote Rabbah, and overthrew it.	1CH
1Par	20	2	And David took the crown of their king from off his head, and found it to weigh a talent of gold, and there were precious stones in it; and it was set upon David’s head: and he brought forth the spoil of the city, exceeding much.	1CH
1Par	20	3	And he brought forth the people that were therein, and cut them with saws, and with harrows of iron, and with axes. And thus did David unto all the cities of the children of Ammon. And David and all the people returned to Jerusalem.	1CH
1Par	20	4	And it came to pass after this, that there arose war at Gezer with the Philistines: then Sibbecai the Hushathite slew Sippai, of the sons of the giant: and they were subdued.	1CH
1Par	20	5	And there was again war with the Philistines; and Elhanan the son of Jair slew Lahmi the brother of Goliath the Gittite, the staff of whose spear was like a weaver’s beam.	1CH
1Par	20	6	And there was again war at Gath, where was a man of great stature, whose fingers and toes were four and twenty, six on each hand, and six on each foot; and he also was born unto the giant.	1CH
1Par	20	7	And when he defied Israel, Jonathan the son of Shimea David’s brother slew him.	1CH
1Par	20	8	These were born unto the giant in Gath; and they fell by the hand of David, and by the hand of his servants.	1CH
1Par	21	1	And Satan stood up against Israel, and moved David to number Israel.	1CH
1Par	21	2	And David said to Joab and to the princes of the people, Go, number Israel from Beer-sheba even to Dan; and bring me word, that I may know the sum of them.	1CH
1Par	21	3	And Joab said, The LORD make his people an hundred times so many more as they be: but, my lord the king, are they not all my lord’s servants? why doth my lord require this thing? why will he be a cause of guilt unto Israel?	1CH
1Par	21	4	Nevertheless the king’s word prevailed against Joab. Wherefore Joab departed, and went throughout all Israel, and came to Jerusalem.	1CH
1Par	21	5	And Joab gave up the sum of the numbering of the people unto David. And all they of Israel were a thousand thousand and an hundred thousand men that drew sword: and Judah was four hundred threescore and ten thousand men that drew sword;	1CH
1Par	21	6	But Levi and Benjamin counted he not among them: for the king’s word was abominable to Joab.	1CH
1Par	21	7	And God was displeased with this thing; therefore he smote Israel.	1CH
1Par	21	8	And David said unto God, I have sinned greatly, in that I have done this thing: but now, put away, I beseech thee, the iniquity of thy servant; for I have done very foolishly.	1CH
1Par	21	9	And the LORD spake unto Gad, David’s seer, saying,	1CH
1Par	21	10	Go and speak unto David, saying, Thus saith the LORD, I offer thee three things; choose thee one of them, that I may do it unto thee.	1CH
1Par	21	11	So Gad came to David, and said unto him, Thus saith the LORD, Take which thou wilt;	1CH
1Par	21	12	either three years of famine; or three months to be consumed before thy foes, while that the sword of thine enemies overtaketh thee; or else three days the sword of the LORD, even pestilence in the land, and the angel of the LORD destroying throughout all the coasts of Israel. Now therefore consider what answer I shall return to him that sent me.	1CH
1Par	21	13	And David said unto Gad, I am in a great strait: let me fall now into the hand of the LORD; for very great are his mercies: and let me not fall into the hand of man.	1CH
1Par	21	14	So the LORD sent a pestilence upon Israel: and there fell of Israel seventy thousand men.	1CH
1Par	21	15	And God sent an angel unto Jerusalem to destroy it: and as he was about to destroy, the LORD beheld, and he repented him of the evil, and said to the destroying angel, It is enough; now stay thine hand. And the angel of the LORD stood by the threshing-floor of Ornan the Jebusite.	1CH
1Par	21	16	And David lifted up his eyes, and saw the angel of the LORD stand between the earth and the heaven, having a drawn sword in his hand stretched out ever Jerusalem. Then David and the elders, clothed in sackcloth, fell upon their faces.	1CH
1Par	21	17	And David said unto God, Is it not I that commanded the people to be numbered? even I it is that have sinned and done very wickedly; but these sheep, what have they done? let thine hand, I pray thee, O LORD my God, be against me, and against my father’s house; but not against thy people, that they should be plagued.	1CH
1Par	21	18	Then the angel of the LORD commanded Gad to say to David, that David should go up, and rear an altar unto the LORD in the threshing-floor of Ornan the Jebusite.	1CH
1Par	21	19	And David went up at the saying of Gad, which he spake in the name of the LORD.	1CH
1Par	21	20	And Ornan turned back, and saw the angel; and his four sons that were with him hid themselves. Now Ornan was threshing wheat.	1CH
1Par	21	21	And as David came to Ornan, Ornan looked and saw David, and went out of the threshing-floor, and bowed himself to David with his face to the ground.	1CH
1Par	21	22	Then David said to Ornan, Give me the place of this threshing-floor, that I may build thereon an altar unto the LORD: for the full price shalt thou give it me: that the plague may be stayed from the people.	1CH
1Par	21	23	And Ornan said unto David, Take it to thee, and let my lord the king do that which is good in his eyes: lo, I give thee the oxen for burnt offerings, and the threshing instruments for wood, and the wheat for the meal offering; I give it all.	1CH
1Par	21	24	And king David said to Ornan, Nay; but I will verily buy it for the full price: for I will not take that which is thine for the LORD, nor offer a burnt offering without cost.	1CH
1Par	21	25	So David gave to Ornan for the place six hundred shekels of gold by weight.	1CH
1Par	21	26	And David built there an altar unto the LORD, and offered burnt offerings and peace offerings, and called upon the LORD; and he answered him from heaven by fire upon the altar of burnt offering.	1CH
1Par	21	27	And the LORD commanded the angel; and he put up his sword again into the sheath thereof.	1CH
1Par	21	28	At that time, when David saw that the LORD had answered him in the threshing-floor of Ornan the Jebusite, then he sacrificed there.	1CH
1Par	21	29	For the tabernacle of the LORD, which Moses made in the wilderness, and the altar of burnt offering, were at that time in the high place at Gibeon.	1CH
1Par	21	30	But David could not go before it to inquire of God: for he was afraid because of the sword of the angel of the LORD.	1CH
1Par	22	1	Then David said, This is the house of the LORD God, and this is the altar of burnt offering for Israel.	1CH
1Par	22	2	And David commanded to gather together the strangers that were in the land of Israel; and he set masons to hew wrought stones to build the house of God.	1CH
1Par	22	3	And David prepared iron in abundance for the nails for the doors of the gates, and for the couplings; and brass in abundance without weight;	1CH
1Par	22	4	and cedar trees without number: for the Zidonians and they of Tyre brought cedar trees in abundance to David.	1CH
1Par	22	5	And David said, Solomon my son is young and tender, and the house that is to be builded for the LORD must be exceeding magnifical, of fame and of glory throughout all countries: I will therefore make preparation for it. So David prepared abundantly before his death.	1CH
1Par	22	6	Then he called for Solomon his son, and charged him to build an house for the LORD, the God of Israel.	1CH
1Par	22	7	And David said to Solomon his son, As for me, it was in my heart to build an house unto the name of the LORD my God.	1CH
1Par	22	8	But the word of the LORD came to me, saying, Thou hast shed blood abundantly, and hast made great wars: thou shalt not build an house unto my name, because thou hast shed much blood upon the earth in my sight:	1CH
1Par	22	9	Behold, a son shall be born to thee, who shall be a man of rest; and I will give him rest from all his enemies round about: for his name shall be Solomon, and I will give peace and quietness unto Israel in his days:	1CH
1Par	22	10	he shall build an house for my name; and he shall be my son, and I will be his father; and I will establish the throne of his kingdom over Israel for ever.	1CH
1Par	22	11	Now, my son, the LORD be with thee; and prosper thou, and build the house of the LORD thy God, as he hath spoken concerning thee.	1CH
1Par	22	12	Only the LORD give thee discretion and understanding, and give thee charge concerning Israel; that so thou mayest keep the law of the LORD thy God.	1CH
1Par	22	13	Then shalt thou prosper, if thou observe to do the statutes and the judgments which the LORD charged Moses with concerning Israel: be strong, and of good courage; fear not, neither be dismayed.	1CH
1Par	22	14	Now, behold, in my affliction I have prepared for the house of the LORD an hundred thousand talents of gold, and a thousand thousand talents of silver; and of brass and iron without weight; for it is in abundance: timber also and stone have I prepared; and thou mayest add thereto.	1CH
1Par	22	15	Moreover there are workmen with thee in abundance, hewers and workers of stone and timber, and all men that are cunning in any manner of work;	1CH
1Par	22	16	of the gold, the silver, and the brass, and the iron, there is no number; arise and be doing, and the LORD be with thee.	1CH
1Par	22	17	David also commanded all the princes of Israel to help Solomon his son, saying,	1CH
1Par	22	18	Is not the LORD your God with you? and hath he not given you rest on every side? for he hath delivered the inhabitants of the land into mine hand; and the land is subdued before the LORD, and before his people.	1CH
1Par	22	19	Now set your heart and your soul to seek after the LORD your God; arise therefore, and build ye the sanctuary of the LORD God, to bring the ark of the covenant of the LORD, and the holy vessels of God, into the house that is to be built to the name of the LORD.	1CH
1Par	23	1	Now David was old and full of days; and he made Solomon his son king over Israel.	1CH
1Par	23	2	And he gathered together all the princes of Israel, with the priests and the Levites.	1CH
1Par	23	3	And the Levites were numbered from thirty years old and upward: and their number by their polls, man by man, was thirty and eight thousand.	1CH
1Par	23	4	Of these, twenty and four thousand were to oversee the work of the house of the LORD; and six thousand were officers and judges:	1CH
1Par	23	5	and four thousand were doorkeepers; and four thousand praised the LORD with the instruments which I made, said David, to praise therewith.	1CH
1Par	23	6	And David divided them into courses according to the sons of Levi; Gershon, Kohath, and Merari.	1CH
1Par	23	7	Of the Gershonites; Ladan and Shimei.	1CH
1Par	23	8	The sons of Ladan; Jehiel the chief, and Zetham, and Joel, three.	1CH
1Par	23	9	The sons of Shimei; Shelomoth, and Haziel, and Haran, three. These were the heads of the fathers’ houses of Ladan.	1CH
1Par	23	10	And the sons of Shimei; Jahath, Zina, and Jeush, and Beriah. These four were the sons of Shimei.	1CH
1Par	23	11	And Jahath was the chief, and Zizah the second: but Jeush and Beriah had not many sons; therefore they became a fathers’ house in one reckoning.	1CH
1Par	23	12	The sons of Kohath; Amram, Izhar, Hebron, and Uzziel, four.	1CH
1Par	23	13	The sons of Amram; Aaron and Moses: and Aaron was separated, that he should sanctify the most holy things, he and his sons, for ever, to burn incense before the LORD, to minister unto him, and to bless in his name, for ever.	1CH
1Par	23	14	But as for Moses the man of God, his sons were named among the tribe of Levi.	1CH
1Par	23	15	The sons of Moses; Gershom and Eliezer.	1CH
1Par	23	16	The sons of Gershom; Shebuel the chief.	1CH
1Par	23	17	And the sons of Eliezer were, Rehabiah the chief. And Eliezer had none other sons; but the sons of Rehabiah were very many.	1CH
1Par	23	18	The sons of Izhar; Shelomith the chief.	1CH
1Par	23	19	The sons of Hebron; Jeriah the chief, Amariah the second, Jahaziel the third, and Jekameam the fourth.	1CH
1Par	23	20	The sons of Uzziel; Micah the chief, and Isshiah the second.	1CH
1Par	23	21	The sons of Merari; Mahli and Mushi. The sons of Mahli; Eleazar and Kish.	1CH
1Par	23	22	And Eleazar died, and had no sons, but daughters only: and their brethren the sons of Kish took them to wife.	1CH
1Par	23	23	The sons of Mushi; Mahli, and Eder, and Jeremoth, three.	1CH
1Par	23	24	These were the sons of Levi after their fathers’ houses, even the heads of the fathers’ houses of those of them that were counted, in the number of names by their polls, who did the work for the service of the house of the LORD, from twenty years old and upward.	1CH
1Par	23	25	For David said, The LORD, the God of Israel, hath given rest unto his people; and he dwelleth in Jerusalem for ever:	1CH
1Par	23	26	and also the Levites shall no more have need to carry the tabernacle and all the vessels of it for the service thereof.	1CH
1Par	23	27	For by the last words of David the sons of Levi were numbered, from twenty years old and upward.	1CH
1Par	23	28	For their office was to wait on the sons of Aaron for the service of the house of the LORD, in the courts, and in the chambers, and in the purifying of all holy things, even the work of the service of the house of God;	1CH
1Par	23	29	for the shewbread also, and for the fine flour for a meal offering, whether of unleavened wafers, or of that which is baked in the pan, or of that which is soaked, and for all manner of measure and size;	1CH
1Par	23	30	and to stand every morning to thank and praise the LORD, and likewise at even;	1CH
1Par	23	31	and to offer all burnt offerings unto the LORD, in the sabbaths, in the new moons, and on the set feast, in number according to the ordinance concerning them, continually before the LORD:	1CH
1Par	23	32	and that they should keep the charge of the tent of meeting, and the charge of the holy place, and the charge of the sons of Aaron their brethren, for the service of the house of the LORD.	1CH
1Par	24	1	And the courses of the sons of Aaron were these. The sons of Aaron; Nadab and Abihu, Eleazar and Ithamar.	1CH
1Par	24	2	But Nadab and Abihu died before their father, and had no children: therefore Eleazar and Ithamar executed the priest office.	1CH
1Par	24	3	And David with Zadok of the sons of Eleazar, and Ahimelech of the sons of Ithamar, divided them according to their ordering in their service.	1CH
1Par	24	4	And there were more chief men found of the sons of Eleazar than of the sons of Ithamar; and thus were they divided: of the sons of Eleazar there were sixteen, heads of father’s houses; and of the sons of Ithamar, according to their fathers’ houses, eight.	1CH
1Par	24	5	Thus were they divided by lot, one sort with another; for there were princes of the sanctuary, and princes of God, both of the sons of Eleazar, and of the sons of Ithamar.	1CH
1Par	24	6	And Shemaiah the son of Nethanel the scribe, who was of the Levites, wrote them in the presence of the king, and the princes, and Zadok the priest, and Ahimelech the son of Abiathar, and the heads of the fathers’ houses of the priests and of the Levites: one fathers’ house being taken for Eleazar, and one taken for Ithamar.	1CH
1Par	24	7	Now the first lot came forth to Jehoiarib, the second to Jedaiah;	1CH
1Par	24	8	the third to Harim, the fourth to Seorim;	1CH
1Par	24	9	the fifth to Malchijah, the sixth to Mijamin;	1CH
1Par	24	10	the seventh to Hakkoz, the eighth to Abijah;	1CH
1Par	24	11	the ninth to Jeshua, the tenth to Shecaniah;	1CH
1Par	24	12	the eleventh to Eliashib, the twelfth to Jakim;	1CH
1Par	24	13	the thirteenth to Huppah, the fourteenth to Jeshebeab;	1CH
1Par	24	14	the fifteenth to Bilgah, the sixteenth to Immer;	1CH
1Par	24	15	the seventeenth to Hezir, the eighteenth to Happizzez;	1CH
1Par	24	16	the nineteenth to Pethahiah, the twentieth to Jehezkel;	1CH
1Par	24	17	the one and twentieth to Jachin, the two and twentieth to Gamul;	1CH
1Par	24	18	the three and twentieth to Delaiah, the four and twentieth to Maaziah.	1CH
1Par	24	19	This was the ordering of them in their service, to come into the house of the LORD according to the ordinance given unto them by the hand of Aaron their father, as the LORD, the God of Israel, had commanded him.	1CH
1Par	24	20	And of the rest of the sons of Levi: of the sons of Amram, Shubael; of the sons of Shubael, Jehdeiah.	1CH
1Par	24	21	Of Rehabiah: of the sons of Rehabiah, Isshiah the chief.	1CH
1Par	24	22	Of the Izharites, Shelomoth; of the sons of Shelomoth, Jahath.	1CH
1Par	24	23	And the sons of Hebron; Jeriah the chief, Amariah the second, Jahaziel the third, Jekameam the fourth.	1CH
1Par	24	24	The sons of Uzziel, Micah; of the sons of Micah, Shamir.	1CH
1Par	24	25	The brother of Micah, Isshiah: of the sons of Isshiah, Zechariah.	1CH
1Par	24	26	The sons of Merari; Mahli and Mushi: the sons of Jaaziah; Beno.	1CH
1Par	24	27	The sons of Merari; of Jaaziah, Beno, and Shoham, and Zaccur, and Ibri.	1CH
1Par	24	28	Of Mahli; Eleazar, who had no sons.	1CH
1Par	24	29	Of Kish; the sons of Kish, Jerahmeel.	1CH
1Par	24	30	And the sons of Mushi; Mahli, and Eder, and Jerimoth. These were the sons of the Levites after their fathers’ houses.	1CH
1Par	24	31	These likewise cast lots even as their brethren the sons of Aaron in the presence of David the king, and Zadok, and Ahimelech, and the heads of the fathers’ houses of the priests and of the Levites; the fathers’ houses of the chief even as those of his younger brother.	1CH
1Par	25	1	Moreover David and the captains of the host separated for the service certain of the sons of Asaph, and of Heman, and of Jeduthun, who should prophesy with harps, with psalteries, and with cymbals: and the number of them that did the work according to their service was:	1CH
1Par	25	2	of the sons of Asaph; Zaccur, and Joseph, and Nethaniah, and Asharelah, the sons of Asaph; under the hand of Asaph, who prophesied after the order of the king.	1CH
1Par	25	3	Of Jeduthun: the sons of Jeduthun; Gedaliah, and Zeri, and Jeshaiah, Hashabiah, and Mattithiah, six; under the hands of their father Jeduthun with the harp, who prophesied in giving thanks and praising the LORD.	1CH
1Par	25	4	Of Heman: the sons of Heman; Bukkiah, Mattaniah, Uzziel, Shebuel, and Jerimoth, Hananiah, Hanani, Eliathah, Giddalti, and Romamtiezer, Joshbekashah, Mallothi, Hothir, Mahazioth:	1CH
1Par	25	5	All these were the sons of Heman the king’s seer in the words of God, to lift up the horn. And God gave to Heman fourteen sons and three daughters.	1CH
1Par	25	6	All these were under the hands of their father for song in the house of the LORD, with cymbals, psalteries, and harps, for the service of the house of God; Asaph, Jeduthun, and Heman being under the order of the king.	1CH
1Par	25	7	And the number of them, with their brethren that were instructed in singing unto the LORD, even all that were skilful, was two hundred fourscore and eight.	1CH
1Par	25	8	And they cast lots for their charges, all alike, as well the small as the great, the teacher as the scholar.	1CH
1Par	25	9	Now the first lot came forth for Asaph to Joseph: the second to Gedaliah; he and his brethren and sons were twelve:	1CH
1Par	25	10	the third to Zaccur, his sons and his brethren, twelve:	1CH
1Par	25	11	the fourth to Izri, his sons and his brethren, twelve:	1CH
1Par	25	12	the fifth to Nethaniah, his sons and his brethren, twelve:	1CH
1Par	25	13	the sixth to Bukkiah, his sons and his brethren, twelve:	1CH
1Par	25	14	the seventh to Jesharelah, his sons and his brethren, twelve:	1CH
1Par	25	15	the eighth to Jeshaiah, his sons mad his brethren, twelve:	1CH
1Par	25	16	the ninth to Mattaniah, his sons and his brethren, twelve:	1CH
1Par	25	17	the tenth to Shimei, his sons and his brethren, twelve:	1CH
1Par	25	18	the eleventh to Azarel, his sons and his brethren, twelve:	1CH
1Par	25	19	the twelfth to Hashabiah, his sons and his brethren, twelve:	1CH
1Par	25	20	for the thirteenth, Shubael, his sons and his brethren, twelve:	1CH
1Par	25	21	for the fourteenth, Mattithiah, his sons and his brethren, twelve:	1CH
1Par	25	22	for the fifteenth to Jeremoth, his sons and his brethren, twelve:	1CH
1Par	25	23	for the sixteenth to Hananiah, his sons and his brethren, twelve:	1CH
1Par	25	24	for the seventeenth to Joshbekashah, his sons and his brethren, twelve:	1CH
1Par	25	25	for the eighteenth to Hanani, his sons and his brethren, twelve:	1CH
1Par	25	26	for the nineteenth to Mallothi, his sons and his brethren, twelve:	1CH
1Par	25	27	for the twentieth to Eliathah, his sons and his brethren, twelve:	1CH
1Par	25	28	for the one and twentieth to Hothir, his sons and his brethren, twelve:	1CH
1Par	25	29	for the two and twentieth to Giddalti, his sons and his brethren, twelve:	1CH
1Par	25	30	for the three and twentieth to Mahazioth, his sons and his brethren, twelve:	1CH
1Par	25	31	for the four and twentieth to Romamti-ezer, his sons and his brethren, twelve.	1CH
1Par	26	1	For the courses of the doorkeepers: of the Korahites; Meshelemiah the son of Kore, of the sons of Asaph.	1CH
1Par	26	2	And Meshelemiah had sons; Zechariah the firstborn, Jediael the second, Zebadiah the third, Jathniel the fourth;	1CH
1Par	26	3	Elam the fifth, Jehohanan the sixth, Eliehoenai the seventh.	1CH
1Par	26	4	And Obed-edom had sons; Shemaiah the firstborn, Jehozabad the second, Joah the third, and Sacar the fourth, and Nethanel the fifth;	1CH
1Par	26	5	Ammiel the sixth, Issachar the seventh, Peullethai the eighth: for God blessed him.	1CH
1Par	26	6	Also unto Shemaiah his son were sons born, that ruled over the house of their father: for they were mighty men of valour.	1CH
1Par	26	7	The sons of Shemaiah; Othni, and Rephael, and Obed, Elzabad, whose brethren were valiant men, Elihu, and Semachiah.	1CH
1Par	26	8	All these were of the sons of Obed-edom: they and their sons and their brethren, able men in strength for the service; threescore and two of Obed-edom.	1CH
1Par	26	9	And Meshelemiah had sons and brethren, valiant men, eighteen.	1CH
1Par	26	10	Also Hosah, of the children of Merari, had sons; Shimri the chief, (for though he was not the firstborn, yet his father made him chief;)	1CH
1Par	26	11	Hilkiah the second, Tebaliah the third, Zechariah the fourth: all the sons and brethren of Hosah were thirteen.	1CH
1Par	26	12	Of these were the courses of the doorkeepers, even of the chief men, having charges like as their brethren, to minister in the house of the LORD.	1CH
1Par	26	13	And they cast lots, as well the small as the great, according to their fathers’ houses, for every gate.	1CH
1Par	26	14	And the lot eastward fell to Shelemiah. Then for Zechariah his son, a discreet counsellor, they cast lots; and his lot came out northward.	1CH
1Par	26	15	To Obed-edom southward; and to his sons the storehouse.	1CH
1Par	26	16	To Shuppim and Hosah westward, by the gate of Shallecheth, at the causeway that goeth up, ward against ward.	1CH
1Par	26	17	Eastward were six Levites, northward four a day, southward four a day, and for the storehouse two and two.	1CH
1Par	26	18	For Parbar westward, four at the causeway, and two at Parbar.	1CH
1Par	26	19	These were the courses of the doorkeepers; of the sons of the Korahites, and of the sons of Merari.	1CH
1Par	26	20	And of the Levites, Ahijah was over the treasuries of the house of God, and over the treasuries of the dedicated things.	1CH
1Par	26	21	The sons of Ladan; the sons of the Gershonites belonging to Ladan, the heads of the fathers’ houses belonging to Ladan the Gershonite; Jehieli.	1CH
1Par	26	22	The sons of Jehieli; Zetham, and Joel his brother, over the treasuries of the house of the LORD.	1CH
1Par	26	23	Of the Amramites, of the Izharites, of the Hebronites, of the Uzzielites:	1CH
1Par	26	24	and Shebuel the son of Gershom, the son of Moses, was ruler over the treasuries.	1CH
1Par	26	25	And his brethren; of Eliezer came Rehabiah his son, and Jeshaiah his son, and Joram his son, and Zichri his son, and Shelomoth his son.	1CH
1Par	26	26	This Shelomoth and his brethren were over all the treasuries of the dedicated things, which David the king, and the heads of the fathers’ houses, the captains over thousands and hundreds, and the captains of the host, had dedicated.	1CH
1Par	26	27	Out of the spoil won in battles did they dedicate to repair the house of the LORD.	1CH
1Par	26	28	And all that Samuel the seer, and Saul the son of Kish, and Abner the son of Ner, and Joab the son of Zeruiah, had dedicated; whosoever had dedicated any thing, it was under the hand of Shelomoth, and of his brethren.	1CH
1Par	26	29	Of the Izharites, Chenaniah and his sons were for the outward business over Israel, for officers and judges.	1CH
1Par	26	30	Of the Hebronites, Hashabiah and his brethren, men of valour, a thousand and seven hundred, had the oversight of Israel beyond Jordan westward; for all the business of the LORD, and for the service of the king.	1CH
1Par	26	31	Of the Hebronites was Jerijah the chief, even of the Hebronites, according to their generations by fathers’ houses. In the fortieth year of the reign of David they were sought for, and there were found among them mighty men of valour at Jazer of Gilead.	1CH
1Par	26	32	And his brethren, men of valour, were two thousand and seven hundred, heads of fathers’ houses, whom king David made overseers over the Reubenites, and the Gadites, and the half tribe of the Manassites, for every matter pertaining to God, and for the affairs of the king.	1CH
1Par	27	1	Now the children of Israel after their number, to wit, the heads of fathers’ houses and the captains of thousands and of hundreds, and their officers that served the king, in any matter of the courses which came in and went out month by month throughout all the months of the year, of every course were twenty and four thousand.	1CH
1Par	27	2	Over the first course for the first month was Jashobeam the son of Zabdiel: and in his course were twenty and four thousand.	1CH
1Par	27	3	He was of the children of Perez, the chief of all the captains of the host for the first month.	1CH
1Par	27	4	And over the course of the second month was Dodai the Ahohite, and his course; and Mikloth the ruler: and in his course were twenty and four thousand.	1CH
1Par	27	5	The third captain of the host for the third month was Benaiah, the son of Jehoiada the priest, chief: and in his course were twenty and four thousand.	1CH
1Par	27	6	This is that Benaiah, who was the mighty man of the thirty, and over the thirty: and of his course was Ammizabad his son.	1CH
1Par	27	7	The fourth captain for the fourth month was Asahel the brother of Joab, and Zebadiah his son after him: and in his course were twenty and four thousand.	1CH
1Par	27	8	The fifth captain for the fifth month was Shamhuth the Izrahite: and in his course were twenty and four thousand.	1CH
1Par	27	9	The sixth captain for the sixth month was Ira the son of Ikkesh the Tekoite: and in his course were twenty and four thousand.	1CH
1Par	27	10	The seventh captain for the seventh month was Helez the Pelonite, of the children of Ephraim: and in his course were twenty and four thousand.	1CH
1Par	27	11	The eighth captain for the eighth month was Sibbecai the Hushathite, of the Zerahites: and in his course were twenty and four thousand.	1CH
1Par	27	12	The ninth captain for the ninth month was Abiezer the Anathothite, of the Benjamites: and in his course were twenty and four thousand.	1CH
1Par	27	13	The tenth captain for the tenth month was Maharai the Netophathite, of the Zerahites: and in his course were twenty and four thousand.	1CH
1Par	27	14	The eleventh captain for the eleventh month was Benaiah the Pirathonite, of the children of Ephraim: and in his course were twenty and four thousand.	1CH
1Par	27	15	The twelfth captain for the twelfth month was Heldai the Netophathite, of Othniel: and in his course were twenty and four thousand.	1CH
1Par	27	16	Furthermore over the tribes of Israel: of the Reubenites was Eliezer the son of Zichri the ruler: of the Simeonites, Shephatiah the son of Maacah:	1CH
1Par	27	17	of Levi, Hashabiah the son of Kemuel: of Aaron, Zadok:	1CH
1Par	27	18	of Judah, Elihu, one of the brethren of David: of Issachar, Omri the son of Michael:	1CH
1Par	27	19	of Zebulun, Ishmaiah the son of Obadiah: of Naphtali, Jeremoth the son of Azriel:	1CH
1Par	27	20	of the children of Ephraim, Hoshea the son of Azaziah: of the half tribe of Manasseh, Joel the son of Pedaiah:	1CH
1Par	27	21	of the half tribe of Manasseh in Gilead, Iddo the son of Zechariah: of Benjamin, Jaasiel the son of Abner:	1CH
1Par	27	22	of Dan, Azarel the son of Jeroham. These were the captains of the tribes of Israel.	1CH
1Par	27	23	But David took not the number of them from twenty years old and under: because the LORD had said he would increase Israel like to the stars of heaven.	1CH
1Par	27	24	Joab the son of Zeruiah began to number, but finished not; and there came wrath for this upon Israel; neither was the number put into the account in the chronicles of king David;	1CH
1Par	27	25	And over the king’s treasuries was Azmaveth the son of Adiel: and over the treasuries in the fields, in the cities, and in the villages, and in the castles, was Jonathan the son of Uzziah:	1CH
1Par	27	26	And over them that did the work of the field for tillage of the ground was Ezri the son of Chelub:	1CH
1Par	27	27	and over the vineyards was Shimei the Ramathite: and over the increase of the vineyards for the wine cellars was Zabdi the Shiphmite:	1CH
1Par	27	28	and over the olive trees and the sycomore trees that were in the lowland was Baal-hanan the Gederite: and over the cellars of oil was Joash:	1CH
1Par	27	29	and over the herds that fed in Sharon was Shitrai the Sharonite: and over the herds that were in the valleys was Shaphat the son of Adlai:	1CH
1Par	27	30	and over the camels was Obil the Ishmaelite: and over the asses was Jehdeiah the Meronothite:	1CH
1Par	27	31	and over the flocks was Jaziz the Hagrite. All these were the rulers of the substance which was king David’s.	1CH
1Par	27	32	Also Jonathan David’s uncle was a counsellor, a man of understanding, and a scribe: and Jehiel the son of Hachmoni was with the king’s sons:	1CH
1Par	27	33	And Ahithophel was the king’s counsellor: and Hushai the Archite was the king’s friend:	1CH
1Par	27	34	and after Ahithophel was Jehoiada the son of Benaiah, and Abiathar: and the captain of the king’s host was Joab.	1CH
1Par	28	1	And David assembled all the prices of Israel, the princes of the tribes, and the captains of the companies that served the king by course, and the captains of thousands, and the captains of hundreds, and the rulers over all the substance and possessions of the king and of his sons, with the officers, and the mighty men, even all the mighty men of valour, unto Jerusalem.	1CH
1Par	28	2	Then David the king stood up upon his feet, and said, Hear me, my brethren, and my people: as for me, it was in mine heart to build an house of rest for the ark of the covenant of the LORD, and for the footstool of our God; and I had made ready for the building.	1CH
1Par	28	3	But God said unto me, Thou shalt not build an house for my name, because thou art a man of war, and hast shed blood.	1CH
1Par	28	4	Howbeit the LORD, the God of Israel, chose me out of all the house of my father to be king over Israel for ever: for he hath chosen Judah to be prince; and in the house of Judah, the house of my father; and among the sons of my father he took pleasure in me to make me king over all Israel:	1CH
1Par	28	5	And of all my sons, (for the LORD hath given me many sons,) he hath chosen Solomon my son to sit upon the throne of the kingdom of the LORD over Israel.	1CH
1Par	28	6	And he said unto me, Solomon thy son, he shall build my house and my courts: for I have chosen him to be my son, and I will be his father.	1CH
1Par	28	7	And I will establish his kingdom for ever, if he be constant to do my commandments and my judgments, as at this day.	1CH
1Par	28	8	Now therefore, in the sight of all Israel, the congregation of the LORD, and in the audience of our God, observe and seek out all the commandments of the LORD your God: that ye may possess this good land, and leave it for an inheritance to your children after you for ever.	1CH
1Par	28	9	And thou, Solomon my son, know thou the God of thy father, and serve him with a perfect heart and with a willing mind: for the LORD searcheth all hearts, and understandeth all the imaginations of the thoughts: if thou seek him, he will be found of thee; but if thou forsake him, he will cast thee off for ever.	1CH
1Par	28	10	Take heed now; for the LORD hath chosen thee to build an house for the sanctuary: be strong, and do it.	1CH
1Par	28	11	Then David gave to Solomon his son the pattern of the porch of the temple, and of the houses thereof, and of the treasuries thereof, and of the upper rooms thereof, and of the inner chambers thereof, and of the place of the mercy-seat:	1CH
1Par	28	12	and the pattern of all that he had by the spirit, for the courts of the house of the LORD, and for all the chambers round about, for the treasuries of the house of God, and for the treasuries of the dedicated things:	1CH
1Par	28	13	also for the courses of the priests and the Levites, and for all the work of the service of the house of the LORD, and for all the vessels of service in the house of the LORD:	1CH
1Par	28	14	of gold by weight for the vessels of gold, for all vessels of every kind of service; of silver for all the vessels of silver by weight, for all vessels of every kind of service:	1CH
1Par	28	15	by weight also for the candlesticks of gold, and for the lamps thereof, of gold, by weight for every candlestick and for the lamps thereof, and for the candlesticks of silver, silver by weight for every candlestick and for the lamps thereof, according to the use of every candlestick:	1CH
1Par	28	16	and the gold by weight for the tables of shewbread, for every table; and silver for the tables of silver:	1CH
1Par	28	17	and the fleshhooks, and the basons, and the cups, of pure gold: and for the golden bowls by weight for every bowl; and for the silver bowls by weight for every bowl:	1CH
1Par	28	18	and for the altar of incense refined gold by weight: and gold for the pattern of the chariot, even the cherubim, that spread out their wings, and covered the ark of the covenant of the LORD.	1CH
1Par	28	19	All this, said David, have I been made to understand in writing from the hand of the LORD, even all the works of this pattern.	1CH
1Par	28	20	And David said to Solomon his son, Be strong and of good courage, and do it: fear not, nor be dismayed: for the LORD God, even my God, is with thee; he will not fail thee, nor forsake thee, until all the work for the service of the house of the LORD be finished.	1CH
1Par	28	21	And, behold, there are the courses of the priests and the Levites, for all the service of the house of God: and there shall be with thee in all manner of work every willing man that hath skill, for any manner of service: also the captains and all the people will be wholly at thy commandment.	1CH
1Par	29	1	And David the king said unto all the congregation, Solomon my son, whom alone God hath chosen, is yet young and tender, and the work is great: for the palace is not for man, but for the LORD God:	1CH
1Par	29	2	Now I have prepared with all my might for the house of my God the gold for the things of gold, and the silver for the things of silver, and the brass for the things of brass, the iron for the things of iron, and wood for the things of wood; onyx stones, and stones to be set, stones for inlaid work, and of divers colours, and all manner of precious stones, and marble stones in abundance.	1CH
1Par	29	3	Moreover also, because I have set my affection to the house of my God, seeing that I have a treasure of mine own of gold and silver, I give it unto the house of my God, over and above all that I have prepared for the holy house;	1CH
1Par	29	4	even three thousand talents of gold, of the gold of Ophir, and seven thousand talents of refined silver, to overlay the walls of the houses withal:	1CH
1Par	29	5	of gold for the things of gold, and of silver for the things of silver, and for all manner of work to be made by the hands of artificers. Who then offereth willingly to consecrate himself this day unto the LORD?	1CH
1Par	29	6	Then the princes of the fathers’ houses, and the princes of the tribes of Israel, and the captains of thousands and of hundreds, with the rulers over the king’s work, offered willingly;	1CH
1Par	29	7	and they gave for the service of the house of God of gold five thousand talents and ten thousand darics, and of silver ten thousand talents, and of brass eighteen thousand talents, and of iron a hundred thousand talents.	1CH
1Par	29	8	And they with whom precious stones were found gave them to the treasure of the house of the LORD, under the hand of Jehiel the Gershonite.	1CH
1Par	29	9	Then the people rejoiced, for that they offered willingly, because with a perfect heart they offered willingly to the LORD: and David the king also rejoiced with great joy.	1CH
1Par	29	10	Wherefore David blessed the LORD before all the congregation: and David said, Blessed be thou, O LORD, the God of Israel our father, for ever and ever.	1CH
1Par	29	11	Thine, O LORD, is the greatness, and the power, and the glory, and the victory, and the majesty: for all that is in the heaven and in the earth is thine; thine is the kingdom, O LORD, and thou art exalted as head above all.	1CH
1Par	29	12	Both riches and honour come of thee, and thou rulest over all; and in thine hand is power and might; and in thine hand it is to make great, and to give strength unto all.	1CH
1Par	29	13	Now therefore, our God, we thank thee, and praise thy glorious name.	1CH
1Par	29	14	But who am I, and what is my people, that we should be able to offer so willingly after this sort? for all things come of thee, and of thine own have we given thee.	1CH
1Par	29	15	For we are strangers before thee, and sojourners, as all our fathers were: our days on the earth are as a shadow, and there is no abiding.	1CH
1Par	29	16	O LORD our God, all this store that we have prepared to build thee an house for thine holy name cometh of thine hand, and is all thine own.	1CH
1Par	29	17	I know also, my God, that thou triest the heart, and hast pleasure in uprightness, As for me, in the uprightness of mine heart I have willingly offered all these things: and now have I seen with joy thy people, which are present here, to offer willingly unto thee.	1CH
1Par	29	18	O LORD, the God of Abraham, of Isaac, and of Israel, our fathers, keep this for ever in the imagination of the thoughts of the heart of thy people; and prepare their heart unto thee:	1CH
1Par	29	19	and give unto Solomon my son a perfect heart, to keep thy commandments, thy testimonies, and thy statutes, and to do all these things, and to build the palace, for the which I have made provision.	1CH
1Par	29	20	And David said to all the congregation, Now bless the LORD your God. And all the congregation blessed the LORD, the God of their fathers, and bowed down their heads, and worshipped the LORD, and the king.	1CH
1Par	29	21	And they sacrificed sacrifices unto the LORD, and offered burnt offerings unto the LORD, on the morrow after that day, even a thousand bullocks, a thousand rams, and a thousand lambs, with their drink offerings, and sacrifices in abundance for all Israel;	1CH
1Par	29	22	and did eat and drink before the LORD on that day with great gladness. And they made Solomon the son of David king the second time, and anointed him unto the LORD to be prince, and Zadok to be priest.	1CH
1Par	29	23	Then Solomon sat on the throne of the LORD as king instead of David his father, and prospered; and all Israel obeyed him.	1CH
1Par	29	24	And all the princes, and the mighty men, and all the sons likewise of king David, submitted themselves unto Solomon the king.	1CH
1Par	29	25	And the LORD magnified Solomon exceedingly in the sight of all Israel, and bestowed upon him such royal majesty as had not been on any king before him in Israel.	1CH
1Par	29	26	Now David the son of Jesse reigned over all Israel.	1CH
1Par	29	27	And the time that he reigned over Israel was forty years; seven years reigned he in Hebron, and thirty and three years reigned he in Jerusalem.	1CH
1Par	29	28	And he died in a good old age, full of days, riches, and honour: and Solomon his son reigned in his stead.	1CH
1Par	29	29	Now the acts of David the king, first and last, behold, they are written in the history of Samuel the seer, and in the history of Nathan the prophet, and in the history of Gad the seer;	1CH
1Par	29	30	with all his reign and his might, and the times that went over him, and over Israel, and over all the kingdoms of the countries.	1CH
