cited_locus	resolves_to	kind	note
Esth.1.1		not-in-this-edition	this edition prints Esther in the Septuagint arrangement and in fifteen chapters, so no Vulgate chapter or verse number addresses the matter it names: its 1:1 is the Vulgate's 11:2, its 3:1 is the Vulgate's 1:1, and its 13:9 is part of the king's letter and not Mardochai's prayer
Esth.1.10		not-in-this-edition	this edition prints Esther in the Septuagint arrangement and in fifteen chapters, so no Vulgate chapter or verse number addresses the matter it names: its 1:1 is the Vulgate's 11:2, its 3:1 is the Vulgate's 1:1, and its 13:9 is part of the king's letter and not Mardochai's prayer
Esth.1.11		not-in-this-edition	this edition prints Esther in the Septuagint arrangement and in fifteen chapters, so no Vulgate chapter or verse number addresses the matter it names: its 1:1 is the Vulgate's 11:2, its 3:1 is the Vulgate's 1:1, and its 13:9 is part of the king's letter and not Mardochai's prayer
Esth.1.12		not-in-this-edition	this edition prints Esther in the Septuagint arrangement and in fifteen chapters, so no Vulgate chapter or verse number addresses the matter it names: its 1:1 is the Vulgate's 11:2, its 3:1 is the Vulgate's 1:1, and its 13:9 is part of the king's letter and not Mardochai's prayer
Esth.1.13		not-in-this-edition	this edition prints Esther in the Septuagint arrangement and in fifteen chapters, so no Vulgate chapter or verse number addresses the matter it names: its 1:1 is the Vulgate's 11:2, its 3:1 is the Vulgate's 1:1, and its 13:9 is part of the king's letter and not Mardochai's prayer
Esth.1.14		not-in-this-edition	this edition prints Esther in the Septuagint arrangement and in fifteen chapters, so no Vulgate chapter or verse number addresses the matter it names: its 1:1 is the Vulgate's 11:2, its 3:1 is the Vulgate's 1:1, and its 13:9 is part of the king's letter and not Mardochai's prayer
Esth.1.15		not-in-this-edition	this edition prints Esther in the Septuagint arrangement and in fifteen chapters, so no Vulgate chapter or verse number addresses the matter it names: its 1:1 is the Vulgate's 11:2, its 3:1 is the Vulgate's 1:1, and its 13:9 is part of the king's letter and not Mardochai's prayer
Esth.1.16		not-in-this-edition	this edition prints Esther in the Septuagint arrangement and in fifteen chapters, so no Vulgate chapter or verse number addresses the matter it names: its 1:1 is the Vulgate's 11:2, its 3:1 is the Vulgate's 1:1, and its 13:9 is part of the king's letter and not Mardochai's prayer
Esth.1.17		not-in-this-edition	this edition prints Esther in the Septuagint arrangement and in fifteen chapters, so no Vulgate chapter or verse number addresses the matter it names: its 1:1 is the Vulgate's 11:2, its 3:1 is the Vulgate's 1:1, and its 13:9 is part of the king's letter and not Mardochai's prayer
Esth.1.18		not-in-this-edition	this edition prints Esther in the Septuagint arrangement and in fifteen chapters, so no Vulgate chapter or verse number addresses the matter it names: its 1:1 is the Vulgate's 11:2, its 3:1 is the Vulgate's 1:1, and its 13:9 is part of the king's letter and not Mardochai's prayer
Esth.1.19		not-in-this-edition	this edition prints Esther in the Septuagint arrangement and in fifteen chapters, so no Vulgate chapter or verse number addresses the matter it names: its 1:1 is the Vulgate's 11:2, its 3:1 is the Vulgate's 1:1, and its 13:9 is part of the king's letter and not Mardochai's prayer
Esth.1.2		not-in-this-edition	this edition prints Esther in the Septuagint arrangement and in fifteen chapters, so no Vulgate chapter or verse number addresses the matter it names: its 1:1 is the Vulgate's 11:2, its 3:1 is the Vulgate's 1:1, and its 13:9 is part of the king's letter and not Mardochai's prayer
Esth.1.20		not-in-this-edition	this edition prints Esther in the Septuagint arrangement and in fifteen chapters, so no Vulgate chapter or verse number addresses the matter it names: its 1:1 is the Vulgate's 11:2, its 3:1 is the Vulgate's 1:1, and its 13:9 is part of the king's letter and not Mardochai's prayer
Esth.1.21		not-in-this-edition	this edition prints Esther in the Septuagint arrangement and in fifteen chapters, so no Vulgate chapter or verse number addresses the matter it names: its 1:1 is the Vulgate's 11:2, its 3:1 is the Vulgate's 1:1, and its 13:9 is part of the king's letter and not Mardochai's prayer
Esth.1.22		not-in-this-edition	this edition prints Esther in the Septuagint arrangement and in fifteen chapters, so no Vulgate chapter or verse number addresses the matter it names: its 1:1 is the Vulgate's 11:2, its 3:1 is the Vulgate's 1:1, and its 13:9 is part of the king's letter and not Mardochai's prayer
Esth.1.23		not-in-this-edition	this edition prints Esther in the Septuagint arrangement and in fifteen chapters, so no Vulgate chapter or verse number addresses the matter it names: its 1:1 is the Vulgate's 11:2, its 3:1 is the Vulgate's 1:1, and its 13:9 is part of the king's letter and not Mardochai's prayer
Esth.1.24		not-in-this-edition	this edition prints Esther in the Septuagint arrangement and in fifteen chapters, so no Vulgate chapter or verse number addresses the matter it names: its 1:1 is the Vulgate's 11:2, its 3:1 is the Vulgate's 1:1, and its 13:9 is part of the king's letter and not Mardochai's prayer
Esth.1.25		not-in-this-edition	this edition prints Esther in the Septuagint arrangement and in fifteen chapters, so no Vulgate chapter or verse number addresses the matter it names: its 1:1 is the Vulgate's 11:2, its 3:1 is the Vulgate's 1:1, and its 13:9 is part of the king's letter and not Mardochai's prayer
Esth.1.26		not-in-this-edition	this edition prints Esther in the Septuagint arrangement and in fifteen chapters, so no Vulgate chapter or verse number addresses the matter it names: its 1:1 is the Vulgate's 11:2, its 3:1 is the Vulgate's 1:1, and its 13:9 is part of the king's letter and not Mardochai's prayer
Esth.1.27		not-in-this-edition	this edition prints Esther in the Septuagint arrangement and in fifteen chapters, so no Vulgate chapter or verse number addresses the matter it names: its 1:1 is the Vulgate's 11:2, its 3:1 is the Vulgate's 1:1, and its 13:9 is part of the king's letter and not Mardochai's prayer
Esth.1.28		not-in-this-edition	this edition prints Esther in the Septuagint arrangement and in fifteen chapters, so no Vulgate chapter or verse number addresses the matter it names: its 1:1 is the Vulgate's 11:2, its 3:1 is the Vulgate's 1:1, and its 13:9 is part of the king's letter and not Mardochai's prayer
Esth.1.29		not-in-this-edition	this edition prints Esther in the Septuagint arrangement and in fifteen chapters, so no Vulgate chapter or verse number addresses the matter it names: its 1:1 is the Vulgate's 11:2, its 3:1 is the Vulgate's 1:1, and its 13:9 is part of the king's letter and not Mardochai's prayer
Esth.1.3		not-in-this-edition	this edition prints Esther in the Septuagint arrangement and in fifteen chapters, so no Vulgate chapter or verse number addresses the matter it names: its 1:1 is the Vulgate's 11:2, its 3:1 is the Vulgate's 1:1, and its 13:9 is part of the king's letter and not Mardochai's prayer
Esth.1.30		not-in-this-edition	this edition prints Esther in the Septuagint arrangement and in fifteen chapters, so no Vulgate chapter or verse number addresses the matter it names: its 1:1 is the Vulgate's 11:2, its 3:1 is the Vulgate's 1:1, and its 13:9 is part of the king's letter and not Mardochai's prayer
Esth.1.31		not-in-this-edition	this edition prints Esther in the Septuagint arrangement and in fifteen chapters, so no Vulgate chapter or verse number addresses the matter it names: its 1:1 is the Vulgate's 11:2, its 3:1 is the Vulgate's 1:1, and its 13:9 is part of the king's letter and not Mardochai's prayer
Esth.1.32		not-in-this-edition	this edition prints Esther in the Septuagint arrangement and in fifteen chapters, so no Vulgate chapter or verse number addresses the matter it names: its 1:1 is the Vulgate's 11:2, its 3:1 is the Vulgate's 1:1, and its 13:9 is part of the king's letter and not Mardochai's prayer
Esth.1.4		not-in-this-edition	this edition prints Esther in the Septuagint arrangement and in fifteen chapters, so no Vulgate chapter or verse number addresses the matter it names: its 1:1 is the Vulgate's 11:2, its 3:1 is the Vulgate's 1:1, and its 13:9 is part of the king's letter and not Mardochai's prayer
Esth.1.5		not-in-this-edition	this edition prints Esther in the Septuagint arrangement and in fifteen chapters, so no Vulgate chapter or verse number addresses the matter it names: its 1:1 is the Vulgate's 11:2, its 3:1 is the Vulgate's 1:1, and its 13:9 is part of the king's letter and not Mardochai's prayer
Esth.1.6		not-in-this-edition	this edition prints Esther in the Septuagint arrangement and in fifteen chapters, so no Vulgate chapter or verse number addresses the matter it names: its 1:1 is the Vulgate's 11:2, its 3:1 is the Vulgate's 1:1, and its 13:9 is part of the king's letter and not Mardochai's prayer
Esth.1.7		not-in-this-edition	this edition prints Esther in the Septuagint arrangement and in fifteen chapters, so no Vulgate chapter or verse number addresses the matter it names: its 1:1 is the Vulgate's 11:2, its 3:1 is the Vulgate's 1:1, and its 13:9 is part of the king's letter and not Mardochai's prayer
Esth.1.8		not-in-this-edition	this edition prints Esther in the Septuagint arrangement and in fifteen chapters, so no Vulgate chapter or verse number addresses the matter it names: its 1:1 is the Vulgate's 11:2, its 3:1 is the Vulgate's 1:1, and its 13:9 is part of the king's letter and not Mardochai's prayer
Esth.1.9		not-in-this-edition	this edition prints Esther in the Septuagint arrangement and in fifteen chapters, so no Vulgate chapter or verse number addresses the matter it names: its 1:1 is the Vulgate's 11:2, its 3:1 is the Vulgate's 1:1, and its 13:9 is part of the king's letter and not Mardochai's prayer
Esth.10.1		not-in-this-edition	this edition prints Esther in the Septuagint arrangement and in fifteen chapters, so no Vulgate chapter or verse number addresses the matter it names: its 1:1 is the Vulgate's 11:2, its 3:1 is the Vulgate's 1:1, and its 13:9 is part of the king's letter and not Mardochai's prayer
Esth.10.10		not-in-this-edition	this edition prints Esther in the Septuagint arrangement and in fifteen chapters, so no Vulgate chapter or verse number addresses the matter it names: its 1:1 is the Vulgate's 11:2, its 3:1 is the Vulgate's 1:1, and its 13:9 is part of the king's letter and not Mardochai's prayer
Esth.10.11		not-in-this-edition	this edition prints Esther in the Septuagint arrangement and in fifteen chapters, so no Vulgate chapter or verse number addresses the matter it names: its 1:1 is the Vulgate's 11:2, its 3:1 is the Vulgate's 1:1, and its 13:9 is part of the king's letter and not Mardochai's prayer
Esth.10.12		not-in-this-edition	this edition prints Esther in the Septuagint arrangement and in fifteen chapters, so no Vulgate chapter or verse number addresses the matter it names: its 1:1 is the Vulgate's 11:2, its 3:1 is the Vulgate's 1:1, and its 13:9 is part of the king's letter and not Mardochai's prayer
Esth.10.13		not-in-this-edition	this edition prints Esther in the Septuagint arrangement and in fifteen chapters, so no Vulgate chapter or verse number addresses the matter it names: its 1:1 is the Vulgate's 11:2, its 3:1 is the Vulgate's 1:1, and its 13:9 is part of the king's letter and not Mardochai's prayer
Esth.10.14		not-in-this-edition	this edition prints Esther in the Septuagint arrangement and in fifteen chapters, so no Vulgate chapter or verse number addresses the matter it names: its 1:1 is the Vulgate's 11:2, its 3:1 is the Vulgate's 1:1, and its 13:9 is part of the king's letter and not Mardochai's prayer
Esth.10.15		not-in-this-edition	this edition prints Esther in the Septuagint arrangement and in fifteen chapters, so no Vulgate chapter or verse number addresses the matter it names: its 1:1 is the Vulgate's 11:2, its 3:1 is the Vulgate's 1:1, and its 13:9 is part of the king's letter and not Mardochai's prayer
Esth.10.16		not-in-this-edition	this edition prints Esther in the Septuagint arrangement and in fifteen chapters, so no Vulgate chapter or verse number addresses the matter it names: its 1:1 is the Vulgate's 11:2, its 3:1 is the Vulgate's 1:1, and its 13:9 is part of the king's letter and not Mardochai's prayer
Esth.10.17		not-in-this-edition	this edition prints Esther in the Septuagint arrangement and in fifteen chapters, so no Vulgate chapter or verse number addresses the matter it names: its 1:1 is the Vulgate's 11:2, its 3:1 is the Vulgate's 1:1, and its 13:9 is part of the king's letter and not Mardochai's prayer
Esth.10.18		not-in-this-edition	this edition prints Esther in the Septuagint arrangement and in fifteen chapters, so no Vulgate chapter or verse number addresses the matter it names: its 1:1 is the Vulgate's 11:2, its 3:1 is the Vulgate's 1:1, and its 13:9 is part of the king's letter and not Mardochai's prayer
Esth.10.19		not-in-this-edition	this edition prints Esther in the Septuagint arrangement and in fifteen chapters, so no Vulgate chapter or verse number addresses the matter it names: its 1:1 is the Vulgate's 11:2, its 3:1 is the Vulgate's 1:1, and its 13:9 is part of the king's letter and not Mardochai's prayer
Esth.10.2		not-in-this-edition	this edition prints Esther in the Septuagint arrangement and in fifteen chapters, so no Vulgate chapter or verse number addresses the matter it names: its 1:1 is the Vulgate's 11:2, its 3:1 is the Vulgate's 1:1, and its 13:9 is part of the king's letter and not Mardochai's prayer
Esth.10.20		not-in-this-edition	this edition prints Esther in the Septuagint arrangement and in fifteen chapters, so no Vulgate chapter or verse number addresses the matter it names: its 1:1 is the Vulgate's 11:2, its 3:1 is the Vulgate's 1:1, and its 13:9 is part of the king's letter and not Mardochai's prayer
Esth.10.21		not-in-this-edition	this edition prints Esther in the Septuagint arrangement and in fifteen chapters, so no Vulgate chapter or verse number addresses the matter it names: its 1:1 is the Vulgate's 11:2, its 3:1 is the Vulgate's 1:1, and its 13:9 is part of the king's letter and not Mardochai's prayer
Esth.10.22		not-in-this-edition	this edition prints Esther in the Septuagint arrangement and in fifteen chapters, so no Vulgate chapter or verse number addresses the matter it names: its 1:1 is the Vulgate's 11:2, its 3:1 is the Vulgate's 1:1, and its 13:9 is part of the king's letter and not Mardochai's prayer
Esth.10.23		not-in-this-edition	this edition prints Esther in the Septuagint arrangement and in fifteen chapters, so no Vulgate chapter or verse number addresses the matter it names: its 1:1 is the Vulgate's 11:2, its 3:1 is the Vulgate's 1:1, and its 13:9 is part of the king's letter and not Mardochai's prayer
Esth.10.24		not-in-this-edition	this edition prints Esther in the Septuagint arrangement and in fifteen chapters, so no Vulgate chapter or verse number addresses the matter it names: its 1:1 is the Vulgate's 11:2, its 3:1 is the Vulgate's 1:1, and its 13:9 is part of the king's letter and not Mardochai's prayer
Esth.10.25		not-in-this-edition	this edition prints Esther in the Septuagint arrangement and in fifteen chapters, so no Vulgate chapter or verse number addresses the matter it names: its 1:1 is the Vulgate's 11:2, its 3:1 is the Vulgate's 1:1, and its 13:9 is part of the king's letter and not Mardochai's prayer
Esth.10.26		not-in-this-edition	this edition prints Esther in the Septuagint arrangement and in fifteen chapters, so no Vulgate chapter or verse number addresses the matter it names: its 1:1 is the Vulgate's 11:2, its 3:1 is the Vulgate's 1:1, and its 13:9 is part of the king's letter and not Mardochai's prayer
Esth.10.27		not-in-this-edition	this edition prints Esther in the Septuagint arrangement and in fifteen chapters, so no Vulgate chapter or verse number addresses the matter it names: its 1:1 is the Vulgate's 11:2, its 3:1 is the Vulgate's 1:1, and its 13:9 is part of the king's letter and not Mardochai's prayer
Esth.10.28		not-in-this-edition	this edition prints Esther in the Septuagint arrangement and in fifteen chapters, so no Vulgate chapter or verse number addresses the matter it names: its 1:1 is the Vulgate's 11:2, its 3:1 is the Vulgate's 1:1, and its 13:9 is part of the king's letter and not Mardochai's prayer
Esth.10.29		not-in-this-edition	this edition prints Esther in the Septuagint arrangement and in fifteen chapters, so no Vulgate chapter or verse number addresses the matter it names: its 1:1 is the Vulgate's 11:2, its 3:1 is the Vulgate's 1:1, and its 13:9 is part of the king's letter and not Mardochai's prayer
Esth.10.3		not-in-this-edition	this edition prints Esther in the Septuagint arrangement and in fifteen chapters, so no Vulgate chapter or verse number addresses the matter it names: its 1:1 is the Vulgate's 11:2, its 3:1 is the Vulgate's 1:1, and its 13:9 is part of the king's letter and not Mardochai's prayer
Esth.10.30		not-in-this-edition	this edition prints Esther in the Septuagint arrangement and in fifteen chapters, so no Vulgate chapter or verse number addresses the matter it names: its 1:1 is the Vulgate's 11:2, its 3:1 is the Vulgate's 1:1, and its 13:9 is part of the king's letter and not Mardochai's prayer
Esth.10.31		not-in-this-edition	this edition prints Esther in the Septuagint arrangement and in fifteen chapters, so no Vulgate chapter or verse number addresses the matter it names: its 1:1 is the Vulgate's 11:2, its 3:1 is the Vulgate's 1:1, and its 13:9 is part of the king's letter and not Mardochai's prayer
Esth.10.32		not-in-this-edition	this edition prints Esther in the Septuagint arrangement and in fifteen chapters, so no Vulgate chapter or verse number addresses the matter it names: its 1:1 is the Vulgate's 11:2, its 3:1 is the Vulgate's 1:1, and its 13:9 is part of the king's letter and not Mardochai's prayer
Esth.10.4		not-in-this-edition	this edition prints Esther in the Septuagint arrangement and in fifteen chapters, so no Vulgate chapter or verse number addresses the matter it names: its 1:1 is the Vulgate's 11:2, its 3:1 is the Vulgate's 1:1, and its 13:9 is part of the king's letter and not Mardochai's prayer
Esth.10.5		not-in-this-edition	this edition prints Esther in the Septuagint arrangement and in fifteen chapters, so no Vulgate chapter or verse number addresses the matter it names: its 1:1 is the Vulgate's 11:2, its 3:1 is the Vulgate's 1:1, and its 13:9 is part of the king's letter and not Mardochai's prayer
Esth.10.6		not-in-this-edition	this edition prints Esther in the Septuagint arrangement and in fifteen chapters, so no Vulgate chapter or verse number addresses the matter it names: its 1:1 is the Vulgate's 11:2, its 3:1 is the Vulgate's 1:1, and its 13:9 is part of the king's letter and not Mardochai's prayer
Esth.10.7		not-in-this-edition	this edition prints Esther in the Septuagint arrangement and in fifteen chapters, so no Vulgate chapter or verse number addresses the matter it names: its 1:1 is the Vulgate's 11:2, its 3:1 is the Vulgate's 1:1, and its 13:9 is part of the king's letter and not Mardochai's prayer
Esth.10.8		not-in-this-edition	this edition prints Esther in the Septuagint arrangement and in fifteen chapters, so no Vulgate chapter or verse number addresses the matter it names: its 1:1 is the Vulgate's 11:2, its 3:1 is the Vulgate's 1:1, and its 13:9 is part of the king's letter and not Mardochai's prayer
Esth.10.9		not-in-this-edition	this edition prints Esther in the Septuagint arrangement and in fifteen chapters, so no Vulgate chapter or verse number addresses the matter it names: its 1:1 is the Vulgate's 11:2, its 3:1 is the Vulgate's 1:1, and its 13:9 is part of the king's letter and not Mardochai's prayer
Esth.11.1		not-in-this-edition	this edition prints Esther in the Septuagint arrangement and in fifteen chapters, so no Vulgate chapter or verse number addresses the matter it names: its 1:1 is the Vulgate's 11:2, its 3:1 is the Vulgate's 1:1, and its 13:9 is part of the king's letter and not Mardochai's prayer
Esth.11.10		not-in-this-edition	this edition prints Esther in the Septuagint arrangement and in fifteen chapters, so no Vulgate chapter or verse number addresses the matter it names: its 1:1 is the Vulgate's 11:2, its 3:1 is the Vulgate's 1:1, and its 13:9 is part of the king's letter and not Mardochai's prayer
Esth.11.11		not-in-this-edition	this edition prints Esther in the Septuagint arrangement and in fifteen chapters, so no Vulgate chapter or verse number addresses the matter it names: its 1:1 is the Vulgate's 11:2, its 3:1 is the Vulgate's 1:1, and its 13:9 is part of the king's letter and not Mardochai's prayer
Esth.11.12		not-in-this-edition	this edition prints Esther in the Septuagint arrangement and in fifteen chapters, so no Vulgate chapter or verse number addresses the matter it names: its 1:1 is the Vulgate's 11:2, its 3:1 is the Vulgate's 1:1, and its 13:9 is part of the king's letter and not Mardochai's prayer
Esth.11.13		not-in-this-edition	this edition prints Esther in the Septuagint arrangement and in fifteen chapters, so no Vulgate chapter or verse number addresses the matter it names: its 1:1 is the Vulgate's 11:2, its 3:1 is the Vulgate's 1:1, and its 13:9 is part of the king's letter and not Mardochai's prayer
Esth.11.14		not-in-this-edition	this edition prints Esther in the Septuagint arrangement and in fifteen chapters, so no Vulgate chapter or verse number addresses the matter it names: its 1:1 is the Vulgate's 11:2, its 3:1 is the Vulgate's 1:1, and its 13:9 is part of the king's letter and not Mardochai's prayer
Esth.11.15		not-in-this-edition	this edition prints Esther in the Septuagint arrangement and in fifteen chapters, so no Vulgate chapter or verse number addresses the matter it names: its 1:1 is the Vulgate's 11:2, its 3:1 is the Vulgate's 1:1, and its 13:9 is part of the king's letter and not Mardochai's prayer
Esth.11.16		not-in-this-edition	this edition prints Esther in the Septuagint arrangement and in fifteen chapters, so no Vulgate chapter or verse number addresses the matter it names: its 1:1 is the Vulgate's 11:2, its 3:1 is the Vulgate's 1:1, and its 13:9 is part of the king's letter and not Mardochai's prayer
Esth.11.17		not-in-this-edition	this edition prints Esther in the Septuagint arrangement and in fifteen chapters, so no Vulgate chapter or verse number addresses the matter it names: its 1:1 is the Vulgate's 11:2, its 3:1 is the Vulgate's 1:1, and its 13:9 is part of the king's letter and not Mardochai's prayer
Esth.11.18		not-in-this-edition	this edition prints Esther in the Septuagint arrangement and in fifteen chapters, so no Vulgate chapter or verse number addresses the matter it names: its 1:1 is the Vulgate's 11:2, its 3:1 is the Vulgate's 1:1, and its 13:9 is part of the king's letter and not Mardochai's prayer
Esth.11.19		not-in-this-edition	this edition prints Esther in the Septuagint arrangement and in fifteen chapters, so no Vulgate chapter or verse number addresses the matter it names: its 1:1 is the Vulgate's 11:2, its 3:1 is the Vulgate's 1:1, and its 13:9 is part of the king's letter and not Mardochai's prayer
Esth.11.2		not-in-this-edition	this edition prints Esther in the Septuagint arrangement and in fifteen chapters, so no Vulgate chapter or verse number addresses the matter it names: its 1:1 is the Vulgate's 11:2, its 3:1 is the Vulgate's 1:1, and its 13:9 is part of the king's letter and not Mardochai's prayer
Esth.11.20		not-in-this-edition	this edition prints Esther in the Septuagint arrangement and in fifteen chapters, so no Vulgate chapter or verse number addresses the matter it names: its 1:1 is the Vulgate's 11:2, its 3:1 is the Vulgate's 1:1, and its 13:9 is part of the king's letter and not Mardochai's prayer
Esth.11.21		not-in-this-edition	this edition prints Esther in the Septuagint arrangement and in fifteen chapters, so no Vulgate chapter or verse number addresses the matter it names: its 1:1 is the Vulgate's 11:2, its 3:1 is the Vulgate's 1:1, and its 13:9 is part of the king's letter and not Mardochai's prayer
Esth.11.22		not-in-this-edition	this edition prints Esther in the Septuagint arrangement and in fifteen chapters, so no Vulgate chapter or verse number addresses the matter it names: its 1:1 is the Vulgate's 11:2, its 3:1 is the Vulgate's 1:1, and its 13:9 is part of the king's letter and not Mardochai's prayer
Esth.11.23		not-in-this-edition	this edition prints Esther in the Septuagint arrangement and in fifteen chapters, so no Vulgate chapter or verse number addresses the matter it names: its 1:1 is the Vulgate's 11:2, its 3:1 is the Vulgate's 1:1, and its 13:9 is part of the king's letter and not Mardochai's prayer
Esth.11.24		not-in-this-edition	this edition prints Esther in the Septuagint arrangement and in fifteen chapters, so no Vulgate chapter or verse number addresses the matter it names: its 1:1 is the Vulgate's 11:2, its 3:1 is the Vulgate's 1:1, and its 13:9 is part of the king's letter and not Mardochai's prayer
Esth.11.25		not-in-this-edition	this edition prints Esther in the Septuagint arrangement and in fifteen chapters, so no Vulgate chapter or verse number addresses the matter it names: its 1:1 is the Vulgate's 11:2, its 3:1 is the Vulgate's 1:1, and its 13:9 is part of the king's letter and not Mardochai's prayer
Esth.11.26		not-in-this-edition	this edition prints Esther in the Septuagint arrangement and in fifteen chapters, so no Vulgate chapter or verse number addresses the matter it names: its 1:1 is the Vulgate's 11:2, its 3:1 is the Vulgate's 1:1, and its 13:9 is part of the king's letter and not Mardochai's prayer
Esth.11.27		not-in-this-edition	this edition prints Esther in the Septuagint arrangement and in fifteen chapters, so no Vulgate chapter or verse number addresses the matter it names: its 1:1 is the Vulgate's 11:2, its 3:1 is the Vulgate's 1:1, and its 13:9 is part of the king's letter and not Mardochai's prayer
Esth.11.28		not-in-this-edition	this edition prints Esther in the Septuagint arrangement and in fifteen chapters, so no Vulgate chapter or verse number addresses the matter it names: its 1:1 is the Vulgate's 11:2, its 3:1 is the Vulgate's 1:1, and its 13:9 is part of the king's letter and not Mardochai's prayer
Esth.11.29		not-in-this-edition	this edition prints Esther in the Septuagint arrangement and in fifteen chapters, so no Vulgate chapter or verse number addresses the matter it names: its 1:1 is the Vulgate's 11:2, its 3:1 is the Vulgate's 1:1, and its 13:9 is part of the king's letter and not Mardochai's prayer
Esth.11.3		not-in-this-edition	this edition prints Esther in the Septuagint arrangement and in fifteen chapters, so no Vulgate chapter or verse number addresses the matter it names: its 1:1 is the Vulgate's 11:2, its 3:1 is the Vulgate's 1:1, and its 13:9 is part of the king's letter and not Mardochai's prayer
Esth.11.30		not-in-this-edition	this edition prints Esther in the Septuagint arrangement and in fifteen chapters, so no Vulgate chapter or verse number addresses the matter it names: its 1:1 is the Vulgate's 11:2, its 3:1 is the Vulgate's 1:1, and its 13:9 is part of the king's letter and not Mardochai's prayer
Esth.11.31		not-in-this-edition	this edition prints Esther in the Septuagint arrangement and in fifteen chapters, so no Vulgate chapter or verse number addresses the matter it names: its 1:1 is the Vulgate's 11:2, its 3:1 is the Vulgate's 1:1, and its 13:9 is part of the king's letter and not Mardochai's prayer
Esth.11.32		not-in-this-edition	this edition prints Esther in the Septuagint arrangement and in fifteen chapters, so no Vulgate chapter or verse number addresses the matter it names: its 1:1 is the Vulgate's 11:2, its 3:1 is the Vulgate's 1:1, and its 13:9 is part of the king's letter and not Mardochai's prayer
Esth.11.4		not-in-this-edition	this edition prints Esther in the Septuagint arrangement and in fifteen chapters, so no Vulgate chapter or verse number addresses the matter it names: its 1:1 is the Vulgate's 11:2, its 3:1 is the Vulgate's 1:1, and its 13:9 is part of the king's letter and not Mardochai's prayer
Esth.11.5		not-in-this-edition	this edition prints Esther in the Septuagint arrangement and in fifteen chapters, so no Vulgate chapter or verse number addresses the matter it names: its 1:1 is the Vulgate's 11:2, its 3:1 is the Vulgate's 1:1, and its 13:9 is part of the king's letter and not Mardochai's prayer
Esth.11.6		not-in-this-edition	this edition prints Esther in the Septuagint arrangement and in fifteen chapters, so no Vulgate chapter or verse number addresses the matter it names: its 1:1 is the Vulgate's 11:2, its 3:1 is the Vulgate's 1:1, and its 13:9 is part of the king's letter and not Mardochai's prayer
Esth.11.7		not-in-this-edition	this edition prints Esther in the Septuagint arrangement and in fifteen chapters, so no Vulgate chapter or verse number addresses the matter it names: its 1:1 is the Vulgate's 11:2, its 3:1 is the Vulgate's 1:1, and its 13:9 is part of the king's letter and not Mardochai's prayer
Esth.11.8		not-in-this-edition	this edition prints Esther in the Septuagint arrangement and in fifteen chapters, so no Vulgate chapter or verse number addresses the matter it names: its 1:1 is the Vulgate's 11:2, its 3:1 is the Vulgate's 1:1, and its 13:9 is part of the king's letter and not Mardochai's prayer
Esth.11.9		not-in-this-edition	this edition prints Esther in the Septuagint arrangement and in fifteen chapters, so no Vulgate chapter or verse number addresses the matter it names: its 1:1 is the Vulgate's 11:2, its 3:1 is the Vulgate's 1:1, and its 13:9 is part of the king's letter and not Mardochai's prayer
Esth.12.1		not-in-this-edition	this edition prints Esther in the Septuagint arrangement and in fifteen chapters, so no Vulgate chapter or verse number addresses the matter it names: its 1:1 is the Vulgate's 11:2, its 3:1 is the Vulgate's 1:1, and its 13:9 is part of the king's letter and not Mardochai's prayer
Esth.12.10		not-in-this-edition	this edition prints Esther in the Septuagint arrangement and in fifteen chapters, so no Vulgate chapter or verse number addresses the matter it names: its 1:1 is the Vulgate's 11:2, its 3:1 is the Vulgate's 1:1, and its 13:9 is part of the king's letter and not Mardochai's prayer
Esth.12.11		not-in-this-edition	this edition prints Esther in the Septuagint arrangement and in fifteen chapters, so no Vulgate chapter or verse number addresses the matter it names: its 1:1 is the Vulgate's 11:2, its 3:1 is the Vulgate's 1:1, and its 13:9 is part of the king's letter and not Mardochai's prayer
Esth.12.12		not-in-this-edition	this edition prints Esther in the Septuagint arrangement and in fifteen chapters, so no Vulgate chapter or verse number addresses the matter it names: its 1:1 is the Vulgate's 11:2, its 3:1 is the Vulgate's 1:1, and its 13:9 is part of the king's letter and not Mardochai's prayer
Esth.12.13		not-in-this-edition	this edition prints Esther in the Septuagint arrangement and in fifteen chapters, so no Vulgate chapter or verse number addresses the matter it names: its 1:1 is the Vulgate's 11:2, its 3:1 is the Vulgate's 1:1, and its 13:9 is part of the king's letter and not Mardochai's prayer
Esth.12.14		not-in-this-edition	this edition prints Esther in the Septuagint arrangement and in fifteen chapters, so no Vulgate chapter or verse number addresses the matter it names: its 1:1 is the Vulgate's 11:2, its 3:1 is the Vulgate's 1:1, and its 13:9 is part of the king's letter and not Mardochai's prayer
Esth.12.15		not-in-this-edition	this edition prints Esther in the Septuagint arrangement and in fifteen chapters, so no Vulgate chapter or verse number addresses the matter it names: its 1:1 is the Vulgate's 11:2, its 3:1 is the Vulgate's 1:1, and its 13:9 is part of the king's letter and not Mardochai's prayer
Esth.12.16		not-in-this-edition	this edition prints Esther in the Septuagint arrangement and in fifteen chapters, so no Vulgate chapter or verse number addresses the matter it names: its 1:1 is the Vulgate's 11:2, its 3:1 is the Vulgate's 1:1, and its 13:9 is part of the king's letter and not Mardochai's prayer
Esth.12.17		not-in-this-edition	this edition prints Esther in the Septuagint arrangement and in fifteen chapters, so no Vulgate chapter or verse number addresses the matter it names: its 1:1 is the Vulgate's 11:2, its 3:1 is the Vulgate's 1:1, and its 13:9 is part of the king's letter and not Mardochai's prayer
Esth.12.18		not-in-this-edition	this edition prints Esther in the Septuagint arrangement and in fifteen chapters, so no Vulgate chapter or verse number addresses the matter it names: its 1:1 is the Vulgate's 11:2, its 3:1 is the Vulgate's 1:1, and its 13:9 is part of the king's letter and not Mardochai's prayer
Esth.12.19		not-in-this-edition	this edition prints Esther in the Septuagint arrangement and in fifteen chapters, so no Vulgate chapter or verse number addresses the matter it names: its 1:1 is the Vulgate's 11:2, its 3:1 is the Vulgate's 1:1, and its 13:9 is part of the king's letter and not Mardochai's prayer
Esth.12.2		not-in-this-edition	this edition prints Esther in the Septuagint arrangement and in fifteen chapters, so no Vulgate chapter or verse number addresses the matter it names: its 1:1 is the Vulgate's 11:2, its 3:1 is the Vulgate's 1:1, and its 13:9 is part of the king's letter and not Mardochai's prayer
Esth.12.20		not-in-this-edition	this edition prints Esther in the Septuagint arrangement and in fifteen chapters, so no Vulgate chapter or verse number addresses the matter it names: its 1:1 is the Vulgate's 11:2, its 3:1 is the Vulgate's 1:1, and its 13:9 is part of the king's letter and not Mardochai's prayer
Esth.12.21		not-in-this-edition	this edition prints Esther in the Septuagint arrangement and in fifteen chapters, so no Vulgate chapter or verse number addresses the matter it names: its 1:1 is the Vulgate's 11:2, its 3:1 is the Vulgate's 1:1, and its 13:9 is part of the king's letter and not Mardochai's prayer
Esth.12.22		not-in-this-edition	this edition prints Esther in the Septuagint arrangement and in fifteen chapters, so no Vulgate chapter or verse number addresses the matter it names: its 1:1 is the Vulgate's 11:2, its 3:1 is the Vulgate's 1:1, and its 13:9 is part of the king's letter and not Mardochai's prayer
Esth.12.23		not-in-this-edition	this edition prints Esther in the Septuagint arrangement and in fifteen chapters, so no Vulgate chapter or verse number addresses the matter it names: its 1:1 is the Vulgate's 11:2, its 3:1 is the Vulgate's 1:1, and its 13:9 is part of the king's letter and not Mardochai's prayer
Esth.12.24		not-in-this-edition	this edition prints Esther in the Septuagint arrangement and in fifteen chapters, so no Vulgate chapter or verse number addresses the matter it names: its 1:1 is the Vulgate's 11:2, its 3:1 is the Vulgate's 1:1, and its 13:9 is part of the king's letter and not Mardochai's prayer
Esth.12.25		not-in-this-edition	this edition prints Esther in the Septuagint arrangement and in fifteen chapters, so no Vulgate chapter or verse number addresses the matter it names: its 1:1 is the Vulgate's 11:2, its 3:1 is the Vulgate's 1:1, and its 13:9 is part of the king's letter and not Mardochai's prayer
Esth.12.26		not-in-this-edition	this edition prints Esther in the Septuagint arrangement and in fifteen chapters, so no Vulgate chapter or verse number addresses the matter it names: its 1:1 is the Vulgate's 11:2, its 3:1 is the Vulgate's 1:1, and its 13:9 is part of the king's letter and not Mardochai's prayer
Esth.12.27		not-in-this-edition	this edition prints Esther in the Septuagint arrangement and in fifteen chapters, so no Vulgate chapter or verse number addresses the matter it names: its 1:1 is the Vulgate's 11:2, its 3:1 is the Vulgate's 1:1, and its 13:9 is part of the king's letter and not Mardochai's prayer
Esth.12.28		not-in-this-edition	this edition prints Esther in the Septuagint arrangement and in fifteen chapters, so no Vulgate chapter or verse number addresses the matter it names: its 1:1 is the Vulgate's 11:2, its 3:1 is the Vulgate's 1:1, and its 13:9 is part of the king's letter and not Mardochai's prayer
Esth.12.29		not-in-this-edition	this edition prints Esther in the Septuagint arrangement and in fifteen chapters, so no Vulgate chapter or verse number addresses the matter it names: its 1:1 is the Vulgate's 11:2, its 3:1 is the Vulgate's 1:1, and its 13:9 is part of the king's letter and not Mardochai's prayer
Esth.12.3		not-in-this-edition	this edition prints Esther in the Septuagint arrangement and in fifteen chapters, so no Vulgate chapter or verse number addresses the matter it names: its 1:1 is the Vulgate's 11:2, its 3:1 is the Vulgate's 1:1, and its 13:9 is part of the king's letter and not Mardochai's prayer
Esth.12.30		not-in-this-edition	this edition prints Esther in the Septuagint arrangement and in fifteen chapters, so no Vulgate chapter or verse number addresses the matter it names: its 1:1 is the Vulgate's 11:2, its 3:1 is the Vulgate's 1:1, and its 13:9 is part of the king's letter and not Mardochai's prayer
Esth.12.31		not-in-this-edition	this edition prints Esther in the Septuagint arrangement and in fifteen chapters, so no Vulgate chapter or verse number addresses the matter it names: its 1:1 is the Vulgate's 11:2, its 3:1 is the Vulgate's 1:1, and its 13:9 is part of the king's letter and not Mardochai's prayer
Esth.12.32		not-in-this-edition	this edition prints Esther in the Septuagint arrangement and in fifteen chapters, so no Vulgate chapter or verse number addresses the matter it names: its 1:1 is the Vulgate's 11:2, its 3:1 is the Vulgate's 1:1, and its 13:9 is part of the king's letter and not Mardochai's prayer
Esth.12.4		not-in-this-edition	this edition prints Esther in the Septuagint arrangement and in fifteen chapters, so no Vulgate chapter or verse number addresses the matter it names: its 1:1 is the Vulgate's 11:2, its 3:1 is the Vulgate's 1:1, and its 13:9 is part of the king's letter and not Mardochai's prayer
Esth.12.5		not-in-this-edition	this edition prints Esther in the Septuagint arrangement and in fifteen chapters, so no Vulgate chapter or verse number addresses the matter it names: its 1:1 is the Vulgate's 11:2, its 3:1 is the Vulgate's 1:1, and its 13:9 is part of the king's letter and not Mardochai's prayer
Esth.12.6		not-in-this-edition	this edition prints Esther in the Septuagint arrangement and in fifteen chapters, so no Vulgate chapter or verse number addresses the matter it names: its 1:1 is the Vulgate's 11:2, its 3:1 is the Vulgate's 1:1, and its 13:9 is part of the king's letter and not Mardochai's prayer
Esth.12.7		not-in-this-edition	this edition prints Esther in the Septuagint arrangement and in fifteen chapters, so no Vulgate chapter or verse number addresses the matter it names: its 1:1 is the Vulgate's 11:2, its 3:1 is the Vulgate's 1:1, and its 13:9 is part of the king's letter and not Mardochai's prayer
Esth.12.8		not-in-this-edition	this edition prints Esther in the Septuagint arrangement and in fifteen chapters, so no Vulgate chapter or verse number addresses the matter it names: its 1:1 is the Vulgate's 11:2, its 3:1 is the Vulgate's 1:1, and its 13:9 is part of the king's letter and not Mardochai's prayer
Esth.12.9		not-in-this-edition	this edition prints Esther in the Septuagint arrangement and in fifteen chapters, so no Vulgate chapter or verse number addresses the matter it names: its 1:1 is the Vulgate's 11:2, its 3:1 is the Vulgate's 1:1, and its 13:9 is part of the king's letter and not Mardochai's prayer
Esth.13.1		not-in-this-edition	this edition prints Esther in the Septuagint arrangement and in fifteen chapters, so no Vulgate chapter or verse number addresses the matter it names: its 1:1 is the Vulgate's 11:2, its 3:1 is the Vulgate's 1:1, and its 13:9 is part of the king's letter and not Mardochai's prayer
Esth.13.10		not-in-this-edition	this edition prints Esther in the Septuagint arrangement and in fifteen chapters, so no Vulgate chapter or verse number addresses the matter it names: its 1:1 is the Vulgate's 11:2, its 3:1 is the Vulgate's 1:1, and its 13:9 is part of the king's letter and not Mardochai's prayer
Esth.13.11		not-in-this-edition	this edition prints Esther in the Septuagint arrangement and in fifteen chapters, so no Vulgate chapter or verse number addresses the matter it names: its 1:1 is the Vulgate's 11:2, its 3:1 is the Vulgate's 1:1, and its 13:9 is part of the king's letter and not Mardochai's prayer
Esth.13.12		not-in-this-edition	this edition prints Esther in the Septuagint arrangement and in fifteen chapters, so no Vulgate chapter or verse number addresses the matter it names: its 1:1 is the Vulgate's 11:2, its 3:1 is the Vulgate's 1:1, and its 13:9 is part of the king's letter and not Mardochai's prayer
Esth.13.13		not-in-this-edition	this edition prints Esther in the Septuagint arrangement and in fifteen chapters, so no Vulgate chapter or verse number addresses the matter it names: its 1:1 is the Vulgate's 11:2, its 3:1 is the Vulgate's 1:1, and its 13:9 is part of the king's letter and not Mardochai's prayer
Esth.13.14		not-in-this-edition	this edition prints Esther in the Septuagint arrangement and in fifteen chapters, so no Vulgate chapter or verse number addresses the matter it names: its 1:1 is the Vulgate's 11:2, its 3:1 is the Vulgate's 1:1, and its 13:9 is part of the king's letter and not Mardochai's prayer
Esth.13.15		not-in-this-edition	this edition prints Esther in the Septuagint arrangement and in fifteen chapters, so no Vulgate chapter or verse number addresses the matter it names: its 1:1 is the Vulgate's 11:2, its 3:1 is the Vulgate's 1:1, and its 13:9 is part of the king's letter and not Mardochai's prayer
Esth.13.16		not-in-this-edition	this edition prints Esther in the Septuagint arrangement and in fifteen chapters, so no Vulgate chapter or verse number addresses the matter it names: its 1:1 is the Vulgate's 11:2, its 3:1 is the Vulgate's 1:1, and its 13:9 is part of the king's letter and not Mardochai's prayer
Esth.13.17		not-in-this-edition	this edition prints Esther in the Septuagint arrangement and in fifteen chapters, so no Vulgate chapter or verse number addresses the matter it names: its 1:1 is the Vulgate's 11:2, its 3:1 is the Vulgate's 1:1, and its 13:9 is part of the king's letter and not Mardochai's prayer
Esth.13.18		not-in-this-edition	this edition prints Esther in the Septuagint arrangement and in fifteen chapters, so no Vulgate chapter or verse number addresses the matter it names: its 1:1 is the Vulgate's 11:2, its 3:1 is the Vulgate's 1:1, and its 13:9 is part of the king's letter and not Mardochai's prayer
Esth.13.19		not-in-this-edition	this edition prints Esther in the Septuagint arrangement and in fifteen chapters, so no Vulgate chapter or verse number addresses the matter it names: its 1:1 is the Vulgate's 11:2, its 3:1 is the Vulgate's 1:1, and its 13:9 is part of the king's letter and not Mardochai's prayer
Esth.13.2		not-in-this-edition	this edition prints Esther in the Septuagint arrangement and in fifteen chapters, so no Vulgate chapter or verse number addresses the matter it names: its 1:1 is the Vulgate's 11:2, its 3:1 is the Vulgate's 1:1, and its 13:9 is part of the king's letter and not Mardochai's prayer
Esth.13.20		not-in-this-edition	this edition prints Esther in the Septuagint arrangement and in fifteen chapters, so no Vulgate chapter or verse number addresses the matter it names: its 1:1 is the Vulgate's 11:2, its 3:1 is the Vulgate's 1:1, and its 13:9 is part of the king's letter and not Mardochai's prayer
Esth.13.21		not-in-this-edition	this edition prints Esther in the Septuagint arrangement and in fifteen chapters, so no Vulgate chapter or verse number addresses the matter it names: its 1:1 is the Vulgate's 11:2, its 3:1 is the Vulgate's 1:1, and its 13:9 is part of the king's letter and not Mardochai's prayer
Esth.13.22		not-in-this-edition	this edition prints Esther in the Septuagint arrangement and in fifteen chapters, so no Vulgate chapter or verse number addresses the matter it names: its 1:1 is the Vulgate's 11:2, its 3:1 is the Vulgate's 1:1, and its 13:9 is part of the king's letter and not Mardochai's prayer
Esth.13.23		not-in-this-edition	this edition prints Esther in the Septuagint arrangement and in fifteen chapters, so no Vulgate chapter or verse number addresses the matter it names: its 1:1 is the Vulgate's 11:2, its 3:1 is the Vulgate's 1:1, and its 13:9 is part of the king's letter and not Mardochai's prayer
Esth.13.24		not-in-this-edition	this edition prints Esther in the Septuagint arrangement and in fifteen chapters, so no Vulgate chapter or verse number addresses the matter it names: its 1:1 is the Vulgate's 11:2, its 3:1 is the Vulgate's 1:1, and its 13:9 is part of the king's letter and not Mardochai's prayer
Esth.13.25		not-in-this-edition	this edition prints Esther in the Septuagint arrangement and in fifteen chapters, so no Vulgate chapter or verse number addresses the matter it names: its 1:1 is the Vulgate's 11:2, its 3:1 is the Vulgate's 1:1, and its 13:9 is part of the king's letter and not Mardochai's prayer
Esth.13.26		not-in-this-edition	this edition prints Esther in the Septuagint arrangement and in fifteen chapters, so no Vulgate chapter or verse number addresses the matter it names: its 1:1 is the Vulgate's 11:2, its 3:1 is the Vulgate's 1:1, and its 13:9 is part of the king's letter and not Mardochai's prayer
Esth.13.27		not-in-this-edition	this edition prints Esther in the Septuagint arrangement and in fifteen chapters, so no Vulgate chapter or verse number addresses the matter it names: its 1:1 is the Vulgate's 11:2, its 3:1 is the Vulgate's 1:1, and its 13:9 is part of the king's letter and not Mardochai's prayer
Esth.13.28		not-in-this-edition	this edition prints Esther in the Septuagint arrangement and in fifteen chapters, so no Vulgate chapter or verse number addresses the matter it names: its 1:1 is the Vulgate's 11:2, its 3:1 is the Vulgate's 1:1, and its 13:9 is part of the king's letter and not Mardochai's prayer
Esth.13.29		not-in-this-edition	this edition prints Esther in the Septuagint arrangement and in fifteen chapters, so no Vulgate chapter or verse number addresses the matter it names: its 1:1 is the Vulgate's 11:2, its 3:1 is the Vulgate's 1:1, and its 13:9 is part of the king's letter and not Mardochai's prayer
Esth.13.3		not-in-this-edition	this edition prints Esther in the Septuagint arrangement and in fifteen chapters, so no Vulgate chapter or verse number addresses the matter it names: its 1:1 is the Vulgate's 11:2, its 3:1 is the Vulgate's 1:1, and its 13:9 is part of the king's letter and not Mardochai's prayer
Esth.13.30		not-in-this-edition	this edition prints Esther in the Septuagint arrangement and in fifteen chapters, so no Vulgate chapter or verse number addresses the matter it names: its 1:1 is the Vulgate's 11:2, its 3:1 is the Vulgate's 1:1, and its 13:9 is part of the king's letter and not Mardochai's prayer
Esth.13.31		not-in-this-edition	this edition prints Esther in the Septuagint arrangement and in fifteen chapters, so no Vulgate chapter or verse number addresses the matter it names: its 1:1 is the Vulgate's 11:2, its 3:1 is the Vulgate's 1:1, and its 13:9 is part of the king's letter and not Mardochai's prayer
Esth.13.32		not-in-this-edition	this edition prints Esther in the Septuagint arrangement and in fifteen chapters, so no Vulgate chapter or verse number addresses the matter it names: its 1:1 is the Vulgate's 11:2, its 3:1 is the Vulgate's 1:1, and its 13:9 is part of the king's letter and not Mardochai's prayer
Esth.13.4		not-in-this-edition	this edition prints Esther in the Septuagint arrangement and in fifteen chapters, so no Vulgate chapter or verse number addresses the matter it names: its 1:1 is the Vulgate's 11:2, its 3:1 is the Vulgate's 1:1, and its 13:9 is part of the king's letter and not Mardochai's prayer
Esth.13.5		not-in-this-edition	this edition prints Esther in the Septuagint arrangement and in fifteen chapters, so no Vulgate chapter or verse number addresses the matter it names: its 1:1 is the Vulgate's 11:2, its 3:1 is the Vulgate's 1:1, and its 13:9 is part of the king's letter and not Mardochai's prayer
Esth.13.6		not-in-this-edition	this edition prints Esther in the Septuagint arrangement and in fifteen chapters, so no Vulgate chapter or verse number addresses the matter it names: its 1:1 is the Vulgate's 11:2, its 3:1 is the Vulgate's 1:1, and its 13:9 is part of the king's letter and not Mardochai's prayer
Esth.13.7		not-in-this-edition	this edition prints Esther in the Septuagint arrangement and in fifteen chapters, so no Vulgate chapter or verse number addresses the matter it names: its 1:1 is the Vulgate's 11:2, its 3:1 is the Vulgate's 1:1, and its 13:9 is part of the king's letter and not Mardochai's prayer
Esth.13.8		not-in-this-edition	this edition prints Esther in the Septuagint arrangement and in fifteen chapters, so no Vulgate chapter or verse number addresses the matter it names: its 1:1 is the Vulgate's 11:2, its 3:1 is the Vulgate's 1:1, and its 13:9 is part of the king's letter and not Mardochai's prayer
Esth.13.9		not-in-this-edition	this edition prints Esther in the Septuagint arrangement and in fifteen chapters, so no Vulgate chapter or verse number addresses the matter it names: its 1:1 is the Vulgate's 11:2, its 3:1 is the Vulgate's 1:1, and its 13:9 is part of the king's letter and not Mardochai's prayer
Esth.14.1		not-in-this-edition	this edition prints Esther in the Septuagint arrangement and in fifteen chapters, so no Vulgate chapter or verse number addresses the matter it names: its 1:1 is the Vulgate's 11:2, its 3:1 is the Vulgate's 1:1, and its 13:9 is part of the king's letter and not Mardochai's prayer
Esth.14.10		not-in-this-edition	this edition prints Esther in the Septuagint arrangement and in fifteen chapters, so no Vulgate chapter or verse number addresses the matter it names: its 1:1 is the Vulgate's 11:2, its 3:1 is the Vulgate's 1:1, and its 13:9 is part of the king's letter and not Mardochai's prayer
Esth.14.11		not-in-this-edition	this edition prints Esther in the Septuagint arrangement and in fifteen chapters, so no Vulgate chapter or verse number addresses the matter it names: its 1:1 is the Vulgate's 11:2, its 3:1 is the Vulgate's 1:1, and its 13:9 is part of the king's letter and not Mardochai's prayer
Esth.14.12		not-in-this-edition	this edition prints Esther in the Septuagint arrangement and in fifteen chapters, so no Vulgate chapter or verse number addresses the matter it names: its 1:1 is the Vulgate's 11:2, its 3:1 is the Vulgate's 1:1, and its 13:9 is part of the king's letter and not Mardochai's prayer
Esth.14.13		not-in-this-edition	this edition prints Esther in the Septuagint arrangement and in fifteen chapters, so no Vulgate chapter or verse number addresses the matter it names: its 1:1 is the Vulgate's 11:2, its 3:1 is the Vulgate's 1:1, and its 13:9 is part of the king's letter and not Mardochai's prayer
Esth.14.14		not-in-this-edition	this edition prints Esther in the Septuagint arrangement and in fifteen chapters, so no Vulgate chapter or verse number addresses the matter it names: its 1:1 is the Vulgate's 11:2, its 3:1 is the Vulgate's 1:1, and its 13:9 is part of the king's letter and not Mardochai's prayer
Esth.14.15		not-in-this-edition	this edition prints Esther in the Septuagint arrangement and in fifteen chapters, so no Vulgate chapter or verse number addresses the matter it names: its 1:1 is the Vulgate's 11:2, its 3:1 is the Vulgate's 1:1, and its 13:9 is part of the king's letter and not Mardochai's prayer
Esth.14.16		not-in-this-edition	this edition prints Esther in the Septuagint arrangement and in fifteen chapters, so no Vulgate chapter or verse number addresses the matter it names: its 1:1 is the Vulgate's 11:2, its 3:1 is the Vulgate's 1:1, and its 13:9 is part of the king's letter and not Mardochai's prayer
Esth.14.17		not-in-this-edition	this edition prints Esther in the Septuagint arrangement and in fifteen chapters, so no Vulgate chapter or verse number addresses the matter it names: its 1:1 is the Vulgate's 11:2, its 3:1 is the Vulgate's 1:1, and its 13:9 is part of the king's letter and not Mardochai's prayer
Esth.14.18		not-in-this-edition	this edition prints Esther in the Septuagint arrangement and in fifteen chapters, so no Vulgate chapter or verse number addresses the matter it names: its 1:1 is the Vulgate's 11:2, its 3:1 is the Vulgate's 1:1, and its 13:9 is part of the king's letter and not Mardochai's prayer
Esth.14.19		not-in-this-edition	this edition prints Esther in the Septuagint arrangement and in fifteen chapters, so no Vulgate chapter or verse number addresses the matter it names: its 1:1 is the Vulgate's 11:2, its 3:1 is the Vulgate's 1:1, and its 13:9 is part of the king's letter and not Mardochai's prayer
Esth.14.2		not-in-this-edition	this edition prints Esther in the Septuagint arrangement and in fifteen chapters, so no Vulgate chapter or verse number addresses the matter it names: its 1:1 is the Vulgate's 11:2, its 3:1 is the Vulgate's 1:1, and its 13:9 is part of the king's letter and not Mardochai's prayer
Esth.14.20		not-in-this-edition	this edition prints Esther in the Septuagint arrangement and in fifteen chapters, so no Vulgate chapter or verse number addresses the matter it names: its 1:1 is the Vulgate's 11:2, its 3:1 is the Vulgate's 1:1, and its 13:9 is part of the king's letter and not Mardochai's prayer
Esth.14.21		not-in-this-edition	this edition prints Esther in the Septuagint arrangement and in fifteen chapters, so no Vulgate chapter or verse number addresses the matter it names: its 1:1 is the Vulgate's 11:2, its 3:1 is the Vulgate's 1:1, and its 13:9 is part of the king's letter and not Mardochai's prayer
Esth.14.22		not-in-this-edition	this edition prints Esther in the Septuagint arrangement and in fifteen chapters, so no Vulgate chapter or verse number addresses the matter it names: its 1:1 is the Vulgate's 11:2, its 3:1 is the Vulgate's 1:1, and its 13:9 is part of the king's letter and not Mardochai's prayer
Esth.14.23		not-in-this-edition	this edition prints Esther in the Septuagint arrangement and in fifteen chapters, so no Vulgate chapter or verse number addresses the matter it names: its 1:1 is the Vulgate's 11:2, its 3:1 is the Vulgate's 1:1, and its 13:9 is part of the king's letter and not Mardochai's prayer
Esth.14.24		not-in-this-edition	this edition prints Esther in the Septuagint arrangement and in fifteen chapters, so no Vulgate chapter or verse number addresses the matter it names: its 1:1 is the Vulgate's 11:2, its 3:1 is the Vulgate's 1:1, and its 13:9 is part of the king's letter and not Mardochai's prayer
Esth.14.25		not-in-this-edition	this edition prints Esther in the Septuagint arrangement and in fifteen chapters, so no Vulgate chapter or verse number addresses the matter it names: its 1:1 is the Vulgate's 11:2, its 3:1 is the Vulgate's 1:1, and its 13:9 is part of the king's letter and not Mardochai's prayer
Esth.14.26		not-in-this-edition	this edition prints Esther in the Septuagint arrangement and in fifteen chapters, so no Vulgate chapter or verse number addresses the matter it names: its 1:1 is the Vulgate's 11:2, its 3:1 is the Vulgate's 1:1, and its 13:9 is part of the king's letter and not Mardochai's prayer
Esth.14.27		not-in-this-edition	this edition prints Esther in the Septuagint arrangement and in fifteen chapters, so no Vulgate chapter or verse number addresses the matter it names: its 1:1 is the Vulgate's 11:2, its 3:1 is the Vulgate's 1:1, and its 13:9 is part of the king's letter and not Mardochai's prayer
Esth.14.28		not-in-this-edition	this edition prints Esther in the Septuagint arrangement and in fifteen chapters, so no Vulgate chapter or verse number addresses the matter it names: its 1:1 is the Vulgate's 11:2, its 3:1 is the Vulgate's 1:1, and its 13:9 is part of the king's letter and not Mardochai's prayer
Esth.14.29		not-in-this-edition	this edition prints Esther in the Septuagint arrangement and in fifteen chapters, so no Vulgate chapter or verse number addresses the matter it names: its 1:1 is the Vulgate's 11:2, its 3:1 is the Vulgate's 1:1, and its 13:9 is part of the king's letter and not Mardochai's prayer
Esth.14.3		not-in-this-edition	this edition prints Esther in the Septuagint arrangement and in fifteen chapters, so no Vulgate chapter or verse number addresses the matter it names: its 1:1 is the Vulgate's 11:2, its 3:1 is the Vulgate's 1:1, and its 13:9 is part of the king's letter and not Mardochai's prayer
Esth.14.30		not-in-this-edition	this edition prints Esther in the Septuagint arrangement and in fifteen chapters, so no Vulgate chapter or verse number addresses the matter it names: its 1:1 is the Vulgate's 11:2, its 3:1 is the Vulgate's 1:1, and its 13:9 is part of the king's letter and not Mardochai's prayer
Esth.14.31		not-in-this-edition	this edition prints Esther in the Septuagint arrangement and in fifteen chapters, so no Vulgate chapter or verse number addresses the matter it names: its 1:1 is the Vulgate's 11:2, its 3:1 is the Vulgate's 1:1, and its 13:9 is part of the king's letter and not Mardochai's prayer
Esth.14.32		not-in-this-edition	this edition prints Esther in the Septuagint arrangement and in fifteen chapters, so no Vulgate chapter or verse number addresses the matter it names: its 1:1 is the Vulgate's 11:2, its 3:1 is the Vulgate's 1:1, and its 13:9 is part of the king's letter and not Mardochai's prayer
Esth.14.4		not-in-this-edition	this edition prints Esther in the Septuagint arrangement and in fifteen chapters, so no Vulgate chapter or verse number addresses the matter it names: its 1:1 is the Vulgate's 11:2, its 3:1 is the Vulgate's 1:1, and its 13:9 is part of the king's letter and not Mardochai's prayer
Esth.14.5		not-in-this-edition	this edition prints Esther in the Septuagint arrangement and in fifteen chapters, so no Vulgate chapter or verse number addresses the matter it names: its 1:1 is the Vulgate's 11:2, its 3:1 is the Vulgate's 1:1, and its 13:9 is part of the king's letter and not Mardochai's prayer
Esth.14.6		not-in-this-edition	this edition prints Esther in the Septuagint arrangement and in fifteen chapters, so no Vulgate chapter or verse number addresses the matter it names: its 1:1 is the Vulgate's 11:2, its 3:1 is the Vulgate's 1:1, and its 13:9 is part of the king's letter and not Mardochai's prayer
Esth.14.7		not-in-this-edition	this edition prints Esther in the Septuagint arrangement and in fifteen chapters, so no Vulgate chapter or verse number addresses the matter it names: its 1:1 is the Vulgate's 11:2, its 3:1 is the Vulgate's 1:1, and its 13:9 is part of the king's letter and not Mardochai's prayer
Esth.14.8		not-in-this-edition	this edition prints Esther in the Septuagint arrangement and in fifteen chapters, so no Vulgate chapter or verse number addresses the matter it names: its 1:1 is the Vulgate's 11:2, its 3:1 is the Vulgate's 1:1, and its 13:9 is part of the king's letter and not Mardochai's prayer
Esth.14.9		not-in-this-edition	this edition prints Esther in the Septuagint arrangement and in fifteen chapters, so no Vulgate chapter or verse number addresses the matter it names: its 1:1 is the Vulgate's 11:2, its 3:1 is the Vulgate's 1:1, and its 13:9 is part of the king's letter and not Mardochai's prayer
Esth.15.1		not-in-this-edition	this edition prints Esther in the Septuagint arrangement and in fifteen chapters, so no Vulgate chapter or verse number addresses the matter it names: its 1:1 is the Vulgate's 11:2, its 3:1 is the Vulgate's 1:1, and its 13:9 is part of the king's letter and not Mardochai's prayer
Esth.15.10		not-in-this-edition	this edition prints Esther in the Septuagint arrangement and in fifteen chapters, so no Vulgate chapter or verse number addresses the matter it names: its 1:1 is the Vulgate's 11:2, its 3:1 is the Vulgate's 1:1, and its 13:9 is part of the king's letter and not Mardochai's prayer
Esth.15.11		not-in-this-edition	this edition prints Esther in the Septuagint arrangement and in fifteen chapters, so no Vulgate chapter or verse number addresses the matter it names: its 1:1 is the Vulgate's 11:2, its 3:1 is the Vulgate's 1:1, and its 13:9 is part of the king's letter and not Mardochai's prayer
Esth.15.12		not-in-this-edition	this edition prints Esther in the Septuagint arrangement and in fifteen chapters, so no Vulgate chapter or verse number addresses the matter it names: its 1:1 is the Vulgate's 11:2, its 3:1 is the Vulgate's 1:1, and its 13:9 is part of the king's letter and not Mardochai's prayer
Esth.15.13		not-in-this-edition	this edition prints Esther in the Septuagint arrangement and in fifteen chapters, so no Vulgate chapter or verse number addresses the matter it names: its 1:1 is the Vulgate's 11:2, its 3:1 is the Vulgate's 1:1, and its 13:9 is part of the king's letter and not Mardochai's prayer
Esth.15.14		not-in-this-edition	this edition prints Esther in the Septuagint arrangement and in fifteen chapters, so no Vulgate chapter or verse number addresses the matter it names: its 1:1 is the Vulgate's 11:2, its 3:1 is the Vulgate's 1:1, and its 13:9 is part of the king's letter and not Mardochai's prayer
Esth.15.15		not-in-this-edition	this edition prints Esther in the Septuagint arrangement and in fifteen chapters, so no Vulgate chapter or verse number addresses the matter it names: its 1:1 is the Vulgate's 11:2, its 3:1 is the Vulgate's 1:1, and its 13:9 is part of the king's letter and not Mardochai's prayer
Esth.15.16		not-in-this-edition	this edition prints Esther in the Septuagint arrangement and in fifteen chapters, so no Vulgate chapter or verse number addresses the matter it names: its 1:1 is the Vulgate's 11:2, its 3:1 is the Vulgate's 1:1, and its 13:9 is part of the king's letter and not Mardochai's prayer
Esth.15.17		not-in-this-edition	this edition prints Esther in the Septuagint arrangement and in fifteen chapters, so no Vulgate chapter or verse number addresses the matter it names: its 1:1 is the Vulgate's 11:2, its 3:1 is the Vulgate's 1:1, and its 13:9 is part of the king's letter and not Mardochai's prayer
Esth.15.18		not-in-this-edition	this edition prints Esther in the Septuagint arrangement and in fifteen chapters, so no Vulgate chapter or verse number addresses the matter it names: its 1:1 is the Vulgate's 11:2, its 3:1 is the Vulgate's 1:1, and its 13:9 is part of the king's letter and not Mardochai's prayer
Esth.15.19		not-in-this-edition	this edition prints Esther in the Septuagint arrangement and in fifteen chapters, so no Vulgate chapter or verse number addresses the matter it names: its 1:1 is the Vulgate's 11:2, its 3:1 is the Vulgate's 1:1, and its 13:9 is part of the king's letter and not Mardochai's prayer
Esth.15.2		not-in-this-edition	this edition prints Esther in the Septuagint arrangement and in fifteen chapters, so no Vulgate chapter or verse number addresses the matter it names: its 1:1 is the Vulgate's 11:2, its 3:1 is the Vulgate's 1:1, and its 13:9 is part of the king's letter and not Mardochai's prayer
Esth.15.20		not-in-this-edition	this edition prints Esther in the Septuagint arrangement and in fifteen chapters, so no Vulgate chapter or verse number addresses the matter it names: its 1:1 is the Vulgate's 11:2, its 3:1 is the Vulgate's 1:1, and its 13:9 is part of the king's letter and not Mardochai's prayer
Esth.15.21		not-in-this-edition	this edition prints Esther in the Septuagint arrangement and in fifteen chapters, so no Vulgate chapter or verse number addresses the matter it names: its 1:1 is the Vulgate's 11:2, its 3:1 is the Vulgate's 1:1, and its 13:9 is part of the king's letter and not Mardochai's prayer
Esth.15.22		not-in-this-edition	this edition prints Esther in the Septuagint arrangement and in fifteen chapters, so no Vulgate chapter or verse number addresses the matter it names: its 1:1 is the Vulgate's 11:2, its 3:1 is the Vulgate's 1:1, and its 13:9 is part of the king's letter and not Mardochai's prayer
Esth.15.23		not-in-this-edition	this edition prints Esther in the Septuagint arrangement and in fifteen chapters, so no Vulgate chapter or verse number addresses the matter it names: its 1:1 is the Vulgate's 11:2, its 3:1 is the Vulgate's 1:1, and its 13:9 is part of the king's letter and not Mardochai's prayer
Esth.15.24		not-in-this-edition	this edition prints Esther in the Septuagint arrangement and in fifteen chapters, so no Vulgate chapter or verse number addresses the matter it names: its 1:1 is the Vulgate's 11:2, its 3:1 is the Vulgate's 1:1, and its 13:9 is part of the king's letter and not Mardochai's prayer
Esth.15.25		not-in-this-edition	this edition prints Esther in the Septuagint arrangement and in fifteen chapters, so no Vulgate chapter or verse number addresses the matter it names: its 1:1 is the Vulgate's 11:2, its 3:1 is the Vulgate's 1:1, and its 13:9 is part of the king's letter and not Mardochai's prayer
Esth.15.26		not-in-this-edition	this edition prints Esther in the Septuagint arrangement and in fifteen chapters, so no Vulgate chapter or verse number addresses the matter it names: its 1:1 is the Vulgate's 11:2, its 3:1 is the Vulgate's 1:1, and its 13:9 is part of the king's letter and not Mardochai's prayer
Esth.15.27		not-in-this-edition	this edition prints Esther in the Septuagint arrangement and in fifteen chapters, so no Vulgate chapter or verse number addresses the matter it names: its 1:1 is the Vulgate's 11:2, its 3:1 is the Vulgate's 1:1, and its 13:9 is part of the king's letter and not Mardochai's prayer
Esth.15.28		not-in-this-edition	this edition prints Esther in the Septuagint arrangement and in fifteen chapters, so no Vulgate chapter or verse number addresses the matter it names: its 1:1 is the Vulgate's 11:2, its 3:1 is the Vulgate's 1:1, and its 13:9 is part of the king's letter and not Mardochai's prayer
Esth.15.29		not-in-this-edition	this edition prints Esther in the Septuagint arrangement and in fifteen chapters, so no Vulgate chapter or verse number addresses the matter it names: its 1:1 is the Vulgate's 11:2, its 3:1 is the Vulgate's 1:1, and its 13:9 is part of the king's letter and not Mardochai's prayer
Esth.15.3		not-in-this-edition	this edition prints Esther in the Septuagint arrangement and in fifteen chapters, so no Vulgate chapter or verse number addresses the matter it names: its 1:1 is the Vulgate's 11:2, its 3:1 is the Vulgate's 1:1, and its 13:9 is part of the king's letter and not Mardochai's prayer
Esth.15.30		not-in-this-edition	this edition prints Esther in the Septuagint arrangement and in fifteen chapters, so no Vulgate chapter or verse number addresses the matter it names: its 1:1 is the Vulgate's 11:2, its 3:1 is the Vulgate's 1:1, and its 13:9 is part of the king's letter and not Mardochai's prayer
Esth.15.31		not-in-this-edition	this edition prints Esther in the Septuagint arrangement and in fifteen chapters, so no Vulgate chapter or verse number addresses the matter it names: its 1:1 is the Vulgate's 11:2, its 3:1 is the Vulgate's 1:1, and its 13:9 is part of the king's letter and not Mardochai's prayer
Esth.15.32		not-in-this-edition	this edition prints Esther in the Septuagint arrangement and in fifteen chapters, so no Vulgate chapter or verse number addresses the matter it names: its 1:1 is the Vulgate's 11:2, its 3:1 is the Vulgate's 1:1, and its 13:9 is part of the king's letter and not Mardochai's prayer
Esth.15.4		not-in-this-edition	this edition prints Esther in the Septuagint arrangement and in fifteen chapters, so no Vulgate chapter or verse number addresses the matter it names: its 1:1 is the Vulgate's 11:2, its 3:1 is the Vulgate's 1:1, and its 13:9 is part of the king's letter and not Mardochai's prayer
Esth.15.5		not-in-this-edition	this edition prints Esther in the Septuagint arrangement and in fifteen chapters, so no Vulgate chapter or verse number addresses the matter it names: its 1:1 is the Vulgate's 11:2, its 3:1 is the Vulgate's 1:1, and its 13:9 is part of the king's letter and not Mardochai's prayer
Esth.15.6		not-in-this-edition	this edition prints Esther in the Septuagint arrangement and in fifteen chapters, so no Vulgate chapter or verse number addresses the matter it names: its 1:1 is the Vulgate's 11:2, its 3:1 is the Vulgate's 1:1, and its 13:9 is part of the king's letter and not Mardochai's prayer
Esth.15.7		not-in-this-edition	this edition prints Esther in the Septuagint arrangement and in fifteen chapters, so no Vulgate chapter or verse number addresses the matter it names: its 1:1 is the Vulgate's 11:2, its 3:1 is the Vulgate's 1:1, and its 13:9 is part of the king's letter and not Mardochai's prayer
Esth.15.8		not-in-this-edition	this edition prints Esther in the Septuagint arrangement and in fifteen chapters, so no Vulgate chapter or verse number addresses the matter it names: its 1:1 is the Vulgate's 11:2, its 3:1 is the Vulgate's 1:1, and its 13:9 is part of the king's letter and not Mardochai's prayer
Esth.15.9		not-in-this-edition	this edition prints Esther in the Septuagint arrangement and in fifteen chapters, so no Vulgate chapter or verse number addresses the matter it names: its 1:1 is the Vulgate's 11:2, its 3:1 is the Vulgate's 1:1, and its 13:9 is part of the king's letter and not Mardochai's prayer
Esth.16.1		not-in-this-edition	this edition prints Esther in the Septuagint arrangement and in fifteen chapters, so no Vulgate chapter or verse number addresses the matter it names: its 1:1 is the Vulgate's 11:2, its 3:1 is the Vulgate's 1:1, and its 13:9 is part of the king's letter and not Mardochai's prayer
Esth.16.10		not-in-this-edition	this edition prints Esther in the Septuagint arrangement and in fifteen chapters, so no Vulgate chapter or verse number addresses the matter it names: its 1:1 is the Vulgate's 11:2, its 3:1 is the Vulgate's 1:1, and its 13:9 is part of the king's letter and not Mardochai's prayer
Esth.16.11		not-in-this-edition	this edition prints Esther in the Septuagint arrangement and in fifteen chapters, so no Vulgate chapter or verse number addresses the matter it names: its 1:1 is the Vulgate's 11:2, its 3:1 is the Vulgate's 1:1, and its 13:9 is part of the king's letter and not Mardochai's prayer
Esth.16.12		not-in-this-edition	this edition prints Esther in the Septuagint arrangement and in fifteen chapters, so no Vulgate chapter or verse number addresses the matter it names: its 1:1 is the Vulgate's 11:2, its 3:1 is the Vulgate's 1:1, and its 13:9 is part of the king's letter and not Mardochai's prayer
Esth.16.13		not-in-this-edition	this edition prints Esther in the Septuagint arrangement and in fifteen chapters, so no Vulgate chapter or verse number addresses the matter it names: its 1:1 is the Vulgate's 11:2, its 3:1 is the Vulgate's 1:1, and its 13:9 is part of the king's letter and not Mardochai's prayer
Esth.16.14		not-in-this-edition	this edition prints Esther in the Septuagint arrangement and in fifteen chapters, so no Vulgate chapter or verse number addresses the matter it names: its 1:1 is the Vulgate's 11:2, its 3:1 is the Vulgate's 1:1, and its 13:9 is part of the king's letter and not Mardochai's prayer
Esth.16.15		not-in-this-edition	this edition prints Esther in the Septuagint arrangement and in fifteen chapters, so no Vulgate chapter or verse number addresses the matter it names: its 1:1 is the Vulgate's 11:2, its 3:1 is the Vulgate's 1:1, and its 13:9 is part of the king's letter and not Mardochai's prayer
Esth.16.16		not-in-this-edition	this edition prints Esther in the Septuagint arrangement and in fifteen chapters, so no Vulgate chapter or verse number addresses the matter it names: its 1:1 is the Vulgate's 11:2, its 3:1 is the Vulgate's 1:1, and its 13:9 is part of the king's letter and not Mardochai's prayer
Esth.16.17		not-in-this-edition	this edition prints Esther in the Septuagint arrangement and in fifteen chapters, so no Vulgate chapter or verse number addresses the matter it names: its 1:1 is the Vulgate's 11:2, its 3:1 is the Vulgate's 1:1, and its 13:9 is part of the king's letter and not Mardochai's prayer
Esth.16.18		not-in-this-edition	this edition prints Esther in the Septuagint arrangement and in fifteen chapters, so no Vulgate chapter or verse number addresses the matter it names: its 1:1 is the Vulgate's 11:2, its 3:1 is the Vulgate's 1:1, and its 13:9 is part of the king's letter and not Mardochai's prayer
Esth.16.19		not-in-this-edition	this edition prints Esther in the Septuagint arrangement and in fifteen chapters, so no Vulgate chapter or verse number addresses the matter it names: its 1:1 is the Vulgate's 11:2, its 3:1 is the Vulgate's 1:1, and its 13:9 is part of the king's letter and not Mardochai's prayer
Esth.16.2		not-in-this-edition	this edition prints Esther in the Septuagint arrangement and in fifteen chapters, so no Vulgate chapter or verse number addresses the matter it names: its 1:1 is the Vulgate's 11:2, its 3:1 is the Vulgate's 1:1, and its 13:9 is part of the king's letter and not Mardochai's prayer
Esth.16.20		not-in-this-edition	this edition prints Esther in the Septuagint arrangement and in fifteen chapters, so no Vulgate chapter or verse number addresses the matter it names: its 1:1 is the Vulgate's 11:2, its 3:1 is the Vulgate's 1:1, and its 13:9 is part of the king's letter and not Mardochai's prayer
Esth.16.21		not-in-this-edition	this edition prints Esther in the Septuagint arrangement and in fifteen chapters, so no Vulgate chapter or verse number addresses the matter it names: its 1:1 is the Vulgate's 11:2, its 3:1 is the Vulgate's 1:1, and its 13:9 is part of the king's letter and not Mardochai's prayer
Esth.16.22		not-in-this-edition	this edition prints Esther in the Septuagint arrangement and in fifteen chapters, so no Vulgate chapter or verse number addresses the matter it names: its 1:1 is the Vulgate's 11:2, its 3:1 is the Vulgate's 1:1, and its 13:9 is part of the king's letter and not Mardochai's prayer
Esth.16.23		not-in-this-edition	this edition prints Esther in the Septuagint arrangement and in fifteen chapters, so no Vulgate chapter or verse number addresses the matter it names: its 1:1 is the Vulgate's 11:2, its 3:1 is the Vulgate's 1:1, and its 13:9 is part of the king's letter and not Mardochai's prayer
Esth.16.24		not-in-this-edition	this edition prints Esther in the Septuagint arrangement and in fifteen chapters, so no Vulgate chapter or verse number addresses the matter it names: its 1:1 is the Vulgate's 11:2, its 3:1 is the Vulgate's 1:1, and its 13:9 is part of the king's letter and not Mardochai's prayer
Esth.16.3		not-in-this-edition	this edition prints Esther in the Septuagint arrangement and in fifteen chapters, so no Vulgate chapter or verse number addresses the matter it names: its 1:1 is the Vulgate's 11:2, its 3:1 is the Vulgate's 1:1, and its 13:9 is part of the king's letter and not Mardochai's prayer
Esth.16.4		not-in-this-edition	this edition prints Esther in the Septuagint arrangement and in fifteen chapters, so no Vulgate chapter or verse number addresses the matter it names: its 1:1 is the Vulgate's 11:2, its 3:1 is the Vulgate's 1:1, and its 13:9 is part of the king's letter and not Mardochai's prayer
Esth.16.5		not-in-this-edition	this edition prints Esther in the Septuagint arrangement and in fifteen chapters, so no Vulgate chapter or verse number addresses the matter it names: its 1:1 is the Vulgate's 11:2, its 3:1 is the Vulgate's 1:1, and its 13:9 is part of the king's letter and not Mardochai's prayer
Esth.16.6		not-in-this-edition	this edition prints Esther in the Septuagint arrangement and in fifteen chapters, so no Vulgate chapter or verse number addresses the matter it names: its 1:1 is the Vulgate's 11:2, its 3:1 is the Vulgate's 1:1, and its 13:9 is part of the king's letter and not Mardochai's prayer
Esth.16.7		not-in-this-edition	this edition prints Esther in the Septuagint arrangement and in fifteen chapters, so no Vulgate chapter or verse number addresses the matter it names: its 1:1 is the Vulgate's 11:2, its 3:1 is the Vulgate's 1:1, and its 13:9 is part of the king's letter and not Mardochai's prayer
Esth.16.8		not-in-this-edition	this edition prints Esther in the Septuagint arrangement and in fifteen chapters, so no Vulgate chapter or verse number addresses the matter it names: its 1:1 is the Vulgate's 11:2, its 3:1 is the Vulgate's 1:1, and its 13:9 is part of the king's letter and not Mardochai's prayer
Esth.16.9		not-in-this-edition	this edition prints Esther in the Septuagint arrangement and in fifteen chapters, so no Vulgate chapter or verse number addresses the matter it names: its 1:1 is the Vulgate's 11:2, its 3:1 is the Vulgate's 1:1, and its 13:9 is part of the king's letter and not Mardochai's prayer
Esth.2.1		not-in-this-edition	this edition prints Esther in the Septuagint arrangement and in fifteen chapters, so no Vulgate chapter or verse number addresses the matter it names: its 1:1 is the Vulgate's 11:2, its 3:1 is the Vulgate's 1:1, and its 13:9 is part of the king's letter and not Mardochai's prayer
Esth.2.10		not-in-this-edition	this edition prints Esther in the Septuagint arrangement and in fifteen chapters, so no Vulgate chapter or verse number addresses the matter it names: its 1:1 is the Vulgate's 11:2, its 3:1 is the Vulgate's 1:1, and its 13:9 is part of the king's letter and not Mardochai's prayer
Esth.2.11		not-in-this-edition	this edition prints Esther in the Septuagint arrangement and in fifteen chapters, so no Vulgate chapter or verse number addresses the matter it names: its 1:1 is the Vulgate's 11:2, its 3:1 is the Vulgate's 1:1, and its 13:9 is part of the king's letter and not Mardochai's prayer
Esth.2.12		not-in-this-edition	this edition prints Esther in the Septuagint arrangement and in fifteen chapters, so no Vulgate chapter or verse number addresses the matter it names: its 1:1 is the Vulgate's 11:2, its 3:1 is the Vulgate's 1:1, and its 13:9 is part of the king's letter and not Mardochai's prayer
Esth.2.13		not-in-this-edition	this edition prints Esther in the Septuagint arrangement and in fifteen chapters, so no Vulgate chapter or verse number addresses the matter it names: its 1:1 is the Vulgate's 11:2, its 3:1 is the Vulgate's 1:1, and its 13:9 is part of the king's letter and not Mardochai's prayer
Esth.2.14		not-in-this-edition	this edition prints Esther in the Septuagint arrangement and in fifteen chapters, so no Vulgate chapter or verse number addresses the matter it names: its 1:1 is the Vulgate's 11:2, its 3:1 is the Vulgate's 1:1, and its 13:9 is part of the king's letter and not Mardochai's prayer
Esth.2.15		not-in-this-edition	this edition prints Esther in the Septuagint arrangement and in fifteen chapters, so no Vulgate chapter or verse number addresses the matter it names: its 1:1 is the Vulgate's 11:2, its 3:1 is the Vulgate's 1:1, and its 13:9 is part of the king's letter and not Mardochai's prayer
Esth.2.16		not-in-this-edition	this edition prints Esther in the Septuagint arrangement and in fifteen chapters, so no Vulgate chapter or verse number addresses the matter it names: its 1:1 is the Vulgate's 11:2, its 3:1 is the Vulgate's 1:1, and its 13:9 is part of the king's letter and not Mardochai's prayer
Esth.2.17		not-in-this-edition	this edition prints Esther in the Septuagint arrangement and in fifteen chapters, so no Vulgate chapter or verse number addresses the matter it names: its 1:1 is the Vulgate's 11:2, its 3:1 is the Vulgate's 1:1, and its 13:9 is part of the king's letter and not Mardochai's prayer
Esth.2.18		not-in-this-edition	this edition prints Esther in the Septuagint arrangement and in fifteen chapters, so no Vulgate chapter or verse number addresses the matter it names: its 1:1 is the Vulgate's 11:2, its 3:1 is the Vulgate's 1:1, and its 13:9 is part of the king's letter and not Mardochai's prayer
Esth.2.19		not-in-this-edition	this edition prints Esther in the Septuagint arrangement and in fifteen chapters, so no Vulgate chapter or verse number addresses the matter it names: its 1:1 is the Vulgate's 11:2, its 3:1 is the Vulgate's 1:1, and its 13:9 is part of the king's letter and not Mardochai's prayer
Esth.2.2		not-in-this-edition	this edition prints Esther in the Septuagint arrangement and in fifteen chapters, so no Vulgate chapter or verse number addresses the matter it names: its 1:1 is the Vulgate's 11:2, its 3:1 is the Vulgate's 1:1, and its 13:9 is part of the king's letter and not Mardochai's prayer
Esth.2.20		not-in-this-edition	this edition prints Esther in the Septuagint arrangement and in fifteen chapters, so no Vulgate chapter or verse number addresses the matter it names: its 1:1 is the Vulgate's 11:2, its 3:1 is the Vulgate's 1:1, and its 13:9 is part of the king's letter and not Mardochai's prayer
Esth.2.21		not-in-this-edition	this edition prints Esther in the Septuagint arrangement and in fifteen chapters, so no Vulgate chapter or verse number addresses the matter it names: its 1:1 is the Vulgate's 11:2, its 3:1 is the Vulgate's 1:1, and its 13:9 is part of the king's letter and not Mardochai's prayer
Esth.2.22		not-in-this-edition	this edition prints Esther in the Septuagint arrangement and in fifteen chapters, so no Vulgate chapter or verse number addresses the matter it names: its 1:1 is the Vulgate's 11:2, its 3:1 is the Vulgate's 1:1, and its 13:9 is part of the king's letter and not Mardochai's prayer
Esth.2.23		not-in-this-edition	this edition prints Esther in the Septuagint arrangement and in fifteen chapters, so no Vulgate chapter or verse number addresses the matter it names: its 1:1 is the Vulgate's 11:2, its 3:1 is the Vulgate's 1:1, and its 13:9 is part of the king's letter and not Mardochai's prayer
Esth.2.24		not-in-this-edition	this edition prints Esther in the Septuagint arrangement and in fifteen chapters, so no Vulgate chapter or verse number addresses the matter it names: its 1:1 is the Vulgate's 11:2, its 3:1 is the Vulgate's 1:1, and its 13:9 is part of the king's letter and not Mardochai's prayer
Esth.2.25		not-in-this-edition	this edition prints Esther in the Septuagint arrangement and in fifteen chapters, so no Vulgate chapter or verse number addresses the matter it names: its 1:1 is the Vulgate's 11:2, its 3:1 is the Vulgate's 1:1, and its 13:9 is part of the king's letter and not Mardochai's prayer
Esth.2.26		not-in-this-edition	this edition prints Esther in the Septuagint arrangement and in fifteen chapters, so no Vulgate chapter or verse number addresses the matter it names: its 1:1 is the Vulgate's 11:2, its 3:1 is the Vulgate's 1:1, and its 13:9 is part of the king's letter and not Mardochai's prayer
Esth.2.27		not-in-this-edition	this edition prints Esther in the Septuagint arrangement and in fifteen chapters, so no Vulgate chapter or verse number addresses the matter it names: its 1:1 is the Vulgate's 11:2, its 3:1 is the Vulgate's 1:1, and its 13:9 is part of the king's letter and not Mardochai's prayer
Esth.2.28		not-in-this-edition	this edition prints Esther in the Septuagint arrangement and in fifteen chapters, so no Vulgate chapter or verse number addresses the matter it names: its 1:1 is the Vulgate's 11:2, its 3:1 is the Vulgate's 1:1, and its 13:9 is part of the king's letter and not Mardochai's prayer
Esth.2.29		not-in-this-edition	this edition prints Esther in the Septuagint arrangement and in fifteen chapters, so no Vulgate chapter or verse number addresses the matter it names: its 1:1 is the Vulgate's 11:2, its 3:1 is the Vulgate's 1:1, and its 13:9 is part of the king's letter and not Mardochai's prayer
Esth.2.3		not-in-this-edition	this edition prints Esther in the Septuagint arrangement and in fifteen chapters, so no Vulgate chapter or verse number addresses the matter it names: its 1:1 is the Vulgate's 11:2, its 3:1 is the Vulgate's 1:1, and its 13:9 is part of the king's letter and not Mardochai's prayer
Esth.2.30		not-in-this-edition	this edition prints Esther in the Septuagint arrangement and in fifteen chapters, so no Vulgate chapter or verse number addresses the matter it names: its 1:1 is the Vulgate's 11:2, its 3:1 is the Vulgate's 1:1, and its 13:9 is part of the king's letter and not Mardochai's prayer
Esth.2.31		not-in-this-edition	this edition prints Esther in the Septuagint arrangement and in fifteen chapters, so no Vulgate chapter or verse number addresses the matter it names: its 1:1 is the Vulgate's 11:2, its 3:1 is the Vulgate's 1:1, and its 13:9 is part of the king's letter and not Mardochai's prayer
Esth.2.32		not-in-this-edition	this edition prints Esther in the Septuagint arrangement and in fifteen chapters, so no Vulgate chapter or verse number addresses the matter it names: its 1:1 is the Vulgate's 11:2, its 3:1 is the Vulgate's 1:1, and its 13:9 is part of the king's letter and not Mardochai's prayer
Esth.2.4		not-in-this-edition	this edition prints Esther in the Septuagint arrangement and in fifteen chapters, so no Vulgate chapter or verse number addresses the matter it names: its 1:1 is the Vulgate's 11:2, its 3:1 is the Vulgate's 1:1, and its 13:9 is part of the king's letter and not Mardochai's prayer
Esth.2.5		not-in-this-edition	this edition prints Esther in the Septuagint arrangement and in fifteen chapters, so no Vulgate chapter or verse number addresses the matter it names: its 1:1 is the Vulgate's 11:2, its 3:1 is the Vulgate's 1:1, and its 13:9 is part of the king's letter and not Mardochai's prayer
Esth.2.6		not-in-this-edition	this edition prints Esther in the Septuagint arrangement and in fifteen chapters, so no Vulgate chapter or verse number addresses the matter it names: its 1:1 is the Vulgate's 11:2, its 3:1 is the Vulgate's 1:1, and its 13:9 is part of the king's letter and not Mardochai's prayer
Esth.2.7		not-in-this-edition	this edition prints Esther in the Septuagint arrangement and in fifteen chapters, so no Vulgate chapter or verse number addresses the matter it names: its 1:1 is the Vulgate's 11:2, its 3:1 is the Vulgate's 1:1, and its 13:9 is part of the king's letter and not Mardochai's prayer
Esth.2.8		not-in-this-edition	this edition prints Esther in the Septuagint arrangement and in fifteen chapters, so no Vulgate chapter or verse number addresses the matter it names: its 1:1 is the Vulgate's 11:2, its 3:1 is the Vulgate's 1:1, and its 13:9 is part of the king's letter and not Mardochai's prayer
Esth.2.9		not-in-this-edition	this edition prints Esther in the Septuagint arrangement and in fifteen chapters, so no Vulgate chapter or verse number addresses the matter it names: its 1:1 is the Vulgate's 11:2, its 3:1 is the Vulgate's 1:1, and its 13:9 is part of the king's letter and not Mardochai's prayer
Esth.3.1		not-in-this-edition	this edition prints Esther in the Septuagint arrangement and in fifteen chapters, so no Vulgate chapter or verse number addresses the matter it names: its 1:1 is the Vulgate's 11:2, its 3:1 is the Vulgate's 1:1, and its 13:9 is part of the king's letter and not Mardochai's prayer
Esth.3.10		not-in-this-edition	this edition prints Esther in the Septuagint arrangement and in fifteen chapters, so no Vulgate chapter or verse number addresses the matter it names: its 1:1 is the Vulgate's 11:2, its 3:1 is the Vulgate's 1:1, and its 13:9 is part of the king's letter and not Mardochai's prayer
Esth.3.11		not-in-this-edition	this edition prints Esther in the Septuagint arrangement and in fifteen chapters, so no Vulgate chapter or verse number addresses the matter it names: its 1:1 is the Vulgate's 11:2, its 3:1 is the Vulgate's 1:1, and its 13:9 is part of the king's letter and not Mardochai's prayer
Esth.3.12		not-in-this-edition	this edition prints Esther in the Septuagint arrangement and in fifteen chapters, so no Vulgate chapter or verse number addresses the matter it names: its 1:1 is the Vulgate's 11:2, its 3:1 is the Vulgate's 1:1, and its 13:9 is part of the king's letter and not Mardochai's prayer
Esth.3.13		not-in-this-edition	this edition prints Esther in the Septuagint arrangement and in fifteen chapters, so no Vulgate chapter or verse number addresses the matter it names: its 1:1 is the Vulgate's 11:2, its 3:1 is the Vulgate's 1:1, and its 13:9 is part of the king's letter and not Mardochai's prayer
Esth.3.14		not-in-this-edition	this edition prints Esther in the Septuagint arrangement and in fifteen chapters, so no Vulgate chapter or verse number addresses the matter it names: its 1:1 is the Vulgate's 11:2, its 3:1 is the Vulgate's 1:1, and its 13:9 is part of the king's letter and not Mardochai's prayer
Esth.3.15		not-in-this-edition	this edition prints Esther in the Septuagint arrangement and in fifteen chapters, so no Vulgate chapter or verse number addresses the matter it names: its 1:1 is the Vulgate's 11:2, its 3:1 is the Vulgate's 1:1, and its 13:9 is part of the king's letter and not Mardochai's prayer
Esth.3.16		not-in-this-edition	this edition prints Esther in the Septuagint arrangement and in fifteen chapters, so no Vulgate chapter or verse number addresses the matter it names: its 1:1 is the Vulgate's 11:2, its 3:1 is the Vulgate's 1:1, and its 13:9 is part of the king's letter and not Mardochai's prayer
Esth.3.17		not-in-this-edition	this edition prints Esther in the Septuagint arrangement and in fifteen chapters, so no Vulgate chapter or verse number addresses the matter it names: its 1:1 is the Vulgate's 11:2, its 3:1 is the Vulgate's 1:1, and its 13:9 is part of the king's letter and not Mardochai's prayer
Esth.3.18		not-in-this-edition	this edition prints Esther in the Septuagint arrangement and in fifteen chapters, so no Vulgate chapter or verse number addresses the matter it names: its 1:1 is the Vulgate's 11:2, its 3:1 is the Vulgate's 1:1, and its 13:9 is part of the king's letter and not Mardochai's prayer
Esth.3.19		not-in-this-edition	this edition prints Esther in the Septuagint arrangement and in fifteen chapters, so no Vulgate chapter or verse number addresses the matter it names: its 1:1 is the Vulgate's 11:2, its 3:1 is the Vulgate's 1:1, and its 13:9 is part of the king's letter and not Mardochai's prayer
Esth.3.2		not-in-this-edition	this edition prints Esther in the Septuagint arrangement and in fifteen chapters, so no Vulgate chapter or verse number addresses the matter it names: its 1:1 is the Vulgate's 11:2, its 3:1 is the Vulgate's 1:1, and its 13:9 is part of the king's letter and not Mardochai's prayer
Esth.3.20		not-in-this-edition	this edition prints Esther in the Septuagint arrangement and in fifteen chapters, so no Vulgate chapter or verse number addresses the matter it names: its 1:1 is the Vulgate's 11:2, its 3:1 is the Vulgate's 1:1, and its 13:9 is part of the king's letter and not Mardochai's prayer
Esth.3.21		not-in-this-edition	this edition prints Esther in the Septuagint arrangement and in fifteen chapters, so no Vulgate chapter or verse number addresses the matter it names: its 1:1 is the Vulgate's 11:2, its 3:1 is the Vulgate's 1:1, and its 13:9 is part of the king's letter and not Mardochai's prayer
Esth.3.22		not-in-this-edition	this edition prints Esther in the Septuagint arrangement and in fifteen chapters, so no Vulgate chapter or verse number addresses the matter it names: its 1:1 is the Vulgate's 11:2, its 3:1 is the Vulgate's 1:1, and its 13:9 is part of the king's letter and not Mardochai's prayer
Esth.3.23		not-in-this-edition	this edition prints Esther in the Septuagint arrangement and in fifteen chapters, so no Vulgate chapter or verse number addresses the matter it names: its 1:1 is the Vulgate's 11:2, its 3:1 is the Vulgate's 1:1, and its 13:9 is part of the king's letter and not Mardochai's prayer
Esth.3.24		not-in-this-edition	this edition prints Esther in the Septuagint arrangement and in fifteen chapters, so no Vulgate chapter or verse number addresses the matter it names: its 1:1 is the Vulgate's 11:2, its 3:1 is the Vulgate's 1:1, and its 13:9 is part of the king's letter and not Mardochai's prayer
Esth.3.25		not-in-this-edition	this edition prints Esther in the Septuagint arrangement and in fifteen chapters, so no Vulgate chapter or verse number addresses the matter it names: its 1:1 is the Vulgate's 11:2, its 3:1 is the Vulgate's 1:1, and its 13:9 is part of the king's letter and not Mardochai's prayer
Esth.3.26		not-in-this-edition	this edition prints Esther in the Septuagint arrangement and in fifteen chapters, so no Vulgate chapter or verse number addresses the matter it names: its 1:1 is the Vulgate's 11:2, its 3:1 is the Vulgate's 1:1, and its 13:9 is part of the king's letter and not Mardochai's prayer
Esth.3.27		not-in-this-edition	this edition prints Esther in the Septuagint arrangement and in fifteen chapters, so no Vulgate chapter or verse number addresses the matter it names: its 1:1 is the Vulgate's 11:2, its 3:1 is the Vulgate's 1:1, and its 13:9 is part of the king's letter and not Mardochai's prayer
Esth.3.28		not-in-this-edition	this edition prints Esther in the Septuagint arrangement and in fifteen chapters, so no Vulgate chapter or verse number addresses the matter it names: its 1:1 is the Vulgate's 11:2, its 3:1 is the Vulgate's 1:1, and its 13:9 is part of the king's letter and not Mardochai's prayer
Esth.3.29		not-in-this-edition	this edition prints Esther in the Septuagint arrangement and in fifteen chapters, so no Vulgate chapter or verse number addresses the matter it names: its 1:1 is the Vulgate's 11:2, its 3:1 is the Vulgate's 1:1, and its 13:9 is part of the king's letter and not Mardochai's prayer
Esth.3.3		not-in-this-edition	this edition prints Esther in the Septuagint arrangement and in fifteen chapters, so no Vulgate chapter or verse number addresses the matter it names: its 1:1 is the Vulgate's 11:2, its 3:1 is the Vulgate's 1:1, and its 13:9 is part of the king's letter and not Mardochai's prayer
Esth.3.30		not-in-this-edition	this edition prints Esther in the Septuagint arrangement and in fifteen chapters, so no Vulgate chapter or verse number addresses the matter it names: its 1:1 is the Vulgate's 11:2, its 3:1 is the Vulgate's 1:1, and its 13:9 is part of the king's letter and not Mardochai's prayer
Esth.3.31		not-in-this-edition	this edition prints Esther in the Septuagint arrangement and in fifteen chapters, so no Vulgate chapter or verse number addresses the matter it names: its 1:1 is the Vulgate's 11:2, its 3:1 is the Vulgate's 1:1, and its 13:9 is part of the king's letter and not Mardochai's prayer
Esth.3.32		not-in-this-edition	this edition prints Esther in the Septuagint arrangement and in fifteen chapters, so no Vulgate chapter or verse number addresses the matter it names: its 1:1 is the Vulgate's 11:2, its 3:1 is the Vulgate's 1:1, and its 13:9 is part of the king's letter and not Mardochai's prayer
Esth.3.4		not-in-this-edition	this edition prints Esther in the Septuagint arrangement and in fifteen chapters, so no Vulgate chapter or verse number addresses the matter it names: its 1:1 is the Vulgate's 11:2, its 3:1 is the Vulgate's 1:1, and its 13:9 is part of the king's letter and not Mardochai's prayer
Esth.3.5		not-in-this-edition	this edition prints Esther in the Septuagint arrangement and in fifteen chapters, so no Vulgate chapter or verse number addresses the matter it names: its 1:1 is the Vulgate's 11:2, its 3:1 is the Vulgate's 1:1, and its 13:9 is part of the king's letter and not Mardochai's prayer
Esth.3.6		not-in-this-edition	this edition prints Esther in the Septuagint arrangement and in fifteen chapters, so no Vulgate chapter or verse number addresses the matter it names: its 1:1 is the Vulgate's 11:2, its 3:1 is the Vulgate's 1:1, and its 13:9 is part of the king's letter and not Mardochai's prayer
Esth.3.7		not-in-this-edition	this edition prints Esther in the Septuagint arrangement and in fifteen chapters, so no Vulgate chapter or verse number addresses the matter it names: its 1:1 is the Vulgate's 11:2, its 3:1 is the Vulgate's 1:1, and its 13:9 is part of the king's letter and not Mardochai's prayer
Esth.3.8		not-in-this-edition	this edition prints Esther in the Septuagint arrangement and in fifteen chapters, so no Vulgate chapter or verse number addresses the matter it names: its 1:1 is the Vulgate's 11:2, its 3:1 is the Vulgate's 1:1, and its 13:9 is part of the king's letter and not Mardochai's prayer
Esth.3.9		not-in-this-edition	this edition prints Esther in the Septuagint arrangement and in fifteen chapters, so no Vulgate chapter or verse number addresses the matter it names: its 1:1 is the Vulgate's 11:2, its 3:1 is the Vulgate's 1:1, and its 13:9 is part of the king's letter and not Mardochai's prayer
Esth.4.1		not-in-this-edition	this edition prints Esther in the Septuagint arrangement and in fifteen chapters, so no Vulgate chapter or verse number addresses the matter it names: its 1:1 is the Vulgate's 11:2, its 3:1 is the Vulgate's 1:1, and its 13:9 is part of the king's letter and not Mardochai's prayer
Esth.4.10		not-in-this-edition	this edition prints Esther in the Septuagint arrangement and in fifteen chapters, so no Vulgate chapter or verse number addresses the matter it names: its 1:1 is the Vulgate's 11:2, its 3:1 is the Vulgate's 1:1, and its 13:9 is part of the king's letter and not Mardochai's prayer
Esth.4.11		not-in-this-edition	this edition prints Esther in the Septuagint arrangement and in fifteen chapters, so no Vulgate chapter or verse number addresses the matter it names: its 1:1 is the Vulgate's 11:2, its 3:1 is the Vulgate's 1:1, and its 13:9 is part of the king's letter and not Mardochai's prayer
Esth.4.12		not-in-this-edition	this edition prints Esther in the Septuagint arrangement and in fifteen chapters, so no Vulgate chapter or verse number addresses the matter it names: its 1:1 is the Vulgate's 11:2, its 3:1 is the Vulgate's 1:1, and its 13:9 is part of the king's letter and not Mardochai's prayer
Esth.4.13		not-in-this-edition	this edition prints Esther in the Septuagint arrangement and in fifteen chapters, so no Vulgate chapter or verse number addresses the matter it names: its 1:1 is the Vulgate's 11:2, its 3:1 is the Vulgate's 1:1, and its 13:9 is part of the king's letter and not Mardochai's prayer
Esth.4.14		not-in-this-edition	this edition prints Esther in the Septuagint arrangement and in fifteen chapters, so no Vulgate chapter or verse number addresses the matter it names: its 1:1 is the Vulgate's 11:2, its 3:1 is the Vulgate's 1:1, and its 13:9 is part of the king's letter and not Mardochai's prayer
Esth.4.15		not-in-this-edition	this edition prints Esther in the Septuagint arrangement and in fifteen chapters, so no Vulgate chapter or verse number addresses the matter it names: its 1:1 is the Vulgate's 11:2, its 3:1 is the Vulgate's 1:1, and its 13:9 is part of the king's letter and not Mardochai's prayer
Esth.4.16		not-in-this-edition	this edition prints Esther in the Septuagint arrangement and in fifteen chapters, so no Vulgate chapter or verse number addresses the matter it names: its 1:1 is the Vulgate's 11:2, its 3:1 is the Vulgate's 1:1, and its 13:9 is part of the king's letter and not Mardochai's prayer
Esth.4.17		not-in-this-edition	this edition prints Esther in the Septuagint arrangement and in fifteen chapters, so no Vulgate chapter or verse number addresses the matter it names: its 1:1 is the Vulgate's 11:2, its 3:1 is the Vulgate's 1:1, and its 13:9 is part of the king's letter and not Mardochai's prayer
Esth.4.18		not-in-this-edition	this edition prints Esther in the Septuagint arrangement and in fifteen chapters, so no Vulgate chapter or verse number addresses the matter it names: its 1:1 is the Vulgate's 11:2, its 3:1 is the Vulgate's 1:1, and its 13:9 is part of the king's letter and not Mardochai's prayer
Esth.4.19		not-in-this-edition	this edition prints Esther in the Septuagint arrangement and in fifteen chapters, so no Vulgate chapter or verse number addresses the matter it names: its 1:1 is the Vulgate's 11:2, its 3:1 is the Vulgate's 1:1, and its 13:9 is part of the king's letter and not Mardochai's prayer
Esth.4.2		not-in-this-edition	this edition prints Esther in the Septuagint arrangement and in fifteen chapters, so no Vulgate chapter or verse number addresses the matter it names: its 1:1 is the Vulgate's 11:2, its 3:1 is the Vulgate's 1:1, and its 13:9 is part of the king's letter and not Mardochai's prayer
Esth.4.20		not-in-this-edition	this edition prints Esther in the Septuagint arrangement and in fifteen chapters, so no Vulgate chapter or verse number addresses the matter it names: its 1:1 is the Vulgate's 11:2, its 3:1 is the Vulgate's 1:1, and its 13:9 is part of the king's letter and not Mardochai's prayer
Esth.4.21		not-in-this-edition	this edition prints Esther in the Septuagint arrangement and in fifteen chapters, so no Vulgate chapter or verse number addresses the matter it names: its 1:1 is the Vulgate's 11:2, its 3:1 is the Vulgate's 1:1, and its 13:9 is part of the king's letter and not Mardochai's prayer
Esth.4.22		not-in-this-edition	this edition prints Esther in the Septuagint arrangement and in fifteen chapters, so no Vulgate chapter or verse number addresses the matter it names: its 1:1 is the Vulgate's 11:2, its 3:1 is the Vulgate's 1:1, and its 13:9 is part of the king's letter and not Mardochai's prayer
Esth.4.23		not-in-this-edition	this edition prints Esther in the Septuagint arrangement and in fifteen chapters, so no Vulgate chapter or verse number addresses the matter it names: its 1:1 is the Vulgate's 11:2, its 3:1 is the Vulgate's 1:1, and its 13:9 is part of the king's letter and not Mardochai's prayer
Esth.4.24		not-in-this-edition	this edition prints Esther in the Septuagint arrangement and in fifteen chapters, so no Vulgate chapter or verse number addresses the matter it names: its 1:1 is the Vulgate's 11:2, its 3:1 is the Vulgate's 1:1, and its 13:9 is part of the king's letter and not Mardochai's prayer
Esth.4.25		not-in-this-edition	this edition prints Esther in the Septuagint arrangement and in fifteen chapters, so no Vulgate chapter or verse number addresses the matter it names: its 1:1 is the Vulgate's 11:2, its 3:1 is the Vulgate's 1:1, and its 13:9 is part of the king's letter and not Mardochai's prayer
Esth.4.26		not-in-this-edition	this edition prints Esther in the Septuagint arrangement and in fifteen chapters, so no Vulgate chapter or verse number addresses the matter it names: its 1:1 is the Vulgate's 11:2, its 3:1 is the Vulgate's 1:1, and its 13:9 is part of the king's letter and not Mardochai's prayer
Esth.4.27		not-in-this-edition	this edition prints Esther in the Septuagint arrangement and in fifteen chapters, so no Vulgate chapter or verse number addresses the matter it names: its 1:1 is the Vulgate's 11:2, its 3:1 is the Vulgate's 1:1, and its 13:9 is part of the king's letter and not Mardochai's prayer
Esth.4.28		not-in-this-edition	this edition prints Esther in the Septuagint arrangement and in fifteen chapters, so no Vulgate chapter or verse number addresses the matter it names: its 1:1 is the Vulgate's 11:2, its 3:1 is the Vulgate's 1:1, and its 13:9 is part of the king's letter and not Mardochai's prayer
Esth.4.29		not-in-this-edition	this edition prints Esther in the Septuagint arrangement and in fifteen chapters, so no Vulgate chapter or verse number addresses the matter it names: its 1:1 is the Vulgate's 11:2, its 3:1 is the Vulgate's 1:1, and its 13:9 is part of the king's letter and not Mardochai's prayer
Esth.4.3		not-in-this-edition	this edition prints Esther in the Septuagint arrangement and in fifteen chapters, so no Vulgate chapter or verse number addresses the matter it names: its 1:1 is the Vulgate's 11:2, its 3:1 is the Vulgate's 1:1, and its 13:9 is part of the king's letter and not Mardochai's prayer
Esth.4.30		not-in-this-edition	this edition prints Esther in the Septuagint arrangement and in fifteen chapters, so no Vulgate chapter or verse number addresses the matter it names: its 1:1 is the Vulgate's 11:2, its 3:1 is the Vulgate's 1:1, and its 13:9 is part of the king's letter and not Mardochai's prayer
Esth.4.31		not-in-this-edition	this edition prints Esther in the Septuagint arrangement and in fifteen chapters, so no Vulgate chapter or verse number addresses the matter it names: its 1:1 is the Vulgate's 11:2, its 3:1 is the Vulgate's 1:1, and its 13:9 is part of the king's letter and not Mardochai's prayer
Esth.4.32		not-in-this-edition	this edition prints Esther in the Septuagint arrangement and in fifteen chapters, so no Vulgate chapter or verse number addresses the matter it names: its 1:1 is the Vulgate's 11:2, its 3:1 is the Vulgate's 1:1, and its 13:9 is part of the king's letter and not Mardochai's prayer
Esth.4.4		not-in-this-edition	this edition prints Esther in the Septuagint arrangement and in fifteen chapters, so no Vulgate chapter or verse number addresses the matter it names: its 1:1 is the Vulgate's 11:2, its 3:1 is the Vulgate's 1:1, and its 13:9 is part of the king's letter and not Mardochai's prayer
Esth.4.5		not-in-this-edition	this edition prints Esther in the Septuagint arrangement and in fifteen chapters, so no Vulgate chapter or verse number addresses the matter it names: its 1:1 is the Vulgate's 11:2, its 3:1 is the Vulgate's 1:1, and its 13:9 is part of the king's letter and not Mardochai's prayer
Esth.4.6		not-in-this-edition	this edition prints Esther in the Septuagint arrangement and in fifteen chapters, so no Vulgate chapter or verse number addresses the matter it names: its 1:1 is the Vulgate's 11:2, its 3:1 is the Vulgate's 1:1, and its 13:9 is part of the king's letter and not Mardochai's prayer
Esth.4.7		not-in-this-edition	this edition prints Esther in the Septuagint arrangement and in fifteen chapters, so no Vulgate chapter or verse number addresses the matter it names: its 1:1 is the Vulgate's 11:2, its 3:1 is the Vulgate's 1:1, and its 13:9 is part of the king's letter and not Mardochai's prayer
Esth.4.8		not-in-this-edition	this edition prints Esther in the Septuagint arrangement and in fifteen chapters, so no Vulgate chapter or verse number addresses the matter it names: its 1:1 is the Vulgate's 11:2, its 3:1 is the Vulgate's 1:1, and its 13:9 is part of the king's letter and not Mardochai's prayer
Esth.4.9		not-in-this-edition	this edition prints Esther in the Septuagint arrangement and in fifteen chapters, so no Vulgate chapter or verse number addresses the matter it names: its 1:1 is the Vulgate's 11:2, its 3:1 is the Vulgate's 1:1, and its 13:9 is part of the king's letter and not Mardochai's prayer
Esth.5.1		not-in-this-edition	this edition prints Esther in the Septuagint arrangement and in fifteen chapters, so no Vulgate chapter or verse number addresses the matter it names: its 1:1 is the Vulgate's 11:2, its 3:1 is the Vulgate's 1:1, and its 13:9 is part of the king's letter and not Mardochai's prayer
Esth.5.10		not-in-this-edition	this edition prints Esther in the Septuagint arrangement and in fifteen chapters, so no Vulgate chapter or verse number addresses the matter it names: its 1:1 is the Vulgate's 11:2, its 3:1 is the Vulgate's 1:1, and its 13:9 is part of the king's letter and not Mardochai's prayer
Esth.5.11		not-in-this-edition	this edition prints Esther in the Septuagint arrangement and in fifteen chapters, so no Vulgate chapter or verse number addresses the matter it names: its 1:1 is the Vulgate's 11:2, its 3:1 is the Vulgate's 1:1, and its 13:9 is part of the king's letter and not Mardochai's prayer
Esth.5.12		not-in-this-edition	this edition prints Esther in the Septuagint arrangement and in fifteen chapters, so no Vulgate chapter or verse number addresses the matter it names: its 1:1 is the Vulgate's 11:2, its 3:1 is the Vulgate's 1:1, and its 13:9 is part of the king's letter and not Mardochai's prayer
Esth.5.13		not-in-this-edition	this edition prints Esther in the Septuagint arrangement and in fifteen chapters, so no Vulgate chapter or verse number addresses the matter it names: its 1:1 is the Vulgate's 11:2, its 3:1 is the Vulgate's 1:1, and its 13:9 is part of the king's letter and not Mardochai's prayer
Esth.5.14		not-in-this-edition	this edition prints Esther in the Septuagint arrangement and in fifteen chapters, so no Vulgate chapter or verse number addresses the matter it names: its 1:1 is the Vulgate's 11:2, its 3:1 is the Vulgate's 1:1, and its 13:9 is part of the king's letter and not Mardochai's prayer
Esth.5.15		not-in-this-edition	this edition prints Esther in the Septuagint arrangement and in fifteen chapters, so no Vulgate chapter or verse number addresses the matter it names: its 1:1 is the Vulgate's 11:2, its 3:1 is the Vulgate's 1:1, and its 13:9 is part of the king's letter and not Mardochai's prayer
Esth.5.16		not-in-this-edition	this edition prints Esther in the Septuagint arrangement and in fifteen chapters, so no Vulgate chapter or verse number addresses the matter it names: its 1:1 is the Vulgate's 11:2, its 3:1 is the Vulgate's 1:1, and its 13:9 is part of the king's letter and not Mardochai's prayer
Esth.5.17		not-in-this-edition	this edition prints Esther in the Septuagint arrangement and in fifteen chapters, so no Vulgate chapter or verse number addresses the matter it names: its 1:1 is the Vulgate's 11:2, its 3:1 is the Vulgate's 1:1, and its 13:9 is part of the king's letter and not Mardochai's prayer
Esth.5.18		not-in-this-edition	this edition prints Esther in the Septuagint arrangement and in fifteen chapters, so no Vulgate chapter or verse number addresses the matter it names: its 1:1 is the Vulgate's 11:2, its 3:1 is the Vulgate's 1:1, and its 13:9 is part of the king's letter and not Mardochai's prayer
Esth.5.19		not-in-this-edition	this edition prints Esther in the Septuagint arrangement and in fifteen chapters, so no Vulgate chapter or verse number addresses the matter it names: its 1:1 is the Vulgate's 11:2, its 3:1 is the Vulgate's 1:1, and its 13:9 is part of the king's letter and not Mardochai's prayer
Esth.5.2		not-in-this-edition	this edition prints Esther in the Septuagint arrangement and in fifteen chapters, so no Vulgate chapter or verse number addresses the matter it names: its 1:1 is the Vulgate's 11:2, its 3:1 is the Vulgate's 1:1, and its 13:9 is part of the king's letter and not Mardochai's prayer
Esth.5.20		not-in-this-edition	this edition prints Esther in the Septuagint arrangement and in fifteen chapters, so no Vulgate chapter or verse number addresses the matter it names: its 1:1 is the Vulgate's 11:2, its 3:1 is the Vulgate's 1:1, and its 13:9 is part of the king's letter and not Mardochai's prayer
Esth.5.21		not-in-this-edition	this edition prints Esther in the Septuagint arrangement and in fifteen chapters, so no Vulgate chapter or verse number addresses the matter it names: its 1:1 is the Vulgate's 11:2, its 3:1 is the Vulgate's 1:1, and its 13:9 is part of the king's letter and not Mardochai's prayer
Esth.5.22		not-in-this-edition	this edition prints Esther in the Septuagint arrangement and in fifteen chapters, so no Vulgate chapter or verse number addresses the matter it names: its 1:1 is the Vulgate's 11:2, its 3:1 is the Vulgate's 1:1, and its 13:9 is part of the king's letter and not Mardochai's prayer
Esth.5.23		not-in-this-edition	this edition prints Esther in the Septuagint arrangement and in fifteen chapters, so no Vulgate chapter or verse number addresses the matter it names: its 1:1 is the Vulgate's 11:2, its 3:1 is the Vulgate's 1:1, and its 13:9 is part of the king's letter and not Mardochai's prayer
Esth.5.24		not-in-this-edition	this edition prints Esther in the Septuagint arrangement and in fifteen chapters, so no Vulgate chapter or verse number addresses the matter it names: its 1:1 is the Vulgate's 11:2, its 3:1 is the Vulgate's 1:1, and its 13:9 is part of the king's letter and not Mardochai's prayer
Esth.5.25		not-in-this-edition	this edition prints Esther in the Septuagint arrangement and in fifteen chapters, so no Vulgate chapter or verse number addresses the matter it names: its 1:1 is the Vulgate's 11:2, its 3:1 is the Vulgate's 1:1, and its 13:9 is part of the king's letter and not Mardochai's prayer
Esth.5.26		not-in-this-edition	this edition prints Esther in the Septuagint arrangement and in fifteen chapters, so no Vulgate chapter or verse number addresses the matter it names: its 1:1 is the Vulgate's 11:2, its 3:1 is the Vulgate's 1:1, and its 13:9 is part of the king's letter and not Mardochai's prayer
Esth.5.27		not-in-this-edition	this edition prints Esther in the Septuagint arrangement and in fifteen chapters, so no Vulgate chapter or verse number addresses the matter it names: its 1:1 is the Vulgate's 11:2, its 3:1 is the Vulgate's 1:1, and its 13:9 is part of the king's letter and not Mardochai's prayer
Esth.5.28		not-in-this-edition	this edition prints Esther in the Septuagint arrangement and in fifteen chapters, so no Vulgate chapter or verse number addresses the matter it names: its 1:1 is the Vulgate's 11:2, its 3:1 is the Vulgate's 1:1, and its 13:9 is part of the king's letter and not Mardochai's prayer
Esth.5.29		not-in-this-edition	this edition prints Esther in the Septuagint arrangement and in fifteen chapters, so no Vulgate chapter or verse number addresses the matter it names: its 1:1 is the Vulgate's 11:2, its 3:1 is the Vulgate's 1:1, and its 13:9 is part of the king's letter and not Mardochai's prayer
Esth.5.3		not-in-this-edition	this edition prints Esther in the Septuagint arrangement and in fifteen chapters, so no Vulgate chapter or verse number addresses the matter it names: its 1:1 is the Vulgate's 11:2, its 3:1 is the Vulgate's 1:1, and its 13:9 is part of the king's letter and not Mardochai's prayer
Esth.5.30		not-in-this-edition	this edition prints Esther in the Septuagint arrangement and in fifteen chapters, so no Vulgate chapter or verse number addresses the matter it names: its 1:1 is the Vulgate's 11:2, its 3:1 is the Vulgate's 1:1, and its 13:9 is part of the king's letter and not Mardochai's prayer
Esth.5.31		not-in-this-edition	this edition prints Esther in the Septuagint arrangement and in fifteen chapters, so no Vulgate chapter or verse number addresses the matter it names: its 1:1 is the Vulgate's 11:2, its 3:1 is the Vulgate's 1:1, and its 13:9 is part of the king's letter and not Mardochai's prayer
Esth.5.32		not-in-this-edition	this edition prints Esther in the Septuagint arrangement and in fifteen chapters, so no Vulgate chapter or verse number addresses the matter it names: its 1:1 is the Vulgate's 11:2, its 3:1 is the Vulgate's 1:1, and its 13:9 is part of the king's letter and not Mardochai's prayer
Esth.5.4		not-in-this-edition	this edition prints Esther in the Septuagint arrangement and in fifteen chapters, so no Vulgate chapter or verse number addresses the matter it names: its 1:1 is the Vulgate's 11:2, its 3:1 is the Vulgate's 1:1, and its 13:9 is part of the king's letter and not Mardochai's prayer
Esth.5.5		not-in-this-edition	this edition prints Esther in the Septuagint arrangement and in fifteen chapters, so no Vulgate chapter or verse number addresses the matter it names: its 1:1 is the Vulgate's 11:2, its 3:1 is the Vulgate's 1:1, and its 13:9 is part of the king's letter and not Mardochai's prayer
Esth.5.6		not-in-this-edition	this edition prints Esther in the Septuagint arrangement and in fifteen chapters, so no Vulgate chapter or verse number addresses the matter it names: its 1:1 is the Vulgate's 11:2, its 3:1 is the Vulgate's 1:1, and its 13:9 is part of the king's letter and not Mardochai's prayer
Esth.5.7		not-in-this-edition	this edition prints Esther in the Septuagint arrangement and in fifteen chapters, so no Vulgate chapter or verse number addresses the matter it names: its 1:1 is the Vulgate's 11:2, its 3:1 is the Vulgate's 1:1, and its 13:9 is part of the king's letter and not Mardochai's prayer
Esth.5.8		not-in-this-edition	this edition prints Esther in the Septuagint arrangement and in fifteen chapters, so no Vulgate chapter or verse number addresses the matter it names: its 1:1 is the Vulgate's 11:2, its 3:1 is the Vulgate's 1:1, and its 13:9 is part of the king's letter and not Mardochai's prayer
Esth.5.9		not-in-this-edition	this edition prints Esther in the Septuagint arrangement and in fifteen chapters, so no Vulgate chapter or verse number addresses the matter it names: its 1:1 is the Vulgate's 11:2, its 3:1 is the Vulgate's 1:1, and its 13:9 is part of the king's letter and not Mardochai's prayer
Esth.6.1		not-in-this-edition	this edition prints Esther in the Septuagint arrangement and in fifteen chapters, so no Vulgate chapter or verse number addresses the matter it names: its 1:1 is the Vulgate's 11:2, its 3:1 is the Vulgate's 1:1, and its 13:9 is part of the king's letter and not Mardochai's prayer
Esth.6.10		not-in-this-edition	this edition prints Esther in the Septuagint arrangement and in fifteen chapters, so no Vulgate chapter or verse number addresses the matter it names: its 1:1 is the Vulgate's 11:2, its 3:1 is the Vulgate's 1:1, and its 13:9 is part of the king's letter and not Mardochai's prayer
Esth.6.11		not-in-this-edition	this edition prints Esther in the Septuagint arrangement and in fifteen chapters, so no Vulgate chapter or verse number addresses the matter it names: its 1:1 is the Vulgate's 11:2, its 3:1 is the Vulgate's 1:1, and its 13:9 is part of the king's letter and not Mardochai's prayer
Esth.6.12		not-in-this-edition	this edition prints Esther in the Septuagint arrangement and in fifteen chapters, so no Vulgate chapter or verse number addresses the matter it names: its 1:1 is the Vulgate's 11:2, its 3:1 is the Vulgate's 1:1, and its 13:9 is part of the king's letter and not Mardochai's prayer
Esth.6.13		not-in-this-edition	this edition prints Esther in the Septuagint arrangement and in fifteen chapters, so no Vulgate chapter or verse number addresses the matter it names: its 1:1 is the Vulgate's 11:2, its 3:1 is the Vulgate's 1:1, and its 13:9 is part of the king's letter and not Mardochai's prayer
Esth.6.14		not-in-this-edition	this edition prints Esther in the Septuagint arrangement and in fifteen chapters, so no Vulgate chapter or verse number addresses the matter it names: its 1:1 is the Vulgate's 11:2, its 3:1 is the Vulgate's 1:1, and its 13:9 is part of the king's letter and not Mardochai's prayer
Esth.6.15		not-in-this-edition	this edition prints Esther in the Septuagint arrangement and in fifteen chapters, so no Vulgate chapter or verse number addresses the matter it names: its 1:1 is the Vulgate's 11:2, its 3:1 is the Vulgate's 1:1, and its 13:9 is part of the king's letter and not Mardochai's prayer
Esth.6.16		not-in-this-edition	this edition prints Esther in the Septuagint arrangement and in fifteen chapters, so no Vulgate chapter or verse number addresses the matter it names: its 1:1 is the Vulgate's 11:2, its 3:1 is the Vulgate's 1:1, and its 13:9 is part of the king's letter and not Mardochai's prayer
Esth.6.17		not-in-this-edition	this edition prints Esther in the Septuagint arrangement and in fifteen chapters, so no Vulgate chapter or verse number addresses the matter it names: its 1:1 is the Vulgate's 11:2, its 3:1 is the Vulgate's 1:1, and its 13:9 is part of the king's letter and not Mardochai's prayer
Esth.6.18		not-in-this-edition	this edition prints Esther in the Septuagint arrangement and in fifteen chapters, so no Vulgate chapter or verse number addresses the matter it names: its 1:1 is the Vulgate's 11:2, its 3:1 is the Vulgate's 1:1, and its 13:9 is part of the king's letter and not Mardochai's prayer
Esth.6.19		not-in-this-edition	this edition prints Esther in the Septuagint arrangement and in fifteen chapters, so no Vulgate chapter or verse number addresses the matter it names: its 1:1 is the Vulgate's 11:2, its 3:1 is the Vulgate's 1:1, and its 13:9 is part of the king's letter and not Mardochai's prayer
Esth.6.2		not-in-this-edition	this edition prints Esther in the Septuagint arrangement and in fifteen chapters, so no Vulgate chapter or verse number addresses the matter it names: its 1:1 is the Vulgate's 11:2, its 3:1 is the Vulgate's 1:1, and its 13:9 is part of the king's letter and not Mardochai's prayer
Esth.6.20		not-in-this-edition	this edition prints Esther in the Septuagint arrangement and in fifteen chapters, so no Vulgate chapter or verse number addresses the matter it names: its 1:1 is the Vulgate's 11:2, its 3:1 is the Vulgate's 1:1, and its 13:9 is part of the king's letter and not Mardochai's prayer
Esth.6.21		not-in-this-edition	this edition prints Esther in the Septuagint arrangement and in fifteen chapters, so no Vulgate chapter or verse number addresses the matter it names: its 1:1 is the Vulgate's 11:2, its 3:1 is the Vulgate's 1:1, and its 13:9 is part of the king's letter and not Mardochai's prayer
Esth.6.22		not-in-this-edition	this edition prints Esther in the Septuagint arrangement and in fifteen chapters, so no Vulgate chapter or verse number addresses the matter it names: its 1:1 is the Vulgate's 11:2, its 3:1 is the Vulgate's 1:1, and its 13:9 is part of the king's letter and not Mardochai's prayer
Esth.6.23		not-in-this-edition	this edition prints Esther in the Septuagint arrangement and in fifteen chapters, so no Vulgate chapter or verse number addresses the matter it names: its 1:1 is the Vulgate's 11:2, its 3:1 is the Vulgate's 1:1, and its 13:9 is part of the king's letter and not Mardochai's prayer
Esth.6.24		not-in-this-edition	this edition prints Esther in the Septuagint arrangement and in fifteen chapters, so no Vulgate chapter or verse number addresses the matter it names: its 1:1 is the Vulgate's 11:2, its 3:1 is the Vulgate's 1:1, and its 13:9 is part of the king's letter and not Mardochai's prayer
Esth.6.25		not-in-this-edition	this edition prints Esther in the Septuagint arrangement and in fifteen chapters, so no Vulgate chapter or verse number addresses the matter it names: its 1:1 is the Vulgate's 11:2, its 3:1 is the Vulgate's 1:1, and its 13:9 is part of the king's letter and not Mardochai's prayer
Esth.6.26		not-in-this-edition	this edition prints Esther in the Septuagint arrangement and in fifteen chapters, so no Vulgate chapter or verse number addresses the matter it names: its 1:1 is the Vulgate's 11:2, its 3:1 is the Vulgate's 1:1, and its 13:9 is part of the king's letter and not Mardochai's prayer
Esth.6.27		not-in-this-edition	this edition prints Esther in the Septuagint arrangement and in fifteen chapters, so no Vulgate chapter or verse number addresses the matter it names: its 1:1 is the Vulgate's 11:2, its 3:1 is the Vulgate's 1:1, and its 13:9 is part of the king's letter and not Mardochai's prayer
Esth.6.28		not-in-this-edition	this edition prints Esther in the Septuagint arrangement and in fifteen chapters, so no Vulgate chapter or verse number addresses the matter it names: its 1:1 is the Vulgate's 11:2, its 3:1 is the Vulgate's 1:1, and its 13:9 is part of the king's letter and not Mardochai's prayer
Esth.6.29		not-in-this-edition	this edition prints Esther in the Septuagint arrangement and in fifteen chapters, so no Vulgate chapter or verse number addresses the matter it names: its 1:1 is the Vulgate's 11:2, its 3:1 is the Vulgate's 1:1, and its 13:9 is part of the king's letter and not Mardochai's prayer
Esth.6.3		not-in-this-edition	this edition prints Esther in the Septuagint arrangement and in fifteen chapters, so no Vulgate chapter or verse number addresses the matter it names: its 1:1 is the Vulgate's 11:2, its 3:1 is the Vulgate's 1:1, and its 13:9 is part of the king's letter and not Mardochai's prayer
Esth.6.30		not-in-this-edition	this edition prints Esther in the Septuagint arrangement and in fifteen chapters, so no Vulgate chapter or verse number addresses the matter it names: its 1:1 is the Vulgate's 11:2, its 3:1 is the Vulgate's 1:1, and its 13:9 is part of the king's letter and not Mardochai's prayer
Esth.6.31		not-in-this-edition	this edition prints Esther in the Septuagint arrangement and in fifteen chapters, so no Vulgate chapter or verse number addresses the matter it names: its 1:1 is the Vulgate's 11:2, its 3:1 is the Vulgate's 1:1, and its 13:9 is part of the king's letter and not Mardochai's prayer
Esth.6.32		not-in-this-edition	this edition prints Esther in the Septuagint arrangement and in fifteen chapters, so no Vulgate chapter or verse number addresses the matter it names: its 1:1 is the Vulgate's 11:2, its 3:1 is the Vulgate's 1:1, and its 13:9 is part of the king's letter and not Mardochai's prayer
Esth.6.4		not-in-this-edition	this edition prints Esther in the Septuagint arrangement and in fifteen chapters, so no Vulgate chapter or verse number addresses the matter it names: its 1:1 is the Vulgate's 11:2, its 3:1 is the Vulgate's 1:1, and its 13:9 is part of the king's letter and not Mardochai's prayer
Esth.6.5		not-in-this-edition	this edition prints Esther in the Septuagint arrangement and in fifteen chapters, so no Vulgate chapter or verse number addresses the matter it names: its 1:1 is the Vulgate's 11:2, its 3:1 is the Vulgate's 1:1, and its 13:9 is part of the king's letter and not Mardochai's prayer
Esth.6.6		not-in-this-edition	this edition prints Esther in the Septuagint arrangement and in fifteen chapters, so no Vulgate chapter or verse number addresses the matter it names: its 1:1 is the Vulgate's 11:2, its 3:1 is the Vulgate's 1:1, and its 13:9 is part of the king's letter and not Mardochai's prayer
Esth.6.7		not-in-this-edition	this edition prints Esther in the Septuagint arrangement and in fifteen chapters, so no Vulgate chapter or verse number addresses the matter it names: its 1:1 is the Vulgate's 11:2, its 3:1 is the Vulgate's 1:1, and its 13:9 is part of the king's letter and not Mardochai's prayer
Esth.6.8		not-in-this-edition	this edition prints Esther in the Septuagint arrangement and in fifteen chapters, so no Vulgate chapter or verse number addresses the matter it names: its 1:1 is the Vulgate's 11:2, its 3:1 is the Vulgate's 1:1, and its 13:9 is part of the king's letter and not Mardochai's prayer
Esth.6.9		not-in-this-edition	this edition prints Esther in the Septuagint arrangement and in fifteen chapters, so no Vulgate chapter or verse number addresses the matter it names: its 1:1 is the Vulgate's 11:2, its 3:1 is the Vulgate's 1:1, and its 13:9 is part of the king's letter and not Mardochai's prayer
Esth.7.1		not-in-this-edition	this edition prints Esther in the Septuagint arrangement and in fifteen chapters, so no Vulgate chapter or verse number addresses the matter it names: its 1:1 is the Vulgate's 11:2, its 3:1 is the Vulgate's 1:1, and its 13:9 is part of the king's letter and not Mardochai's prayer
Esth.7.10		not-in-this-edition	this edition prints Esther in the Septuagint arrangement and in fifteen chapters, so no Vulgate chapter or verse number addresses the matter it names: its 1:1 is the Vulgate's 11:2, its 3:1 is the Vulgate's 1:1, and its 13:9 is part of the king's letter and not Mardochai's prayer
Esth.7.11		not-in-this-edition	this edition prints Esther in the Septuagint arrangement and in fifteen chapters, so no Vulgate chapter or verse number addresses the matter it names: its 1:1 is the Vulgate's 11:2, its 3:1 is the Vulgate's 1:1, and its 13:9 is part of the king's letter and not Mardochai's prayer
Esth.7.12		not-in-this-edition	this edition prints Esther in the Septuagint arrangement and in fifteen chapters, so no Vulgate chapter or verse number addresses the matter it names: its 1:1 is the Vulgate's 11:2, its 3:1 is the Vulgate's 1:1, and its 13:9 is part of the king's letter and not Mardochai's prayer
Esth.7.13		not-in-this-edition	this edition prints Esther in the Septuagint arrangement and in fifteen chapters, so no Vulgate chapter or verse number addresses the matter it names: its 1:1 is the Vulgate's 11:2, its 3:1 is the Vulgate's 1:1, and its 13:9 is part of the king's letter and not Mardochai's prayer
Esth.7.14		not-in-this-edition	this edition prints Esther in the Septuagint arrangement and in fifteen chapters, so no Vulgate chapter or verse number addresses the matter it names: its 1:1 is the Vulgate's 11:2, its 3:1 is the Vulgate's 1:1, and its 13:9 is part of the king's letter and not Mardochai's prayer
Esth.7.15		not-in-this-edition	this edition prints Esther in the Septuagint arrangement and in fifteen chapters, so no Vulgate chapter or verse number addresses the matter it names: its 1:1 is the Vulgate's 11:2, its 3:1 is the Vulgate's 1:1, and its 13:9 is part of the king's letter and not Mardochai's prayer
Esth.7.16		not-in-this-edition	this edition prints Esther in the Septuagint arrangement and in fifteen chapters, so no Vulgate chapter or verse number addresses the matter it names: its 1:1 is the Vulgate's 11:2, its 3:1 is the Vulgate's 1:1, and its 13:9 is part of the king's letter and not Mardochai's prayer
Esth.7.17		not-in-this-edition	this edition prints Esther in the Septuagint arrangement and in fifteen chapters, so no Vulgate chapter or verse number addresses the matter it names: its 1:1 is the Vulgate's 11:2, its 3:1 is the Vulgate's 1:1, and its 13:9 is part of the king's letter and not Mardochai's prayer
Esth.7.18		not-in-this-edition	this edition prints Esther in the Septuagint arrangement and in fifteen chapters, so no Vulgate chapter or verse number addresses the matter it names: its 1:1 is the Vulgate's 11:2, its 3:1 is the Vulgate's 1:1, and its 13:9 is part of the king's letter and not Mardochai's prayer
Esth.7.19		not-in-this-edition	this edition prints Esther in the Septuagint arrangement and in fifteen chapters, so no Vulgate chapter or verse number addresses the matter it names: its 1:1 is the Vulgate's 11:2, its 3:1 is the Vulgate's 1:1, and its 13:9 is part of the king's letter and not Mardochai's prayer
Esth.7.2		not-in-this-edition	this edition prints Esther in the Septuagint arrangement and in fifteen chapters, so no Vulgate chapter or verse number addresses the matter it names: its 1:1 is the Vulgate's 11:2, its 3:1 is the Vulgate's 1:1, and its 13:9 is part of the king's letter and not Mardochai's prayer
Esth.7.20		not-in-this-edition	this edition prints Esther in the Septuagint arrangement and in fifteen chapters, so no Vulgate chapter or verse number addresses the matter it names: its 1:1 is the Vulgate's 11:2, its 3:1 is the Vulgate's 1:1, and its 13:9 is part of the king's letter and not Mardochai's prayer
Esth.7.21		not-in-this-edition	this edition prints Esther in the Septuagint arrangement and in fifteen chapters, so no Vulgate chapter or verse number addresses the matter it names: its 1:1 is the Vulgate's 11:2, its 3:1 is the Vulgate's 1:1, and its 13:9 is part of the king's letter and not Mardochai's prayer
Esth.7.22		not-in-this-edition	this edition prints Esther in the Septuagint arrangement and in fifteen chapters, so no Vulgate chapter or verse number addresses the matter it names: its 1:1 is the Vulgate's 11:2, its 3:1 is the Vulgate's 1:1, and its 13:9 is part of the king's letter and not Mardochai's prayer
Esth.7.23		not-in-this-edition	this edition prints Esther in the Septuagint arrangement and in fifteen chapters, so no Vulgate chapter or verse number addresses the matter it names: its 1:1 is the Vulgate's 11:2, its 3:1 is the Vulgate's 1:1, and its 13:9 is part of the king's letter and not Mardochai's prayer
Esth.7.24		not-in-this-edition	this edition prints Esther in the Septuagint arrangement and in fifteen chapters, so no Vulgate chapter or verse number addresses the matter it names: its 1:1 is the Vulgate's 11:2, its 3:1 is the Vulgate's 1:1, and its 13:9 is part of the king's letter and not Mardochai's prayer
Esth.7.25		not-in-this-edition	this edition prints Esther in the Septuagint arrangement and in fifteen chapters, so no Vulgate chapter or verse number addresses the matter it names: its 1:1 is the Vulgate's 11:2, its 3:1 is the Vulgate's 1:1, and its 13:9 is part of the king's letter and not Mardochai's prayer
Esth.7.26		not-in-this-edition	this edition prints Esther in the Septuagint arrangement and in fifteen chapters, so no Vulgate chapter or verse number addresses the matter it names: its 1:1 is the Vulgate's 11:2, its 3:1 is the Vulgate's 1:1, and its 13:9 is part of the king's letter and not Mardochai's prayer
Esth.7.27		not-in-this-edition	this edition prints Esther in the Septuagint arrangement and in fifteen chapters, so no Vulgate chapter or verse number addresses the matter it names: its 1:1 is the Vulgate's 11:2, its 3:1 is the Vulgate's 1:1, and its 13:9 is part of the king's letter and not Mardochai's prayer
Esth.7.28		not-in-this-edition	this edition prints Esther in the Septuagint arrangement and in fifteen chapters, so no Vulgate chapter or verse number addresses the matter it names: its 1:1 is the Vulgate's 11:2, its 3:1 is the Vulgate's 1:1, and its 13:9 is part of the king's letter and not Mardochai's prayer
Esth.7.29		not-in-this-edition	this edition prints Esther in the Septuagint arrangement and in fifteen chapters, so no Vulgate chapter or verse number addresses the matter it names: its 1:1 is the Vulgate's 11:2, its 3:1 is the Vulgate's 1:1, and its 13:9 is part of the king's letter and not Mardochai's prayer
Esth.7.3		not-in-this-edition	this edition prints Esther in the Septuagint arrangement and in fifteen chapters, so no Vulgate chapter or verse number addresses the matter it names: its 1:1 is the Vulgate's 11:2, its 3:1 is the Vulgate's 1:1, and its 13:9 is part of the king's letter and not Mardochai's prayer
Esth.7.30		not-in-this-edition	this edition prints Esther in the Septuagint arrangement and in fifteen chapters, so no Vulgate chapter or verse number addresses the matter it names: its 1:1 is the Vulgate's 11:2, its 3:1 is the Vulgate's 1:1, and its 13:9 is part of the king's letter and not Mardochai's prayer
Esth.7.31		not-in-this-edition	this edition prints Esther in the Septuagint arrangement and in fifteen chapters, so no Vulgate chapter or verse number addresses the matter it names: its 1:1 is the Vulgate's 11:2, its 3:1 is the Vulgate's 1:1, and its 13:9 is part of the king's letter and not Mardochai's prayer
Esth.7.32		not-in-this-edition	this edition prints Esther in the Septuagint arrangement and in fifteen chapters, so no Vulgate chapter or verse number addresses the matter it names: its 1:1 is the Vulgate's 11:2, its 3:1 is the Vulgate's 1:1, and its 13:9 is part of the king's letter and not Mardochai's prayer
Esth.7.4		not-in-this-edition	this edition prints Esther in the Septuagint arrangement and in fifteen chapters, so no Vulgate chapter or verse number addresses the matter it names: its 1:1 is the Vulgate's 11:2, its 3:1 is the Vulgate's 1:1, and its 13:9 is part of the king's letter and not Mardochai's prayer
Esth.7.5		not-in-this-edition	this edition prints Esther in the Septuagint arrangement and in fifteen chapters, so no Vulgate chapter or verse number addresses the matter it names: its 1:1 is the Vulgate's 11:2, its 3:1 is the Vulgate's 1:1, and its 13:9 is part of the king's letter and not Mardochai's prayer
Esth.7.6		not-in-this-edition	this edition prints Esther in the Septuagint arrangement and in fifteen chapters, so no Vulgate chapter or verse number addresses the matter it names: its 1:1 is the Vulgate's 11:2, its 3:1 is the Vulgate's 1:1, and its 13:9 is part of the king's letter and not Mardochai's prayer
Esth.7.7		not-in-this-edition	this edition prints Esther in the Septuagint arrangement and in fifteen chapters, so no Vulgate chapter or verse number addresses the matter it names: its 1:1 is the Vulgate's 11:2, its 3:1 is the Vulgate's 1:1, and its 13:9 is part of the king's letter and not Mardochai's prayer
Esth.7.8		not-in-this-edition	this edition prints Esther in the Septuagint arrangement and in fifteen chapters, so no Vulgate chapter or verse number addresses the matter it names: its 1:1 is the Vulgate's 11:2, its 3:1 is the Vulgate's 1:1, and its 13:9 is part of the king's letter and not Mardochai's prayer
Esth.7.9		not-in-this-edition	this edition prints Esther in the Septuagint arrangement and in fifteen chapters, so no Vulgate chapter or verse number addresses the matter it names: its 1:1 is the Vulgate's 11:2, its 3:1 is the Vulgate's 1:1, and its 13:9 is part of the king's letter and not Mardochai's prayer
Esth.8.1		not-in-this-edition	this edition prints Esther in the Septuagint arrangement and in fifteen chapters, so no Vulgate chapter or verse number addresses the matter it names: its 1:1 is the Vulgate's 11:2, its 3:1 is the Vulgate's 1:1, and its 13:9 is part of the king's letter and not Mardochai's prayer
Esth.8.10		not-in-this-edition	this edition prints Esther in the Septuagint arrangement and in fifteen chapters, so no Vulgate chapter or verse number addresses the matter it names: its 1:1 is the Vulgate's 11:2, its 3:1 is the Vulgate's 1:1, and its 13:9 is part of the king's letter and not Mardochai's prayer
Esth.8.11		not-in-this-edition	this edition prints Esther in the Septuagint arrangement and in fifteen chapters, so no Vulgate chapter or verse number addresses the matter it names: its 1:1 is the Vulgate's 11:2, its 3:1 is the Vulgate's 1:1, and its 13:9 is part of the king's letter and not Mardochai's prayer
Esth.8.12		not-in-this-edition	this edition prints Esther in the Septuagint arrangement and in fifteen chapters, so no Vulgate chapter or verse number addresses the matter it names: its 1:1 is the Vulgate's 11:2, its 3:1 is the Vulgate's 1:1, and its 13:9 is part of the king's letter and not Mardochai's prayer
Esth.8.13		not-in-this-edition	this edition prints Esther in the Septuagint arrangement and in fifteen chapters, so no Vulgate chapter or verse number addresses the matter it names: its 1:1 is the Vulgate's 11:2, its 3:1 is the Vulgate's 1:1, and its 13:9 is part of the king's letter and not Mardochai's prayer
Esth.8.14		not-in-this-edition	this edition prints Esther in the Septuagint arrangement and in fifteen chapters, so no Vulgate chapter or verse number addresses the matter it names: its 1:1 is the Vulgate's 11:2, its 3:1 is the Vulgate's 1:1, and its 13:9 is part of the king's letter and not Mardochai's prayer
Esth.8.15		not-in-this-edition	this edition prints Esther in the Septuagint arrangement and in fifteen chapters, so no Vulgate chapter or verse number addresses the matter it names: its 1:1 is the Vulgate's 11:2, its 3:1 is the Vulgate's 1:1, and its 13:9 is part of the king's letter and not Mardochai's prayer
Esth.8.16		not-in-this-edition	this edition prints Esther in the Septuagint arrangement and in fifteen chapters, so no Vulgate chapter or verse number addresses the matter it names: its 1:1 is the Vulgate's 11:2, its 3:1 is the Vulgate's 1:1, and its 13:9 is part of the king's letter and not Mardochai's prayer
Esth.8.17		not-in-this-edition	this edition prints Esther in the Septuagint arrangement and in fifteen chapters, so no Vulgate chapter or verse number addresses the matter it names: its 1:1 is the Vulgate's 11:2, its 3:1 is the Vulgate's 1:1, and its 13:9 is part of the king's letter and not Mardochai's prayer
Esth.8.18		not-in-this-edition	this edition prints Esther in the Septuagint arrangement and in fifteen chapters, so no Vulgate chapter or verse number addresses the matter it names: its 1:1 is the Vulgate's 11:2, its 3:1 is the Vulgate's 1:1, and its 13:9 is part of the king's letter and not Mardochai's prayer
Esth.8.19		not-in-this-edition	this edition prints Esther in the Septuagint arrangement and in fifteen chapters, so no Vulgate chapter or verse number addresses the matter it names: its 1:1 is the Vulgate's 11:2, its 3:1 is the Vulgate's 1:1, and its 13:9 is part of the king's letter and not Mardochai's prayer
Esth.8.2		not-in-this-edition	this edition prints Esther in the Septuagint arrangement and in fifteen chapters, so no Vulgate chapter or verse number addresses the matter it names: its 1:1 is the Vulgate's 11:2, its 3:1 is the Vulgate's 1:1, and its 13:9 is part of the king's letter and not Mardochai's prayer
Esth.8.20		not-in-this-edition	this edition prints Esther in the Septuagint arrangement and in fifteen chapters, so no Vulgate chapter or verse number addresses the matter it names: its 1:1 is the Vulgate's 11:2, its 3:1 is the Vulgate's 1:1, and its 13:9 is part of the king's letter and not Mardochai's prayer
Esth.8.21		not-in-this-edition	this edition prints Esther in the Septuagint arrangement and in fifteen chapters, so no Vulgate chapter or verse number addresses the matter it names: its 1:1 is the Vulgate's 11:2, its 3:1 is the Vulgate's 1:1, and its 13:9 is part of the king's letter and not Mardochai's prayer
Esth.8.22		not-in-this-edition	this edition prints Esther in the Septuagint arrangement and in fifteen chapters, so no Vulgate chapter or verse number addresses the matter it names: its 1:1 is the Vulgate's 11:2, its 3:1 is the Vulgate's 1:1, and its 13:9 is part of the king's letter and not Mardochai's prayer
Esth.8.23		not-in-this-edition	this edition prints Esther in the Septuagint arrangement and in fifteen chapters, so no Vulgate chapter or verse number addresses the matter it names: its 1:1 is the Vulgate's 11:2, its 3:1 is the Vulgate's 1:1, and its 13:9 is part of the king's letter and not Mardochai's prayer
Esth.8.24		not-in-this-edition	this edition prints Esther in the Septuagint arrangement and in fifteen chapters, so no Vulgate chapter or verse number addresses the matter it names: its 1:1 is the Vulgate's 11:2, its 3:1 is the Vulgate's 1:1, and its 13:9 is part of the king's letter and not Mardochai's prayer
Esth.8.25		not-in-this-edition	this edition prints Esther in the Septuagint arrangement and in fifteen chapters, so no Vulgate chapter or verse number addresses the matter it names: its 1:1 is the Vulgate's 11:2, its 3:1 is the Vulgate's 1:1, and its 13:9 is part of the king's letter and not Mardochai's prayer
Esth.8.26		not-in-this-edition	this edition prints Esther in the Septuagint arrangement and in fifteen chapters, so no Vulgate chapter or verse number addresses the matter it names: its 1:1 is the Vulgate's 11:2, its 3:1 is the Vulgate's 1:1, and its 13:9 is part of the king's letter and not Mardochai's prayer
Esth.8.27		not-in-this-edition	this edition prints Esther in the Septuagint arrangement and in fifteen chapters, so no Vulgate chapter or verse number addresses the matter it names: its 1:1 is the Vulgate's 11:2, its 3:1 is the Vulgate's 1:1, and its 13:9 is part of the king's letter and not Mardochai's prayer
Esth.8.28		not-in-this-edition	this edition prints Esther in the Septuagint arrangement and in fifteen chapters, so no Vulgate chapter or verse number addresses the matter it names: its 1:1 is the Vulgate's 11:2, its 3:1 is the Vulgate's 1:1, and its 13:9 is part of the king's letter and not Mardochai's prayer
Esth.8.29		not-in-this-edition	this edition prints Esther in the Septuagint arrangement and in fifteen chapters, so no Vulgate chapter or verse number addresses the matter it names: its 1:1 is the Vulgate's 11:2, its 3:1 is the Vulgate's 1:1, and its 13:9 is part of the king's letter and not Mardochai's prayer
Esth.8.3		not-in-this-edition	this edition prints Esther in the Septuagint arrangement and in fifteen chapters, so no Vulgate chapter or verse number addresses the matter it names: its 1:1 is the Vulgate's 11:2, its 3:1 is the Vulgate's 1:1, and its 13:9 is part of the king's letter and not Mardochai's prayer
Esth.8.30		not-in-this-edition	this edition prints Esther in the Septuagint arrangement and in fifteen chapters, so no Vulgate chapter or verse number addresses the matter it names: its 1:1 is the Vulgate's 11:2, its 3:1 is the Vulgate's 1:1, and its 13:9 is part of the king's letter and not Mardochai's prayer
Esth.8.31		not-in-this-edition	this edition prints Esther in the Septuagint arrangement and in fifteen chapters, so no Vulgate chapter or verse number addresses the matter it names: its 1:1 is the Vulgate's 11:2, its 3:1 is the Vulgate's 1:1, and its 13:9 is part of the king's letter and not Mardochai's prayer
Esth.8.32		not-in-this-edition	this edition prints Esther in the Septuagint arrangement and in fifteen chapters, so no Vulgate chapter or verse number addresses the matter it names: its 1:1 is the Vulgate's 11:2, its 3:1 is the Vulgate's 1:1, and its 13:9 is part of the king's letter and not Mardochai's prayer
Esth.8.4		not-in-this-edition	this edition prints Esther in the Septuagint arrangement and in fifteen chapters, so no Vulgate chapter or verse number addresses the matter it names: its 1:1 is the Vulgate's 11:2, its 3:1 is the Vulgate's 1:1, and its 13:9 is part of the king's letter and not Mardochai's prayer
Esth.8.5		not-in-this-edition	this edition prints Esther in the Septuagint arrangement and in fifteen chapters, so no Vulgate chapter or verse number addresses the matter it names: its 1:1 is the Vulgate's 11:2, its 3:1 is the Vulgate's 1:1, and its 13:9 is part of the king's letter and not Mardochai's prayer
Esth.8.6		not-in-this-edition	this edition prints Esther in the Septuagint arrangement and in fifteen chapters, so no Vulgate chapter or verse number addresses the matter it names: its 1:1 is the Vulgate's 11:2, its 3:1 is the Vulgate's 1:1, and its 13:9 is part of the king's letter and not Mardochai's prayer
Esth.8.7		not-in-this-edition	this edition prints Esther in the Septuagint arrangement and in fifteen chapters, so no Vulgate chapter or verse number addresses the matter it names: its 1:1 is the Vulgate's 11:2, its 3:1 is the Vulgate's 1:1, and its 13:9 is part of the king's letter and not Mardochai's prayer
Esth.8.8		not-in-this-edition	this edition prints Esther in the Septuagint arrangement and in fifteen chapters, so no Vulgate chapter or verse number addresses the matter it names: its 1:1 is the Vulgate's 11:2, its 3:1 is the Vulgate's 1:1, and its 13:9 is part of the king's letter and not Mardochai's prayer
Esth.8.9		not-in-this-edition	this edition prints Esther in the Septuagint arrangement and in fifteen chapters, so no Vulgate chapter or verse number addresses the matter it names: its 1:1 is the Vulgate's 11:2, its 3:1 is the Vulgate's 1:1, and its 13:9 is part of the king's letter and not Mardochai's prayer
Esth.9.1		not-in-this-edition	this edition prints Esther in the Septuagint arrangement and in fifteen chapters, so no Vulgate chapter or verse number addresses the matter it names: its 1:1 is the Vulgate's 11:2, its 3:1 is the Vulgate's 1:1, and its 13:9 is part of the king's letter and not Mardochai's prayer
Esth.9.10		not-in-this-edition	this edition prints Esther in the Septuagint arrangement and in fifteen chapters, so no Vulgate chapter or verse number addresses the matter it names: its 1:1 is the Vulgate's 11:2, its 3:1 is the Vulgate's 1:1, and its 13:9 is part of the king's letter and not Mardochai's prayer
Esth.9.11		not-in-this-edition	this edition prints Esther in the Septuagint arrangement and in fifteen chapters, so no Vulgate chapter or verse number addresses the matter it names: its 1:1 is the Vulgate's 11:2, its 3:1 is the Vulgate's 1:1, and its 13:9 is part of the king's letter and not Mardochai's prayer
Esth.9.12		not-in-this-edition	this edition prints Esther in the Septuagint arrangement and in fifteen chapters, so no Vulgate chapter or verse number addresses the matter it names: its 1:1 is the Vulgate's 11:2, its 3:1 is the Vulgate's 1:1, and its 13:9 is part of the king's letter and not Mardochai's prayer
Esth.9.13		not-in-this-edition	this edition prints Esther in the Septuagint arrangement and in fifteen chapters, so no Vulgate chapter or verse number addresses the matter it names: its 1:1 is the Vulgate's 11:2, its 3:1 is the Vulgate's 1:1, and its 13:9 is part of the king's letter and not Mardochai's prayer
Esth.9.14		not-in-this-edition	this edition prints Esther in the Septuagint arrangement and in fifteen chapters, so no Vulgate chapter or verse number addresses the matter it names: its 1:1 is the Vulgate's 11:2, its 3:1 is the Vulgate's 1:1, and its 13:9 is part of the king's letter and not Mardochai's prayer
Esth.9.15		not-in-this-edition	this edition prints Esther in the Septuagint arrangement and in fifteen chapters, so no Vulgate chapter or verse number addresses the matter it names: its 1:1 is the Vulgate's 11:2, its 3:1 is the Vulgate's 1:1, and its 13:9 is part of the king's letter and not Mardochai's prayer
Esth.9.16		not-in-this-edition	this edition prints Esther in the Septuagint arrangement and in fifteen chapters, so no Vulgate chapter or verse number addresses the matter it names: its 1:1 is the Vulgate's 11:2, its 3:1 is the Vulgate's 1:1, and its 13:9 is part of the king's letter and not Mardochai's prayer
Esth.9.17		not-in-this-edition	this edition prints Esther in the Septuagint arrangement and in fifteen chapters, so no Vulgate chapter or verse number addresses the matter it names: its 1:1 is the Vulgate's 11:2, its 3:1 is the Vulgate's 1:1, and its 13:9 is part of the king's letter and not Mardochai's prayer
Esth.9.18		not-in-this-edition	this edition prints Esther in the Septuagint arrangement and in fifteen chapters, so no Vulgate chapter or verse number addresses the matter it names: its 1:1 is the Vulgate's 11:2, its 3:1 is the Vulgate's 1:1, and its 13:9 is part of the king's letter and not Mardochai's prayer
Esth.9.19		not-in-this-edition	this edition prints Esther in the Septuagint arrangement and in fifteen chapters, so no Vulgate chapter or verse number addresses the matter it names: its 1:1 is the Vulgate's 11:2, its 3:1 is the Vulgate's 1:1, and its 13:9 is part of the king's letter and not Mardochai's prayer
Esth.9.2		not-in-this-edition	this edition prints Esther in the Septuagint arrangement and in fifteen chapters, so no Vulgate chapter or verse number addresses the matter it names: its 1:1 is the Vulgate's 11:2, its 3:1 is the Vulgate's 1:1, and its 13:9 is part of the king's letter and not Mardochai's prayer
Esth.9.20		not-in-this-edition	this edition prints Esther in the Septuagint arrangement and in fifteen chapters, so no Vulgate chapter or verse number addresses the matter it names: its 1:1 is the Vulgate's 11:2, its 3:1 is the Vulgate's 1:1, and its 13:9 is part of the king's letter and not Mardochai's prayer
Esth.9.21		not-in-this-edition	this edition prints Esther in the Septuagint arrangement and in fifteen chapters, so no Vulgate chapter or verse number addresses the matter it names: its 1:1 is the Vulgate's 11:2, its 3:1 is the Vulgate's 1:1, and its 13:9 is part of the king's letter and not Mardochai's prayer
Esth.9.22		not-in-this-edition	this edition prints Esther in the Septuagint arrangement and in fifteen chapters, so no Vulgate chapter or verse number addresses the matter it names: its 1:1 is the Vulgate's 11:2, its 3:1 is the Vulgate's 1:1, and its 13:9 is part of the king's letter and not Mardochai's prayer
Esth.9.23		not-in-this-edition	this edition prints Esther in the Septuagint arrangement and in fifteen chapters, so no Vulgate chapter or verse number addresses the matter it names: its 1:1 is the Vulgate's 11:2, its 3:1 is the Vulgate's 1:1, and its 13:9 is part of the king's letter and not Mardochai's prayer
Esth.9.24		not-in-this-edition	this edition prints Esther in the Septuagint arrangement and in fifteen chapters, so no Vulgate chapter or verse number addresses the matter it names: its 1:1 is the Vulgate's 11:2, its 3:1 is the Vulgate's 1:1, and its 13:9 is part of the king's letter and not Mardochai's prayer
Esth.9.25		not-in-this-edition	this edition prints Esther in the Septuagint arrangement and in fifteen chapters, so no Vulgate chapter or verse number addresses the matter it names: its 1:1 is the Vulgate's 11:2, its 3:1 is the Vulgate's 1:1, and its 13:9 is part of the king's letter and not Mardochai's prayer
Esth.9.26		not-in-this-edition	this edition prints Esther in the Septuagint arrangement and in fifteen chapters, so no Vulgate chapter or verse number addresses the matter it names: its 1:1 is the Vulgate's 11:2, its 3:1 is the Vulgate's 1:1, and its 13:9 is part of the king's letter and not Mardochai's prayer
Esth.9.27		not-in-this-edition	this edition prints Esther in the Septuagint arrangement and in fifteen chapters, so no Vulgate chapter or verse number addresses the matter it names: its 1:1 is the Vulgate's 11:2, its 3:1 is the Vulgate's 1:1, and its 13:9 is part of the king's letter and not Mardochai's prayer
Esth.9.28		not-in-this-edition	this edition prints Esther in the Septuagint arrangement and in fifteen chapters, so no Vulgate chapter or verse number addresses the matter it names: its 1:1 is the Vulgate's 11:2, its 3:1 is the Vulgate's 1:1, and its 13:9 is part of the king's letter and not Mardochai's prayer
Esth.9.29		not-in-this-edition	this edition prints Esther in the Septuagint arrangement and in fifteen chapters, so no Vulgate chapter or verse number addresses the matter it names: its 1:1 is the Vulgate's 11:2, its 3:1 is the Vulgate's 1:1, and its 13:9 is part of the king's letter and not Mardochai's prayer
Esth.9.3		not-in-this-edition	this edition prints Esther in the Septuagint arrangement and in fifteen chapters, so no Vulgate chapter or verse number addresses the matter it names: its 1:1 is the Vulgate's 11:2, its 3:1 is the Vulgate's 1:1, and its 13:9 is part of the king's letter and not Mardochai's prayer
Esth.9.30		not-in-this-edition	this edition prints Esther in the Septuagint arrangement and in fifteen chapters, so no Vulgate chapter or verse number addresses the matter it names: its 1:1 is the Vulgate's 11:2, its 3:1 is the Vulgate's 1:1, and its 13:9 is part of the king's letter and not Mardochai's prayer
Esth.9.31		not-in-this-edition	this edition prints Esther in the Septuagint arrangement and in fifteen chapters, so no Vulgate chapter or verse number addresses the matter it names: its 1:1 is the Vulgate's 11:2, its 3:1 is the Vulgate's 1:1, and its 13:9 is part of the king's letter and not Mardochai's prayer
Esth.9.32		not-in-this-edition	this edition prints Esther in the Septuagint arrangement and in fifteen chapters, so no Vulgate chapter or verse number addresses the matter it names: its 1:1 is the Vulgate's 11:2, its 3:1 is the Vulgate's 1:1, and its 13:9 is part of the king's letter and not Mardochai's prayer
Esth.9.4		not-in-this-edition	this edition prints Esther in the Septuagint arrangement and in fifteen chapters, so no Vulgate chapter or verse number addresses the matter it names: its 1:1 is the Vulgate's 11:2, its 3:1 is the Vulgate's 1:1, and its 13:9 is part of the king's letter and not Mardochai's prayer
Esth.9.5		not-in-this-edition	this edition prints Esther in the Septuagint arrangement and in fifteen chapters, so no Vulgate chapter or verse number addresses the matter it names: its 1:1 is the Vulgate's 11:2, its 3:1 is the Vulgate's 1:1, and its 13:9 is part of the king's letter and not Mardochai's prayer
Esth.9.6		not-in-this-edition	this edition prints Esther in the Septuagint arrangement and in fifteen chapters, so no Vulgate chapter or verse number addresses the matter it names: its 1:1 is the Vulgate's 11:2, its 3:1 is the Vulgate's 1:1, and its 13:9 is part of the king's letter and not Mardochai's prayer
Esth.9.7		not-in-this-edition	this edition prints Esther in the Septuagint arrangement and in fifteen chapters, so no Vulgate chapter or verse number addresses the matter it names: its 1:1 is the Vulgate's 11:2, its 3:1 is the Vulgate's 1:1, and its 13:9 is part of the king's letter and not Mardochai's prayer
Esth.9.8		not-in-this-edition	this edition prints Esther in the Septuagint arrangement and in fifteen chapters, so no Vulgate chapter or verse number addresses the matter it names: its 1:1 is the Vulgate's 11:2, its 3:1 is the Vulgate's 1:1, and its 13:9 is part of the king's letter and not Mardochai's prayer
Esth.9.9		not-in-this-edition	this edition prints Esther in the Septuagint arrangement and in fifteen chapters, so no Vulgate chapter or verse number addresses the matter it names: its 1:1 is the Vulgate's 11:2, its 3:1 is the Vulgate's 1:1, and its 13:9 is part of the king's letter and not Mardochai's prayer
Ps.115.10		not-in-this-edition	the Vulgate opens Psalm 115 at verse 10, keeping the numbering the psalm had before the Hebrew split; this edition restarts the psalm at verse 1 and runs to 10, so its 115:10 is the Vulgate's 115:19 and not the verse a citation of 115:10 means
