book	chapter	verse	text
Lev	1	1	Vocavit autem Moysen, et locutus est ei Dominus de tabernaculo testimonii, dicens:
Lev	1	2	Loquere filiis Israël, et dices ad eos: Homo, qui obtulerit ex vobis hostiam Domino de pecoribus, id est, de bobus et ovibus offerens victimas,
Lev	1	3	si holocaustum fuerit ejus oblatio, ac de armento: masculum immaculatum offeret ad ostium tabernaculi testimonii, ad placandum sibi Dominum:
Lev	1	4	ponetque manum super caput hostiæ, et acceptabilis erit, atque in expiationem ejus proficiens.
Lev	1	5	Immolabitque vitulum coram Domino, et offerent filii Aaron sacerdotes sanguinem ejus, fundentes per altaris circuitum, quod est ante ostium tabernaculi:
Lev	1	6	detractaque pelle hostiæ, artus in frusta concident.
Lev	1	7	Et subjicient in altari ignem, strue lignorum ante composita:
Lev	1	8	et membra quæ sunt cæsa, desuper ordinantes, caput videlicet, et cuncta quæ adhærent jecori,
Lev	1	9	intestinis et pedibus lotis aqua: adolebitque ea sacerdos super altare in holocaustum et suavem odorem Domino.
Lev	1	10	Quod si de pecoribus oblatio est, de ovibus sive de capris holocaustum, masculum absque macula offeret:
Lev	1	11	immolabitque ad latus altaris, quod respicit ad aquilonem, coram Domino: sanguinem vero illius fundent super altare filii Aaron per circuitum:
Lev	1	12	dividentque membra, caput, et omnia quæ adhærent jecori, et ponent super ligna, quibus subjiciendus est ignis:
Lev	1	13	intestina vero et pedes lavabunt aqua. Et oblata omnia adolebit sacerdos super altare in holocaustum et odorem suavissimum Domino.
Lev	1	14	Si autem de avibus, holocausti oblatio fuerit Domino, de turturibus, aut pullis columbæ,
Lev	1	15	offeret eam sacerdos ad altare: et retorto ad collum capite, ac rupto vulneris loco, decurrere faciet sanguinem super crepidinem altaris:
Lev	1	16	vesiculam vero gutturis, et plumas projiciet prope altare ad orientalem plagam, in loco in quo cineres effundi solent,
Lev	1	17	confringetque ascellas ejus, et non secabit, neque ferro dividet eam, et adolebit super altare, lignis igne supposito. Holocaustum est et oblatio suavissimi odoris Domino.
Lev	2	1	Anima cum obtulerit oblationem sacrificii Domino, simila erit ejus oblatio; fundetque super eam oleum, et ponet thus,
Lev	2	2	ac deferet ad filios Aaron sacerdotes: quorum unus tollet pugillum plenum similæ et olei, ac totum thus, et ponet memoriale super altare in odorem suavissimum Domino.
Lev	2	3	Quod autem reliquum fuerit de sacrificio, erit Aaron et filiorum ejus, Sanctum sanctorum de oblationibus Domini.
Lev	2	4	Cum autem obtuleris sacrificium coctum in clibano: de simila, panes scilicet absque fermento, conspersos oleo, et lagana azyma oleo lita.
Lev	2	5	Si oblatio tua fuerit de sartagine, similæ conspersæ oleo et absque fermento,
Lev	2	6	divides eam minutatim, et fundes super eam oleum.
Lev	2	7	Sin autem de craticula fuerit sacrificium, æque simila oleo conspergetur:
Lev	2	8	quam offerens Domino, trades manibus sacerdotis.
Lev	2	9	Qui cum obtulerit eam, tollet memoriale de sacrificio, et adolebit super altare in odorem suavitatis Domino:
Lev	2	10	quidquid autem reliquum est, erit Aaron, et filiorum ejus, Sanctum sanctorum de oblationibus Domini.
Lev	2	11	Omnis oblatio quæ offeretur Domino, absque fermento fiet, nec quidquam fermenti ac mellis adolebitur in sacrificio Domino.
Lev	2	12	Primitias tantum eorum offeretis ac munera: super altare vero non imponentur in odorem suavitatis.
Lev	2	13	Quidquid obtuleris sacrificii, sale condies, nec auferes sal fœderis Dei tui de sacrificio tuo: in omni oblatione tua offeres sal.
Lev	2	14	Si autem obtuleris munus primarum frugum tuarum Domino de spicis adhuc virentibus, torrebis igni, et confringes in morem farris, et sic offeres primitias tuas Domino,
Lev	2	15	fundens supra oleum, et thus imponens, quia oblatio Domini est:
Lev	2	16	de qua adolebit sacerdos in memoriam muneris partem farris fracti, et olei, ac totum thus.
Lev	3	1	Quod si hostia pacificorum fuerit ejus oblatio, et de bobus voluerit offerre, marem sive feminam, immaculata offeret coram Domino.
Lev	3	2	Ponetque manum super caput victimæ suæ, quæ immolabitur in introitu tabernaculi testimonii, fundentque filii Aaron sacerdotes sanguinem per altaris circuitum.
Lev	3	3	Et offerent de hostia pacificorum in oblationem Domino, adipem qui operit vitalia, et quidquid pinguedinis est intrinsecus:
Lev	3	4	duos renes cum adipe quo teguntur ilia, et reticulum jecoris cum renunculis.
Lev	3	5	Adolebuntque ea super altare in holocaustum, lignis igne supposito, in oblationem suavissimi odoris Domino.
Lev	3	6	Si vero de ovibus fuerit ejus oblatio et pacificorum hostia, sive masculum obtulerit, sive feminam, immaculata erunt.
Lev	3	7	Si agnum obtulerit coram Domino,
Lev	3	8	ponet manum suam super caput victimæ suæ: quæ immolabitur in vestibulo tabernaculi testimonii: fundentque filii Aaron sanguinem ejus per circuitum altaris.
Lev	3	9	Et offerent de pacificorum hostia sacrificium Domino: adipem et caudam totam
Lev	3	10	cum renibus, et pinguedinem quæ operit ventrem atque universa vitalia, et utrumque renunculum cum adipe qui est juxta ilia, reticulumque jecoris cum renunculis.
Lev	3	11	Et adolebit ea sacerdos super altare in pabulum ignis et oblationis Domini.
Lev	3	12	Si capra fuerit ejus oblatio, et obtulerit eam Domino,
Lev	3	13	ponet manum suam super caput ejus: immolabitque eam in introitu tabernaculi testimonii, et fundent filii Aaron sanguinem ejus per altaris circuitum.
Lev	3	14	Tollentque ex ea in pastum ignis dominici, adipem qui operit ventrem, et qui tegit universa vitalia:
Lev	3	15	duos renunculos cum reticulo, quod est super eos juxta ilia, et arvinam jecoris cum renunculis:
Lev	3	16	adolebitque ea super altare sacerdos in alimoniam ignis, et suavissimi odoris. Omnis adeps, Domini erit
Lev	3	17	jure perpetuo in generationibus, et cunctis habitaculis vestris: nec sanguinem nec adipem omnino comedetis.
Lev	4	1	Locutusque est Dominus ad Moysen, dicens:
Lev	4	2	Loquere filiis Israël: Anima, quæ peccaverit per ignorantiam, et de universis mandatis Domini, quæ præcepit ut non fierent, quippiam fecerit:
Lev	4	3	si sacerdos, qui unctus est, peccaverit, delinquere faciens populum, offeret pro peccato suo vitulum immaculatum Domino:
Lev	4	4	et adducet illum ad ostium tabernaculi testimonii coram Domino, ponetque manum super caput ejus, et immolabit eum Domino.
Lev	4	5	Hauriet quoque de sanguine vituli, inferens illum in tabernaculum testimonii.
Lev	4	6	Cumque intinxerit digitum in sanguine, asperget eo septies coram Domino contra velum sanctuarii.
Lev	4	7	Ponetque de eodem sanguine super cornua altaris thymiamatis gratissimi Domino, quod est in tabernaculo testimonii: omnem autem reliquum sanguinem fundet in basim altaris holocausti in introitu tabernaculi.
Lev	4	8	Et adipem vituli auferet pro peccato, tam eum qui vitalia operit quam omnia quæ intrinsecus sunt:
Lev	4	9	duos renunculos et reticulum quod est super eos juxta ilia, et adipem jecoris cum renunculis,
Lev	4	10	sicut aufertur de vitulo hostiæ pacificorum: et adolebit ea super altare holocausti.
Lev	4	11	Pellem vero et omnes carnes, cum capite et pedibus et intestinis et fimo,
Lev	4	12	et reliquo corpore, efferet extra castra in locum mundum, ubi cineres effundi solent: incendetque ea super lignorum struem, quæ in loco effusorum cinerum cremabuntur.
Lev	4	13	Quod si omnis turba Israël ignoraverit, et per imperitiam fecerit quod contra mandatum Domini est,
Lev	4	14	et postea intellexerit peccatum suum, offeret pro peccato suo vitulum, adducetque eum ad ostium tabernaculi.
Lev	4	15	Et ponent seniores populi manus super caput ejus coram Domino. Immolatoque vitulo in conspectu Domini,
Lev	4	16	inferet sacerdos, qui unctus est, de sanguine ejus in tabernaculum testimonii,
Lev	4	17	tincto digito aspergens septies contra velum.
Lev	4	18	Ponetque de eodem sanguine in cornibus altaris, quod est coram Domino in tabernaculo testimonii: reliquum autem sanguinem fundet juxta basim altaris holocaustorum, quod est in ostio tabernaculi testimonii.
Lev	4	19	Omnemque ejus adipem tollet, et adolebit super altare:
Lev	4	20	sic faciens et de hoc vitulo quomodo fecit et prius: et rogante pro eis sacerdote, propitius erit eis Dominus.
Lev	4	21	Ipsum autem vitulum efferet extra castra, atque comburet sicut et priorem vitulum: quia est pro peccato multitudinis.
Lev	4	22	Si peccaverit princeps, et fecerit unum e pluribus per ignorantiam, quod Domini lege prohibetur:
Lev	4	23	et postea intellexerit peccatum suum, offeret hostiam Domino, hircum de capris immaculatum.
Lev	4	24	Ponetque manum suam super caput ejus: cumque immolaverit eum loco ubi solet mactari holocaustum coram Domino, quia pro peccato est,
Lev	4	25	tinget sacerdos digitum in sanguine hostiæ pro peccato, tangens cornua altaris holocausti, et reliquum fundens ad basim ejus.
Lev	4	26	Adipem vero adolebit supra, sicut in victimis pacificorum fieri solet: rogabitque pro eo sacerdos, et pro peccato ejus, et dimittetur ei.
Lev	4	27	Quod si peccaverit anima per ignorantiam, de populo terræ, ut faciat quidquam de his, quæ Domini lege prohibentur, atque delinquat,
Lev	4	28	et cognoverit peccatum suum, offeret capram immaculatam.
Lev	4	29	Ponetque manum super caput hostiæ quæ pro peccato est, et immolabit eam in loco holocausti.
Lev	4	30	Tolletque sacerdos de sanguine in digito suo: et tangens cornua altaris holocausti, reliquum fundet ad basim ejus.
Lev	4	31	Omnem autem adipem auferens, sicut auferri solet de victimis pacificorum, adolebit super altare in odorem suavitatis Domino: rogabitque pro eo, et dimittetur ei.
Lev	4	32	Sin autem de pecoribus obtulerit victimam pro peccato, ovem scilicet immaculatam:
Lev	4	33	ponet manum super caput ejus, et immolabit eam in loco ubi solent cædi holocaustorum hostiæ.
Lev	4	34	Sumetque sacerdos de sanguine ejus digito suo, et tangens cornua altaris holocausti, reliquum fundet ad basim ejus.
Lev	4	35	Omnem quoque adipem auferens, sicut auferri solet adeps arietis, qui immolatur pro pacificis, cremabit super altare in incensum Domini: rogabitque pro eo, et pro peccato ejus, et dimittetur ei.
Lev	5	1	Si peccaverit anima, et audierit vocem jurantis, testisque fuerit quod aut ipse vidit, aut conscius est: nisi indicaverit, portabit iniquitatem suam.
Lev	5	2	Anima quæ tetigerit aliquid immundum, sive quod occisum a bestia est, aut per se mortuum, aut quodlibet aliud reptile: et oblita fuerit immunditiæ suæ, rea est, et deliquit:
Lev	5	3	et si tetigerit quidquam de immunditia hominis juxta omnem impuritatem, qua pollui solet, oblitaque cognoverit postea, subjacebit delicto.
Lev	5	4	Anima, quæ juraverit, et protulerit labiis suis, ut vel male quid faceret, vel bene, et idipsum juramento et sermone firmaverit, oblitaque postea intellexerit delictum suum,
Lev	5	5	agat pœnitentiam pro peccato,
Lev	5	6	et offerat de gregibus agnam sive capram, orabitque pro ea sacerdos et pro peccato ejus.
Lev	5	7	Sin autem non potuerit offerre pecus, offerat duos turtures, vel duos pullos columbarum Domino, unum pro peccato, et alterum in holocaustum,
Lev	5	8	dabitque eos sacerdoti: qui primum offerens pro peccato, retorquebit caput ejus ad pennulas, ita ut collo hæreat, et non penitus abrumpatur.
Lev	5	9	Et asperget de sanguine ejus parietem altaris; quidquid autem reliquum fuerit, faciet distillare ad fundamentum ejus, quia pro peccato est.
Lev	5	10	Alterum vero adolebit in holocaustum, ut fieri solet: rogabitque pro eo sacerdos et pro peccato ejus, et dimittetur ei.
Lev	5	11	Quod si non quiverit manus ejus duos offerre turtures, aut duos pullos columbarum, offeret pro peccato suo similæ partem ephi decimam: non mittet in eam oleum, nec thuris aliquid imponet, quia pro peccato est.
Lev	5	12	Tradetque eam sacerdoti: qui plenum ex ea pugillum hauriens, cremabit super altare in monimentum ejus qui obtulerit,
Lev	5	13	rogans pro illo et expians: reliquam vero partem ipse habebit in munere.
Lev	5	14	Locutusque est Dominus ad Moysen, dicens:
Lev	5	15	Anima si prævaricans cæremonias, per errorem, in his quæ Domino sunt sanctificata, peccaverit, offeret pro delicto suo arietem immaculatum de gregibus, qui emi potest duobus siclis, juxta pondus sanctuarii:
Lev	5	16	ipsumque quod intulit damni restituet, et quintam partem ponet supra, tradens sacerdoti, qui rogabit pro eo offerens arietem, et dimittetur ei.
Lev	5	17	Anima si peccaverit per ignorantiam, feceritque unum ex his quæ Domini lege prohibentur, et peccati rea intellexerit iniquitatem suam,
Lev	5	18	offeret arietem immaculatum de gregibus sacerdoti, juxta mensuram æstimationemque peccati: qui orabit pro eo, quia nesciens fecerit: et dimittetur ei,
Lev	5	19	quia per errorem deliquit in Dominum.
Lev	6	1	Locutus est Dominus ad Moysen, dicens:
Lev	6	2	Anima quæ peccaverit, et contempto Domino, negaverit proximo suo depositum quod fidei ejus creditum fuerat, vel vi aliquid extorserit, aut calumniam fecerit,
Lev	6	3	sive rem perditam invenerit, et inficians insuper pejeraverit, et quodlibet aliud ex pluribus fecerit, in quibus solent peccare homines,
Lev	6	4	convicta delicti,
Lev	6	5	reddet omnia, quæ per fraudem voluit obtinere, integra, et quintam insuper partem domino cui damnum intulerat.
Lev	6	6	Pro peccato autem suo offeret arietem immaculatum de grege, et dabit eum sacerdoti, juxta æstimationem mensuramque delicti:
Lev	6	7	qui rogabit pro eo coram Domino, et dimittetur illi pro singulis quæ faciendo peccavit.
Lev	6	8	Locutusque est Dominus ad Moysen, dicens:
Lev	6	9	Præcipe Aaron et filiis ejus: Hæc est lex holocausti: cremabitur in altari tota nocte usque mane: ignis ex eodem altari erit.
Lev	6	10	Vestietur tunica sacerdos et feminalibus lineis: tolletque cineres, quos vorans ignis exussit, et ponens juxta altare,
Lev	6	11	spoliabitur prioribus vestimentis, indutusque aliis, efferret eos extra castra, et in loco mundissimo usque ad favillam consumi faciet.
Lev	6	12	Ignis autem in altari semper ardebit, quem nutriet sacerdos subjiciens ligna mane per singulos dies, et imposito holocausto, desuper adolebit adipes pacificorum.
Lev	6	13	Ignis est iste perpetuus, qui numquam deficiet in altari.
Lev	6	14	Hæc est lex sacrificii et libamentorum, quæ offerent filii Aaron coram Domino, et coram altari.
Lev	6	15	Tollet sacerdos pugillum similæ, quæ conspersa est oleo, et totum thus, quod super similam positum est: adolebitque illud in altari in monimentum odoris suavissimi Domino:
Lev	6	16	reliquam autem partem similæ comedet Aaron cum filiis suis, absque fermento: et comedet in loco sancto atrii tabernaculi.
Lev	6	17	Ideo autem non fermentabitur, quia pars ejus in Domini offertur incensum. Sanctum sanctorum erit, sicut pro peccato atque delicto.
Lev	6	18	Mares tantum stirpis Aaron comedent illud. Legitimum ac sempiternum erit in generationibus vestris de sacrificiis Domini: omnis qui tetigerit illa, sanctificabitur.
Lev	6	19	Locutusque est Dominus ad Moysen, dicens:
Lev	6	20	Hæc est oblatio Aaron, et filiorum ejus, quam offerre debent Domino in die unctionis suæ. Decimam partem ephi offerent similæ in sacrificio sempiterno, medium ejus mane, et medium ejus vespere:
Lev	6	21	quæ in sartagine oleo conspersa frigetur. Offeret autem eam calidam in odorem suavissimum Domino
Lev	6	22	sacerdos, qui jure patri successerit, et tota cremabitur in altari.
Lev	6	23	Omne enim sacrificium sacerdotum igne consumetur, nec quisquam comedet ex eo.
Lev	6	24	Locutus est autem Dominus ad Moysen, dicens:
Lev	6	25	Loquere Aaron et filiis ejus: Ista est lex hostiæ pro peccato: in loco ubi offertur holocaustum, immolabitur coram Domino. Sanctum sanctorum est.
Lev	6	26	Sacerdos, qui offert, comedet eam in loco sancto, in atrio tabernaculi.
Lev	6	27	Quidquid tetigerit carnes ejus, sanctificabitur. Si de sanguine illius vestis fuerit aspersa, lavabitur in loco sancto.
Lev	6	28	Vas autem fictile, in quo cocta est, confringetur; quod si vas æneum fuerit, defricabitur, et lavabitur aqua.
Lev	6	29	Omnis masculus de genere sacerdotali vescetur de carnibus ejus, quia Sanctum sanctorum est.
Lev	6	30	Hostia enim quæ cæditur pro peccato, cujus sanguis infertur in tabernaculum testimonii ad expiandum in sanctuario, non comedetur, sed comburetur igni.
Lev	7	1	Hæc quoque lex hostiæ pro delicto, Sancta sanctorum est:
Lev	7	2	idcirco ubi immolabitur holocaustum, mactabitur et victima pro delicto: sanguis ejus per gyrum altaris fundetur.
Lev	7	3	Offerent ex ea caudam et adipem qui operit vitalia:
Lev	7	4	duos renunculos, et pinguedinem quæ juxta ilia est, reticulumque jecoris cum renunculis.
Lev	7	5	Et adolebit ea sacerdos super altare: incensum est Domini pro delicto.
Lev	7	6	Omnis masculus de sacerdotali genere, in loco sancto vescetur his carnibus, quia Sanctum sanctorum est.
Lev	7	7	Sicut pro peccato offertur hostia, ita et pro delicto: utriusque hostiæ lex una erit: ad sacerdotem, qui eam obtulerit, pertinebit.
Lev	7	8	Sacerdos qui offert holocausti victimam, habebit pellem ejus.
Lev	7	9	Et omne sacrificium similæ, quod coquitur in clibano, et quidquid in craticula, vel in sartagine præparatur, ejus erit sacerdotis a quo offertur:
Lev	7	10	sive oleo conspersa, sive arida fuerint, cunctis filiis Aaron mensura æqua per singulos dividetur.
Lev	7	11	Hæc est lex hostiæ pacificorum quæ offertur Domino.
Lev	7	12	Si pro gratiarum actione oblatio fuerit, offerent panes absque fermento conspersos oleo, et lagana azyma uncta oleo, coctamque similam, et collyridas olei admistione conspersas:
Lev	7	13	panes quoque fermentatos cum hostia gratiarum, quæ immolatur pro pacificis:
Lev	7	14	ex quibus unus pro primitiis offeretur Domino, et erit sacerdotis qui fundet hostiæ sanguinem,
Lev	7	15	cujus carnes eadem comedentur die, nec remanebit ex eis quidquam usque mane.
Lev	7	16	Si voto, vel sponte quispiam obtulerit hostiam, eadem similiter edetur die: sed et si quid in crastinum remanserit, vesci licitum est:
Lev	7	17	quidquid autem tertius invenerit dies, ignis absumet.
Lev	7	18	Si quis de carnibus victimæ pacificorum die tertio comederit, irrita fiet oblatio, nec proderit offerenti: quin potius quæcumque anima tali se edulio contaminaverit, prævaricationis rea erit.
Lev	7	19	Caro, quæ aliquid tetigerit immundum, non comedetur, sed comburetur igni: qui fuerit mundus, vescetur ex ea.
Lev	7	20	Anima polluta quæ ederit de carnibus hostiæ pacificorum, quæ oblata est Domino, peribit de populis suis.
Lev	7	21	Et quæ tetigerit immunditiam hominis, vel jumenti, sive omnis rei quæ polluere potest, et comederit de hujuscemodi carnibus, interibit de populis suis.
Lev	7	22	Locutusque est Dominus ad Moysen, dicens:
Lev	7	23	Loquere filiis Israël: Adipem ovis, et bovis, et capræ non comedetis.
Lev	7	24	Adipem cadaveris morticini, et ejus animalis, quod a bestia captum est, habebitis in varios usus.
Lev	7	25	Si quis adipem, qui offerri debet in incensum Domini, comederit, peribit de populo suo.
Lev	7	26	Sanguinem quoque omnis animalis non sumetis in cibo, tam de avibus quam de pecoribus.
Lev	7	27	Omnis anima, quæ ederit sanguinem, peribit de populis suis.
Lev	7	28	Locutusque est Dominus ad Moysen, dicens:
Lev	7	29	Loquere filiis Israël, dicens: Qui offert victimam pacificorum Domino, offerat simul et sacrificium, id est, libamenta ejus.
Lev	7	30	Tenebit manibus adipem hostiæ, et pectusculum: cumque ambo oblata Domino consecraverit, tradet sacerdoti,
Lev	7	31	qui adolebit adipem super altare, pectusculum autem erit Aaron et filiorum ejus.
Lev	7	32	Armus quoque dexter de pacificorum hostiis cedet in primitias sacerdotis.
Lev	7	33	Qui obtulerit sanguinem et adipem filiorum Aaron, ipse habebit et armum dextrum in portione sua.
Lev	7	34	Pectusculum enim elevationis, et armum separationis, tuli a filiis Israël de hostiis eorum pacificis, et dedi Aaron sacerdoti, et filiis ejus, lege perpetua, ab omni populo Israël.
Lev	7	35	Hæc est unctio Aaron et filiorum ejus in cæremoniis Domini die qua obtulit eos Moyses, ut sacerdotio fungerentur,
Lev	7	36	et quæ præcepit eis dari Dominus a filiis Israël religione perpetua in generationibus suis.
Lev	7	37	Ista est lex holocausti, et sacrificii pro peccato atque delicto, et pro consecratione et pacificorum victimis,
Lev	7	38	quam constituit Dominus Moysi in monte Sinai, quando mandabit filiis Israël ut offerrent oblationes suas Domino in deserto Sinai.
Lev	8	1	Locutusque est Dominus ad Moysen, dicens:
Lev	8	2	Tolle Aaron cum filiis suis, vestes eorum, et unctionis oleum, vitulum pro peccato, duos arietes, canistrum cum azymis:
Lev	8	3	et congregabis omnem cœtum ad ostium tabernaculi.
Lev	8	4	Fecit Moyses ut Dominus imperaverat. Congregataque omni turba ante fores tabernaculi,
Lev	8	5	ait: Iste est sermo, quem jussit Dominus fieri.
Lev	8	6	Statimque obtulit Aaron et filios ejus. Cumque lavisset eos,
Lev	8	7	vestivit pontificem subucula linea, accingens eum balteo, et induens eum tunica hyacinthina, et desuper humerale imposuit,
Lev	8	8	quod astringens cingulo aptavit rationali, in quo erat Doctrina et Veritas.
Lev	8	9	Cidari quoque texit caput: et super eam, contra frontem, posuit laminam auream consecratam in sanctificatione, sicut præceperat ei Dominus.
Lev	8	10	Tulit et unctionis oleum, quo linivit tabernaculum cum omni supellectili sua.
Lev	8	11	Cumque sanctificans aspersisset altare septem vicibus, unxit illud, et omnia vasa ejus, labrumque cum basi sua sanctificavit oleo.
Lev	8	12	Quod fundens super caput Aaron, unxit eum, et consecravit:
Lev	8	13	filios quoque ejus oblatos vestivit tunicis lineis, et cinxit balteis, imposuitque mitras, ut jusserat Dominus.
Lev	8	14	Obtulit et vitulum pro peccato: cumque super caput ejus posuisset Aaron et filii ejus manus suas,
Lev	8	15	immolavit eum, hauriens sanguinem, et tincto digito, tetigit cornua altaris per gyrum: quo expiato et sanctificato, fudit reliquum sanguinem ad fundamenta ejus.
Lev	8	16	Adipem vero qui erat super vitalia, et reticulum jecoris, duosque renunculos, cum arvinulis suis, adolevit super altare:
Lev	8	17	vitulum cum pelle, et carnibus, et fimo, cremans extra castra, sicut præceperat Dominus.
Lev	8	18	Obtulit et arietem in holocaustum: super cujus caput cum imposuissent Aaron et filii ejus manus suas,
Lev	8	19	immolavit eum, et fudit sanguinem ejus per circuitum altaris.
Lev	8	20	Ipsumque arietem in frusta concidens, caput ejus, et artus, et adipem adolevit igni,
Lev	8	21	lotis prius intestinis et pedibus: totumque simul arietem incendit super altare, eo quod esset holocaustum suavissimi odoris Domino, sicut præceperat ei.
Lev	8	22	Obtulit et arietem secundum in consecratione sacerdotum, posueruntque super caput ejus Aaron et filii ejus manus suas:
Lev	8	23	quem cum immolasset Moyses, sumens de sanguine ejus, tetigit extremum auriculæ dextræ Aaron, et pollicem manus ejus dextræ, similiter et pedis.
Lev	8	24	Obtulit et filios Aaron: cumque de sanguine arietis immolati tetigisset extremum auriculæ singulorum dextræ, et pollices manus ac pedis dextri, reliquum fudit super altare per circuitum:
Lev	8	25	adipem vero, et caudam, omnemque pinguedinem quæ operit intestina, reticulumque jecoris, et duos renes cum adipibus suis et armo dextro separavit.
Lev	8	26	Tollens autem de canistro azymorum, quod erat coram Domino, panem absque fermento, et collyridam conspersam oleo, laganumque, posuit super adipes, et armum dextrum,
Lev	8	27	tradens simul omnia Aaron et filiis ejus. Qui postquam levaverunt ea coram Domino,
Lev	8	28	rursum suscepta de manibus eorum, adolevit super altare holocausti, eo quod consecrationis esset oblatio, in odorem suavitatis, sacrificii Domino.
Lev	8	29	Tulitque pectusculum, elevans illud coram Domino, de ariete consecrationis in partem suam, sicut præceperat ei Dominus.
Lev	8	30	Assumensque unguentum, et sanguinem qui erat in altari, aspersit super Aaron et vestimenta ejus, et super filios illius ac vestes eorum.
Lev	8	31	Cumque sanctificasset eos in vestitu suo, præcepit eis, dicens: Coquite carnes ante fores tabernaculi, et ibi comedite eas; panes quoque consecrationis edite, qui positi sunt in canistro, sicut præcepit mihi Dominus, dicens: Aaron et filii ejus comedent eos:
Lev	8	32	quidquid autem reliquum fuerit de carne et panibus, ignis absumet.
Lev	8	33	De ostio quoque tabernaculi non exibitis septem diebus, usque ad diem quo complebitur tempus consecrationis vestræ; septem enim diebus finitur consecratio:
Lev	8	34	sicut et impræsentiarum factum est, ut ritus sacrificii compleretur.
Lev	8	35	Die ac nocte manebitis in tabernaculo observantes custodias Domini, ne moriamini: sic enim mihi præceptum est.
Lev	8	36	Feceruntque Aaron et filii ejus cuncta quæ locutus est Dominus per manum Moysi.
Lev	9	1	Facto autem octavo die, vocavit Moyses Aaron, et filios ejus, ac majores natu Israël, dixitque ad Aaron:
Lev	9	2	Tolle de armento vitulum pro peccato, et arietem in holocaustum, utrumque immaculatum, et offer illos coram Domino.
Lev	9	3	Et ad filios Israël loqueris: Tollite hircum pro peccato, et vitulum, atque agnum, anniculos, et sine macula in holocaustum,
Lev	9	4	bovem et arietem pro pacificis: et immolate eos coram Domino, in sacrificio singulorum similam conspersam oleo offerentes: hodie enim Dominus apparebit vobis.
Lev	9	5	Tulerunt ergo cuncta quæ jusserat Moyses ad ostium tabernaculi: ubi cum omnis multitudo astaret,
Lev	9	6	ait Moyses: Iste est sermo, quem præcepit Dominus: facite, et apparebit vobis gloria ejus.
Lev	9	7	Et dixit ad Aaron: Accede ad altare, et immola pro peccato tuo: offer holocaustum, et deprecare pro te et pro populo: cumque mactaveris hostiam populi, ora pro eo, sicut præcepit Dominus.
Lev	9	8	Statimque Aaron accedens ad altare, immolavit vitulum pro peccato suo:
Lev	9	9	cujus sanguinem obtulerunt ei filii sui: in quo tingens digitum, tetigit cornua altaris, et fudit residuum ad basim ejus.
Lev	9	10	Adipemque, et renunculos, ac reticulum jecoris, quæ sunt pro peccato, adolevit super altare, sicut præceperat Dominus Moysi:
Lev	9	11	carnes vero et pellem ejus extra castra combussit igni.
Lev	9	12	Immolavit et holocausti victimam: obtuleruntque ei filii sui sanguinem ejus, quem fudit per altaris circuitum.
Lev	9	13	Ipsam etiam hostiam in frusta concisam, cum capite et membris singulis obtulerunt; quæ omnia super altare cremavit igni,
Lev	9	14	lotis aqua prius intestinis et pedibus.
Lev	9	15	Et pro peccato populi offerens, mactavit hircum: expiatoque altari,
Lev	9	16	fecit holocaustum,
Lev	9	17	addens in sacrificio libamenta, quæ pariter offeruntur, et adolens ea super altare, absque cæremoniis holocausti matutini.
Lev	9	18	Immolavit et bovem atque arietem, hostias pacificas populi: obtuleruntque ei filii sui sanguinem, quem fudit super altare in circuitum.
Lev	9	19	Adipem autem bovis, et caudam arietis, renunculosque cum adipibus suis, et reticulum jecoris,
Lev	9	20	posuerunt super pectora: cumque cremati essent adipes super altare,
Lev	9	21	pectora eorum, et armos dextros separavit Aaron, elevans coram Domino, sicut præceperat Moyses.
Lev	9	22	Et extendens manus ad populum, benedixit ei. Sicque completis hostiis pro peccato, et holocaustis, et pacificis, descendit.
Lev	9	23	Ingressi autem Moyses et Aaron in tabernaculum testimonii, et deinceps egressi, benedixerunt populo. Apparuitque gloria Domini omni multitudini:
Lev	9	24	et ecce egressus ignis a Domino, devoravit holocaustum, et adipes qui erant super altare. Quod cum vidissent turbæ, laudaverunt Dominum, ruentes in facies suas.
Lev	10	1	Arreptisque Nadab et Abiu filii Aaron thuribulis, posuerunt ignem, et incensum desuper, offerentes coram Domino ignem alienum: quod eis præceptum non erat.
Lev	10	2	Egressusque ignis a Domino, devoravit eos, et mortui sunt coram Domino.
Lev	10	3	Dixitque Moyses ad Aaron: Hoc est quod locutus est Dominus: Sanctificabor in iis qui appropinquant mihi, et in conspectu omnis populi glorificabor. Quod audiens tacuit Aaron.
Lev	10	4	Vocatis autem Moyses Misaële et Elisaphan filiis Oziel, patrui Aaron, ait ad eos: Ite, et tollite fratres vestros de conspectu sanctuarii, et asportate extra castra.
Lev	10	5	Confestimque pergentes, tulerunt eos sicut jacebant, vestitos lineis tunicis, et ejecerunt foras, ut sibi fuerat imperatum.
Lev	10	6	Locutusque est Moyses ad Aaron, et ad Eleazar, et Ithamar, filios ejus: Capita vestra nolite nudare, et vestimenta nolite scindere, ne forte moriamini, et super omnem cœtum oriatur indignatio. Fratres vestri, et omnis domus Israël, plangant incendium quod Dominus suscitavit:
Lev	10	7	vos autem non egrediemini fores tabernaculi, alioquin peribitis: oleum quippe sanctæ unctionis est super vos. Qui fecerunt omnia juxta præceptum Moysi.
Lev	10	8	Dixit quoque Dominus ad Aaron:
Lev	10	9	Vinum, et omne quod inebriare potest, non bibetis tu et filii tui, quando intratis in tabernaculum testimonii, ne moriamini: quia præceptum sempiternum est in generationes vestras:
Lev	10	10	et ut habeatis scientiam discernendi inter sanctum et profanum, inter pollutum et mundum;
Lev	10	11	doceatisque filios Israël omnia legitima mea quæ locutus est Dominus ad eos per manum Moysi.
Lev	10	12	Locutusque est Moyses ad Aaron, et ad Eleazar, et Ithamar, filios ejus, qui erant residui: Tollite sacrificium, quod remansit de oblatione Domini, et comedite illud absque fermento juxta altare, quia Sanctum sanctorum est.
Lev	10	13	Comedetis autem in loco sancto: quod datum est tibi et filiis tuis de oblationibus Domini, sicut præceptum est mihi.
Lev	10	14	Pectusculum quoque quod oblatum est, et armum qui separatus est, edetis in loco mundissimo tu et filii tui, et filiæ tuæ tecum: tibi enim ac liberis tuis reposita sunt de hostiis salutaribus filiorum Israël:
Lev	10	15	eo quod armum et pectus, et adipes qui cremantur in altari, elevaverunt coram Domino, et pertineant ad te, et ad filios tuos, lege perpetua, sicut præcepit Dominus.
Lev	10	16	Inter hæc, hircum, qui oblatus fuerat pro peccato, cum quæreret Moyses, exustum reperit: iratusque contra Eleazar et Ithamar filios Aaron, qui remanserant, ait:
Lev	10	17	Cur non comedistis hostiam pro peccato in loco sancto, quæ Sancta sanctorum est, et data vobis ut portetis iniquitatem multitudinis, et rogetis pro ea in conspectu Domini,
Lev	10	18	præsertim cum de sanguine illius non sit illatum intra sancta, et comedere debueritis eam in Sanctuario, sicut præceptum est mihi?
Lev	10	19	Respondit Aaron: Oblata est hodie victima pro peccato, et holocaustum coram Domino: mihi autem accidit quod vides; quomodo potui comedere eam, aut placere Domino in cæremoniis mente lugubri?
Lev	10	20	Quod cum audisset Moyses, recepit satisfactionem.
Lev	11	1	Locutusque est Dominus ad Moysen et Aaron, dicens:
Lev	11	2	Dicite filiis Israël: Hæc sunt animalia quæ comedere debetis de cunctis animantibus terræ:
Lev	11	3	omne quod habet divisam ungulam, et ruminat in pecoribus, comedetis.
Lev	11	4	Quidquid autem ruminat quidem, et habet ungulam, sed non dividit eam, sicut camelus et cetera, non comedetis illud, et inter immunda reputabitis.
Lev	11	5	Chœrogryllus qui ruminat, ungulamque non dividit, immundus est.
Lev	11	6	Lepus quoque: nam et ipse ruminat, sed ungulam non dividit.
Lev	11	7	Et sus: qui cum ungulam dividat, non ruminat.
Lev	11	8	Horum carnibus non vescemini, nec cadavera contingetis, quia immunda sunt vobis.
Lev	11	9	Hæc sunt quæ gignuntur in aquis, et vesci licitum est: omne quod habet pinnulas et squamas, tam in mari quam in fluminibus et stagnis, comedetis.
Lev	11	10	Quidquid autem pinnulas et squamas non habet, eorum quæ in aquis moventur et vivunt, abominabile vobis,
Lev	11	11	execrandumque erit: carnes eorum non comedetis, et morticina vitabitis.
Lev	11	12	Cuncta quæ non habent pinnulas et squamas in aquis, polluta erunt.
Lev	11	13	Hæc sunt quæ de avibus comedere non debetis, et vitanda sunt vobis: aquilam, et gryphem, et haliæetum,
Lev	11	14	et milvum ac vulturem juxta genus suum,
Lev	11	15	et omne corvini generis in similitudinem suam,
Lev	11	16	struthionem, et noctuam, et larum, et accipitrem juxta genus suum:
Lev	11	17	bubonem, et mergulum, et ibin,
Lev	11	18	et cygnum, et onocrotalum, et porphyrionem,
Lev	11	19	herodionem, et charadrion juxta genus suum, upupam quoque, et vespertilionem.
Lev	11	20	Omne de volucribus quod graditur super quatuor pedes, abominabile erit vobis.
Lev	11	21	Quidquid autem ambulat quidem super quatuor pedes, sed habet longiora retro crura, per quæ salit super terram,
Lev	11	22	comedere debetis, ut est bruchus in genere suo, et attacus atque ophiomachus, ac locusta, singula juxta genus suum.
Lev	11	23	Quidquid autem ex volucribus quatuor tantum habet pedes, execrabile erit vobis:
Lev	11	24	et quicumque morticina eorum tetigerit, polluetur, et erit immundus usque ad vesperum:
Lev	11	25	et si necesse fuerit ut portet quippiam horum mortuum, lavabit vestimenta sua, et immundus erit usque ad occasum solis.
Lev	11	26	Omne animal quod habet quidem ungulam, sed non dividit eam, nec ruminat, immundum erit: et qui tetigerit illud, contaminabitur.
Lev	11	27	Quod ambulat super manus ex cunctis animantibus, quæ incedunt quadrupedia, immundum erit: qui tetigerit morticina eorum, polluetur usque ad vesperum.
Lev	11	28	Et qui portaverit hujuscemodi cadavera, lavabit vestimenta sua, et immundus erit usque ad vesperum: quia omnia hæc immunda sunt vobis.
Lev	11	29	Hæc quoque inter polluta reputabuntur de his quæ moventur in terra, mustela et mus et crocodilus, singula juxta genus suum,
Lev	11	30	mygale, et chamæleon, et stellio, et lacerta, et talpa.
Lev	11	31	Omnia hæc immunda sunt. Qui tetigerit morticina eorum, immundus erit usque ad vesperum:
Lev	11	32	et super quod ceciderit quidquam de morticinis eorum, polluetur, tam vas ligneum et vestimentum, quam pelles et cilicia: et in quocumque fit opus, tingentur aqua, et polluta erunt usque ad vesperum, et sic postea mundabuntur.
Lev	11	33	Vas autem fictile, in quod horum quidquam intro cecidit, polluetur, et idcirco frangendum est.
Lev	11	34	Omnis cibus, quem comedetis, si fusa fuerit super eum aqua, immundus erit: et omne liquens quod bibitur de universo vase, immundum erit.
Lev	11	35	Et quidquid de morticinis hujuscemodi ceciderit super illud, immundum erit: sive clibani, sive chytropodes, destruentur, et immundi erunt.
Lev	11	36	Fontes vero et cisternæ, et omnis aquarum congregatio munda erit. Qui morticinum eorum tetigerit, polluetur.
Lev	11	37	Si ceciderit super sementem, non polluet eam.
Lev	11	38	Si autem quispiam aqua sementem perfuderit, et postea morticinis tacta fuerit, illico polluetur.
Lev	11	39	Si mortuum fuerit animal, quod licet vobis comedere, qui cadaver ejus tetigerit, immundus erit usque ad vesperum:
Lev	11	40	et qui comederit ex eo quippiam, sive portaverit, lavabit vestimenta sua, et immundus erit usque ad vesperum.
Lev	11	41	Omne quod reptat super terram, abominabile erit, nec assumetur in cibum.
Lev	11	42	Quidquid super pectus quadrupes graditur, et multos habet pedes, sive per humum trahitur, non comedetis, quia abominabile est.
Lev	11	43	Nolite contaminare animas vestras, nec tangatis quidquam eorum, ne immundi sitis.
Lev	11	44	Ego enim sum Dominus Deus vester: sancti estote, quia ego sanctus sum. Ne polluatis animas vestras in omni reptili quod movetur super terram.
Lev	11	45	Ego enim sum Dominus, qui eduxi vos de terra Ægypti, ut essem vobis in Deum. Sancti eritis, quia ego sanctus sum.
Lev	11	46	Ista est lex animantium ac volucrum, et omnis animæ viventis, quæ movetur in aqua, et reptat in terra,
Lev	11	47	ut differentias noveritis mundi et immundi, et sciatis quid comedere et quid respuere debeatis.
Lev	12	1	Locutusque est Dominus ad Moysen, dicens:
Lev	12	2	Loquere filiis Israël, et dices ad eos: Mulier, si suscepto semine pepererit masculum, immunda erit septem diebus juxta dies separationis menstruæ.
Lev	12	3	Et die octavo circumcidetur infantulus:
Lev	12	4	ipsa vero triginta tribus diebus manebit in sanguine purificationis suæ. Omne sanctum non tanget, nec ingredietur in sanctuarium, donec impleantur dies purificationis suæ.
Lev	12	5	Sin autem feminam pepererit, immunda erit duabus hebdomadibus juxta ritum fluxus menstrui, et sexaginta sex diebus manebit in sanguine purificationis suæ.
Lev	12	6	Cumque expleti fuerint dies purificationis suæ, pro filio sive pro filia, deferet agnum anniculum in holocaustum, et pullum columbæ sive turturem pro peccato, ad ostium tabernaculi testimonii, et tradet sacerdoti,
Lev	12	7	qui offeret illa coram Domino, et orabit pro ea, et sic mundabitur a profluvio sanguinis sui: ista est lex parientis masculum aut feminam.
Lev	12	8	Quod si non invenerit manus ejus, nec potuerit offerre agnum, sumet duos turtures vel duos pullos columbarum, unum in holocaustum, et alterum pro peccato: orabitque pro ea sacerdos, et sic mundabitur.
Lev	13	1	Locutusque est Dominus ad Moysen, et Aaron, dicens:
Lev	13	2	Homo, in cujus cute et carne ortus fuerit diversus color, sive pustula, aut quasi lucens quippiam, id est, plaga lepræ, adducetur ad Aaron sacerdotem, vel ad unum quemlibet filiorum ejus.
Lev	13	3	Qui cum viderit lepram in cute, et pilos in album mutatos colorem, ipsamque speciem lepræ humiliorem cute et carne reliqua: plaga lepræ est, et ad arbitrium ejus separabitur.
Lev	13	4	Sin autem lucens candor fuerit in cute, nec humilior carne reliqua, et pili coloris pristini, recludet eum sacerdos septem diebus:
Lev	13	5	et considerabit die septimo: et si quidem lepra ultra non creverit, nec transierit in cute priores terminos, rursum recludet eum septem diebus aliis.
Lev	13	6	Et die septimo contemplabitur: si obscurior fuerit lepra, et non creverit in cute, mundabit eum, quia scabies est: lavabitque homo vestimenta sua, et mundus erit.
Lev	13	7	Quod si postquam a sacerdote visus est, et redditus munditiæ, iterum lepra creverit: adducetur ad eum,
Lev	13	8	et immunditiæ condemnabitur.
Lev	13	9	Plaga lepræ si fuerit in homine, adducetur ad sacerdotem,
Lev	13	10	et videbit eum. Cumque color albus in cute fuerit, et capillorum mutaverit aspectum, ipsa quoque caro viva apparuerit:
Lev	13	11	lepra vetustissima judicabitur, atque inolita cuti. Contaminabit itaque eum sacerdos, et non recludet, quia perspicuæ immunditiæ est.
Lev	13	12	Sin autem effloruerit discurrens lepra in cute, et operuerit omnem cutem a capite usque ad pedes, quidquid sub aspectum oculorum cadit,
Lev	13	13	considerabit eum sacerdos, et teneri lepra mundissima judicabit: eo quod omnis in candorem versa sit, et idcirco homo mundus erit.
Lev	13	14	Quando vero caro vivens in eo apparuerit,
Lev	13	15	tunc sacerdotis judicio polluetur, et inter immundos reputabitur: caro enim viva, si lepra aspergitur, immunda est.
Lev	13	16	Quod si rursum versa fuerit in alborem, et totum hominem operuerit,
Lev	13	17	considerabit eum sacerdos, et mundum esse decernet.
Lev	13	18	Caro autem et cutis in qua ulcus natum est, et sanatum,
Lev	13	19	et in loco ulceris cicatrix alba apparuerit, sive subrufa, adducetur homo ad sacerdotem.
Lev	13	20	Qui cum viderit locum lepræ humiliorem carne reliqua, et pilos versos in candorem, contaminabit eum: plaga enim lepræ orta est in ulcere.
Lev	13	21	Quod si pilus coloris est pristini, et cicatrix subobscura, et vicina carne non est humilior, recludet eum septem diebus:
Lev	13	22	et si quidem creverit, adjudicabit eum lepræ;
Lev	13	23	sin autem steterit in loco suo, ulceris est cicatrix, et homo mundus erit.
Lev	13	24	Caro autem et cutis, quam ignis exusserit, et sanata albam sive rufam habuerit cicatricem,
Lev	13	25	considerabit eam sacerdos: et ecce versa est in alborem, et locus ejus reliqua cute est humilior, contaminabit eum, quia plaga lepræ in cicatrice orta est.
Lev	13	26	Quod si pilorum color non fuerit immutatus, nec humilior plaga carne reliqua, et ipsa lepræ species fuerit subobscura, recludet eum septem diebus,
Lev	13	27	et die septimo contemplabitur: si creverit in cute lepra, contaminabit eum.
Lev	13	28	Sin autem in loco suo candor steterit non satis clarus, plaga combustionis est, et idcirco mundabitur, quia cicatrix est combusturæ.
Lev	13	29	Vir, sive mulier, in cujus capite vel barba germinaverit lepra, videbit eos sacerdos.
Lev	13	30	Et si quidem humilior fuerit locus carne reliqua, et capillus flavus, solitoque subtilior, contaminabit eos, quia lepra capitis ac barbæ est.
Lev	13	31	Sin autem viderit locum maculæ æqualem vicinæ carni, et capillum nigrum: recludet eum septem diebus,
Lev	13	32	et die septimo intuebitur. Si non creverit macula, et capillus sui coloris est, et locus plagæ carni reliquæ æqualis:
Lev	13	33	radetur homo absque loco maculæ, et includetur septem diebus aliis.
Lev	13	34	Si die septimo visa fuerit stetisse plaga in loco suo, nec humilior carne reliqua, mundabit eum: lotisque vestibus suis, mundus erit.
Lev	13	35	Sin autem post emundationem rursus creverit macula in cute,
Lev	13	36	non quæret amplius utrum capillus in flavum colorem sit immutatus, quia aperte immundus est.
Lev	13	37	Porro si steterit macula, et capilli nigri fuerint, noverit hominem sanatum esse, et confidenter eum pronuntiet mundum.
Lev	13	38	Vir, sive mulier, in cujus cute candor apparuerit,
Lev	13	39	intuebitur eos sacerdos. Si deprehenderit subobscurum alborem lucere in cute, sciat non esse lepram, sed maculam coloris candidi, et hominem mundum.
Lev	13	40	Vir, de cujus capite capilli fluunt, calvus et mundus est:
Lev	13	41	et si a fronte ceciderint pili, recalvaster et mundus est.
Lev	13	42	Sin autem in calvitio sive in recalvatione albus vel rufus color fuerit exortus,
Lev	13	43	et hoc sacerdos viderit, condemnabit eum haud dubiæ lepræ, quæ orta est in calvitio.
Lev	13	44	Quicumque ergo maculatus fuerit lepra, et separatus est ad arbitrium sacerdotis,
Lev	13	45	habebit vestimenta dissuta, caput nudum, os veste contectum, contaminatum ac sordidum se clamabit.
Lev	13	46	Omni tempore quo leprosus est et immundus, solus habitabit extra castra.
Lev	13	47	Vestis lanea sive linea, quæ lepram habuerit,
Lev	13	48	in stamine atque subtegmine, aut certe pellis, vel quidquid ex pelle confectum est,
Lev	13	49	si alba vel rufa macula fuerit infecta, lepra reputabitur, ostendeturque sacerdoti:
Lev	13	50	qui consideratam recludet septem diebus:
Lev	13	51	et die septimo rursus aspiciens, si deprehenderit crevisse, lepra perseverans est: pollutum judicabit vestimentum, et omne in quo fuerit inventa:
Lev	13	52	et idcirco comburetur flammis.
Lev	13	53	Quod si eam viderit non crevisse,
Lev	13	54	præcipiet, et lavabunt id in quo lepra est, recludetque illud septem diebus aliis.
Lev	13	55	Et cum viderit faciem quidem pristinam non reversam, nec tamen crevisse lepram, immundum judicabit, et igne comburet, eo quod infusa sit in superficie vestimenti, vel per totum, lepra.
Lev	13	56	Sin autem obscurior fuerit locus lepræ, postquam vestis est lota, abrumpet eum, et a solido dividet.
Lev	13	57	Quod si ultra apparuerit in his locis, quæ prius immaculata erant, lepra volatilis et vaga, debet igne comburi.
Lev	13	58	Si cessaverit, lavabit aqua ea, quæ pura sunt, secundo, et munda erunt.
Lev	13	59	Ista est lex lepræ vestimenti lanei et linei, staminis, atque subtegminis, omnisque supellectilis pelliceæ, quomodo mundari debeat, vel contaminari.
Lev	14	1	Locutusque est Dominus ad Moysen, dicens:
Lev	14	2	Hic est ritus leprosi, quando mundandus est. Adducetur ad sacerdotem:
Lev	14	3	qui egressus de castris, cum invenerit lepram esse mundatam,
Lev	14	4	præcipiet ei, qui purificatur, ut offerat duos passeres vivos pro se, quibus vesci licitum est, et lignum cedrinum, vermiculumque et hyssopum.
Lev	14	5	Et unum ex passeribus immolari jubebit in vase fictili super aquas viventes:
Lev	14	6	alium autem vivum cum ligno cedrino, et cocco et hyssopo, tinget in sanguine passeris immolati,
Lev	14	7	quo asperget illum, qui mundandus est, septies, ut jure purgetur: et dimittet passerem vivum, ut in agrum avolet.
Lev	14	8	Cumque laverit homo vestimenta sua, radet omnes pilos corporis, et lavabitur aqua: purificatusque ingredietur castra, ita dumtaxat ut maneat extra tabernaculum suum septem diebus,
Lev	14	9	et die septimo radet capillos capitis, barbamque et supercilia, ac totius corporis pilos. Et lotis rursum vestibus et corpore,
Lev	14	10	die octavo assumet duos agnos immaculatos, et ovem anniculam absque macula, et tres decimas similæ in sacrificium, quæ conspersa sit oleo, et seorsum olei sextarium.
Lev	14	11	Cumque sacerdos purificans hominem, statuerit eum, et hæc omnia coram Domino in ostio tabernaculi testimonii,
Lev	14	12	tollet agnum et offeret eum pro delicto, oleique sextarium: et oblatis ante Dominum omnibus,
Lev	14	13	immolabit agnum, ubi solet immolari hostia pro peccato, et holocaustum, id est, in loco sancto. Sicut enim pro peccato, ita et pro delicto ad sacerdotem pertinet hostia: Sancta sanctorum est.
Lev	14	14	Assumensque sacerdos de sanguine hostiæ, quæ immolata est pro delicto, ponet super extremum auriculæ dextræ ejus qui mundatur, et super pollices manus dextræ et pedis:
Lev	14	15	et de olei sextario mittet in manum suam sinistram,
Lev	14	16	tingetque digitum dextrum in eo, et asperget coram Domino septies.
Lev	14	17	Quod autem reliquum est olei in læva manu, fundet super extremum auriculæ dextræ ejus qui mundatur, et super pollices manus ac pedis dextri, et super sanguinem qui effusus est pro delicto,
Lev	14	18	et super caput ejus.
Lev	14	19	Rogabitque pro eo coram Domino, et faciet sacrificium pro peccato: tunc immolabit holocaustum,
Lev	14	20	et ponet illud in altari cum libamentis suis, et homo rite mundabitur.
Lev	14	21	Quod si pauper est, et non potest manus ejus invenire quæ dicta sunt pro delicto, assumet agnum ad oblationem, ut roget pro eo sacerdos, decimamque partem similæ conspersæ oleo in sacrificium, et olei sextarium,
Lev	14	22	duosque turtures sive duos pullos columbæ, quorum unus sit pro peccato, et alter in holocaustum:
Lev	14	23	offeretque ea die octavo purificationis suæ sacerdoti, ad ostium tabernaculi testimonii coram Domino.
Lev	14	24	Qui suscipiens agnum pro delicto et sextarium olei, levabit simul:
Lev	14	25	immolatoque agno, de sanguine ejus ponet super extremum auriculæ dextræ illius qui mundatur, et super pollices manus ejus ac pedis dextri:
Lev	14	26	olei vero partem mittet in manum suam sinistram,
Lev	14	27	in quo tingens digitum dextræ manus asperget septies coram Domino:
Lev	14	28	tangetque extremum dextræ auriculæ illius qui mundatur, et pollices manus ac pedis dextri, in loco sanguinis qui effusus est pro delicto:
Lev	14	29	reliquam autem partem olei, quæ est in sinistra manu, mittet super caput purificati, ut placet pro eo Dominum:
Lev	14	30	et turturem sive pullum columbæ offeret,
Lev	14	31	unum pro delicto, et alterum in holocaustum cum libamentis suis.
Lev	14	32	Hoc est sacrificium leprosi, qui habere non potest omnia in emundationem sui.
Lev	14	33	Locutusque est Dominus ad Moysen et Aaron, dicens:
Lev	14	34	Cum ingressi fueritis terram Chanaan, quam ego dabo vobis in possessionem, si fuerit plaga lepræ in ædibus,
Lev	14	35	ibit cujus est domus, nuntians sacerdoti, et dicet: Quasi plaga lepræ videtur mihi esse in domo mea.
Lev	14	36	At ille præcipiet ut efferant universa de domo, priusquam ingrediatur eam, et videat utrum leprosa sit, ne immunda fiant omnia quæ in domo sunt. Intrabitque postea ut consideret lepram domus:
Lev	14	37	et cum viderit in parietibus illius quasi valliculas pallore sive rubore deformes, et humiliores superficie reliqua,
Lev	14	38	egredietur ostium domus, et statim claudet illam septem diebus.
Lev	14	39	Reversusque die septimo, considerabit eam: si invenerit crevisse lepram,
Lev	14	40	jubebit erui lapides in quibus lepra est, et projici eos extra civitatem in locum immundum:
Lev	14	41	domum autem ipsam radi intrinsecus per circuitum, et spargi pulverem rasuræ extra urbem in locum immundum,
Lev	14	42	lapidesque alios reponi pro his qui ablati fuerint, et luto alio liniri domum.
Lev	14	43	Sin autem postquam eruti sunt lapides, et pulvis erasus, et alia terra lita,
Lev	14	44	ingressus sacerdos viderit reversam lepram, et parietes respersos maculis, lepra est perseverans, et immunda domus:
Lev	14	45	quam statim destruent, et lapides ejus ac ligna, atque universum pulverem projicient extra oppidum in locum immundum.
Lev	14	46	Qui intraverit domum quando clausa est, immundus erit usque ad vesperum:
Lev	14	47	et qui dormierit in ea, et comederit quippiam, lavabit vestimenta sua.
Lev	14	48	Quod si introiens sacerdos viderit lepram non crevisse in domo, postquam denuo lita fuerit, purificabit eam reddita sanitate:
Lev	14	49	et in purificationem ejus sumet duos passeres, lignumque cedrinum, et vermiculum atque hyssopum:
Lev	14	50	et immolato uno passere in vase fictili super aquas vivas,
Lev	14	51	tollet lignum cedrinum, et hyssopum, et coccum, et passerem vivum, et tinget omnia in sanguine passeris immolati, atque in aquis viventibus, et asperget domum septies,
Lev	14	52	purificabitque eam tam in sanguine passeris quam in aquis viventibus, et in passere vivo, lignoque cedrino et hyssopo atque vermiculo.
Lev	14	53	Cumque dimiserit passerem avolare in agrum libere, orabit pro domo, et jure mundabitur.
Lev	14	54	Ista est lex omnis lepræ et percussuræ,
Lev	14	55	lepræ vestium et domorum,
Lev	14	56	cicatricis et erumpentium papularum, lucentis maculæ, et in varias species, coloribus immutatis,
Lev	14	57	ut possit sciri quo tempore mundum quid, vel immundum sit.
Lev	15	1	Locutusque est Dominus ad Moysen et Aaron, dicens:
Lev	15	2	Loquimini filiis Israël, et dicite eis: Vir, qui patitur fluxum seminis, immundus erit.
Lev	15	3	Et tunc judicabitur huic vitio subjacere, cum per singula momenta adhæserit carni ejus, atque concreverit fœdus humor.
Lev	15	4	Omne stratum, in quo dormierit, immundum erit, et ubicumque sederit.
Lev	15	5	Si quis hominum tetigerit lectum ejus, lavabit vestimenta sua, et ipse lotus aqua, immundus erit usque ad vesperum.
Lev	15	6	Si sederit ubi ille sederat, et ipse lavabit vestimenta sua: et lotus aqua, immundus erit usque ad vesperum.
Lev	15	7	Qui tetigerit carnem ejus, lavabit vestimenta sua: et ipse lotus aqua, immundus erit usque ad vesperum.
Lev	15	8	Si salivam hujuscemodi homo jecerit super eum qui mundus est, lavabit vestimenta sua: et lotus aqua, immundus erit usque ad vesperum.
Lev	15	9	Sagma, super quo sederit, immundum erit:
Lev	15	10	et quidquid sub eo fuerit, qui fluxum seminis patitur, pollutum erit usque ad vesperum. Qui portaverit horum aliquid, lavabit vestimenta sua: et ipse lotus aqua, immundus erit usque ad vesperum.
Lev	15	11	Omnis, quem tetigerit qui talis est, non lotis ante manibus, lavabit vestimenta sua, et lotus aqua, immundus erit usque ad vesperum.
Lev	15	12	Vas fictile quod tetigerit confringetur: vas autem ligneum lavabitur aqua.
Lev	15	13	Si sanatus fuerit qui hujuscemodi sustinet passionem, numerabit septem dies post emundationem sui, et lotis vestibus et toto corpore in aquis viventibus, erit mundus.
Lev	15	14	Die autem octavo sumet duos turtures, aut duos pullos columbæ, et veniet in conspectum Domini ad ostium tabernaculi testimonii, dabitque eos sacerdoti:
Lev	15	15	qui faciet unum pro peccato et alterum in holocaustum: rogabitque pro eo coram Domino, ut emundetur a fluxi seminis sui.
Lev	15	16	Vir de quo egreditur semen coitus, lavabit aqua omne corpus suum: et immundus erit usque ad vesperum.
Lev	15	17	Vestem et pellem, quam habuerit, lavabit aqua, et immunda erit usque ad vesperum.
Lev	15	18	Mulier, cum qua coierit, lavabitur aqua, et immunda erit usque ad vesperum.
Lev	15	19	Mulier, quæ redeunte mense patitur fluxum sanguinis, septem diebus separabitur.
Lev	15	20	Omnis qui tetigerit eam, immundus erit usque ad vesperum:
Lev	15	21	et in quo dormierit vel sederit diebus separationis suæ, polluetur.
Lev	15	22	Qui tetigerit lectum ejus, lavabit vestimenta sua: et ipse lotus aqua, immundus erit usque ad vesperum.
Lev	15	23	Omne vas, super quo illa sederit, quisquis attigerit, lavabit vestimenta sua: et ipse lotus aqua, pollutus erit usque ad vesperum.
Lev	15	24	Si coierit cum ea vir tempore sanguinis menstrualis, immundus erit septem diebus: et omne stratum, in quo dormierit, polluetur.
Lev	15	25	Mulier, quæ patitur multis diebus fluxum sanguinis non in tempore menstruali, vel quæ post menstruum sanguinem fluere non cessat, quamdiu subjacet huic passioni, immunda erit quasi sit in tempore menstruo.
Lev	15	26	Omne stratum, in quo dormierit, et vas in quo sederit, pollutum erit.
Lev	15	27	Quicumque tetigerit ea, lavabit vestimenta sua: et ipse lotus aqua, immundus erit usque ad vesperam.
Lev	15	28	Si steterit sanguis, et fluere cessaverit, numerabit septem dies purificationis suæ:
Lev	15	29	et die octavo offeret pro se sacerdoti duos turtures, aut duos pullos columbarum, ad ostium tabernaculi testimonii:
Lev	15	30	qui unum faciet pro peccato, et alterum in holocaustum, rogabitque pro ea coram Domino, et pro fluxu immunditiæ ejus.
Lev	15	31	Docebitis ergo filios Israël ut caveant immunditiam, et non moriantur in sordibus suis, cum polluerint tabernaculum meum quod est inter eos.
Lev	15	32	Ista est lex ejus, qui patitur fluxum seminis, et qui polluitur coitu,
Lev	15	33	et quæ menstruis temporibus separatur, vel quæ jugi fluit sanguine, et hominis qui dormierit cum ea.
Lev	16	1	Locutusque est Dominus ad Moysen post mortem duorum filiorum Aaron, quando offerentes ignem alienum interfecti sunt:
Lev	16	2	et præcepit ei, dicens: Loquere ad Aaron fratrem tuum, ne omni tempore ingrediatur sanctuarium, quod est intra velum coram propitiatorio quo tegitur arca, ut non moriatur (quia in nube apparebo super oraculum),
Lev	16	3	nisi hæc ante fecerit: vitulum pro peccato offeret, et arietem in holocaustum.
Lev	16	4	Tunica linea vestietur, feminalibus lineis verenda celabit: accingetur zona linea, cidarim lineam imponet capiti: hæc enim vestimenta sunt sancta: quibus cunctis, cum lotus fuerit, induetur.
Lev	16	5	Suscipietque ab universa multitudine filiorum Israël duos hircos pro peccato, et unum arietem in holocaustum.
Lev	16	6	Cumque obtulerit vitulum, et oraverit pro se et pro domo sua,
Lev	16	7	duos hircos stare faciet coram Domino in ostio tabernaculi testimonii:
Lev	16	8	mittensque super utrumque sortem, unam Domino, alteram capro emissario:
Lev	16	9	cujus exierit sors Domino, offeret illum pro peccato:
Lev	16	10	cujus autem in caprum emissarium, statuet eum vivum coram Domino, ut fundat preces super eo, et emittat eum in solitudinem.
Lev	16	11	His rite celebratis, offeret vitulum, et rogans pro se, et pro domo sua, immolabit eum:
Lev	16	12	assumptoque thuribulo, quod de prunis altaris impleverit, et hauriens manu compositum thymiama in incensum, ultra velum intrabit in sancta:
Lev	16	13	ut, positis super ignem aromatibus, nebula eorum et vapor operiat oraculum quod est supra testimonium, et non moriatur.
Lev	16	14	Tollet quoque de sanguine vituli, et asperget digito septies contra propitiatorium ad orientem.
Lev	16	15	Cumque mactaverit hircum pro peccato populi, inferet sanguinem ejus intra velum, sicut præceptum est de sanguine vituli, ut aspergat e regione oraculi,
Lev	16	16	et expiet sanctuarium ab immunditiis filiorum Israël, et a prævaricationibus eorum, cunctisque peccatis. Juxta hunc ritum faciet tabernaculo testimonii, quod fixum est inter eos, in medio sordium habitationis eorum.
Lev	16	17	Nullus hominum sit in tabernaculo, quando pontifex sanctuarium ingreditur, ut roget pro se, et pro domo sua, et pro universo cœtu Israël, donec egrediatur.
Lev	16	18	Cum autem exierit ad altare quod coram Domino est, oret pro se, et sumptum sanguinem vituli atque hirci fundat super cornua ejus per gyrum:
Lev	16	19	aspergensque digito septies, expiet, et sanctificet illud ab immunditiis filiorum Israël.
Lev	16	20	Postquam emundaverit sanctuarium, et tabernaculum, et altare, tunc offerat hircum viventem:
Lev	16	21	et posita utraque manu super caput ejus, confiteatur omnes iniquitates filiorum Israël, et universa delicta atque peccata eorum: quæ imprecans capiti ejus, emittet illum per hominem paratum, in desertum.
Lev	16	22	Cumque portaverit hircus omnes iniquitates eorum in terram solitariam, et dimissus fuerit in deserto,
Lev	16	23	revertetur Aaron in tabernaculum testimonii, et depositis vestibus, quibus prius indutus erat, cum intraret sanctuarium, relictisque ibi,
Lev	16	24	lavabit carnem suam in loco sancto, indueturque vestibus suis. Et postquam egressus obtulerit holocaustum suum, ac plebis, rogabit tam pro se quam pro populo:
Lev	16	25	et adipem, qui oblatus est pro peccatis, adolebit super altare.
Lev	16	26	Ille vero, qui dimiserit caprum emissarium, lavabit vestimenta sua, et corpus aqua, et sic ingredietur in castra.
Lev	16	27	Vitulum autem, et hircum, qui pro peccato fuerant immolati, et quorum sanguis illatus est in sanctuarium, ut expiatio compleretur, asportabunt foras castra, et comburent igni tam pelles quam carnes eorum, ac fimum:
Lev	16	28	et quicumque combusserit ea, lavabit vestimenta sua et carnem aqua, et sic ingredietur in castra.
Lev	16	29	Eritque vobis hoc legitimum sempiternum: mense septimo, decima die mensis, affligetis animas vestras, nullumque opus facietis, sive indigena, sive advena qui peregrinatur inter vos.
Lev	16	30	In hac die expiatio erit vestri, atque mundatio ab omnibus peccatis vestris: coram Domino mundabimini.
Lev	16	31	Sabbatum enim requietionis est, et affligetis animas vestras religione perpetua.
Lev	16	32	Expiabit autem sacerdos, qui unctus fuerit, et cujus manus initiatæ sunt ut sacerdotio fungatur pro patre suo: indueturque stola linea et vestibus sanctis,
Lev	16	33	et expiabit sanctuarium et tabernaculum testimonii atque altare, sacerdotes quoque et universum populum.
Lev	16	34	Eritque vobis hoc legitimum sempiternum, ut oretis pro filiis Israël, et pro cunctis peccatis eorum semel in anno. Fecit igitur sicut præceperat Dominus Moysi.
Lev	17	1	Et locutus est Dominus ad Moysen, dicens:
Lev	17	2	Loquere Aaron et filiis ejus, et cunctis filiis Israël, dicens ad eos: Iste est sermo quem mandavit Dominus, dicens:
Lev	17	3	Homo quilibet de domo Israël, si occiderit bovem aut ovem, sive capram, in castris vel extra castra,
Lev	17	4	et non obtulerit ad ostium tabernaculi oblationem Domino, sanguinis reus erit: quasi si sanguinem fuderit, sic peribit de medio populi sui.
Lev	17	5	Ideo sacerdoti offerre debent filii Israël hostias suas, quas occident in agro, ut sanctificentur Domino ante ostium tabernaculi testimonii, et immolent eas hostias pacificas Domino.
Lev	17	6	Fundetque sacerdos sanguinem super altare Domini ad ostium tabernaculi testimonii, et adolebit adipem in odorem suavitatis Domino:
Lev	17	7	et nequaquam ultra immolabunt hostias suas dæmonibus, cum quibus fornicati sunt. Legitimum sempiternum erit illis et posteris eorum.
Lev	17	8	Et ad ipsos dices: Homo de domo Israël, et de advenis qui peregrinantur apud vos, qui obtulerit holocaustum sive victimam,
Lev	17	9	et ad ostium tabernaculi testimonii non adduxerit eam, ut offeratur Domino, interibit de populo suo.
Lev	17	10	Homo quilibet de domo Israël et de advenis qui peregrinantur inter eos, si comederit sanguinem, obfirmabo faciem meam contra animam illius, et disperdam eam de populo suo,
Lev	17	11	quia anima carnis in sanguine est: et ego dedi illum vobis, ut super altare in eo expietis pro animabus vestris, et sanguis pro animæ piaculo sit.
Lev	17	12	Idcirco dixi filiis Israël: Omnis anima ex vobis non comedet sanguinem, nec ex advenis qui peregrinantur apud vos.
Lev	17	13	Homo quicumque de filiis Israël, et de advenis qui peregrinantur apud vos, si venatione atque aucupio ceperit feram, vel avem, quibus vesci licitum est, fundat sanguinem ejus, et operiat illum terra.
Lev	17	14	Anima enim omnis carnis in sanguine est: unde dixi filiis Israël: Sanguinem universæ carnis non comedetis, quia anima carnis in sanguine est: et quicumque comederit illum, interibit.
Lev	17	15	Anima, quæ comederit morticinum, vel captum a bestia, tam de indigenis, quam de advenis, lavabit vestimenta sua et semetipsum aqua, et contaminatus erit usque ad vesperum: et hoc ordine mundus fiet.
Lev	17	16	Quod si non laverit vestimenta sua et corpus, portabit iniquitatem suam.
Lev	18	1	Locutus est Dominus ad Moysen, dicens:
Lev	18	2	Loquere filiis Israël, et dices ad eos: Ego Dominus Deus vester:
Lev	18	3	juxta consuetudinem terræ Ægypti, in qua habitastis, non facietis: et juxta morem regionis Chanaan, ad quam ego introducturus sum vos, non agetis, nec in legitimis eorum ambulabitis.
Lev	18	4	Facietis judicia mea, et præcepta mea servabitis, et ambulabitis in eis. Ego Dominus Deus vester.
Lev	18	5	Custodite leges meas atque judicia, quæ faciens homo, vivet in eis. Ego Dominus.
Lev	18	6	Omnis homo ad proximam sanguinis sui non accedet, ut revelet turpitudinem ejus. Ego Dominus.
Lev	18	7	Turpitudinem patris tui et turpitudinem matris tuæ non discooperies: mater tua est: non revelabis turpitudinem ejus.
Lev	18	8	Turpitudinem uxoris patris tui non discooperies: turpitudo enim patris tui est.
Lev	18	9	Turpitudinem sororis tuæ ex patre sive ex matre, quæ domi vel foris genita est, non revelabis.
Lev	18	10	Turpitudinem filiæ filii tui vel neptis ex filia non revelabis: quia turpitudo tua est.
Lev	18	11	Turpitudinem filiæ uxoris patris tui, quam peperit patri tuo, et est soror tua, non revelabis.
Lev	18	12	Turpitudinem sororis patris tui non discooperies: quia caro est patris tui.
Lev	18	13	Turpitudinem sororis matris tuæ non revelabis, eo quod caro sit matris tuæ.
Lev	18	14	Turpitudinem patrui tui non revelabis, nec accedes ad uxorem ejus, quæ tibi affinitate conjungitur.
Lev	18	15	Turpitudinem nurus tuæ non revelabis, quia uxor filii tui est: nec discooperies ignominiam ejus.
Lev	18	16	Turpitudinem uxoris fratris tui non revelabis: quia turpitudo fratris tui est.
Lev	18	17	Turpitudinem uxoris tuæ et filiæ ejus non revelabis. Filiam filii ejus, et filiam filiæ illius non sumes, ut reveles ignominiam ejus: quia caro illius sunt, et talis coitus incestus est.
Lev	18	18	Sororem uxoris tuæ in pellicatum illius non accipies, nec revelabis turpitudinem ejus adhuc illa vivente.
Lev	18	19	Ad mulierem quæ patitur menstrua non accedes, nec revelabis fœditatem ejus.
Lev	18	20	Cum uxore proximi tui non coibis, nec seminis commistione maculaberis.
Lev	18	21	De semine tuo non dabis ut consecretur idolo Moloch, nec pollues nomen Dei tui. Ego Dominus.
Lev	18	22	Cum masculo non commiscearis coitu femineo, quia abominatio est.
Lev	18	23	Cum omni pecore non coibis, nec maculaberis cum eo. Mulier non succumbet jumento, nec miscebitur ei, quia scelus est.
Lev	18	24	Nec polluamini in omnibus his quibus contaminatæ sunt universæ gentes, quas ego ejiciam ante conspectum vestrum,
Lev	18	25	et quibus polluta est terra: cujus ego scelera visitabo, ut evomat habitatores suos.
Lev	18	26	Custodite legitima mea atque judicia, et non faciatis ex omnibus abominationibus istis, tam indigena quam colonus qui peregrinantur apud vos.
Lev	18	27	Omnes enim execrationes istas fecerunt accolæ terræ qui fuerunt ante vos, et polluerunt eam.
Lev	18	28	Cavete ergo ne et vos similiter evomat, cum paria feceritis, sicut evomuit gentem, quæ fuit ante vos.
Lev	18	29	Omnis anima, quæ fecerit de abominationibus his quippiam, peribit de medio populi sui.
Lev	18	30	Custodite mandata mea. Nolite facere quæ fecerunt hi qui fuerunt ante vos, et ne polluamini in eis. Ego Dominus Deus vester.
Lev	19	1	Locutus est Dominus ad Moysen, dicens:
Lev	19	2	Loquere ad omnem cœtum filiorum Israël, et dices ad eos: Sancti estote, quia ego sanctus sum, Dominus Deus vester.
Lev	19	3	Unusquisque patrem suum, et matrem suam timeat. Sabbata mea custodite. Ego Dominus Deus vester.
Lev	19	4	Nolite converti ad idola, nec deos conflatiles faciatis vobis. Ego Dominus Deus vester.
Lev	19	5	Si immolaveritis hostiam pacificorum Domino, ut sit placabilis,
Lev	19	6	eo die quo fuerit immolata, comedetis eam, et die altero: quidquid autem residuum fuerit in diem tertium, igne comburetis.
Lev	19	7	Si quis post biduum comederit ex ea, profanus erit, et impietatis reus:
Lev	19	8	portabitque iniquitatem suam, quia sanctum Domini polluit, et peribit anima illa de populo suo.
Lev	19	9	Cumque messueris segetes terræ tuæ, non tondebis usque ad solum superficiem terræ, nec remanentes spicas colliges,
Lev	19	10	neque in vinea tua racemos et grana decidentia congregabis: sed pauperibus et peregrinis carpenda dimittes. Ego Dominus Deus vester.
Lev	19	11	Non facietis furtum. Non mentiemini, nec decipiet unusquisque proximum suum.
Lev	19	12	Non perjurabis in nomine meo, nec pollues nomen Dei tui. Ego Dominus.
Lev	19	13	Non facies calumniam proximo tuo nec vi opprimes eum. Non morabitur opus mercenarii tui apud te usque mane.
Lev	19	14	Non maledices surdo, nec coram cæco pones offendiculum: sed timebis Dominum Deum tuum, quia ego sum Dominus.
Lev	19	15	Non facies quod iniquum est, nec injuste judicabis. Non consideres personam pauperis, nec honores vultum potentis. Juste judica proximo tuo.
Lev	19	16	Non eris criminator, nec susurro in populo. Non stabis contra sanguinem proximi tui. Ego Dominus.
Lev	19	17	Non oderis fratrem tuum in corde tuo, sed publice argue eum, ne habeas super illo peccatum.
Lev	19	18	Non quæras ultionem, nec memor eris injuriæ civium tuorum. Diliges amicum tuum sicut teipsum. Ego Dominus.
Lev	19	19	Leges meas custodite. Jumentum tuum non facies coire cum alterius generis animantibus. Agrum tuum non seres diverso semine. Veste, quæ ex duobus texta est, non indueris.
Lev	19	20	Homo, si dormierit cum muliere coitu seminis, quæ sit ancilla etiam nubilis, et tamen pretio non redempta, nec libertate donata: vapulabunt ambo, et non morientur, quia non fuit libera.
Lev	19	21	Pro delicto autem suo offeret Domino ad ostium tabernaculi testimonii arietem:
Lev	19	22	orabitque pro eo sacerdos, et pro peccato ejus coram Domino, et repropitiabitur ei, dimitteturque peccatum.
Lev	19	23	Quando ingressi fueritis terram, et plantaveritis in ea ligna pomifera, auferetis præputia eorum: poma, quæ germinant, immunda erunt vobis, nec edetis ex eis.
Lev	19	24	Quarto autem anno omnis fructus eorum sanctificabitur, laudabilis Domino.
Lev	19	25	Quinto autem anno comedetis fructus, congregantes poma, quæ proferunt. Ego Dominus Deus vester.
Lev	19	26	Non comedetis cum sanguine. Non augurabimini, nec observabitis somnia.
Lev	19	27	Neque in rotundum attondebitis comam, nec radetis barbam.
Lev	19	28	Et super mortuo non incidetis carnem vestram, neque figuras aliquas aut stigmata facietis vobis. Ego Dominus.
Lev	19	29	Ne prostituas filiam tuam, ne contaminetur terra et impleatur piaculo.
Lev	19	30	Sabbata mea custodite, et sanctuarium meum metuite. Ego Dominus.
Lev	19	31	Non declinetis ad magos, nec ab ariolis aliquid sciscitemini, ut polluamini per eos. Ego Dominus Deus vester.
Lev	19	32	Coram cano capite consurge, et honora personam senis: et time Dominum Deum tuum. Ego sum Dominus.
Lev	19	33	Si habitaverit advena in terra vestra, et moratus fuerit inter vos, non exprobretis ei:
Lev	19	34	sed sit inter vos quasi indigena, et diligetis eum quasi vosmetipsos: fuistis enim et vos advenæ in terra Ægypti. Ego Dominus Deus vester.
Lev	19	35	Nolite facere iniquum aliquid in judicio, in regula, in pondere, in mensura.
Lev	19	36	Statera justa, et æqua sint pondera, justus modius, æquusque sextarius. Ego Dominus Deus vester, qui eduxi vos de terra Ægypti.
Lev	19	37	Custodite omnia præcepta mea, et universa judicia, et facite ea. Ego Dominus.
Lev	20	1	Locutusque est Dominus ad Moysen, dicens:
Lev	20	2	Hæc loqueris filiis Israël: Homo de filiis Israël, et de advenis qui habitant in Israël, si quis dederit de semine suo idolo Moloch, morte moriatur: populus terræ lapidabit eum.
Lev	20	3	Et ego ponam faciem meam contra illum: succidamque eum de medio populi sui, eo quod dederit de semine suo Moloch, et contaminaverit sanctuarium meum, ac polluerit nomen sanctum meum.
Lev	20	4	Quod si negligens populus terræ, et quasi parvipendens imperium meum, dimiserit hominem qui dedit de semine suo Moloch, nec voluerit eum occidere:
Lev	20	5	ponam faciem meam super hominem illum, et super cognationem ejus, succidamque et ipsum, et omnes qui consenserunt ei ut fornicarentur cum Moloch, de medio populi sui.
Lev	20	6	Anima, quæ declinaverit ad magos et ariolos, et fornicata fuerit cum eis, ponam faciem meam contra eam, et interficiam illam de medio populi sui.
Lev	20	7	Sanctificamini et estote sancti, quia ego sum Dominus Deus vester.
Lev	20	8	Custodite præcepta mea, et facite ea: ego Dominus qui sanctifico vos.
Lev	20	9	Qui maledixerit patri suo, aut matri, morte moriatur: patri matrique maledixit: sanguis ejus sit super eum.
Lev	20	10	Si mœchatus quis fuerit cum uxore alterius, et adulterium perpetraverit cum conjuge proximi sui, morte moriantur et mœchus et adultera.
Lev	20	11	Qui dormierit cum noverca sua, et revelaverit ignominiam patris sui, morte moriantur ambo: sanguis eorum sit super eos.
Lev	20	12	Si quis dormierit cum nuru sua, uterque moriatur, quia scelus operati sunt: sanguis eorum sit super eos.
Lev	20	13	Qui dormierit cum masculo coitu femineo, uterque operatus est nefas: morte moriantur: sit sanguis eorum super eos.
Lev	20	14	Qui supra uxorem filiam, duxerit matrem ejus, scelus operatus est: vivus ardebit cum eis, nec permanebit tantum nefas in medio vestri.
Lev	20	15	Qui cum jumento et pecore coierit, morte moriatur: pecus quoque occidite.
Lev	20	16	Mulier, quæ succubuerit cuilibet jumento, simul interficietur cum eo: sanguis eorum sit super eos.
Lev	20	17	Qui acceperit sororem suam filiam patris sui, vel filiam matris suæ, et viderit turpitudinem ejus, illaque conspexerit fratris ignominiam, nefariam rem operati sunt: occidentur in conspectu populi sui, eo quod turpitudinem suam mutuo revelaverint, et portabunt iniquitatem suam.
Lev	20	18	Qui coierit cum muliere in fluxu menstruo, et revelaverit turpitudinem ejus, ipsaque aperuerit fontem sanguinis sui, interficientur ambo de medio populi sui.
Lev	20	19	Turpitudinem materteræ et amitæ tuæ non discooperies: qui hoc fecerit, ignominiam carnis suæ nudavit; portabunt ambo iniquitatem suam.
Lev	20	20	Qui coierit cum uxore patrui vel avunculi sui, et revelaverit ignominiam cognationis suæ, portabunt ambo peccatum suum: absque liberis morientur.
Lev	20	21	Qui duxerit uxorem fratris sui, rem facit illicitam: turpitudinem fratris sui revelavit: absque liberis erunt.
Lev	20	22	Custodite leges meas, atque judicia, et facite ea: ne et vos evomat terra quam intraturi estis et habitaturi.
Lev	20	23	Nolite ambulare in legitimis nationum, quas ego expulsurus sum ante vos. Omnia enim hæc fecerunt, et abominatus sum eas.
Lev	20	24	Vobis autem loquor. Possidete terram eorum, quam dabo vobis in hæreditatem, terram fluentem lacte et melle. Ego Dominus Deus vester, qui separavi vos a ceteris populis.
Lev	20	25	Separate ergo et vos jumentum mundum ab immundo, et avem mundam ab immunda: ne polluatis animas vestras in pecore, et avibus, et cunctis quæ moventur in terra, et quæ vobis ostendi esse polluta.
Lev	20	26	Eritis mihi sancti, quia sanctus sum ego Dominus, et separavi vos a ceteris populis, ut essetis mei.
Lev	20	27	Vir, sive mulier, in quibus pythonicus, vel divinationis fuerit spiritus, morte moriantur: lapidibus obruent eos: sanguis eorum sit super illos.
Lev	21	1	Dixit quoque Dominus ad Moysen: Loquere ad sacerdotes filios Aaron, et dices ad eos: Ne contaminetur sacerdos in mortibus civium suorum,
Lev	21	2	nisi tantum in consanguineis, ac propinquis, id est, super patre et matre, et filio, et filia, fratre quoque,
Lev	21	3	et sorore virgine quæ non est nupta viro:
Lev	21	4	sed nec in principe populi sui contaminabitur.
Lev	21	5	Non radent caput, nec barbam, neque in carnibus suis facient incisuras.
Lev	21	6	Sancti erunt Deo suo, et non polluent nomen ejus: incensum enim Domini, et panes Dei sui offerunt, et ideo sancti erunt.
Lev	21	7	Scortum et vile prostibulum non ducent uxorem, nec eam quæ repudiata est a marito: quia consecrati sunt Deo suo,
Lev	21	8	et panes propositionis offerunt. Sint ergo sancti, quia et ego sanctus sum, Dominus qui sanctifico eos.
Lev	21	9	Sacerdotis filia si deprehensa fuerit in stupro, et violaverit nomen patris sui, flammis exuretur.
Lev	21	10	Pontifex, id est, sacerdos maximus inter fratres suos, super cujus caput fusum est unctionis oleum, et cujus manus in sacerdotio consecratæ sunt, vestitusque est sanctis vestibus, caput suum non discooperiet, vestimenta non scindet:
Lev	21	11	et ad omnem mortuum non ingredietur omnino: super patre quoque suo et matre non contaminabitur.
Lev	21	12	Nec egredietur de sanctis, ne polluat sanctuarium Domini, quia oleum sanctæ unctionis Dei sui super eum est. Ego Dominus.
Lev	21	13	Virginem ducet uxorem:
Lev	21	14	viduam autem et repudiatam, et sordidam, atque meretricem non accipiet, sed puellam de populo suo:
Lev	21	15	ne commisceat stirpem generis sui vulgo gentis suæ: quia ego Dominus, qui sanctifico eum.
Lev	21	16	Locutusque est Dominus ad Moysen, dicens:
Lev	21	17	Loquere ad Aaron: Homo de semine tuo per familias qui habuerit maculam, non offeret panes Deo suo,
Lev	21	18	nec accedet ad ministerium ejus: si cæcus fuerit, si claudus, si parvo vel grandi, vel torto naso,
Lev	21	19	si fracto pede, si manu,
Lev	21	20	si gibbus, si lippus, si albuginem habens in oculo, si jugem scabiem, si impetiginem in corpore, vel herniosus.
Lev	21	21	Omnis qui habuerit maculam de semine Aaron sacerdotis, non accedet offerre hostias Domino, nec panes Deo suo:
Lev	21	22	vescetur tamen panibus qui offeruntur in sanctuario,
Lev	21	23	ita dumtaxat, ut intra velum non ingrediatur, nec accedat ad altare, quia maculam habet, et contaminare non debet sanctuarium meum. Ego Dominus qui sanctifico eos.
Lev	21	24	Locutus est ergo Moyses ad Aaron, et ad filios ejus, et ad omnem Israël cuncta quæ fuerant sibi imperata.
Lev	22	1	Locutus quoque est Dominus ad Moysen, dicens:
Lev	22	2	Loquere ad Aaron et ad filios ejus, ut caveant ab his quæ consecrata sunt filiorum Israël, et non contaminent nomen sanctificatorum mihi, quæ ipsi offerunt. Ego Dominus.
Lev	22	3	Dic ad eos, et ad posteros eorum: Omnis homo qui accesserit de stirpe vestra ad ea quæ consecrata sunt, et quæ obtulerunt filii Israël Domino, in quo est immunditia, peribit coram Domino. Ego sum Dominus.
Lev	22	4	Homo de semine Aaron, qui fuerit leprosus, aut patiens fluxum seminis, non vescetur de his quæ sanctificata sunt mihi, donec sanetur. Qui tetigerit immundum super mortuo, et ex quo egreditur semen quasi coitus,
Lev	22	5	et qui tangit reptile, et quodlibet immundum cujus tactus est sordidus,
Lev	22	6	immundus erit usque ad vesperum, et non vescetur his quæ sanctificata sunt: sed cum laverit carnem suam aqua,
Lev	22	7	et occubuerit sol, tunc mundatus vescetur de sanctificatis, quia cibus illius est.
Lev	22	8	Morticinum et captum a bestia non comedent, nec polluentur in eis. Ego sum Dominus.
Lev	22	9	Custodiant præcepta mea, ut non subjaceant peccato, et moriantur in sanctuario, cum polluerint illud. Ego Dominus qui sanctifico eos.
Lev	22	10	Omnis alienigena non comedet de sanctificatis; inquilinus sacerdotis et mercenarius non vescentur ex eis.
Lev	22	11	Quem autem sacerdos emerit, et qui vernaculus domus ejus fuerit, his comedent ex eis.
Lev	22	12	Si filia sacerdotis cuilibet ex populo nupta fuerit, de his quæ sanctificata sunt, et de primitiis non vescetur.
Lev	22	13	Sin autem vidua, vel repudiata, et absque liberis reversa fuerit ad domum patris sui: sicut puella consueverat, aletur cibis patris sui. Omnis alienigena comedendi ex eis non habet potestatem.
Lev	22	14	Qui comederit de sanctificatis per ignorantiam, addet quintam partem cum eo quod comedit, et dabit sacerdoti in sanctuarium.
Lev	22	15	Nec contaminabunt sanctificata filiorum Israël, quæ offerunt Domino:
Lev	22	16	ne forte sustineant iniquitatem delicti sui, cum sanctificata comederint. Ego Dominus qui sanctifico eos.
Lev	22	17	Locutusque est Dominus ad Moysen, dicens:
Lev	22	18	Loquere ad Aaron et filios ejus, et ad omnes filios Israël, dicesque ad eos: Homo de domo Israël, et de advenis qui habitant apud vos, qui obtulerit oblationem suam, vel vota solvens, vel sponte offerens, quidquid illud obtulerit in holocaustum Domini,
Lev	22	19	ut offeratur per vos, masculus immaculatus erit ex bobus, et ovibus, et ex capris:
Lev	22	20	si maculam habuerit, non offeretis, neque erit acceptabile.
Lev	22	21	Homo qui obtulerit victimam pacificorum Domino, vel vota solvens, vel sponte offerens, tam de bobus quam de ovibus, immaculatum offeret ut acceptabile sit: omnis macula non erit in eo.
Lev	22	22	Si cæcum fuerit, si fractum, si cicatricem habens, si papulas, aut scabiem, aut impetiginem: non offeretis ea Domino, nec adolebitis ex eis super altare Domini.
Lev	22	23	Bovem et ovem, aure et cauda amputatis, voluntarie offerre potes, votum autem ex eis solvi non potest.
Lev	22	24	Omne animal, quod vel contritis, vel tusis, vel sectis ablatisque testiculis est, non offeretis Domino, et in terra vestra hoc omnino ne faciatis.
Lev	22	25	De manu alienigenæ non offeretis panes Deo vestro, et quidquid aliud dare voluerit, quia corrupta, et maculata sunt omnia: non suscipietis ea.
Lev	22	26	Locutusque est Dominus ad Moysen, dicens:
Lev	22	27	Bos, ovis et capra, cum genita fuerint, septem diebus erunt sub ubere matris suæ: die autem octavo, et deinceps, offerri poterunt Domino.
Lev	22	28	Sive illa bos, sive ovis, non immolabuntur una die cum fœtibus suis.
Lev	22	29	Si immolaveritis hostiam pro gratiarum actione Domino, ut possit esse placabilis,
Lev	22	30	eodem die comedetis eam: non remanebit quidquam in mane alterius diei. Ego Dominus.
Lev	22	31	Custodite mandata mea, et facite ea. Ego Dominus.
Lev	22	32	Ne polluatis nomen meum sanctum, ut sanctificer in medio filiorum Israël. Ego Dominus qui sanctifico vos,
Lev	22	33	et eduxi de terra Ægypti, ut essem vobis in Deum. Ego Dominus.
Lev	23	1	Locutusque est Dominus ad Moysen, dicens:
Lev	23	2	Loquere filiis Israël, et dices ad eos: Hæ sunt feriæ Domini, quas vocabitis sanctas.
Lev	23	3	Sex diebus facietis opus: dies septimus, quia sabbati requies est, vocabitur sanctus: omne opus non facietis in eo: sabbatum Domini est in cunctis habitationibus vestris.
Lev	23	4	Hæ sunt ergo feriæ Domini sanctæ, quas celebrare debetis temporibus suis.
Lev	23	5	Mense primo, quartadecima die mensis ad vesperum, Phase Domini est:
Lev	23	6	et quintadecima die mensis hujus, solemnitas azymorum Domini est. Septem diebus azyma comedetis.
Lev	23	7	Dies primus erit vobis celeberrimus, sanctusque: omne opus servile non facietis in eo,
Lev	23	8	sed offeretis sacrificium in igne Domino septem diebus. Dies autem septimus erit celebrior et sanctior: nullumque servile opus facietis in eo.
Lev	23	9	Locutusque est Dominus ad Moysen, dicens:
Lev	23	10	Loquere filiis Israël, et dices ad eos: Cum ingressi fueritis terram, quam ego dabo vobis, et messueritis segetem, feretis manipulos spicarum, primitias messis vestræ, ad sacerdotem:
Lev	23	11	qui elevabit fasciculum coram Domino, ut acceptabile sit pro vobis, altero die sabbati, et sanctificabit illum.
Lev	23	12	Atque in eodem die quo manipulus consecratur, cædetur agnus immaculatus anniculus in holocaustum Domini.
Lev	23	13	Et libamenta offerentur cum eo, duæ decimæ similæ conspersæ oleo in incensum Domini, odoremque suavissimum: liba quoque vini, quarta pars hin.
Lev	23	14	Panem, et polentam, et pultes non comedetis ex segete, usque ad diem qua offeretis ex ea Deo vestro. Præceptum est sempiternum in generationibus, cunctisque habitaculis vestris.
Lev	23	15	Numerabitis ergo ab altero die sabbati, in quo obtulistis manipulum primitiarum, septem hebdomadas plenas,
Lev	23	16	usque ad alteram diem expletionis hebdomadæ septimæ, id est, quinquaginta dies: et sic offeretis sacrificium novum Domino
Lev	23	17	ex omnibus habitaculis vestris, panes primitiarum duos de duabus decimis similæ fermentatæ, quos coquetis in primitias Domini.
Lev	23	18	Offeretisque cum panibus septem agnos immaculatos anniculos, et vitulum de armento unum, et arietes duos, et erunt in holocaustum cum libamentis suis, in odorem suavissimum Domini.
Lev	23	19	Facietis et hircum pro peccato, duosque agnos anniculos hostias pacificorum.
Lev	23	20	Cumque elevaverit eos sacerdos cum panibus primitiarum coram Domino, cedent in usum ejus.
Lev	23	21	Et vocabitis hunc diem celeberrimum, atque sanctissimum: omne opus servile non facietis in eo. Legitimum sempiternum erit in cunctis habitaculis, et generationibus vestris.
Lev	23	22	Postquam autem messueritis segetem terræ vestræ, nec secabitis eam usque ad solum, nec remanentes spicas colligetis: sed pauperibus et peregrinis dimittetis eas. Ego sum Dominus Deus vester.
Lev	23	23	Locutusque est Dominus ad Moysen, dicens:
Lev	23	24	Loquere filiis Israël: Mense septimo, prima die mensis, erit vobis sabbatum, memoriale, clangentibus tubis, et vocabitur sanctum:
Lev	23	25	omne opus servile non facietis in eo, et offeretis holocaustum Domino.
Lev	23	26	Locutusque est Dominus ad Moysen, dicens:
Lev	23	27	Decimo die mensis hujus septimi, dies expiationum erit celeberrimus, et vocabitur sanctus: affligetisque animas vestras in eo, et offeretis holocaustum Domino.
Lev	23	28	Omne opus servile non facietis in tempore diei hujus: quia dies propitiationis est, ut propitietur vobis Dominus Deus vester.
Lev	23	29	Omnis anima, quæ afflicta non fuerit die hac, peribit de populis suis:
Lev	23	30	et quæ operis quippiam fecerit, delebo eam de populo suo.
Lev	23	31	Nihil ergo operis facietis in eo: legitimum sempiternum erit vobis in cunctis generationibus, et habitationibus vestris.
Lev	23	32	Sabbatum requietionis est, et affligetis animas vestras die nono mensis: a vespera usque ad vesperam celebrabitis sabbata vestra.
Lev	23	33	Et locutus est Dominus ad Moysen, dicens:
Lev	23	34	Loquere filiis Israël: A quintodecimo die mensis hujus septimi, erunt feriæ tabernaculorum septem diebus Domino.
Lev	23	35	Dies primus vocabitur celeberrimus atque sanctissimus: omne opus servile non facietis in eo.
Lev	23	36	Et septem diebus offeretis holocausta Domino. Dies quoque octavus erit celeberrimus, atque sanctissimus, et offeretis holocaustum Domino: est enim cœtus atque collectæ: omne opus servile non facietis in eo.
Lev	23	37	Hæ sunt feriæ Domini, quas vocabitis celeberrimas atque sanctissimas, offeretisque in eis oblationes Domino, holocausta et libamenta juxta ritum uniuscujusque diei:
Lev	23	38	exceptis sabbatis Domini, donisque vestris, et quæ offeretis ex voto, vel quæ sponte tribuetis Domino.
Lev	23	39	A quintodecimo ergo die mensis septimi, quando congregaveritis omnes fructus terræ vestræ, celebrabitis ferias Domini septem diebus: die primo et die octavo erit sabbatum, id est, requies.
Lev	23	40	Sumetisque vobis die primo fructus arboris pulcherrimæ, spatulasque palmarum, et ramos ligni densarum frondium, et salices de torrente, et lætabimini coram Domino Deo vestro.
Lev	23	41	Celebrabitisque solemnitatem ejus septem diebus per annum: legitimum sempiternum erit in generationibus vestris. Mense septimo festa celebrabitis,
Lev	23	42	et habitabitis in umbraculis septem diebus: omnis, qui de genere est Israël, manebit in tabernaculis,
Lev	23	43	ut discant posteri vestri quod in tabernaculis habitare fecerim filios Israël, cum educerem eos de terra Ægypti. Ego Dominus Deus vester.
Lev	23	44	Locutusque est Moyses super solemnitatibus Domini ad filios Israël.
Lev	24	1	Et locutus est Dominus ad Moysen, dicens:
Lev	24	2	Præcipe filiis Israël, ut afferant tibi oleum de olivis purissimum, ac lucidum, ad concinnandas lucernas jugiter,
Lev	24	3	extra velum testimonii in tabernaculo fœderis. Ponetque eas Aaron a vespere usque ad mane coram Domino, cultu rituque perpetuo in generationibus vestris.
Lev	24	4	Super candelabrum mundissimum ponentur semper in conspectu Domini.
Lev	24	5	Accipies quoque similam, et coques ex ea duodecim panes, qui singuli habebunt duas decimas:
Lev	24	6	quorum senos altrinsecus super mensam purissimam coram Domino statues:
Lev	24	7	et pones super eos thus lucidissimum, ut sit panis in monimentum oblationis Domini.
Lev	24	8	Per singula sabbata mutabuntur coram Domino suscepti a filiis Israël fœdere sempiterno:
Lev	24	9	eruntque Aaron et filiorum ejus, ut comedant eos in loco sancto: quia Sanctum sanctorum est de sacrificiis Domini jure perpetuo.
Lev	24	10	Ecce autem egressus filius mulieris Israëlitidis, quem pepererat de viro ægyptio inter filios Israël, jurgatus est in castris cum viro Israëlita.
Lev	24	11	Cumque blasphemasset nomen, et maledixisset ei, adductus est ad Moysen. (Vocabatur autem mater ejus Salumith, filia Dabri de tribu Dan.)
Lev	24	12	Miseruntque eum in carcerem, donec nossent quid juberet Dominus.
Lev	24	13	Qui locutus est ad Moysen,
Lev	24	14	dicens: Educ blasphemum extra castra, et ponant omnes qui audierunt, manus suas super caput ejus, et lapidet eum populus universus.
Lev	24	15	Et ad filios Israël loqueris: Homo, qui maledixerit Deo suo, portabit peccatum suum;
Lev	24	16	et qui blasphemaverit nomen Domini, morte moriatur: lapidibus opprimet eum omnis multitudo, sive ille civis, sive peregrinus fuerit. Qui blasphemaverit nomen Domini, morte moriatur.
Lev	24	17	Qui percusserit, et occiderit hominem, morte moriatur.
Lev	24	18	Qui percusserit animal, reddet vicarium, id est, animam pro anima.
Lev	24	19	Qui irrogaverit maculam cuilibet civium suorum, sicut fecit, sic fiet ei:
Lev	24	20	fracturam pro fractura, oculum pro oculo, dentem pro dente restituet: qualem inflixerit maculam, talem sustinere cogetur.
Lev	24	21	Qui percusserit jumentum, reddet aliud. Qui percusserit hominem, punietur.
Lev	24	22	Æquum judicium sit inter vos, sive peregrinus, sive civis peccaverit: quia ego sum Dominus Deus vester.
Lev	24	23	Locutusque est Moyses ad filios Israël: et eduxerunt eum, qui blasphemaverat, extra castra, ac lapidibus oppresserunt. Feceruntque filii Israël sicut præceperat Dominus Moysi.
Lev	25	1	Locutusque est Dominus ad Moysen in monte Sinai, dicens:
Lev	25	2	Loquere filiis Israël, et dices ad eos: Quando ingressi fueritis terram quam ego dabo vobis, sabbatizes sabbatum Domino.
Lev	25	3	Sex annis seres agrum tuum, et sex annis putabis vineam tuam, colligesque fructus ejus:
Lev	25	4	septimo autem anno sabbatum erit terræ, requietionis Domini: agrum non seres, et vineam non putabis.
Lev	25	5	Quæ sponte gignet humus, non metes: et uvas primitiarum tuarum non colliges quasi vindemiam: annus enim requietionis terræ est:
Lev	25	6	sed erunt vobis in cibum, tibi et servo tuo, ancillæ et mercenario tuo, et advenæ qui peregrinantur apud te:
Lev	25	7	jumentis tuis et pecoribus, omnia quæ nascuntur præbebunt cibum.
Lev	25	8	Numerabis quoque tibi septem hebdomadas annorum, id est, septies septem, quæ simul faciunt annos quadraginta novem:
Lev	25	9	et clanges buccina mense septimo, decima die mensis, propitiationis tempore, in universa terra vestra.
Lev	25	10	Sanctificabisque annum quinquagesimum, et vocabis remissionem cunctis habitatoribus terræ tuæ: ipse est enim jubilæus. Revertetur homo ad possessionem suam, et unusquisque rediet ad familiam pristinam:
Lev	25	11	quia jubilæus est, et quinquagesimus annus. Non seretis neque metetis sponte in agro nascentia, et primitias vindemiæ non colligetis,
Lev	25	12	ob sanctificationem jubilæi: sed statim oblata comedetis.
Lev	25	13	Anno jubilæi, redient omnes ad possessiones suas.
Lev	25	14	Quando vendes quippiam civi tuo, vel emes ab eo, ne contristes fratrem tuum, sed juxta numerum annorum jubilæi emes ab eo,
Lev	25	15	et juxta supputationem frugum vendet tibi.
Lev	25	16	Quanto plures anni remanserint post jubilæum, tanto crescet et pretium: et quanto minus temporis numeraveris, tanto minoris et emptio constabit: tempus enim frugum vendet tibi.
Lev	25	17	Nolite affligere contribules vestros, sed timeat unusquisque Deum suum, quia ego Dominus Deus vester.
Lev	25	18	Facite præcepta mea, et judicia custodite, et implete ea: ut habitare possitis in terra absque ullo pavore,
Lev	25	19	et gignat vobis humus fructus suos, quibus vescamini usque ad saturitatem, nullius impetum formidantes.
Lev	25	20	Quod si dixeritis: Quid comedemus anno septimo, si non severimus, neque collegerimus fruges nostras?
Lev	25	21	dabo benedictionem meam vobis anno sexto, et faciet fructus trium annorum:
Lev	25	22	seretisque anno octavo, et comedetis veteres fruges usque ad nonum annum: donec nova nascantur, edetis vetera.
Lev	25	23	Terra quoque non vendetur in perpetuum, quia mea est, et vos advenæ et coloni mei estis:
Lev	25	24	unde cuncta regio possessionis vestræ sub redemptionis conditione vendetur.
Lev	25	25	Si attenuatus frater tuus vendiderit possessiunculam suam, et voluerit propinquus ejus, potest redimere quod ille vendiderat.
Lev	25	26	Sin autem non habuerit proximum, et ipse pretium ad redimendum potuerit invenire,
Lev	25	27	computabuntur fructus ex eo tempore quo vendidit: et quod reliquum est, reddet emptori, sicque recipiet possessionem suam.
Lev	25	28	Quod si non invenerit manus ejus ut reddat pretium, habebit emptor quod emerat, usque ad annum jubilæum. In ipso enim omnis venditio redibit ad dominum et ad possessorem pristinum.
Lev	25	29	Qui vendiderit domum intra urbis muros, habebit licentiam redimendi, donec unus impleatur annus.
Lev	25	30	Si non redemerit, et anni circulus fuerit evolutus, emptor possidebit eam, et posteri ejus in perpetuum, et redimi non poterit, etiam in jubilæo.
Lev	25	31	Sin autem in villa domus, quæ muros non habet, agrorum jure vendetur: si ante redempta non fuerit, in jubilæo revertetur ad dominum.
Lev	25	32	Ædes Levitarum quæ in urbibus sunt, semper possunt redimi:
Lev	25	33	si redemptæ non fuerint, in jubilæo revertentur ad dominos, quia domus urbium Levitarum pro possessionibus sunt inter filios Israël.
Lev	25	34	Suburbana autem eorum non veneant, quia possessio sempiterna est.
Lev	25	35	Si attenuatus fuerit frater tuus, et infirmus manu, et susceperis eum quasi advenam et peregrinum, et vixerit tecum,
Lev	25	36	ne accipias usuras ab eo, nec amplius quam dedisti: time Deum tuum, ut vivere possit frater tuus apud te.
Lev	25	37	Pecuniam tuam non dabis ei ad usuram, et frugum superabundantiam non exiges.
Lev	25	38	Ego Dominus Deus vester, qui eduxi vos de terra Ægypti, ut darem vobis terram Chanaan, et essem vester Deus.
Lev	25	39	Si paupertate compulsus vendiderit se tibi frater tuus, non eum opprimes servitute famulorum,
Lev	25	40	sed quasi mercenarius et colonus erit: usque ad annum jubilæum operabitur apud te,
Lev	25	41	et postea egredietur cum liberis suis, et revertetur ad cognationem, ad possessionem patrum suorum.
Lev	25	42	Mei enim servi sunt, et ego eduxi eos de terra Ægypti: non veneant conditione servorum:
Lev	25	43	ne affligas eum per potentiam, sed metuito Deum tuum.
Lev	25	44	Servus et ancilla sint vobis de nationibus quæ in circuitu vestro sunt:
Lev	25	45	et de advenis qui peregrinantur apud vos, vel qui ex his nati fuerint in terra vestra, hos habebitis famulos:
Lev	25	46	et hæreditario jure transmittetis ad posteros, ac possidebitis in æternum: fratres autem vestros filios Israël ne opprimatis per potentiam.
Lev	25	47	Si invaluerit apud vos manus advenæ atque peregrini, et attenuatus frater tuus vendiderit se ei, aut cuiquam de stirpe ejus:
Lev	25	48	post venditionem potest redimi. Qui voluerit ex fratribus suis, redimet eum,
Lev	25	49	et patruus, et patruelis, et consanguineus, et affinis. Sin autem et ipse potuerit, redimet se,
Lev	25	50	supputatis dumtaxat annis a tempore venditionis suæ usque ad annum jubilæum: et pecunia, qua venditus fuerat, juxta annorum numerum, et rationem mercenarii supputata.
Lev	25	51	Si plures fuerint anni qui remanent usque ad jubilæum, secundum hos reddet et pretium:
Lev	25	52	si pauci, ponet rationem cum eo juxta annorum numerum, et reddet emptori quod reliquum est annorum,
Lev	25	53	quibus ante servivit mercedibus imputatis: non affliget eum violenter in conspectu tuo.
Lev	25	54	Quod si per hæc redimi non potuerit, anno jubilæo egredietur cum liberis suis.
Lev	25	55	Mei enim sunt servi filii Israël, quos eduxi de terra Ægypti.
Lev	26	1	Ego Dominus Deus vester: non facietis vobis idolum, et sculptile, nec titulos erigetis, nec insignem lapidem ponetis in terra vestra, ut adoretis eum. Ego enim sum Dominus Deus vester.
Lev	26	2	Custodite sabbata mea, et pavete ad sanctuarium meum. Ego Dominus.
Lev	26	3	Si in præceptis meis ambulaveritis, et mandata mea custodieritis, et feceritis ea, dabo vobis pluvias temporibus suis,
Lev	26	4	et terra gignet germen suum, et pomis arbores replebuntur.
Lev	26	5	Apprehendet messium tritura vindemiam, et vindemia occupabit sementem: et comedetis panem vestrum in saturitate, et absque pavore habitabitis in terra vestra.
Lev	26	6	Dabo pacem in finibus vestris: dormietis, et non erit qui exterreat. Auferam malas bestias, et gladius non transibit terminos vestros.
Lev	26	7	Persequemini inimicos vestros, et corruent coram vobis.
Lev	26	8	Persequentur quinque de vestris centum alienos, et centum de vobis decem millia: cadent inimici vestri gladio in conspectu vestro.
Lev	26	9	Respiciam vos, et crescere faciam: multiplicabimini, et firmabo pactum meum vobiscum.
Lev	26	10	Comedetis vetustissima veterum, et vetera novis supervenientibus projicietis.
Lev	26	11	Ponam tabernaculum meum in medio vestri, et non abjiciet vos anima mea.
Lev	26	12	Ambulabo inter vos, et ero Deus vester, vosque eritis populus meus.
Lev	26	13	Ego Dominus Deus vester, qui eduxi vos de terra Ægyptiorum, ne serviretis eis: et qui confregi catenas cervicum vestrarum, ut incederetis erecti.
Lev	26	14	Quod si non audieritis me, nec feceritis omnia mandata mea,
Lev	26	15	si spreveritis leges meas, et judicia mea contempseritis, ut non faciatis ea quæ a me constituta sunt, et ad irritum perducatis pactum meum:
Lev	26	16	ego quoque hæc faciam vobis: visitabo vos velociter in egestate, et ardore, qui conficiat oculos vestros, et consumat animas vestras. Frustra seretis sementem, quæ ab hostibus devorabitur.
Lev	26	17	Ponam faciem meam contra vos, et corruetis coram hostibus vestris, et subjiciemini his qui oderunt vos: fugietis, nemine persequente.
Lev	26	18	Sin autem nec sic obedieritis mihi, addam correptiones vestras septuplum propter peccata vestra,
Lev	26	19	et conteram superbiam duritiæ vestræ. Daboque vobis cælum desuper sicut ferrum, et terram æneam.
Lev	26	20	Consumetur incassum labor vester, non proferet terra germen, nec arbores poma præbebunt.
Lev	26	21	Si ambulaveritis ex adverso mihi, nec volueritis audire me, addam plagas vestras in septuplum propter peccata vestra:
Lev	26	22	immittamque in vos bestias agri, quæ consumant vos, et pecora vestra, et ad paucitatem cuncta redigant, desertæque fiant viæ vestræ.
Lev	26	23	Quod si nec sic volueritis recipere disciplinam, sed ambulaveritis ex adverso mihi:
Lev	26	24	ego quoque contra vos adversus incedam, et percutiam vos septies propter peccata vestra,
Lev	26	25	inducamque super vos gladium ultorem fœderis mei. Cumque confugeritis in urbes, mittam pestilentiam in medio vestri, et trademini in manibus hostium,
Lev	26	26	postquam confregero baculum panis vestri: ita ut decem mulieres in uno clibano coquant panes, et reddant eos ad pondus: et comedetis, et non saturabimini.
Lev	26	27	Sin autem nec per hæc audieritis me, sed ambulaveritis contra me:
Lev	26	28	et ego incedam adversus vos in furore contrario, et corripiam vos septem plagis propter peccata vestra:
Lev	26	29	ita ut comedatis carnes filiorum vestrorum et filiarum vestrarum.
Lev	26	30	Destruam excelsa vestra, et simulacra confringam. Cadetis inter ruinas idolorum vestrorum, et abominabitur vos anima mea,
Lev	26	31	in tantum ut urbes vestras redigam in solitudinem, et deserta faciam sanctuaria vestra, nec recipiam ultra odorem suavissimum.
Lev	26	32	Disperdamque terram vestram, et stupebunt super ea inimici vestri, cum habitatores illius fuerint.
Lev	26	33	Vos autem dispergam in gentes, et evaginabo post vos gladium, eritque terra vestra deserta, et civitates vestræ dirutæ.
Lev	26	34	Tunc placebunt terræ sabbata sua cunctis diebus solitudinis suæ: quando fueritis
Lev	26	35	in terra hostili, sabbatizabit, et requiescet in sabbatis solitudinis suæ, eo quod non requieverit in sabbatis vestris quando habitabatis in ea.
Lev	26	36	Et qui de vobis remanserint, dabo pavorem in cordibus eorum in regionibus hostium, terrebit eos sonitus folii volantis, et ita fugient quasi gladium: cadent, nullo persequente,
Lev	26	37	et corruent singuli super fratres suos, quasi bella fugientes, nemo vestrum inimicis audebit resistere.
Lev	26	38	Peribitis inter gentes, et hostilis vos terra consumet.
Lev	26	39	Quod si et de iis aliqui remanserint, tabescent in iniquitatibus suis, in terra inimicorum suorum, et propter peccata patrum suorum et sua affligentur:
Lev	26	40	donec confiteantur iniquitates suas, et majorum suorum, quibus prævaricati sunt in me, et ambulaverunt ex adverso mihi.
Lev	26	41	Ambulabo igitur et ego contra eos, et inducam illos in terram hostilem, donec erubescat incircumcisa mens eorum: tunc orabunt pro impietatibus suis.
Lev	26	42	Et recordabor fœderis mei, quod pepigi cum Jacob, et Isaac, et Abraham. Terræ quoque memor ero:
Lev	26	43	quæ cum relicta fuerit ab eis, complacebit sibi in sabbatis suis, patiens solitudinem propter illos. Ipsi vero rogabunt pro peccatis suis, eo quod abjecerint judicia mea, et leges meas despexerint.
Lev	26	44	Et tamen etiam cum essent in terra hostili, non penitus abjeci eos, neque sic despexi ut consumerentur, et irritum facerent pactum meum cum eis. Ego enim sum Dominus Deus eorum,
Lev	26	45	et recordabor fœderis mei pristini, quando eduxi eos de terra Ægypti in conspectu gentium, ut essem Deus eorum. Ego Dominus. Hæc sunt judicia atque præcepta et leges quas dedit Dominus inter se et filios Israël in monte Sinai per manum Moysi.
Lev	27	1	Locutusque est Dominus ad Moysen, dicens:
Lev	27	2	Loquere filiis Israël, et dices ad eos: Homo qui votum fecerit, et spoponderit Deo animam suam, sub æstimatione dabit pretium.
Lev	27	3	Si fuerit masculus a vigesimo anno usque ad sexagesimum annum, dabit quinquaginta siclos argenti ad mensuram sanctuarii:
Lev	27	4	si mulier, triginta.
Lev	27	5	A quinto autem anno usque ad vigesimum, masculus dabit viginti siclos: femina, decem.
Lev	27	6	Ab uno mense usque ad annum quintum, pro masculo dabuntur quinque sicli: pro femina, tres.
Lev	27	7	Sexagenarius et ultra masculus dabit quindecim siclos: femina, decem.
Lev	27	8	Si pauper fuerit, et æstimationem reddere non valebit, stabit coram sacerdote: et quantum ille æstimaverit, et viderit eum posse reddere, tantum dabit.
Lev	27	9	Animal autem, quod immolari potest Domino, si quis voverit, sanctum erit,
Lev	27	10	et mutari non poterit, id est, nec melius malo, nec pejus bono: quod si mutaverit, et ipsum quod mutatum est, et illud pro quo mutatum est, consecratum erit Domino.
Lev	27	11	Animal immundum, quod immolari Domino non potest, si quis voverit, adducetur ante sacerdotem:
Lev	27	12	qui judicans utrum bonum an malum sit, statuet pretium.
Lev	27	13	Quod si dare voluerit is qui offert, addet supra æstimationem quintam partem.
Lev	27	14	Homo si voverit domum suam, et sanctificaverit Domino, considerabit eam sacerdos utrum bona an mala sit, et juxta pretium, quod ab eo fuerit constitutum, venundabitur:
Lev	27	15	sin autem ille qui voverat, voluerit redimere eam, dabit quintam partem æstimationis supra, et habebit domum.
Lev	27	16	Quod si agrum possessionis suæ voverit, et consecraverit Domino, juxta mensuram sementis æstimabitur pretium: si triginta modiis hordei seritur terra, quinquaginta siclis venundetur argenti.
Lev	27	17	Si statim ab anno incipientis jubilæi voverit agrum, quanto valere potest, tanto æstimabitur.
Lev	27	18	Sin autem post aliquantum temporis, supputabit sacerdos pecuniam juxta annorum, qui reliqui sunt, numerum usque ad jubilæum, et detrahetur ex pretio.
Lev	27	19	Quod si voluerit redimere agrum ille qui voverat, addet quintam partem æstimatæ pecuniæ, et possidebit eum.
Lev	27	20	Sin autem noluerit redimere, sed alteri cuilibet fuerit venundatus, ultra eum qui voverat redimere non poterit.
Lev	27	21	Quia cum jubilæi venerit dies, sanctificatus erit Domino, et possessio consecrata ad jus pertinet sacerdotum.
Lev	27	22	Si ager emptus est, et non de possessione majorum sanctificatus fuerit Domino,
Lev	27	23	supputabit sacerdos juxta annorum numerum usque ad jubilæum, pretium: et dabit ille qui voverat eum, Domino.
Lev	27	24	In jubilæo autem revertetur ad priorem dominum, qui vendiderat eum, et habuerat in sorte possessionis suæ.
Lev	27	25	Omnis æstimatio siclo sanctuarii ponderabitur. Siclus viginti obolos habet.
Lev	27	26	Primogenita, quæ ad Dominum pertinent, nemo sanctificare poterit et vovere: sive bos, sive ovis fuerit, Domini sunt.
Lev	27	27	Quod si immundum est animal, redimet qui obtulit, juxta æstimationem tuam, et addet quintam partem pretii: si redimere noluerit, vendetur alteri quantocumque a te fuerit æstimatum.
Lev	27	28	Omne quod Domino consecratur, sive homo fuerit, sive animal, sive ager, non vendetur, nec redimi poterit. Quidquid semel fuerit consecratum, Sanctum sanctorum erit Domino:
Lev	27	29	et omnis consecratio, quæ offertur ab homine, non redimetur, sed morte morietur.
Lev	27	30	Omnes decimæ terræ, sive de frugibus, sive de pomis arborum, Domini sunt, et illi sanctificantur.
Lev	27	31	Si quis autem voluerit redimere decimas suas, addet quintam partem earum.
Lev	27	32	Omnium decimarum bovis et ovis et capræ, quæ sub pastoris virga transeunt, quidquid decimum venerit, sanctificabitur Domino.
Lev	27	33	Non eligetur nec bonum nec malum, nec altero commutabitur, si quis mutaverit: et quod mutatum est, et pro quo mutatum est, sanctificabitur Domino, et non redimetur.
Lev	27	34	Hæc sunt præcepta, quæ mandavit Dominus Moysi ad filios Israël in monte Sinai.
