book	chapter	verse	text
Ezech	1	1	Et factum est in trigesimo anno, in quarto, in quinta mensis, cum essem in medio captivorum juxta fluvium Chobar, aperti sunt cæli, et vidi visiones Dei.
Ezech	1	2	In quinta mensis, ipse est annus quintus transmigrationis regis Joachin,
Ezech	1	3	factum est verbum Domini ad Ezechielem filium Buzi sacerdotem, in terra Chaldæorum, secus flumen Chobar: et facta est super eum ibi manus Domini.
Ezech	1	4	Et vidi, et ecce ventus turbinis veniebat ab aquilone, et nubes magna, et ignis involvens, et splendor in circuitu ejus: et de medio ejus, quasi species electri, id est, de medio ignis:
Ezech	1	5	et in medio ejus similitudo quatuor animalium. Et hic aspectus eorum, similitudo hominis in eis.
Ezech	1	6	Quatuor facies uni, et quatuor pennæ uni.
Ezech	1	7	Pedes eorum, pedes recti, et planta pedis eorum quasi planta pedis vituli: et scintillæ quasi aspectus æris candentis.
Ezech	1	8	Et manus hominis sub pennis eorum, in quatuor partibus: et facies et pennas per quatuor partes habebant.
Ezech	1	9	Junctæque erant pennæ eorum alterius ad alterum: non revertebantur cum incederent, sed unumquodque ante faciem suam gradiebatur.
Ezech	1	10	Similitudo autem vultus eorum, facies hominis et facies leonis a dextris ipsorum quatuor, facies autem bovis a sinistris ipsorum quatuor, et facies aquilæ desuper ipsorum quatuor.
Ezech	1	11	Facies eorum et pennæ eorum extentæ desuper: duæ pennæ singulorum jungebantur, et duæ tegebant corpora eorum.
Ezech	1	12	Et unumquodque eorum coram facie sua ambulabat: ubi erat impetus spiritus, illuc gradiebantur, nec revertebantur cum ambularent.
Ezech	1	13	Et similitudo animalium, aspectus eorum quasi carbonum ignis ardentium, et quasi aspectus lampadarum: hæc erat visio discurrens in medio animalium, splendor ignis, et de igne fulgur egrediens.
Ezech	1	14	Et animalia ibant et revertebantur, in similitudinem fulguris coruscantis.
Ezech	1	15	Cumque aspicerem animalia, apparuit rota una super terram juxta animalia, habens quatuor facies.
Ezech	1	16	Et aspectus rotarum et opus earum quasi visio maris: et una similitudo ipsarum quatuor: et aspectus earum et opera quasi sit rota in medio rotæ.
Ezech	1	17	Per quatuor partes earum euntes ibant, et non revertebantur cum ambularent.
Ezech	1	18	Statura quoque erat rotis, et altitudo, et horribilis aspectus: et totum corpus oculis plenum in circuitu ipsarum quatuor.
Ezech	1	19	Cumque ambularent animalia, ambulabant pariter et rotæ juxta ea: et cum elevarentur animalia de terra, elevabantur simul et rotæ.
Ezech	1	20	Quocumque ibat spiritus, illuc, eunte spiritu, et rotæ pariter elevabantur sequentes eum: spiritus enim vitæ erat in rotis.
Ezech	1	21	Cum euntibus ibant, et cum stantibus stabant: et cum elevatis a terra, pariter elevabantur et rotæ sequentes ea, quia spiritus vitæ erat in rotis.
Ezech	1	22	Et similitudo super capita animalium firmamenti, quasi aspectus crystalli horribilis, et extenti super capita eorum desuper.
Ezech	1	23	Sub firmamento autem pennæ eorum rectæ alterius ad alterum: unumquodque duabus alis velabat corpus suum, et alterum similiter velabatur.
Ezech	1	24	Et audiebam sonum alarum, quasi sonum aquarum multarum, quasi sonum sublimis Dei: cum ambularent, quasi sonus erat multitudinis ut sonus castrorum: cumque starent, demittebantur pennæ eorum.
Ezech	1	25	Nam cum fieret vox super firmamentum quod erat super caput eorum, stabant, et submittebant alas suas.
Ezech	1	26	Et super firmamentum quod erat imminens capiti eorum, quasi aspectus lapidis sapphiri similitudo throni: et super similitudinem throni similitudo quasi aspectus hominis desuper.
Ezech	1	27	Et vidi quasi speciem electri, velut aspectum ignis, intrinsecus ejus per circuitum: a lumbis ejus et desuper, et a lumbis ejus usque deorsum, vidi quasi speciem ignis splendentis in circuitu,
Ezech	1	28	velut aspectum arcus cum fuerit in nube in die pluviæ. Hic erat aspectus splendoris per gyrum.
Ezech	2	1	Hæc visio similitudinis gloriæ Domini. Et vidi, et cecidi in faciem meam, et audivi vocem loquentis, et dixit ad me: Fili hominis, sta super pedes tuos, et loquar tecum.
Ezech	2	2	Et ingressus est in me spiritus postquam locutus est mihi, et statuit me supra pedes meos: et audivi loquentem ad me,
Ezech	2	3	et dicentem: Fili hominis, mitto ego te ad filios Israël, ad gentes apostatrices quæ recesserunt a me: ipsi et patres eorum prævaricati sunt pactum meum usque ad diem hanc:
Ezech	2	4	et filii dura facie et indomabili corde sunt, ad quos ego mitto te. Et dices ad eos: Hæc dicit Dominus Deus:
Ezech	2	5	si forte vel ipsi audiant, et si forte quiescant, quoniam domus exasperans est: et scient quia propheta fuerit in medio eorum.
Ezech	2	6	Tu ergo, fili hominis, ne timeas eos, neque sermones eorum metuas, quoniam increduli et subversores sunt tecum, et cum scorpionibus habitas. Verba eorum ne timeas, et vultus eorum ne formides, quia domus exasperans est.
Ezech	2	7	Loqueris ergo verba mea ad eos, si forte audiant, et quiescant: quoniam irritatores sunt.
Ezech	2	8	Tu autem, fili hominis, audi quæcumque loquor ad te, et noli esse exasperans, sicut domus exasperatrix est: aperi os tuum, et comede quæcumque ego do tibi.
Ezech	2	9	Et vidi: et ecce manus missa ad me, in qua erat involutus liber: et expandit illum coram me, qui erat scriptus intus et foris: et scriptæ erant in eo lamentationes, et carmen, et væ.
Ezech	3	1	Et dixit ad me: Fili hominis, quodcumque inveneris, comede: comede volumen istud, et vadens loquere ad filios Israël.
Ezech	3	2	Et aperui os meum, et cibavit me volumine illo:
Ezech	3	3	et dixit ad me: Fili hominis, venter tuus comedet, et viscera tua complebuntur volumine isto quod ego do tibi. Et comedi illud, et factum est in ore meo sicut mel dulce.
Ezech	3	4	Et dixit ad me: Fili hominis, vade ad domum Israël, et loqueris verba mea ad eos.
Ezech	3	5	Non enim ad populum profundi sermonis et ignotæ linguæ tu mitteris ad domum Israël:
Ezech	3	6	neque ad populos multos profundi sermonis et ignotæ linguæ, quorum non possis audire sermones: et si ad illos mittereris, ipsi audirent te:
Ezech	3	7	domus autem Israël nolunt audire te, quia nolunt audire me: omnis quippe domus Israël attrita fronte est, et duro corde.
Ezech	3	8	Ecce dedi faciem tuam valentiorem faciebus eorum, et frontem tuam duriorem frontibus eorum:
Ezech	3	9	ut adamantem et ut silicem dedi faciem tuam: ne timeas eos, neque metuas a facie eorum, quia domus exasperans est.
Ezech	3	10	Et dixit ad me: Fili hominis, omnes sermones meos quos ego loquor ad te, assume in corde tuo, et auribus tuis audi:
Ezech	3	11	et vade, ingredere ad transmigrationem, ad filios populi tui, et loqueris ad eos: et dices eis: Hæc dicit Dominus Deus: si forte audiant et quiescant.
Ezech	3	12	Et assumpsit me spiritus, et audivi post me vocem commotionis magnæ: Benedicta gloria Domini de loco suo:
Ezech	3	13	et vocem alarum animalium percutientium alteram ad alteram, et vocem rotarum sequentium animalia, et vocem commotionis magnæ.
Ezech	3	14	Spiritus quoque levavit me, et assumpsit me: et abii amarus in indignatione spiritus mei: manus enim Domini erat mecum, confortans me.
Ezech	3	15	Et veni ad transmigrationem, ad acervum novarum frugum, ad eos qui habitabant juxta flumen Chobar: et sedi ubi illi sedebant, et mansi ibi septem diebus mœrens in medio eorum.
Ezech	3	16	Cum autem pertransissent septem dies, factum est verbum Domini ad me, dicens:
Ezech	3	17	Fili hominis, speculatorem dedi te domui Israël, et audies de ore meo verbum, et annuntiabis eis ex me.
Ezech	3	18	Si, dicente me ad impium: Morte morieris, non annuntiaveris ei, neque locutus fueris ut avertatur a via sua impia et vivat, ipse impius in iniquitate sua morietur, sanguinem autem ejus de manu tua requiram.
Ezech	3	19	Si autem tu annuntiaveris impio, et ille non fuerit conversus ab impietate sua et a via sua impia, ipse quidem in iniquitate sua morietur: tu autem animam tuam liberasti.
Ezech	3	20	Sed et si conversus justus a justitia sua fuerit, et fecerit iniquitatem, ponam offendiculum coram eo: ipse morietur quia non annuntiasti ei. In peccato suo morietur, et non erunt in memoria justitiæ ejus quas fecit: sanguinem vero ejus de manu tua requiram.
Ezech	3	21	Si autem tu annuntiaveris justo ut non peccet justus, et ille non peccaverit, vivens vivet, quia annuntiasti ei, et tu animam tuam liberasti.
Ezech	3	22	Et facta est super me manus Domini, et dixit ad me: Surgens egredere in campum, et ibi loquar tecum.
Ezech	3	23	Et surgens egressus sum in campum: et ecce ibi gloria Domini stabat, quasi gloria quam vidi juxta fluvium Chobar: et cecidi in faciem meam.
Ezech	3	24	Et ingressus est in me spiritus, et statuit me super pedes meos, et locutus est mihi, et dixit ad me: Ingredere, et includere in medio domus tuæ.
Ezech	3	25	Et tu, fili hominis, ecce data sunt super te vincula, et ligabunt te in eis, et non egredieris de medio eorum.
Ezech	3	26	Et linguam tuam adhærere faciam palato tuo, et eris mutus, nec quasi vir objurgans, quia domus exasperans est.
Ezech	3	27	Cum autem locutus fuero tibi, aperiam os tuum, et dices ad eos: Hæc dicit Dominus Deus: Qui audit, audiat, et qui quiescit, quiescat: quia domus exasperans est.
Ezech	4	1	Et tu, fili hominis, sume tibi laterem, et pones eum coram te, et describes in eo civitatem Jerusalem.
Ezech	4	2	Et ordinabis adversus eam obsidionem, et ædificabis munitiones, et comportabis aggerem, et dabis contra eam castra, et pones arietes in gyro.
Ezech	4	3	Et tu sume tibi sartaginem ferream, et pones eam in murum ferreum inter te et inter civitatem: et obfirmabis faciem tuam ad eam, et erit in obsidionem, et circumdabis eam: signum est domui Israël.
Ezech	4	4	Et tu dormies super latus tuum sinistrum, et pones iniquitates domus Israël super eo, numero dierum quibus dormies super illud: et assumes iniquitatem eorum.
Ezech	4	5	Ego autem dedi tibi annos iniquitatis eorum, numero dierum trecentos et nonaginta dies: et portabis iniquitatem domus Israël.
Ezech	4	6	Et cum compleveris hæc, dormies super latus tuum dexterum secundo, et assumes iniquitatem domus Juda quadraginta diebus: diem pro anno, diem, inquam, pro anno, dedi tibi.
Ezech	4	7	Et ad obsidionem Jerusalem convertes faciem tuam, et brachium tuum erit extentum: et prophetabis adversus eam.
Ezech	4	8	Ecce circumdedi te vinculis: et non te convertes a latere tuo in latus aliud, donec compleas dies obsidionis tuæ.
Ezech	4	9	Et tu, sume tibi frumentum, et hordeum, et fabam, et lentem, et milium, et viciam: et mittes ea in vas unum, et facies tibi panes numero dierum quibus dormies super latus tuum: trecentis et nonaginta diebus comedes illud.
Ezech	4	10	Cibus autem tuus, quo vesceris, erit in pondere viginti stateres in die: a tempore usque ad tempus comedes illud.
Ezech	4	11	Et aquam in mensura bibes, sextam partem hin: a tempore usque ad tempus bibes illud.
Ezech	4	12	Et quasi subcinericium hordeaceum comedes illud, et stercore quod egreditur de homine operies illud in oculis eorum.
Ezech	4	13	Et dixit Dominus: Sic comedent filii Israël panem suum pollutum inter gentes ad quas ejiciam eos. Et dixi:
Ezech	4	14	A, a, a, Domine Deus, ecce anima mea non est polluta: et morticinum, et laceratum a bestiis non comedi ab infantia mea usque nunc, et non est ingressa in os meum omnis caro immunda.
Ezech	4	15	Et dixit ad me: Ecce dedi tibi fimum boum pro stercoribus humanis, et facies panem tuum in eo.
Ezech	4	16	Et dixit ad me: Fili hominis, ecce ego conteram baculum panis in Jerusalem, et comedent panem in pondere et in sollicitudine, et aquam in mensura et in angustia bibent,
Ezech	4	17	ut deficientibus pane et aqua, corruat unusquisque ad fratrem suum, et contabescant in iniquitatibus suis.
Ezech	5	1	Et tu, fili hominis, sume tibi gladium acutum, radentem pilos, et assumes eum et duces per caput tuum et per barbam tuam, et assumes tibi stateram ponderis et divides eos.
Ezech	5	2	Tertiam partem igni combures in medio civitatis, juxta completionem dierum obsidionis, et assumes tertiam partem, et concides gladio in circuitu ejus: tertiam vero aliam disperges in ventum, et gladium nudabo post eos.
Ezech	5	3	Et sumes inde parvum numerum, et ligabis eos in summitate pallii tui:
Ezech	5	4	et ex eis rursum tolles, et projicies eos in medio ignis, et combures eos igni, et ex eo egredietur ignis in omnem domum Israël.
Ezech	5	5	Hæc dicit Dominus Deus: Ista est Jerusalem: in medio gentium posui eam, et in circuitu ejus terras.
Ezech	5	6	Et contempsit judicia mea, ut plus esset impia quam gentes, et præcepta mea ultra quam terræ quæ in circuitu ejus sunt: judicia enim mea projecerunt, et in præceptis meis non ambulaverunt.
Ezech	5	7	Idcirco hæc dicit Dominus Deus: Quia superastis gentes quæ in circuitu vestro sunt, et in præceptis meis non ambulastis, et judicia mea non fecistis, et juxta judicia gentium quæ in circuitu vestro sunt non estis operati,
Ezech	5	8	ideo hæc dicit Dominus Deus: Ecce ego ad te, et ipse ego faciam in medio tui judicia in oculis gentium:
Ezech	5	9	et faciam in te quod non feci, et quibus similia ultra non faciam, propter omnes abominationes tuas.
Ezech	5	10	Ideo patres comedent filios in medio tui, et filii comedent patres suos: et faciam in te judicia, et ventilabo universas reliquias tuas in omnem ventum.
Ezech	5	11	Idcirco vivo ego, dicit Dominus Deus, nisi pro eo quod sanctum meum violasti in omnibus offensionibus tuis et in cunctis abominationibus tuis, ego quoque confringam: et non parcet oculus meus, et non miserebor.
Ezech	5	12	Tertia pars tui peste morietur, et fame consumetur in medio tui, et tertia pars tui in gladio cadet in circuitu tuo: tertiam vero partem tuam in omnem ventum dispergam, et gladium evaginabo post eos.
Ezech	5	13	Et complebo furorem meum, et requiescere faciam indignationem meam in eis, et consolabor: et scient quia ego Dominus locutus sum in zelo meo, cum implevero indignationem meam in eis.
Ezech	5	14	Et dabo te in desertum, et in opprobrium gentibus quæ in circuitu tuo sunt, in conspectu omnis prætereuntis:
Ezech	5	15	et eris opprobrium et blasphemia, exemplum et stupor in gentibus quæ in circuitu tuo sunt, cum fecero in te judicia in furore, et in indignatione, et in increpationibus iræ.
Ezech	5	16	Ego Dominus locutus sum: quando misero sagittas famis pessimas in eos, quæ erunt mortiferæ, et quas mittam ut disperdam vos: et famem congregabo super vos, et conteram in vobis baculum panis:
Ezech	5	17	et immittam in vos famem et bestias pessimas, usque ad internecionem: et pestilentia et sanguis transibunt per te, et gladium inducam super te. Ego Dominus locutus sum.
Ezech	6	1	Et factus est sermo Domini ad me, dicens:
Ezech	6	2	Fili hominis, pone faciem tuam ad montes Israël, et prophetabis ad eos,
Ezech	6	3	et dices: Montes Israël, audite verbum Domini Dei. Hæc dicit Dominus Deus montibus et collibus, rupibus et vallibus: Ecce ego inducam super vos gladium, et disperdam excelsa vestra,
Ezech	6	4	et demoliar aras vestras, et confringentur simulacra vestra, et dejiciam interfectos vestros ante idola vestra:
Ezech	6	5	et dabo cadavera filiorum Israël ante faciem simulacrorum vestrorum, et dispergam ossa vestra circum aras vestras:
Ezech	6	6	in omnibus habitationibus vestris urbes desertæ erunt, et excelsa demolientur et dissipabuntur: et interibunt aræ vestræ, et confringentur, et cessabunt idola vestra, et conterentur delubra vestra, et delebuntur opera vestra:
Ezech	6	7	et cadet interfectus in medio vestri, et scietis quia ego sum Dominus.
Ezech	6	8	Et relinquam in vobis eos qui fugerint gladium in gentibus, cum dispersero vos in terris:
Ezech	6	9	et recordabuntur mei liberati vestri in gentibus ad quas captivi ducti sunt: quia contrivi cor eorum fornicans et recedens a me, et oculos eorum fornicantes post idola sua: et displicebunt sibimet super malis quæ fecerunt in universis abominationibus suis.
Ezech	6	10	Et scient quia ego Dominus non frustra locutus sum, ut facerem eis malum hoc.
Ezech	6	11	Hæc dicit Dominus Deus: Percute manum tuam et allide pedem tuum, et dic: Heu ! ad omnes abominationes malorum domus Israël: quia gladio, fame et peste ruituri sunt.
Ezech	6	12	Qui longe est, peste morietur: qui autem prope, gladio corruet: et qui relictus fuerit et obsessus, fame morietur: et complebo indignationem meam in eis.
Ezech	6	13	Et scietis quia ego Dominus, cum fuerint interfecti vestri in medio idolorum vestrorum, in circuitu ararum vestrarum, in omni colle excelso, et in cunctis summitatibus montium, et subtus omne lignum nemorosum, et subtus universam quercum frondosam, locum ubi accenderunt thura redolentia universis idolis suis.
Ezech	6	14	Et extendam manum meam super eos: et faciam terram desolatam et destitutam, a deserto Deblatha, in omnibus habitationibus eorum: et scient quia ego Dominus.
Ezech	7	1	Et factus est sermo Domini ad me, dicens:
Ezech	7	2	Et tu, fili hominis, hæc dicit Dominus Deus terræ Israël: Finis venit: venit finis super quatuor plagas terræ.
Ezech	7	3	Nunc finis super te, et immittam furorem meum in te: et judicabo te juxta vias tuas, et ponam contra te omnes abominationes tuas.
Ezech	7	4	Et non parcet oculus meus super te, et non miserebor: sed vias tuas ponam super te, et abominationes tuæ in medio tui erunt, et scietis quia ego Dominus.
Ezech	7	5	Hæc dicit Dominus Deus: Afflictio una, afflictio ecce venit.
Ezech	7	6	Finis venit, venit finis: evigilavit adversum te, ecce venit.
Ezech	7	7	Venit contritio super te, qui habitas in terra: venit tempus, prope est dies occisionis, et non gloriæ montium.
Ezech	7	8	Nunc de propinquo effundam iram meam super te, et complebo furorem meum in te: et judicabo te juxta vias tuas, et imponam tibi omnia scelera tua,
Ezech	7	9	et non parcet oculus meus, nec miserebor: sed vias tuas imponam tibi, et abominationes tuæ in medio tui erunt, et scietis quia ego sum Dominus percutiens.
Ezech	7	10	Ecce dies, ecce venit: egressa est contritio, floruit virga, germinavit superbia,
Ezech	7	11	iniquitas surrexit in virga impietatis: non ex eis, et non ex populo, neque ex sonitu eorum: et non erit requies in eis.
Ezech	7	12	Venit tempus, appropinquavit dies: qui emit, non lætetur, et qui vendit, non lugeat: quia ira super omnem populum ejus.
Ezech	7	13	Quia qui vendit, ad id quod vendidit non revertetur: et adhuc in viventibus vita eorum: visio enim ad omnem multitudinem ejus non regredietur, et vir in iniquitate vitæ suæ non confortabitur.
Ezech	7	14	Canite tuba, præparentur omnes: et non est qui vadat ad prælium: ira enim mea super universum populum ejus.
Ezech	7	15	Gladium foris, et pestis et fames intrinsecus: qui in agro est, gladio morietur, et qui in civitate, pestilentia et fame devorabuntur.
Ezech	7	16	Et salvabuntur qui fugerint ex eis: et erunt in montibus quasi columbæ convallium omnes trepidi, unusquisque in iniquitate sua.
Ezech	7	17	Omnes manus dissolventur, et omnia genua fluent aquis.
Ezech	7	18	Et accingent se ciliciis, et operiet eos formido: et in omni facie confusio, et in universis capitibus eorum calvitium.
Ezech	7	19	Argentum eorum foras projicietur, et aurum eorum in sterquilinium erit: argentum eorum et aurum eorum non valebit liberare eos in die furoris Domini: animam suam non saturabunt, et ventres eorum non implebuntur, quia scandalum iniquitatis eorum factum est.
Ezech	7	20	Et ornamentum monilium suorum in superbiam posuerunt, et imagines abominationum suarum et simulacrorum fecerunt ex eo: propter hoc dedi eis illud in immunditiam.
Ezech	7	21	Et dabo illud in manus alienorum ad diripiendum, et impiis terræ in prædam, et contaminabunt illud.
Ezech	7	22	Et avertam faciem meam ab eis, et violabunt arcanum meum: et introibunt in illud emissarii, et contaminabunt illud.
Ezech	7	23	Fac conclusionem, quoniam terra plena est judicio sanguinum, et civitas plena iniquitate.
Ezech	7	24	Et adducam pessimos de gentibus, et possidebunt domos eorum: et quiescere faciam superbiam potentium, et possidebunt sanctuaria eorum.
Ezech	7	25	Angustia superveniente, requirent pacem, et non erit.
Ezech	7	26	Conturbatio super conturbationem veniet, et auditus super auditum: et quærent visionem de propheta, et lex peribit a sacerdote, et consilium a senioribus.
Ezech	7	27	Rex lugebit, et princeps induetur mœrore, et manus populi terræ conturbabuntur: secundum viam eorum faciam eis, et secundum judicia eorum judicabo eos, et scient quia ego Dominus.
Ezech	8	1	Et factum est in anno sexto, in sexto mense, in quinta mensis, ego sedebam in domo mea, et senes Juda sedebant coram me, et cecidit ibi super me manus Domini Dei.
Ezech	8	2	Et vidi: et ecce similitudo quasi aspectus ignis: ab aspectu lumborum ejus et deorsum, ignis: et a lumbis ejus et sursum, quasi aspectus splendoris, ut visio electri.
Ezech	8	3	Et emissa similitudo manus apprehendit me in cincinno capitis mei, et elevavit me spiritus inter terram et cælum: et adduxit me in Jerusalem, in visione Dei, juxta ostium interius quod respiciebat ad aquilonem, ubi erat statutum idolum zeli ad provocandam æmulationem.
Ezech	8	4	Et ecce ibi gloria Dei Israël, secundum visionem quam videram in campo.
Ezech	8	5	Et dixit ad me: Fili hominis, leva oculos tuos ad viam aquilonis. Et levavi oculos meos ad viam aquilonis, et ecce ab aquilone portæ altaris idolum zeli in ipso introitu.
Ezech	8	6	Et dixit ad me: Fili hominis, putasne vides tu quid isti faciunt, abominationes magnas quas domus Israël facit hic, ut procul recedam a sanctuario meo? et adhuc conversus videbis abominationes majores.
Ezech	8	7	Et introduxit me ad ostium atrii, et vidi, et ecce foramen unum in pariete.
Ezech	8	8	Et dixit ad me: Fili hominis, fode parietem. Et cum fodissem parietem, apparuit ostium unum.
Ezech	8	9	Et dixit ad me: Ingredere, et vide abominationes pessimas quas isti faciunt hic.
Ezech	8	10	Et ingressus vidi, et ecce omnis similitudo reptilium et animalium, abominatio, et universa idola domus Israël, depicta erant in pariete in circuitu per totum:
Ezech	8	11	et septuaginta viri de senioribus domus Israël: et Jezonias filius Saphan stabat in medio eorum stantium ante picturas: et unusquisque habebat thuribulum in manu sua, et vapor nebulæ de thure consurgebat.
Ezech	8	12	Et dixit ad me: Certe vides, fili hominis, quæ seniores domus Israël faciunt in tenebris, unusquisque in abscondito cubiculi sui: dicunt enim: Non videt Dominus nos; dereliquit Dominus terram.
Ezech	8	13	Et dixit ad me: Adhuc conversus videbis abominationes majores, quas isti faciunt.
Ezech	8	14	Et introduxit me per ostium portæ domus Domini quod respiciebat ad aquilonem, et ecce ibi mulieres sedebant plangentes Adonidem.
Ezech	8	15	Et dixit ad me: Certe vidisti, fili hominis: adhuc conversus videbis abominationes majores his.
Ezech	8	16	Et introduxit me in atrium domus Domini interius, et ecce in ostio templi Domini, inter vestibulum et altare, quasi viginti quinque viri dorsa habentes contra templum Domini, et facies ad orientem: et adorabant ad ortum solis.
Ezech	8	17	Et dixit ad me: Certe vidisti, fili hominis: numquid leve est hoc domui Juda, ut facerent abominationes istas quas fecerunt hic, quia replentes terram iniquitate, conversi sunt ad irritandum me? et ecce applicant ramum ad nares suas.
Ezech	8	18	Ergo et ego faciam in furore: non parcet oculus meus, nec miserebor: et cum clamaverint ad aures meas voce magna, non exaudiam eos.
Ezech	9	1	Et clamavit in auribus meis voce magna, dicens: Appropinquaverunt visitationes urbis, et unusquisque vas interfectionis habet in manu sua.
Ezech	9	2	Et ecce sex viri veniebant de via portæ superioris, quæ respicit ad aquilonem, et uniuscujusque vas interitus in manu ejus: vir quoque unus in medio eorum vestitus erat lineis, et atramentarium scriptoris ad renes ejus: et ingressi sunt, et steterunt juxta altare æreum.
Ezech	9	3	Et gloria Domini Israël assumpta est de cherub, quæ erat super eum ad limen domus: et vocavit virum qui indutus erat lineis, et atramentarium scriptoris habebat in lumbis suis:
Ezech	9	4	et dixit Dominus ad eum: Transi per mediam civitatem, in medio Jerusalem, et signa thau super frontes virorum gementium et dolentium super cunctis abominationibus quæ fiunt in medio ejus.
Ezech	9	5	Et illis dixit, audiente me: Transite per civitatem sequentes eum, et percutite: non parcat oculus vester, neque misereamini:
Ezech	9	6	senem, adolescentulum et virginem, parvulum et mulieres interficite usque ad internecionem: omnem autem super quem videritis thau, ne occidatis: et a sanctuario meo incipite. Cœperunt ergo a viris senioribus, qui erant ante faciem domus.
Ezech	9	7	Et dixit ad eos: Contaminate domum, et implete atria interfectis; egredimini. Et egressi sunt, et percutiebant eos qui erant in civitate.
Ezech	9	8	Et cæde completa, remansi ego, ruique super faciem meam, et clamans aio: Heu ! heu ! heu ! Domine Deus: ergone disperdes omnes reliquias Israël, effundens furorem tuum super Jerusalem?
Ezech	9	9	Et dixit ad me: Iniquitas domus Israël et Juda magna est nimis valde, et repleta est terra sanguinibus, et civitas repleta est aversione: dixerunt enim: Dereliquit Dominus terram, et Dominus non videt.
Ezech	9	10	Igitur et meus non parcet oculus, neque miserebor: viam eorum super caput eorum reddam.
Ezech	9	11	Et ecce vir qui erat indutus lineis, qui habebat atramentarium in dorso suo, respondit verbum, dicens: Feci sicut præcepisti mihi.
Ezech	10	1	Et vidi: et ecce in firmamento quod erat super caput cherubim, quasi lapis sapphirus, quasi species similitudinis solii, apparuit super ea.
Ezech	10	2	Et dixit ad virum qui indutus erat lineis, et ait: Ingredere in medio rotarum quæ sunt subtus cherubim, et imple manum tuam prunis ignis quæ sunt inter cherubim, et effunde super civitatem. Ingressusque est in conspectu meo.
Ezech	10	3	Cherubim autem stabant a dextris domus cum ingrederetur vir, et nubes implevit atrium interius.
Ezech	10	4	Et elevata est gloria Domini desuper cherub ad limen domus: et repleta est domus nube, et atrium repletum est splendore gloriæ Domini.
Ezech	10	5	Et sonitus alarum cherubim audiebatur usque ad atrium exterius, quasi vox Dei omnipotentis loquentis.
Ezech	10	6	Cumque præcepisset viro qui indutus erat lineis, dicens: Sume ignem de medio rotarum quæ sunt inter cherubim: ingressus ille stetit juxta rotam.
Ezech	10	7	Et extendit cherub manum de medio cherubim ad ignem qui erat inter cherubim, et sumpsit, et dedit in manus ejus qui indutus erat lineis: qui accipiens egressus est.
Ezech	10	8	Et apparuit in cherubim similitudo manus hominis subtus pennas eorum.
Ezech	10	9	Et vidi: et ecce quatuor rotæ juxta cherubim: rota una juxta cherub unum, et rota alia juxta cherub unum: species autem rotarum erat quasi visio lapidis chrysolithi:
Ezech	10	10	et aspectus earum similitudo una quatuor, quasi sit rota in medio rotæ.
Ezech	10	11	Cumque ambularent, in quatuor partes gradiebantur, et non revertebantur ambulantes: sed ad locum ad quem ire declinabat quæ prima erat, sequebantur et ceteræ, nec convertebantur.
Ezech	10	12	Et omne corpus earum, et colla, et manus, et pennæ, et circuli, plena erant oculis in circuitu quatuor rotarum.
Ezech	10	13	Et rotas istas vocavit volubiles, audiente me.
Ezech	10	14	Quatuor autem facies habebat unum: facies una, facies cherub, et facies secunda, facies hominis: et in tertio facies leonis, et in quarto facies aquilæ.
Ezech	10	15	Et elevata sunt cherubim: ipsum est animal quod videram juxta fluvium Chobar.
Ezech	10	16	Cumque ambularent cherubim, ibant pariter et rotæ juxta ea: et cum elevarent cherubim alas suas ut exaltarentur de terra, non residebant rotæ, sed et ipsæ juxta erant.
Ezech	10	17	Stantibus illis stabant, et cum elevatis elevabantur: spiritus enim vitæ erat in eis.
Ezech	10	18	Et egressa est gloria Domini a limine templi, et stetit super cherubim.
Ezech	10	19	Et elevantia cherubim alas suas, exaltata sunt a terra coram me: et illis egredientibus, rotæ quoque subsecutæ sunt: et stetit in introitu portæ domus Domini orientalis, et gloria Dei Israël erat super ea.
Ezech	10	20	Ipsum est animal quod vidi subter Deum Israël juxta fluvium Chobar, et intellexi quia cherubim essent.
Ezech	10	21	Quatuor vultus uni, et quatuor alæ uni: et similitudo manus hominis sub alis eorum.
Ezech	10	22	Et similitudo vultuum eorum, ipsi vultus quos videram juxta fluvium Chobar, et intuitus eorum, et impetus singulorum ante faciem suam ingredi.
Ezech	11	1	Et elevavit me spiritus, et introduxit me ad portam domus Domini orientalem, quæ respicit ad solis ortum: et ecce in introitu portæ viginti quinque viri: et vidi in medio eorum Jezoniam filium Azur, et Pheltiam filium Banaiæ, principes populi.
Ezech	11	2	Dixitque ad me: Fili hominis, hi sunt viri qui cogitant iniquitatem, et tractant consilium pessimum in urbe ista,
Ezech	11	3	dicentes: Nonne dudum ædificatæ sunt domus? hæc est lebes, nos autem carnes.
Ezech	11	4	Idcirco vaticinare de eis, vaticinare, fili hominis.
Ezech	11	5	Et irruit in me spiritus Domini, et dixit ad me: Loquere: Hæc dicit Dominus: Sic locuti estis, domus Israël, et cogitationes cordis vestri ego novi.
Ezech	11	6	Plurimos occidistis in urbe hac, et implestis vias ejus interfectis.
Ezech	11	7	Propterea hæc dicit Dominus Deus: Interfecti vestri, quos posuistis in medio ejus, hi sunt carnes, et hæc est lebes: et educam vos de medio ejus.
Ezech	11	8	Gladium metuistis, et gladium inducam super vos, ait Dominus Deus.
Ezech	11	9	Et ejiciam vos de medio ejus, daboque vos in manu hostium, et faciam in vobis judicia.
Ezech	11	10	Gladio cadetis: in finibus Israël judicabo vos, et scietis quia ego Dominus.
Ezech	11	11	Hæc non erit vobis in lebetem, et vos non eritis in medio ejus in carnes: in finibus Israël judicabo vos,
Ezech	11	12	et scietis quia ego Dominus: quia in præceptis meis non ambulastis, et judicia mea non fecistis, sed juxta judicia gentium quæ in circuitu vestro sunt estis operati.
Ezech	11	13	Et factum est cum prophetarem, Pheltias filius Banaiæ mortuus est: et cecidi in faciem meam clamans voce magna, et dixi: Heu ! heu ! heu ! Domine Deus, consummationem tu facis reliquiarum Israël?
Ezech	11	14	Et factum est verbum Domini ad me, dicens:
Ezech	11	15	Fili hominis, fratres tui, fratres tui, viri propinqui tui, et omnis domus Israël, universi quibus dixerunt habitatores Jerusalem: Longe recedite a Domino: nobis data est terra in possessionem.
Ezech	11	16	Propterea hæc dicit Dominus Deus: Quia longe feci eos in gentibus, et quia dispersi eos in terris: ero eis in sanctificationem modicam in terris ad quas venerunt.
Ezech	11	17	Propterea loquere: Hæc dicit Dominus Deus: Congregabo vos de populis, et adunabo de terris in quibus dispersi estis, daboque vobis humum Israël.
Ezech	11	18	Et ingredientur illuc, et auferent omnes offensiones, cunctasque abominationes ejus de illa.
Ezech	11	19	Et dabo eis cor unum, et spiritum novum tribuam in visceribus eorum: et auferam cor lapideum de carne eorum, et dabo eis cor carneum,
Ezech	11	20	ut in præceptis meis ambulent, et judicia mea custodiant, faciantque ea, et sint mihi in populum, et ego sim eis in Deum.
Ezech	11	21	Quorum cor post offendicula et abominationes suas ambulat, horum viam in capite suo ponam, dicit Dominus Deus.
Ezech	11	22	Et elevaverunt cherubim alas suas, et rotæ cum eis, et gloria Dei Israël erat super ea:
Ezech	11	23	et ascendit gloria Domini de medio civitatis, stetitque super montem qui est ad orientem urbis.
Ezech	11	24	Et spiritus levavit me, adduxitque in Chaldæam ad transmigrationem, in visione, in spiritu Dei: et sublata est a me visio quam videram.
Ezech	11	25	Et locutus sum ad transmigrationem omnia verba Domini quæ ostenderat mihi.
Ezech	12	1	Et factus est sermo Domini ad me, dicens:
Ezech	12	2	Fili hominis, in medio domus exasperantis tu habitas: qui oculos habent ad videndum, et non vident, et aures ad audiendum, et non audiunt: quia domus exasperans est.
Ezech	12	3	Tu ergo, fili hominis, fac tibi vasa transmigrationis, et transmigrabis per diem coram eis. Transmigrabis autem de loco tuo ad locum alterum in conspectu eorum, si forte aspiciant, quia domus exasperans est:
Ezech	12	4	et efferes foras vasa tua quasi vasa transmigrantis per diem in conspectu eorum: tu autem egredieris vespere coram eis, sicut egreditur migrans.
Ezech	12	5	Ante oculos eorum perfode tibi parietem, et egredieris per eum.
Ezech	12	6	In conspectu eorum in humeris portaberis; in caligine effereris: faciem tuam velabis, et non videbis terram, quia portentum dedi te domui Israël.
Ezech	12	7	Feci ergo sicut præceperat mihi Dominus: vasa mea protuli quasi vasa transmigrantis per diem, et vespere perfodi mihi parietem manu: et in caligine egressus sum, in humeris portatus in conspectu eorum.
Ezech	12	8	Et factus est sermo Domini mane ad me, dicens:
Ezech	12	9	Fili hominis, numquid non dixerunt ad te domus Israël, domus exasperans: Quid tu facis?
Ezech	12	10	Dic ad eos: Hæc dicit Dominus Deus: Super ducem onus istud, qui est in Jerusalem, et super omnem domum Israël, quæ est in medio eorum.
Ezech	12	11	Dic: Ego portentum vestrum: quomodo feci, sic fiet illis: in transmigrationem et in captivitatem ibunt.
Ezech	12	12	Et dux qui est in medio eorum, in humeris portabitur; in caligine egredietur: parietem perfodient, ut educant eum; facies ejus operietur, ut non videat oculo terram.
Ezech	12	13	Et extendam rete meum super eum, et capietur in sagena mea: et adducam eum in Babylonem, in terram Chaldæorum, et ipsam non videbit: ibique morietur.
Ezech	12	14	Et omnes qui circa eum sunt, præsidium ejus, et agmina ejus, dispergam in omnem ventum, et gladium evaginabo post eos.
Ezech	12	15	Et scient quia ego Dominus, quando dispersero illos in gentibus, et disseminavero eos in terris.
Ezech	12	16	Et relinquam ex eis viros paucos a gladio, et fame, et pestilentia, ut enarrent omnia scelera eorum in gentibus ad quas ingredientur, et scient quia ego Dominus.
Ezech	12	17	Et factus est sermo Domini ad me, dicens:
Ezech	12	18	Fili hominis, panem tuum in conturbatione comede, sed et aquam tuam in festinatione et mœrore bibe.
Ezech	12	19	Et dices ad populum terræ: Hæc dicit Dominus Deus ad eos qui habitant in Jerusalem, in terra Israël: Panem suum in sollicitudine comedent, et aquam suam in desolatione bibent: ut desoletur terra a multitudine sua, propter iniquitatem omnium qui habitant in ea.
Ezech	12	20	Et civitates quæ nunc habitantur, desolatæ erunt, terraque deserta, et scietis quia ego Dominus.
Ezech	12	21	Et factus est sermo Domini ad me, dicens:
Ezech	12	22	Fili hominis, quod est proverbium istud vobis in terra Israël, dicentium: In longum differentur dies, et peribit omnis visio?
Ezech	12	23	Ideo dic ad eos: Hæc dicit Dominus Deus: Quiescere faciam proverbium istud, neque vulgo dicetur ultra in Israël: et loquere ad eos quod appropinquaverint dies, et sermo omnis visionis.
Ezech	12	24	Non enim erit ultra omnis visio cassa, neque divinatio ambigua in medio filiorum Israël:
Ezech	12	25	quia ego Dominus loquar, et quodcumque locutus fuero verbum, fiet, et non prolongabitur amplius: sed in diebus vestris, domus exasperans, loquar verbum, et faciam illud, dicit Dominus Deus.
Ezech	12	26	Et factus est sermo Domini ad me, dicens:
Ezech	12	27	Fili hominis, ecce domus Israël dicentium: Visio quam hic videt, in dies multos et in tempora longa iste prophetat.
Ezech	12	28	Propterea dic ad eos: Hæc dicit Dominus Deus: Non prolongabitur ultra omnis sermo meus: verbum quod locutus fuero, complebitur, dicit Dominus Deus.
Ezech	13	1	Et factus est sermo Domini ad me, dicens:
Ezech	13	2	Fili hominis, vaticinare ad prophetas Israël qui prophetant, et dices prophetantibus de corde suo: Audite verbum Domini.
Ezech	13	3	Hæc dicit Dominus Deus: Væ prophetis insipientibus, qui sequuntur spiritum suum, et nihil vident !
Ezech	13	4	Quasi vulpes in desertis prophetæ tui, Israël, erant.
Ezech	13	5	Non ascendistis ex adverso, neque opposuistis murum pro domo Israël, ut staretis in prælio in die Domini.
Ezech	13	6	Vident vana, et divinant mendacium, dicentes: Ait Dominus, cum Dominus non miserit eos: et perseveraverunt confirmare sermonem.
Ezech	13	7	Numquid non visionem cassam vidistis, et divinationem mendacem locuti estis, et dicitis: Ait Dominus, cum ego non sim locutus?
Ezech	13	8	Propterea hæc dicit Dominus Deus: Quia locuti estis vana, et vidistis mendacium, ideo ecce ego ad vos, dicit Dominus Deus.
Ezech	13	9	Et erit manus mea super prophetas qui vident vana, et divinant mendacium: in consilio populi mei non erunt, et in scriptura domus Israël non scribentur, nec in terram Israël ingredientur, et scietis quia ego Dominus Deus:
Ezech	13	10	eo quod deceperint populum meum, dicentes: Pax, et non est pax: et ipse ædificabat parietem, illi autem liniebant eum luto absque paleis.
Ezech	13	11	Dic ad eos qui liniunt absque temperatura, quod casurus sit: erit enim imber inundans, et dabo lapides prægrandes desuper irruentes, et ventum procellæ dissipantem.
Ezech	13	12	Siquidem ecce cecidit paries: numquid non dicetur vobis: Ubi est litura quam linistis?
Ezech	13	13	Propterea hæc dicit Dominus Deus: Et erumpere faciam spiritum tempestatum in indignatione mea, et imber inundans in furore meo erit, et lapides grandes in ira in consumptionem.
Ezech	13	14	Et destruam parietem quem linistis absque temperamento, et adæquabo eum terræ, et revelabitur fundamentum ejus: et cadet, et consumetur in medio ejus, et scietis quia ego sum Dominus.
Ezech	13	15	Et complebo indignationem meam in pariete, et in his qui liniunt eum absque temperamento: dicamque vobis: Non est paries, et non sunt qui liniunt eum:
Ezech	13	16	prophetæ Israël, qui prophetant ad Jerusalem, et vident ei visionem pacis, et non est pax, ait Dominus Deus.
Ezech	13	17	Et tu, fili hominis, pone faciem tuam contra filias populi tui quæ prophetant de corde suo: et vaticinare super eas,
Ezech	13	18	et dic: Hæc dicit Dominus Deus: Væ quæ consuunt pulvillos sub omni cubito manus, et faciunt cervicalia sub capite universæ ætatis ad capiendas animas: et cum caperent animas populi mei, vivificabant animas eorum !
Ezech	13	19	Et violabant me ad populum meum propter pugillum hordei, et fragmen panis, ut interficerent animas quæ non moriuntur, et vivificarent animas quæ non vivunt, mentientes populo meo credenti mendaciis.
Ezech	13	20	Propter hoc hæc dicit Dominus Deus: Ecce ego ad pulvillos vestros, quibus vos capitis animas volantes: et dirumpam eos de brachiis vestris, et dimittam animas quas vos capitis, animas ad volandum.
Ezech	13	21	Et dirumpam cervicalia vestra, et liberabo populum meum de manu vestra, neque erunt ultra in manibus vestris ad prædandum: et scietis quia ego Dominus.
Ezech	13	22	Pro eo quod mœrere fecistis cor justi mendaciter, quem ego non contristavi, et confortastis manus impii, ut non reverteretur a via sua mala, et viveret:
Ezech	13	23	propterea vana non videbitis, et divinationes non divinabitis amplius, et eruam populum meum de manu vestra: et scietis quia ego Dominus.
Ezech	14	1	Et venerunt ad me viri seniorum Israël, et sederunt coram me.
Ezech	14	2	Et factus est sermo Domini ad me, dicens:
Ezech	14	3	Fili hominis, viri isti posuerunt immunditias suas in cordibus suis, et scandalum iniquitatis suæ statuerunt contra faciem suam: numquid interrogatus respondebo eis?
Ezech	14	4	Propter hoc loquere eis, et dices ad eos: Hæc dicit Dominus Deus: Homo, homo de domo Israël, qui posuerit immunditias suas in corde suo, et scandalum iniquitatis suæ statuerit contra faciem suam, et venerit ad prophetam interrogans per eum me: ego Dominus respondebo ei in multitudine immunditiarum suarum,
Ezech	14	5	ut capiatur domus Israël in corde suo, quo recesserunt a me in cunctis idolis suis.
Ezech	14	6	Propterea dic ad domum Israël: Hæc dicit Dominus Deus: Convertimini, et recedite ab idolis vestris, et ab universis contaminationibus vestris avertite facies vestras.
Ezech	14	7	Quia homo, homo de domo Israël, et de proselytis quicumque advena fuerit in Israël, si alienatus fuerit a me, et posuerit idola sua in corde suo, et scandalum iniquitatis suæ statuerit contra faciem suam, et venerit ad prophetam ut interroget per eum me: ego Dominus respondebo ei per me:
Ezech	14	8	et ponam faciem meam super hominem illum, et faciam eum in exemplum et in proverbium, et disperdam eum de medio populi mei: et scietis quia ego Dominus.
Ezech	14	9	Et propheta cum erraverit, et locutus fuerit verbum, ego Dominus decepi prophetam illum, et extendam manum meam super illum, et delebo eum de medio populi mei Israël.
Ezech	14	10	Et portabunt iniquitatem suam: juxta iniquitatem interrogantis, sic iniquitas prophetæ erit:
Ezech	14	11	ut non erret ultra domus Israël a me, neque polluatur in universis prævaricationibus suis: sed sint mihi in populum, et ego sim eis in Deum, ait Dominus exercituum.
Ezech	14	12	Et factus est sermo Domini ad me, dicens:
Ezech	14	13	Fili hominis, terra cum peccaverit mihi, ut prævaricetur prævaricans, extendam manum meam super eam, et conteram virgam panis ejus, et immittam in eam famem, et interficiam de ea hominem et jumentum.
Ezech	14	14	Et si fuerint tres viri isti in medio ejus, Noë, Daniel, et Job, ipsi justitia sua liberabunt animas suas, ait Dominus exercituum.
Ezech	14	15	Quod si et bestias pessimas induxero super terram ut vastem eam, et fuerit invia, eo quod non sit pertransiens propter bestias:
Ezech	14	16	tres viri isti si fuerint in ea, vivo ego, dicit Dominus Deus, quia nec filios nec filias liberabunt, sed ipsi soli liberabuntur, terra autem desolabitur.
Ezech	14	17	Vel si gladium induxero super terram illam, et dixero gladio: Transi per terram: et interfecero de ea hominem et jumentum,
Ezech	14	18	et tres viri isti fuerint in medio ejus: vivo ego, dicit Dominus Deus, non liberabunt filios neque filias, sed ipsi soli liberabuntur.
Ezech	14	19	Si autem et pestilentiam immisero super terram illam, et effudero indignationem meam super eam in sanguine, ut auferam ex ea hominem et jumentum,
Ezech	14	20	et Noë, et Daniel, et Job fuerint in medio ejus: vivo ego, dicit Dominus Deus, quia filium et filiam non liberabunt, sed ipsi justitia sua liberabunt animas suas.
Ezech	14	21	Quoniam hæc dicit Dominus Deus: Quod etsi quatuor judicia mea pessima, gladium, et famem, ac bestias malas, et pestilentiam, immisero in Jerusalem, ut interficiam de ea hominem et pecus,
Ezech	14	22	tamen relinquetur in ea salvatio educentium filios et filias: ecce ipsi ingredientur ad vos, et videbitis viam eorum et adinventiones eorum, et consolabimini super malo quod induxi in Jerusalem, in omnibus quæ importavi super eam.
Ezech	14	23	Et consolabuntur vos, cum videritis viam eorum et adinventiones eorum: et cognoscetis quod non frustra fecerim omnia quæ feci in ea, ait Dominus Deus.
Ezech	15	1	Et factus est sermo Domini ad me, dicens:
Ezech	15	2	Fili hominis, quid fiet de ligno vitis, ex omnibus lignis nemorum quæ sunt inter ligna silvarum?
Ezech	15	3	numquid tolletur de ea lignum ut fiat opus, aut fabricabitur de ea paxillus ut dependeat in eo quodcumque vas?
Ezech	15	4	Ecce igni datum est in escam: utramque partem ejus consumpsit ignis, et medietas ejus redacta est in favillam: numquid utile erit ad opus?
Ezech	15	5	Etiam cum esset integrum, non erat aptum ad opus: quanto magis cum illud ignis devoraverit et combusserit, nihil ex eo fiet operis?
Ezech	15	6	Propterea hæc dicit Dominus Deus: Quomodo lignum vitis inter ligna silvarum, quod dedi igni ad devorandum, sic tradam habitatores Jerusalem.
Ezech	15	7	Et ponam faciem meam in eos: de igne egredientur, et ignis consumet eos: et scietis quia ego Dominus, cum posuero faciem meam in eos,
Ezech	15	8	et dedero terram inviam et desolatam, eo quod prævaricatores extiterint, dicit Dominus Deus.
Ezech	16	1	Et factus est sermo Domini ad me, dicens:
Ezech	16	2	Fili hominis, notas fac Jerusalem abominationes suas,
Ezech	16	3	et dices: Hæc dicit Dominus Deus Jerusalem: Radix tua et generatio tua de terra Chanaan: pater tuus Amorrhæus, et mater tua Cethæa.
Ezech	16	4	Et quando nata es, in die ortus tui non est præcisus umbilicus tuus, et aqua non es lota in salutem, nec sale salita, nec involuta pannis.
Ezech	16	5	Non pepercit super te oculus, ut faceret tibi unum de his, misertus tui: sed projecta es super faciem terræ in abjectione animæ tuæ in die qua nata es.
Ezech	16	6	Transiens autem per te, vidi te conculcari in sanguine tuo: et dixi tibi cum esses in sanguine tuo: Vive, dixi, inquam, tibi: in sanguine tuo vive.
Ezech	16	7	Multiplicatam quasi germen agri dedi te: et multiplicata es, et grandis effecta, et ingressa es, et pervenisti ad mundum muliebrem: ubera tua intumuerunt, et pilus tuus germinavit: et eras nuda, et confusione plena.
Ezech	16	8	Et transivi per te, et vidi te: et ecce tempus tuum, tempus amantium: et expandi amictum meum super te, et operui ignominiam tuam: et juravi tibi, et ingressus sum pactum tecum, ait Dominus Deus, et facta es mihi.
Ezech	16	9	Et lavi te aqua, et emundavi sanguinem tuum ex te, et unxi te oleo.
Ezech	16	10	Et vestivi te discoloribus, et calceavi te janthino, et cinxi te bysso, et indui te subtilibus:
Ezech	16	11	et ornavi te ornamento, et dedi armillas in manibus tuis, et torquem circa collum tuum:
Ezech	16	12	et dedi inaurem super os tuum, et circulos auribus tuis, et coronam decoris in capite tuo.
Ezech	16	13	Et ornata es auro et argento, et vestita es bysso et polymito et multicoloribus: similam, et mel, et oleum comedisti: et decora facta es vehementer nimis, et profecisti in regnum.
Ezech	16	14	Et egressum est nomen tuum in gentes propter speciem tuam, quia perfecta eras in decore meo quem posueram super te, dicit Dominus Deus.
Ezech	16	15	Et habens fiduciam in pulchritudine tua, fornicata es in nomine tuo: et exposuisti fornicationem tuam omni transeunti, ut ejus fieres.
Ezech	16	16	Et sumens de vestimentis tuis, fecisti tibi excelsa hinc inde consuta, et fornicata es super eis sicut non est factum, neque futurum est.
Ezech	16	17	Et tulisti vasa decoris tui de auro meo atque argento meo, quæ dedi tibi, et fecisti tibi imagines masculinas, et fornicata es in eis.
Ezech	16	18	Et sumpsisti vestimenta tua multicoloria, et operuisti illas, et oleum meum et thymiama meum posuisti coram eis.
Ezech	16	19	Et panem meum quem dedi tibi, similam, et oleum, et mel, quibus enutrivi te, posuisti in conspectu eorum in odorem suavitatis: et factum est, ait Dominus Deus.
Ezech	16	20	Et tulisti filios tuos et filias tuas quas generasti mihi, et immolasti eis ad devorandum. Numquid parva est fornicatio tua?
Ezech	16	21	Immolasti filios meos, et dedisti, illos consecrans, eis.
Ezech	16	22	Et post omnes abominationes tuas et fornicationes, non es recordata dierum adolescentiæ tuæ, quando eras nuda et confusione plena, conculcata in sanguine tuo.
Ezech	16	23	Et accidit post omnem malitiam tuam (væ, væ tibi ! ait Dominus Deus),
Ezech	16	24	et ædificasti tibi lupanar, et fecisti tibi prostibulum in cunctis plateis.
Ezech	16	25	Ad omne caput viæ ædificasti signum prostitutionis tuæ, et abominabilem fecisti decorem tuum: et divisisti pedes tuos omni transeunti, et multiplicasti fornicationes tuas:
Ezech	16	26	et fornicata es cum filiis Ægypti, vicinis tuis, magnarum carnium: et multiplicasti fornicationem tuam ad irritandum me.
Ezech	16	27	Ecce ego extendam manum meam super te, et auferam justificationem tuam, et dabo te in animas odientium te filiarum Palæstinarum, quæ erubescunt in via tua scelerata.
Ezech	16	28	Et fornicata es in filiis Assyriorum eo quod necdum fueris expleta: et postquam fornicata es, nec sic es satiata:
Ezech	16	29	et multiplicasti fornicationem tuam in terra Chanaan cum Chaldæis, et nec sic satiata es.
Ezech	16	30	In quo mundabo cor tuum, ait Dominus Deus, cum facias omnia hæc opera mulieris meretricis et procacis?
Ezech	16	31	Quia fabricasti lupanar tuum in capite omnis viæ, et excelsum tuum fecisti in omni platea: nec facta es quasi meretrix fastidio augens pretium,
Ezech	16	32	sed quasi mulier adultera, quæ super virum suum inducit alienos.
Ezech	16	33	Omnibus meretricibus dantur mercedes: tu autem dedisti mercedes cunctis amatoribus tuis, et dona donabas eis, ut intrarent ad te undique ad fornicandum tecum.
Ezech	16	34	Factumque est in te contra consuetudinem mulierum in fornicationibus tuis, et post te non erit fornicatio: in eo enim quod dedisti mercedes, et mercedes non accepisti, factum est in te contrarium.
Ezech	16	35	Propterea, meretrix, audi verbum Domini.
Ezech	16	36	Hæc dicit Dominus Deus: Quia effusum est æs tuum et revelata est ignominia tua in fornicationibus tuis super amatores tuos, et super idola abominationum tuarum, in sanguine filiorum tuorum quos dedisti eis,
Ezech	16	37	ecce ego congregabo omnes amatores tuos quibus commista es, et omnes quos dilexisti, cum universis quos oderas: et congregabo eos super te undique, et nudabo ignominiam tuam coram eis, et videbunt omnem turpitudinem tuam.
Ezech	16	38	Et judicabo te judiciis adulterarum, et effundentium sanguinem: et dabo te in sanguinem furoris et zeli.
Ezech	16	39	Et dabo te in manus eorum, et destruent lupanar tuum, et demolientur prostibulum tuum: et denudabunt te vestimentis tuis, et auferent vasa decoris tui, et derelinquent te nudam, plenamque ignominia:
Ezech	16	40	et adducent super te multitudinem, et lapidabunt te lapidibus, et trucidabunt te gladiis suis:
Ezech	16	41	et comburent domos tuas igni, et facient in te judicia in oculis mulierum plurimarum. Et desines fornicari, et mercedes ultra non dabis:
Ezech	16	42	et requiescet indignatio mea in te, et auferetur zelus meus a te: et quiescam, nec irascar amplius.
Ezech	16	43	Eo quod non fueris recordata dierum adolescentiæ tuæ, et provocasti me in omnibus his, quapropter et ego vias tuas in capite tuo dedi, ait Dominus Deus, et non feci juxta scelera tua in omnibus abominationibus tuis.
Ezech	16	44	Ecce omnis qui dicit vulgo proverbium, in te assumet illud, dicens: Sicut mater, ita et filia ejus.
Ezech	16	45	Filia matris tuæ es tu, quæ projecit virum suum et filios suos: et soror sororum tuarum es tu, quæ projecerunt viros suos et filios suos: mater vestra Cethæa, et pater vester Amorrhæus.
Ezech	16	46	Et soror tua major, Samaria, ipsa et filiæ ejus, quæ habitant ad sinistram tuam: soror autem tua minor te, quæ habitat a dextris tuis, Sodoma, et filiæ ejus.
Ezech	16	47	Sed nec in viis earum ambulasti, neque secundum scelera earum fecisti pauxillum minus: pene sceleratiora fecisti illis in omnibus viis tuis.
Ezech	16	48	Vivo ego, dicit Dominus Deus, quia non fecit Sodoma soror tua, ipsa et filiæ ejus, sicut fecisti tu et filiæ tuæ.
Ezech	16	49	Ecce hæc fuit iniquitas Sodomæ sororis tuæ: superbia, saturitas panis et abundantia, et otium ipsius et filiarum ejus: et manum egeno et pauperi non porrigebant:
Ezech	16	50	et elevatæ sunt, et fecerunt abominationes coram me: et abstuli eas sicut vidisti.
Ezech	16	51	Et Samaria dimidium peccatorum tuorum non peccavit: sed vicisti eas sceleribus tuis, et justificasti sorores tuas in omnibus abominationibus tuis quas operata es.
Ezech	16	52	Ergo et tu porta confusionem tuam, quæ vicisti sorores tuas peccatis tuis, sceleratius agens ab eis: justificatæ sunt enim a te: ergo et tu confundere, et porta ignominiam tuam, quæ justificasti sorores tuas.
Ezech	16	53	Et convertam restituens eas conversione Sodomorum cum filiabus suis, et conversione Samariæ et filiarum ejus, et convertam reversionem tuam in medio earum,
Ezech	16	54	ut portes ignominiam tuam, et confundaris in omnibus quæ fecisti consolans eas.
Ezech	16	55	Et soror tua Sodoma et filiæ ejus revertentur ad antiquitatem suam, et Samaria et filiæ ejus revertentur ad antiquitatem suam, et tu et filiæ tuæ revertemini ad antiquitatem vestram.
Ezech	16	56	Non fuit autem Sodoma soror tua audita in ore tuo in die superbiæ tuæ,
Ezech	16	57	antequam revelaretur malitia tua, sicut hoc tempore in opprobrium filiarum Syriæ, et cunctarum in circuitu tuo filiarum Palæstinarum quæ ambiunt te per gyrum.
Ezech	16	58	Scelus tuum et ignominiam tuam tu portasti, ait Dominus Deus.
Ezech	16	59	Quia hæc dicit Dominus Deus: Et faciam tibi sicut despexisti juramentum, ut irritum faceres pactum:
Ezech	16	60	et recordabor ego pacti mei tecum in diebus adolescentiæ tuæ, et suscitabo tibi pactum sempiternum.
Ezech	16	61	Et recordaberis viarum tuarum, et confunderis, cum receperis sorores tuas te majores cum minoribus tuis: et dabo eas tibi in filias, sed non ex pacto tuo.
Ezech	16	62	Et suscitabo ego pactum meum tecum, et scies quia ego Dominus:
Ezech	16	63	ut recorderis, et confundaris, et non sit tibi ultra aperire os præ confusione tua, cum placatus tibi fuero in omnibus quæ fecisti, ait Dominus Deus.
Ezech	17	1	Et factum est verbum Domini ad me, dicens:
Ezech	17	2	Fili hominis, propone ænigma, et narra parabolam ad domum Israël,
Ezech	17	3	et dices: Hæc dicit Dominus Deus: Aquila grandis magnarum alarum, longo membrorum ductu, plena plumis et varietate, venit ad Libanum, et tulit medullam cedri.
Ezech	17	4	Summitatem frondium ejus avulsit, et transportavit eam in terram Chanaan: in urbe negotiatorum posuit illam.
Ezech	17	5	Et tulit de semine terræ, et posuit illud in terra pro semine, ut firmaret radicem super aquas multas: in superficie posuit illud.
Ezech	17	6	Cumque germinasset, crevit in vineam latiorem, humili statura, respicientibus ramis ejus ad eam, et radices ejus sub illa erant: facta est ergo vinea, et fructificavit in palmites, et emisit propagines.
Ezech	17	7	Et facta est aquila altera grandis, magnis alis, multisque plumis: et ecce vinea ista quasi mittens radices suas ad eam, palmites suos extendit ad illam, ut irrigaret eam de areolis germinis sui.
Ezech	17	8	In terra bona super aquas multas plantata est, ut faciat frondes, et portet fructum, ut sit in vineam grandem.
Ezech	17	9	Dic: Hæc dicit Dominus Deus: Ergone prosperabitur? nonne radices ejus evellet, et fructus ejus distringet, et siccabit omnes palmites germinis ejus, et arescet, et non in brachio grandi, neque in populo multo, ut evelleret eam radicitus?
Ezech	17	10	Ecce plantata est: ergone prosperabitur? nonne, cum tetigerit eam ventus urens, siccabitur, et in areis germinis sui arescet?
Ezech	17	11	Et factum est verbum Domini ad me, dicens:
Ezech	17	12	Dic ad domum exasperantem: Nescitis quid ista significent? Dic: Ecce venit rex Babylonis in Jerusalem, et assumet regem et principes ejus, et adducet eos ad semetipsum in Babylonem.
Ezech	17	13	Et tollet de semine regni, ferietque cum eo fœdus, et ab eo accipiet jusjurandum. Sed et fortes terræ tollet,
Ezech	17	14	ut sit regnum humile, et non elevetur, sed custodiat pactum ejus, et servet illud.
Ezech	17	15	Qui recedens ab eo misit nuntios ad Ægyptum, ut daret sibi equos et populum multum: numquid prosperabitur, vel consequetur salutem, qui fecit hæc? et qui dissolvit pactum, numquid effugiet?
Ezech	17	16	Vivo ego, dicit Dominus Deus, quoniam in loco regis qui constituit eum regem, cujus fecit irritum juramentum, et solvit pactum quod habebat cum eo, in medio Babylonis morietur.
Ezech	17	17	Et non in exercitu grandi, neque in populo multo, faciet contra eum Pharao prælium: in jactu aggeris, et in exstructione vallorum, ut interficiat animas multas.
Ezech	17	18	Spreverat enim juramentum, ut solveret fœdus, et ecce dedit manum suam: et cum omnia hæc fecerit, non effugiet.
Ezech	17	19	Propterea hæc dicit Dominus Deus: Vivo ego, quoniam juramentum quod sprevit, et fœdus quod prævaricatus est, ponam in caput ejus.
Ezech	17	20	Et expandam super eum rete meum, et comprehendetur in sagena mea: et adducam eum in Babylonem, et judicabo eum ibi in prævaricatione qua despexit me.
Ezech	17	21	Et omnes profugi ejus, cum universo agmine suo, gladio cadent: residui autem in omnem ventum dispergentur: et scietis quia ego Dominus locutus sum.
Ezech	17	22	Hæc dicit Dominus Deus: Et sumam ego de medulla cedri sublimis, et ponam: de vertice ramorum ejus tenerum distringam, et plantabo super montem excelsum et eminentem.
Ezech	17	23	In monte sublimi Israël plantabo illud, et erumpet in germen, et faciet fructum, et erit in cedrum magnam: et habitabunt sub ea omnes volucres, et universum volatile sub umbra frondium ejus nidificabit:
Ezech	17	24	et scient omnia ligna regionis quia ego Dominus humiliavi lignum sublime, et exaltavi lignum humile; et siccavi lignum viride, et frondere feci lignum aridum. Ego Dominus locutus sum, et feci.
Ezech	18	1	Et factus est sermo Domini ad me, dicens:
Ezech	18	2	Quid est quod inter vos parabolam vertitis in proverbium istud in terra Israël, dicentes: Patres comederunt uvam acerbam, et dentes filiorum obstupescunt?
Ezech	18	3	Vivo ego, dicit Dominus Deus, si erit ultra vobis parabola hæc in proverbium in Israël.
Ezech	18	4	Ecce omnes animæ meæ sunt: ut anima patris, ita et anima filii mea est: anima quæ peccaverit, ipsa morietur.
Ezech	18	5	Et vir si fuerit justus, et fecerit judicium et justitiam,
Ezech	18	6	in montibus non comederit, et oculos suos non levaverit ad idola domus Israël: et uxorem proximi sui non violaverit, et ad mulierem menstruatam non accesserit:
Ezech	18	7	et hominem non contristaverit, pignus debitori reddiderit, per vim nihil rapuerit: panem suum esurienti dederit, et nudum operuerit vestimento:
Ezech	18	8	ad usuram non commodaverit, et amplius non acceperit: ab iniquitate averterit manum suam, et judicium verum fecerit inter virum et virum:
Ezech	18	9	in præceptis meis ambulaverit, et judicia mea custodierit, ut faciat veritatem: hic justus est; vita vivet, ait Dominus Deus.
Ezech	18	10	Quod si genuerit filium latronem, effundentem sanguinem, et fecerit unum de istis:
Ezech	18	11	et hæc quidem omnia non facientem, sed in montibus comedentem, et uxorem proximi sui polluentem:
Ezech	18	12	egenum et pauperem contristantem, rapientem rapinas, pignus non reddentem, et ad idola levantem oculos suos, abominationem facientem:
Ezech	18	13	ad usuram dantem, et amplius accipientem: numquid vivet? Non vivet: cum universa hæc detestanda fecerit, morte morietur; sanguis ejus in ipso erit.
Ezech	18	14	Quod si genuerit filium, qui videns omnia peccata patris sui quæ fecit, timuerit, et non fecerit simile eis:
Ezech	18	15	super montes non comederit, et oculos suos non levaverit ad idola domus Israël, et uxorem proximi sui non violaverit:
Ezech	18	16	et virum non contristaverit, pignus non retinuerit, et rapinam non rapuerit: panem suum esurienti dederit, et nudum operuerit vestimento:
Ezech	18	17	a pauperis injuria averterit manum suam, usuram et superabundantiam non acceperit, judicia mea fecerit, in præceptis meis ambulaverit: hic non morietur in iniquitate patris sui, sed vita vivet.
Ezech	18	18	Pater ejus, quia calumniatus est, et vim fecit fratri, et malum operatus est in medio populi sui, ecce mortuus est in iniquitate sua.
Ezech	18	19	Et dicitis: Quare non portavit filius iniquitatem patris? Videlicet quia filius judicium et justitiam operatus est, omnia præcepta mea custodivit, et fecit illa, vivet vita.
Ezech	18	20	Anima quæ peccaverit, ipsa morietur: filius non portabit iniquitatem patris, et pater non portabit iniquitatem filii: justitia justi super eum erit, et impietas impii erit super eum.
Ezech	18	21	Si autem impius egerit pœnitentiam ab omnibus peccatis suis quæ operatus est, et custodierit omnia præcepta mea, et fecerit judicium et justitiam, vita vivet, et non morietur.
Ezech	18	22	Omnium iniquitatum ejus quas operatus est, non recordabor: in justitia sua quam operatus est, vivet.
Ezech	18	23	Numquid voluntatis meæ est mors impii, dicit Dominus Deus, et non ut convertatur a viis suis, et vivat?
Ezech	18	24	Si autem averterit se justus a justitia sua, et fecerit iniquitatem secundum omnes abominationes quas operari solet impius, numquid vivet? Omnes justitiæ ejus quas fecerat, non recordabuntur: in prævaricatione qua prævaricatus est, et in peccato suo quod peccavit, in ipsis morietur.
Ezech	18	25	Et dixistis: Non est æqua via Domini ! Audite ergo, domus Israël: numquid via mea non est æqua, et non magis viæ vestræ pravæ sunt?
Ezech	18	26	Cum enim averterit se justus a justitia sua, et fecerit iniquitatem, morietur in eis: in injustitia quam operatus est morietur.
Ezech	18	27	Et cum averterit se impius ab impietate sua quam operatus est, et fecerit judicium et justitiam, ipse animam suam vivificabit:
Ezech	18	28	considerans enim, et avertens se ab omnibus iniquitatibus suis quas operatus est, vita vivet, et non morietur.
Ezech	18	29	Et dicunt filii Israël: Non est æqua via Domini ! Numquid viæ meæ non sunt æquæ, domus Israël, et non magis viæ vestræ pravæ?
Ezech	18	30	Idcirco unumquemque juxta vias suas judicabo, domus Israël, ait Dominus Deus. Convertimini, et agite pœnitentiam ab omnibus iniquitatibus vestris, et non erit vobis in ruinam iniquitas.
Ezech	18	31	Projicite a vobis omnes prævaricationes vestras in quibus prævaricati estis, et facite vobis cor novum, et spiritum novum: et quare moriemini, domus Israël?
Ezech	18	32	Quia nolo mortem morientis, dicit Dominus Deus: revertimini, et vivite.
Ezech	19	1	Et tu assume planctum super principes Israël,
Ezech	19	2	et dices: Quare mater tua leæna inter leones cubavit? in medio leunculorum enutrivit catulos suos?
Ezech	19	3	Et eduxit unum de leunculis suis, et leo factus est: et didicit capere prædam, hominemque comedere.
Ezech	19	4	Et audierunt de eo gentes: et non absque vulneribus suis ceperunt eum, et adduxerunt eum in catenis in terram Ægypti.
Ezech	19	5	Quæ cum vidisset quoniam infirmata est, et periit exspectatio ejus, tulit unum de leunculis suis; leonem constituit eum.
Ezech	19	6	Qui incedebat inter leones, et factus est leo: et didicit prædam capere, et homines devorare:
Ezech	19	7	didicit viduas facere, et civitates earum in desertum adducere: et desolata est terra et plenitudo ejus a voce rugitus illius.
Ezech	19	8	Et convenerunt adversus eum gentes undique de provinciis, et expanderunt super eum rete suum: in vulneribus earum captus est,
Ezech	19	9	et miserunt eum in caveam: in catenis adduxerunt eum ad regem Babylonis, miseruntque eum in carcerem, ne audiretur vox ejus ultra super montes Israël.
Ezech	19	10	Mater tua quasi vinea in sanguine tuo super aquam plantata est: fructus ejus et frondes ejus creverunt ex aquis multis.
Ezech	19	11	Et factæ sunt ei virgæ solidæ in sceptra dominantium, et exaltata est statura ejus inter frondes, et vidit altitudinem suam in multitudine palmitum suorum.
Ezech	19	12	Et evulsa est in ira, in terramque projecta, et ventus urens siccavit fructum ejus: marcuerunt et arefactæ sunt virgæ roboris ejus: ignis comedit eam.
Ezech	19	13	Et nunc transplantata est in desertum, in terra invia et sitienti.
Ezech	19	14	Et egressus est ignis de virga ramorum ejus, qui fructum ejus comedit: et non fuit in ea virga fortis, sceptrum dominantium. Planctus est, et erit in planctum.
Ezech	20	1	Et factum est in anno septimo, in quinto, in decima mensis, venerunt viri de senioribus Israël ut interrogarent Dominum, et sederunt coram me.
Ezech	20	2	Et factus est sermo Domini ad me, dicens:
Ezech	20	3	Fili hominis, loquere senioribus Israël, et dices ad eos: Hæc dicit Dominus Deus: Numquid ad interrogandum me vos venistis? vivo ego quia non respondebo vobis, ait Dominus Deus.
Ezech	20	4	Si judicas eos, si judicas, fili hominis, abominationes patrum eorum ostende eis.
Ezech	20	5	Et dices ad eos: Hæc dicit Dominus Deus: In die qua elegi Israël, et levavi manum meam pro stirpe domus Jacob, et apparui eis in terra Ægypti, et levavi manum meam pro eis, dicens: Ego Dominus Deus vester:
Ezech	20	6	in die illa levavi manum meam pro eis ut educerem eos de terra Ægypti, in terram quam provideram eis, fluentem lacte et melle, quæ est egregia inter omnes terras.
Ezech	20	7	Et dixi ad eos: Unusquisque offensiones oculorum suorum abjiciat, et in idolis Ægypti nolite pollui: ego Dominus Deus vester.
Ezech	20	8	Et irritaverunt me, nolueruntque me audire: unusquisque abominationes oculorum suorum non projecit, nec idola Ægypti reliquerunt. Et dixi ut effunderem indignationem meam super eos, et implerem iram meam in eis, in medio terræ Ægypti.
Ezech	20	9	Et feci propter nomen meum, ut non violaretur coram gentibus in quarum medio erant, et inter quas apparui eis ut educerem eos de terra Ægypti.
Ezech	20	10	Ejeci ergo eos de terra Ægypti, et eduxi eos in desertum.
Ezech	20	11	Et dedi eis præcepta mea, et judicia mea ostendi eis, quæ faciens homo vivet in eis.
Ezech	20	12	Insuper et sabbata mea dedi eis, ut essent signum inter me et eos, et scirent quia ego Dominus sanctificans eos.
Ezech	20	13	Et irritaverunt me domus Israël in deserto: in præceptis meis non ambulaverunt, et judicia mea projecerunt, quæ faciens homo vivet in eis, et sabbata mea violaverunt vehementer. Dixi ergo ut effunderem furorem meum super eos in deserto, et consumerem eos:
Ezech	20	14	et feci propter nomen meum, ne violaretur coram gentibus de quibus ejeci eos in conspectu earum.
Ezech	20	15	Ego igitur levavi manum meam super eos in deserto, ne inducerem eos in terram quam dedi eis, fluentem lacte et melle, præcipuam terrarum omnium:
Ezech	20	16	quia judicia mea projecerunt, et in præceptis meis non ambulaverunt, et sabbata mea violaverunt: post idola enim cor eorum gradiebatur.
Ezech	20	17	Et pepercit oculus meus super eos, ut non interficerem eos: nec consumpsi eos in deserto.
Ezech	20	18	Dixi autem ad filios eorum in solitudine: In præceptis patrum vestrorum nolite incedere, nec judicia eorum custodiatis, nec in idolis eorum polluamini.
Ezech	20	19	Ego Dominus Deus vester: in præceptis meis ambulate: judicia mea custodite, et facite ea,
Ezech	20	20	et sabbata mea sanctificate, ut sint signum inter me et vos, et sciatis quia ego sum Dominus Deus vester.
Ezech	20	21	Et exacerbaverunt me filii: in præceptis meis non ambulaverunt, et judicia mea non custodierunt ut facerent ea, quæ cum fecerit homo, vivet in eis, et sabbata mea violaverunt. Et comminatus sum ut effunderem furorem meum super eos, et implerem iram meam in eis in deserto.
Ezech	20	22	Averti autem manum meam, et feci propter nomen meum, ut non violaretur coram gentibus de quibus ejeci eos in oculis earum.
Ezech	20	23	Iterum levavi manum meam in eos in solitudine, ut dispergerem illos in nationes, et ventilarem in terras,
Ezech	20	24	eo quod judicia mea non fecissent, et præcepta mea reprobassent, et sabbata mea violassent, et post idola patrum suorum fuissent oculi eorum.
Ezech	20	25	Ergo et ego dedi eis præcepta non bona, et judicia in quibus non vivent.
Ezech	20	26	Et pollui eos in muneribus suis, cum offerrent omne quod aperit vulvam, propter delicta sua: et scient quia ego Dominus.
Ezech	20	27	Quam ob rem loquere ad domum Israël, fili hominis, et dices ad eos: Hæc dicit Dominus Deus: Adhuc et in hoc blasphemaverunt me patres vestri, cum sprevissent me contemnentes,
Ezech	20	28	et induxissem eos in terram super quam levavi manum meam ut darem eis: viderunt omnem collem excelsum, et omne lignum nemorosum, et immolaverunt ibi victimas suas, et dederunt ibi irritationem oblationis suæ, et posuerunt ibi odorem suavitatis suæ, et libaverunt libationes suas.
Ezech	20	29	Et dixi ad eos: Quid est excelsum, ad quod vos ingredimini? et vocatum est nomen ejus Excelsum usque ad hanc diem.
Ezech	20	30	Propterea dic ad domum Israël: Hæc dicit Dominus Deus: Certe in via patrum vestrorum vos polluimini, et post offendicula eorum vos fornicamini:
Ezech	20	31	et in oblatione donorum vestrorum, cum traducitis filios vestros per ignem, vos polluimini in omnibus idolis vestris usque hodie: et ego respondebo vobis, domus Israël? Vivo ego, dicit Dominus Deus, quia non respondebo vobis.
Ezech	20	32	Neque cogitatio mentis vestræ fiet, dicentium: Erimus sicut gentes et sicut cognationes terræ, ut colamus ligna et lapides.
Ezech	20	33	Vivo ego, dicit Dominus Deus, quoniam in manu forti, et in brachio extento, et in furore effuso, regnabo super vos.
Ezech	20	34	Et educam vos de populis, et congregabo vos de terris in quibus dispersi estis: in manu valida, et in brachio extento, et in furore effuso, regnabo super vos.
Ezech	20	35	Et adducam vos in desertum populorum, et judicabor vobiscum ibi facie ad faciem.
Ezech	20	36	Sicut judicio contendi adversum patres vestros in deserto terræ Ægypti, sic judicabo vos, dicit Dominus Deus.
Ezech	20	37	Et subjiciam vos sceptro meo, et inducam vos in vinculis fœderis.
Ezech	20	38	Et eligam de vobis transgressores et impios, et de terra incolatus eorum educam eos, et in terram Israël non ingredientur: et scietis quia ego Dominus.
Ezech	20	39	Et vos, domus Israël, hæc dicit Dominus Deus: Singuli post idola vestra ambulate, et servite eis. Quod si et in hoc non audieritis me, et nomen meum sanctum pollueritis ultra in muneribus vestris et in idolis vestris:
Ezech	20	40	in monte sancto meo, in monte excelso Israël, ait Dominus Deus, ibi serviet mihi omnis domus Israël: omnes, inquam, in terra in qua placebunt mihi: et ibi quæram primitias vestras, et initium decimarum vestrarum, in omnibus sanctificationibus vestris.
Ezech	20	41	In odorem suavitatis suscipiam vos, cum eduxero vos de populis, et congregavero vos de terris in quas dispersi estis: et sanctificabor in vobis in oculis nationum.
Ezech	20	42	Et scietis quia ego Dominus, cum induxero vos ad terram Israël, in terram pro qua levavi manum meam ut darem eam patribus vestris.
Ezech	20	43	Et recordabimini ibi viarum vestrarum, et omnium scelerum vestrorum, quibus polluti estis in eis: et displicebitis vobis in conspectu vestro, in omnibus malitiis vestris quas fecistis.
Ezech	20	44	Et scietis quia ego Dominus, cum benefecero vobis propter nomen meum, et non secundum vias vestras malas, neque secundum scelera vestra pessima, domus Israël, ait Dominus Deus.
Ezech	20	45	Et factus est sermo Domini ad me, dicens:
Ezech	20	46	Fili hominis, pone faciem tuam contra viam austri, et stilla ad africum, et propheta ad saltum agri meridiani.
Ezech	20	47	Et dices saltui meridiano: Audi verbum Domini: Hæc dicit Dominus Deus: Ecce ego succendam in te ignem, et comburam in te omne lignum viride, et omne lignum aridum: non extinguetur flamma succensionis: et comburetur in ea omnis facies ab austro usque ad aquilonem,
Ezech	20	48	et videbit universa caro quia ego Dominus succendi eam, nec extinguetur.
Ezech	20	49	Et dixi: A, a, a, Domine Deus: ipsi dicunt de me: Numquid non per parabolas loquitur iste?
Ezech	21	1	Et factus est sermo Domini ad me, dicens:
Ezech	21	2	Fili hominis, pone faciem tuam ad Jerusalem, et stilla ad sanctuaria, et propheta contra humum Israël.
Ezech	21	3	Et dices terræ Israël: Hæc dicit Dominus Deus: Ecce ego ad te, et ejiciam gladium meum de vagina sua, et occidam in te justum et impium.
Ezech	21	4	Pro eo autem quod occidi in te justum et impium, idcirco egredietur gladius meus de vagina sua ad omnem carnem, ab austro usque ad aquilonem:
Ezech	21	5	ut sciat omnis caro quia ego Dominus, eduxi gladium meum de vagina sua irrevocabilem.
Ezech	21	6	Et tu, fili hominis, ingemisce in contritione lumborum, et in amaritudinibus ingemisce coram eis.
Ezech	21	7	Cumque dixerint ad te: Quare tu gemis? dices: Pro auditu: quia venit, et tabescet omne cor, et dissolventur universæ manus, et infirmabitur omnis spiritus, et per cuncta genua fluent aquæ: ecce venit, et fiet, ait Dominus Deus.
Ezech	21	8	Et factus est sermo Domini ad me, dicens:
Ezech	21	9	Fili hominis, propheta, et dices: Hæc dicit Dominus Deus: loquere: Gladius, gladius exacutus est, et limatus:
Ezech	21	10	ut cædat victimas, exacutus est: ut splendeat, limatus est: qui moves sceptrum filii mei, succidisti omne lignum.
Ezech	21	11	Et dedi eum ad levigandum, ut teneatur manu: iste exacutus est gladius, et iste limatus est, ut sit in manu interficientis.
Ezech	21	12	Clama et ulula, fili hominis, quia hic factus est in populo meo, hic in cunctis ducibus Israël qui fugerant: gladio traditi sunt cum populo meo: idcirco plaude super femur,
Ezech	21	13	quia probatus est: et hoc, cum sceptrum subverterit, et non erit, dicit Dominus Deus.
Ezech	21	14	Tu ergo, fili hominis, propheta, et percute manu ad manum: et duplicetur gladius, ac triplicetur gladius interfectorum: hic est gladius occisionis magnæ, qui obstupescere eos facit
Ezech	21	15	et corde tabescere, et multiplicat ruinas. In omnibus portis eorum dedi conturbationem gladii acuti, et limati ad fulgendum, amicti ad cædem.
Ezech	21	16	Exacuere, vade ad dexteram sive ad sinistram, quocumque faciei tuæ est appetitus.
Ezech	21	17	Quin et ego plaudam manu ad manum, et implebo indignationem meam: ego Dominus locutus sum.
Ezech	21	18	Et factus est sermo Domini ad me, dicens:
Ezech	21	19	Et tu, fili hominis, pone tibi duas vias, ut veniat gladius regis Babylonis: de terra una egredientur ambæ: et manu capiet conjecturam; in capite viæ civitatis conjiciet.
Ezech	21	20	Viam pones ut veniat gladius ad Rabbath filiorum Ammon, et ad Judam in Jerusalem munitissimam.
Ezech	21	21	Stetit enim rex Babylonis in bivio, in capite duarum viarum, divinationem quærens, commiscens sagittas: interrogavit idola, exta consuluit.
Ezech	21	22	Ad dexteram ejus facta est divinatio super Jerusalem, ut ponat arietes, ut aperiat os in cæde, ut elevet vocem in ululatu, ut ponat arietes contra portas, ut comportet aggerem, ut ædificet munitiones.
Ezech	21	23	Eritque quasi consulens frustra oraculum in oculis eorum, et sabbatorum otium imitans: ipse autem recordabitur iniquitatis ad capiendum.
Ezech	21	24	Idcirco hæc dicit Dominus Deus: Pro eo quod recordati estis iniquitatis vestræ, et revelastis prævaricationes vestras, et apparuerunt peccata vestra in omnibus cogitationibus vestris, pro eo, inquam, quod recordati estis, manu capiemini.
Ezech	21	25	Tu autem, profane, impie dux Israël, cujus venit dies in tempore iniquitatis præfinita:
Ezech	21	26	hæc dicit Dominus Deus: Aufer cidarim, tolle coronam: nonne hæc est quæ humilem sublevavit, et sublimem humiliavit?
Ezech	21	27	Iniquitatem, iniquitatem, iniquitatem ponam eam: et hoc non factum est, donec veniret cujus est judicium, et tradam ei.
Ezech	21	28	Et tu, fili hominis, propheta, et dic: Hæc dicit Dominus Deus ad filios Ammon, et ad opprobrium eorum: et dices: Mucro, mucro, evaginate ad occidendum: limate ut interficias et fulgeas:
Ezech	21	29	cum tibi viderentur vana, et divinarentur mendacia, ut dareris super colla vulneratorum impiorum, quorum venit dies in tempore iniquitatis præfinita.
Ezech	21	30	Revertere ad vaginam tuam, in loco in quo creatus es: in terra nativitatis tuæ judicabo te.
Ezech	21	31	Et effundam super te indignationem meam; in igne furoris mei sufflabo in te: daboque te in manus hominum insipientium, et fabricantium interitum.
Ezech	21	32	Igni eris cibus; sanguis tuus erit in medio terræ; oblivioni traderis: quia ego Dominus locutus sum.
Ezech	22	1	Et factum est verbum Domini ad me, dicens:
Ezech	22	2	Et tu, fili hominis, nonne judicas, nonne judicas civitatem sanguinum?
Ezech	22	3	Et ostendes ei omnes abominationes suas, et dices: Hæc dicit Dominus Deus: Civitas effundens sanguinem in medio sui, ut veniat tempus ejus: et quæ fecit idola contra semetipsam, ut pollueretur.
Ezech	22	4	In sanguine tuo, qui a te effusus est, deliquisti, et in idolis tuis, quæ fecisti, polluta es: et appropinquare fecisti dies tuos, et adduxisti tempus annorum tuorum: propterea dedi te opprobrium gentibus, et irrisionem universis terris.
Ezech	22	5	Quæ juxta sunt, et quæ procul a te, triumphabunt de te, sordida, nobilis, grandis interitu.
Ezech	22	6	Ecce principes Israël singuli in brachio suo fuerunt in te, ad effundendum sanguinem.
Ezech	22	7	Patrem et matrem contumeliis affecerunt: in te advenam calumniati sunt in medio tui: pupillum et viduam contristaverunt apud te.
Ezech	22	8	Sanctuaria mea sprevisti, et sabbata mea polluisti.
Ezech	22	9	Viri detractores fuerunt in te ad effundendum sanguinem, et super montes comederunt in te: scelus operati sunt in medio tui.
Ezech	22	10	Verecundiora patris discooperuerunt in te; immunditiam menstruatæ humiliaverunt in te:
Ezech	22	11	et unusquisque in uxorem proximi sui operatus est abominationem, et socer nurum suam polluit nefarie: frater sororem suam, filiam patris sui, oppressit in te.
Ezech	22	12	Munera acceperunt apud te ad effundendum sanguinem: usuram et superabundantiam accepisti, et avare proximos tuos calumniabaris: meique oblita es, ait Dominus Deus.
Ezech	22	13	Ecce complosi manus meas super avaritiam tuam quam fecisti, et super sanguinem qui effusus est in medio tui.
Ezech	22	14	Numquid sustinebit cor tuum, aut prævalebunt manus tuæ, in diebus quos ego faciam tibi? Ego Dominus locutus sum, et faciam.
Ezech	22	15	Et dispergam te in nationes, et ventilabo te in terras, et deficere faciam immunditiam tuam a te.
Ezech	22	16	Et possidebo te in conspectu gentium: et scies quia ego Dominus.
Ezech	22	17	Et factum est verbum Domini ad me, dicens:
Ezech	22	18	Fili hominis, versa est mihi domus Israël in scoriam: omnes isti æs, et stannum, et ferrum, et plumbum in medio fornacis: scoria argenti facti sunt.
Ezech	22	19	Propterea hæc dicit Dominus Deus: Eo quod versi estis omnes in scoriam, propterea ecce ego congregabo vos in medio Jerusalem,
Ezech	22	20	congregatione argenti, et æris, et stanni, et ferri, et plumbi, in medio fornacis, ut succendam in ea ignem ad conflandum. Sic congregabo in furore meo, et in ira mea: et requiescam, et conflabo vos.
Ezech	22	21	Et congregabo vos, et succendam vos in igne furoris mei, et conflabimini in medio ejus.
Ezech	22	22	Ut conflatur argentum in medio fornacis, sic eritis in medio ejus: et scietis quia ego Dominus cum effuderim indignationem meam super vos.
Ezech	22	23	Et factum est verbum Domini ad me, dicens:
Ezech	22	24	Fili hominis, dic ei: Tu es terra immunda, et non compluta in die furoris.
Ezech	22	25	Conjuratio prophetarum in medio ejus: sicut leo rugiens, rapiensque prædam, animas devoraverunt: opes et pretium acceperunt: viduas ejus multiplicaverunt in medio illius.
Ezech	22	26	Sacerdotes ejus contempserunt legem meam, et polluerunt sanctuaria mea: inter sanctum et profanum non habuerunt distantiam, et inter pollutum et mundum non intellexerunt: et a sabbatis meis averterunt oculos suos, et coinquinabar in medio eorum.
Ezech	22	27	Principes ejus in medio illius quasi lupi rapientes prædam ad effundendum sanguinem, et ad perdendas animas, et avare ad sectanda lucra.
Ezech	22	28	Prophetæ autem ejus liniebant eos absque temperamento, videntes vana, et divinantes eis mendacium, dicentes: Hæc dicit Dominus Deus: cum Dominus non sit locutus.
Ezech	22	29	Populi terræ calumniabantur calumniam, et rapiebant violenter: egenum et pauperem affligebant, et advenam opprimebant calumnia absque judicio.
Ezech	22	30	Et quæsivi de eis virum qui interponeret sepem, et staret oppositus contra me pro terra, ne dissiparem eam: et non inveni.
Ezech	22	31	Et effudi super eos indignationem meam; in igne iræ meæ consumpsi eos: viam eorum in caput eorum reddidi, ait Dominus Deus.
Ezech	23	1	Et factus est sermo Domini ad me, dicens:
Ezech	23	2	Fili hominis, duæ mulieres filiæ matris unius fuerunt:
Ezech	23	3	et fornicatæ sunt in Ægypto, in adolescentia sua fornicatæ sunt: ibi subacta sunt ubera earum, et fractæ sunt mammæ pubertatis earum.
Ezech	23	4	Nomina autem earum, Oolla major, et Ooliba soror ejus minor: et habui eas, et pepererunt filios et filias. Porro earum nomina, Samaria Oolla, et Jerusalem Ooliba.
Ezech	23	5	Fornicata est igitur super me Oolla, et insanivit in amatores suos, in Assyrios propinquantes,
Ezech	23	6	vestitos hyacintho, principes et magistratus, juvenes cupidinis, universos equites, ascensores equorum.
Ezech	23	7	Et dedit fornicationes suas super eos electos, filios Assyriorum universos: et in omnibus in quos insanivit, in immunditiis eorum polluta est.
Ezech	23	8	Insuper et fornicationes suas, quas habuerat in Ægypto, non reliquit: nam et illi dormierunt cum ea in adolescentia ejus, et illi confregerunt ubera pubertatis ejus, et effuderunt fornicationem suam super eam.
Ezech	23	9	Propterea tradidi eam in manus amatorum suorum, in manus filiorum Assur, super quorum insanivit libidine.
Ezech	23	10	Ipsi discooperuerunt ignominiam ejus, filios et filias ejus tulerunt, et ipsam occiderunt gladio: et factæ sunt famosæ mulieres, et judicia perpetraverunt in ea.
Ezech	23	11	Quod cum vidisset soror ejus Ooliba, plus quam illa insanivit libidine, et fornicationem suam super fornicationem sororis suæ:
Ezech	23	12	ad filios Assyriorum præbuit impudenter, ducibus et magistratibus ad se venientibus, indutis veste varia, equitibus qui vectabantur equis, et adolescentibus forma cunctis egregia.
Ezech	23	13	Et vidi quod polluta esset via una ambarum.
Ezech	23	14	Et auxit fornicationes suas: cumque vidisset viros depictos in pariete, imagines Chaldæorum expressas coloribus,
Ezech	23	15	et accinctos balteis renes, et tiaras tinctas in capitibus eorum, formam ducum omnium, similitudinem filiorum Babylonis, terræque Chaldæorum, in qua orti sunt,
Ezech	23	16	insanivit super eos concupiscentia oculorum suorum, et misit nuntios ad eos in Chaldæam.
Ezech	23	17	Cumque venissent ad eam filii Babylonis ad cubile mammarum, polluerunt eam stupris suis: et polluta est ab eis, et saturata est anima ejus ab illis.
Ezech	23	18	Denudavit quoque fornicationes suas, et discooperuit ignominiam suam: et recessit anima mea ab ea, sicut recesserat anima mea a sorore ejus:
Ezech	23	19	multiplicavit enim fornicationes suas, recordans dies adolescentiæ suæ, quibus fornicata est in terra Ægypti.
Ezech	23	20	Et insanivit libidine super concubitum eorum, quorum carnes sunt ut carnes asinorum, et sicut fluxus equorum fluxus eorum.
Ezech	23	21	Et visitasti scelus adolescentiæ tuæ, quando subacta sunt in Ægypto ubera tua, et confractæ sunt mammæ pubertatis tuæ.
Ezech	23	22	Propterea, Ooliba, hæc dicit Dominus Deus: Ecce ego suscitabo omnes amatores tuos contra te, de quibus satiata est anima tua, et congregabo eos adversum te in circuitu:
Ezech	23	23	filios Babylonis, et universos Chaldæos, nobiles, tyrannosque, et principes, omnes filios Assyriorum, juvenes forma egregia, duces et magistratus universos, principes principum, et nominatos ascensores equorum:
Ezech	23	24	et venient super te instructi curru et rota, multitudo populorum: lorica, et clypeo, et galea armabuntur contra te undique: et dabo coram eis judicium, et judicabunt te judiciis suis.
Ezech	23	25	Et ponam zelum meum in te, quem exercent tecum in furore: nasum tuum et aures tuas præcident, et quæ remanserint, gladio concident. Ipsi filios tuos et filias tuas capient, et novissimum tuum devorabitur igni:
Ezech	23	26	et denudabunt te vestimentis tuis, et tollent vasa gloriæ tuæ.
Ezech	23	27	Et requiescere faciam scelus tuum de te, et fornicationem tuam de terra Ægypti: nec levabis oculos tuos ad eos, et Ægypti non recordaberis amplius.
Ezech	23	28	Quia hæc dicit Dominus Deus: Ecce ego tradam te in manus eorum quos odisti, in manus de quibus satiata est anima tua.
Ezech	23	29	Et agent tecum in odio, et tollent omnes labores tuos, et dimittent te nudam et ignominia plenam: et revelabitur ignominia fornicationum tuarum, scelus tuum, et fornicationes tuæ.
Ezech	23	30	Fecerunt hæc tibi, quia fornicata es post gentes inter quas polluta es in idolis earum.
Ezech	23	31	In via sororis tuæ ambulasti, et dabo calicem ejus in manu tua.
Ezech	23	32	Hæc dicit Dominus Deus: Calicem sororis tuæ bibes profundum et latum: eris in derisum et in subsannationem quæ est capacissima.
Ezech	23	33	Ebrietate et dolore repleberis: calice mœroris et tristitiæ, calice sororis tuæ Samariæ.
Ezech	23	34	Et bibes illum, et epotabis usque ad fæces: et fragmenta ejus devorabis, et ubera tua lacerabis, quia ego locutus sum, ait Dominus Deus.
Ezech	23	35	Propterea hæc dicit Dominus Deus: Quia oblita es mei, et projecisti me post corpus tuum, tu quoque porta scelus tuum et fornicationes tuas.
Ezech	23	36	Et ait Dominus ad me, dicens: Fili hominis, numquid judicas Oollam et Oolibam, et annuntias eis scelera earum?
Ezech	23	37	Quia adulteratæ sunt, et sanguis in manibus earum, et cum idolis suis fornicatæ sunt: insuper et filios suos quos genuerunt mihi, obtulerunt eis ad devorandum.
Ezech	23	38	Sed et hoc fecerunt mihi: polluerunt sanctuarium meum in die illa, et sabbata mea profanaverunt.
Ezech	23	39	Cumque immolarent filios suos idolis suis, et ingrederentur sanctuarium meum in die illa ut polluerent illud, etiam hæc fecerunt in medio domus meæ.
Ezech	23	40	Miserunt ad viros venientes de longe, ad quos nuntium miserant: itaque ecce venerunt quibus te lavisti, et circumlinisti stibio oculos tuos, et ornata es mundo muliebri.
Ezech	23	41	Sedisti in lecto pulcherrimo, et mensa ornata est ante te: thymiama meum et unguentum meum posuisti super eam.
Ezech	23	42	Et vox multitudinis exsultantis erat in ea: et in viris, qui de multitudine hominum adducebantur, et veniebant de deserto, posuerunt armillas in manibus eorum, et coronas speciosas in capitibus eorum.
Ezech	23	43	Et dixi ei, quæ attrita est in adulteriis: Nunc fornicabitur in fornicatione sua etiam hæc.
Ezech	23	44	Et ingressi sunt ad eam quasi ad mulierem meretricem: sic ingrediebantur ad Oollam et Oolibam, mulieres nefarias.
Ezech	23	45	Viri ergo justi sunt: hi judicabunt eas judicio adulterarum, et judicio effundentium sanguinem: quia adulteræ sunt, et sanguis in manibus earum.
Ezech	23	46	Hæc enim dicit Dominus Deus: Adduc ad eas multitudinem, et trade eas in tumultum et in rapinam.
Ezech	23	47	Et lapidentur lapidibus populorum, et confodiantur gladiis eorum: filios et filias earum interficient, et domos earum igne succendent.
Ezech	23	48	Et auferam scelus de terra, et discent omnes mulieres ne faciant secundum scelus earum.
Ezech	23	49	Et dabunt scelus vestrum super vos, et peccata idolorum vestrorum portabitis: et scietis quia ego Dominus Deus.
Ezech	24	1	Et factum est verbum Domini ad me in anno nono, in mense decimo, decima die mensis, dicens:
Ezech	24	2	Fili hominis, scribe tibi nomen diei hujus, in qua confirmatus est rex Babylonis adversum Jerusalem hodie.
Ezech	24	3	Et dices per proverbium ad domum irritatricem parabolam, et loqueris ad eos: Hæc dicit Dominus Deus: Pone ollam; pone, inquam, et mitte in eam aquam.
Ezech	24	4	Congere frusta ejus in eam, omnem partem bonam, femur et armum, electa et ossibus plena.
Ezech	24	5	Pinguissimum pecus assume, compone quoque strues ossium sub ea: efferbuit coctio ejus, et discocta sunt ossa illius in medio ejus.
Ezech	24	6	Propterea hæc dicit Dominus Deus: Væ civitati sanguinum, ollæ cujus rubigo in ea est, et rubigo ejus non exivit de ea ! per partes et per partes suas ejice eam: non cecidit super eam sors.
Ezech	24	7	Sanguis enim ejus in medio ejus est; super limpidissimam petram effudit illum: non effudit illum super terram, ut possit operiri pulvere.
Ezech	24	8	Ut superinducerem indignationem meam, et vindicta ulciscerer, dedi sanguinem ejus super petram limpidissimam, ne operiretur.
Ezech	24	9	Propterea hæc dicit Dominus Deus: Væ civitati sanguinum, cujus ego grandem faciam pyram !
Ezech	24	10	Congere ossa, quæ igne succendam: consumentur carnes, et coquetur universa compositio, et ossa tabescent.
Ezech	24	11	Pone quoque eam super prunas vacuam, ut incalescat, et liquefiat æs ejus, et confletur in medio ejus inquinamentum ejus, et consumatur rubigo ejus.
Ezech	24	12	Multo labore sudatum est, et non exivit de ea nimia rubigo ejus, neque per ignem.
Ezech	24	13	Immunditia tua execrabilis, quia mundare te volui, et non es mundata a sordibus tuis: sed nec mundaberis prius, donec quiescere faciam indignationem meam in te.
Ezech	24	14	Ego Dominus locutus sum: veniet, et faciam: non transeam, nec parcam, nec placabor: juxta vias tuas, et juxta adinventiones tuas judicabo te, dicit Dominus.
Ezech	24	15	Et factum est verbum Domini ad me, dicens:
Ezech	24	16	Fili hominis, ecce ego tollo a te desiderabile oculorum tuorum in plaga: et non planges, neque plorabis, neque fluent lacrimæ tuæ.
Ezech	24	17	Ingemisce tacens: mortuorum luctum non facies: corona tua circumligata sit tibi, et calceamenta tua erunt in pedibus tuis: nec amictu ora velabis, nec cibos lugentium comedes.
Ezech	24	18	Locutus sum ergo ad populum mane, et mortua est uxor mea vespere: fecique mane sicut præceperat mihi.
Ezech	24	19	Et dixit ad me populus: Quare non indicas nobis quid ista significent quæ tu facis?
Ezech	24	20	Et dixi ad eos: Sermo Domini factus est ad me, dicens:
Ezech	24	21	Loquere domui Israël: Hæc dicit Dominus Deus: Ecce ego polluam sanctuarium meum, superbiam imperii vestri, et desiderabile oculorum vestrorum, et super quo pavet anima vestra: filii vestri et filiæ vestræ quas reliquistis, gladio cadent.
Ezech	24	22	Et facietis sicut feci: ora amictu non velabitis, et cibos lugentium non comedetis:
Ezech	24	23	coronas habebitis in capitibus vestris, et calceamenta in pedibus: non plangetis, neque flebitis, sed tabescetis in iniquitatibus vestris, et unusquisque gemet ad fratrem suum.
Ezech	24	24	Eritque Ezechiel vobis in portentum: juxta omnia quæ fecit, facietis cum venerit istud: et scietis quia ego Dominus Deus.
Ezech	24	25	Et tu, fili hominis, ecce in die qua tollam ab eis fortitudinem eorum, et gaudium dignitatis, et desiderium oculorum eorum, super quo requiescunt animæ eorum, filios et filias eorum:
Ezech	24	26	in die illa, cum venerit fugiens ad te ut annuntiet tibi:
Ezech	24	27	in die, inquam illa, aperietur os tuum cum eo qui fugit, et loqueris, et non silebis ultra: erisque eis in portentum, et scietis quia ego Dominus.
Ezech	25	1	Et factus est sermo Domini ad me, dicens:
Ezech	25	2	Fili hominis, pone faciem tuam contra filios Ammon, et prophetabis de eis.
Ezech	25	3	Et dices filiis Ammon: Audite verbum Domini Dei. Hæc dicit Dominus Deus: Pro eo quod dixisti: Euge, euge, super sanctuarium meum, quia pollutum est; et super terram Israël, quoniam desolata est; et super domum Juda, quoniam ducti sunt in captivitatem:
Ezech	25	4	idcirco ego tradam te filiis orientalibus in hæreditatem: et collocabunt caulas suas in te, et ponent in te tentoria sua: ipsi comedent fruges tuas, et ipsi bibent lac tuum.
Ezech	25	5	Daboque Rabbath in habitaculum camelorum, et filios Ammon in cubile pecorum: et scietis quia ego Dominus.
Ezech	25	6	Quia hæc dicit Dominus Deus: Pro eo quod plausisti manu et percussisti pede, et gavisa es ex toto affectu super terram Israël,
Ezech	25	7	idcirco ecce ego extendam manum meam super te, et tradam te in direptionem gentium, et interficiam te de populis, et perdam de terris, et conteram: et scies quia ego Dominus.
Ezech	25	8	Hæc dicit Dominus Deus: Pro eo quod dixerunt Moab et Seir: Ecce sicut omnes gentes, domus Juda:
Ezech	25	9	idcirco ecce ego aperiam humerum Moab de civitatibus, de civitatibus, inquam, ejus, et de finibus ejus, inclytas terræ Bethiesimoth, et Beelmeon, et Cariathaim,
Ezech	25	10	filiis orientis cum filiis Ammon, et dabo eam in hæreditatem, ut non sit ultra memoria filiorum Ammon in gentibus.
Ezech	25	11	Et in Moab faciam judicia, et scient quia ego Dominus.
Ezech	25	12	Hæc dicit Dominus Deus: Pro eo quod fecit Idumæa ultionem ut se vindicaret de filiis Juda, peccavitque delinquens, et vindictam expetivit de eis:
Ezech	25	13	idcirco hæc dicit Dominus Deus: Extendam manum meam super Idumæam, et auferam de ea hominem et jumentum, et faciam eam desertam ab austro: et qui sunt in Dedan, gladio cadent.
Ezech	25	14	Et dabo ultionem meam super Idumæam per manum populi mei Israël: et facient in Edom juxta iram meam et furorem meum, et scient vindictam meam, dicit Dominus Deus.
Ezech	25	15	Hæc dicit Dominus Deus: Pro eo quod fecerunt Palæstini vindictam, et ulti se sunt toto animo, interficientes, et implentes inimicitias veteres,
Ezech	25	16	propterea hæc dicit Dominus Deus: Ecce ego extendam manum meam super Palæstinos, et interficiam interfectores, et perdam reliquias maritimæ regionis,
Ezech	25	17	faciamque in eis ultiones magnas, arguens in furore: et scient quia ego Dominus, cum dedero vindictam meam super eos.
Ezech	26	1	Et factum est in undecimo anno, prima mensis: factus est sermo Domini ad me, dicens:
Ezech	26	2	Fili hominis, pro eo quod dixit Tyrus de Jerusalem: Euge, confractæ sunt portæ populorum, conversa est ad me: implebor; deserta est:
Ezech	26	3	propterea hæc dicit Dominus Deus: Ecce ego super te, Tyre, et ascendere faciam ad te gentes multas, sicut ascendit mare fluctuans.
Ezech	26	4	Et dissipabunt muros Tyri, et destruent turres ejus: et radam pulverem ejus de ea, et dabo eam in limpidissimam petram.
Ezech	26	5	Siccatio sagenarum erit in medio maris, quia ego locutus sum, ait Dominus Deus: et erit in direptionem gentibus.
Ezech	26	6	Filiæ quoque ejus quæ sunt in agro, gladio interficientur: et scient quia ego Dominus.
Ezech	26	7	Quia hæc dicit Dominus Deus: Ecce ego adducam ad Tyrum Nabuchodonosor regem Babylonis ab aquilone, regem regum, cum equis, et curribus, et equitibus, et cœtu, populoque magno.
Ezech	26	8	Filias tuas quæ sunt in agro, gladio interficiet, et circumdabit te munitionibus, et comportabit aggerem in gyro, et elevabit contra te clypeum:
Ezech	26	9	et vineas et arietes temperabit in muros tuos, et turres tuas destruet in armatura sua.
Ezech	26	10	Inundatione equorum ejus operiet te pulvis eorum: a sonitu equitum, et rotarum, et curruum, movebuntur muri tui, cum ingressus fuerit portas tuas quasi per introitum urbis dissipatæ.
Ezech	26	11	Ungulis equorum suorum conculcabit omnes plateas tuas: populum tuum gladio cædet, et statuæ tuæ nobiles in terram corruent.
Ezech	26	12	Vastabunt opes tuas, diripient negotiationes tuas, et destruent muros tuos, et domos tuas præclaras subvertent: et lapides tuos, et ligna tua, et pulverem tuum in medio aquarum ponent.
Ezech	26	13	Et quiescere faciam multitudinem canticorum tuorum: et sonitus cithararum tuarum non audietur amplius.
Ezech	26	14	Et dabo te in limpidissimam petram, siccatio sagenarum eris, nec ædificaberis ultra, quia ego locutus sum, ait Dominus Deus.
Ezech	26	15	Hæc dicit Dominus Deus Tyro: Numquid non a sonitu ruinæ tuæ, et gemitu interfectorum tuorum, cum occisi fuerint in medio tui, commovebuntur insulæ?
Ezech	26	16	Et descendent de sedibus suis omnes principes maris, et auferent exuvias suas, et vestimenta sua varia abjicient, et induentur stupore: in terra sedebunt, et attoniti super repentino casu tuo admirabuntur:
Ezech	26	17	et assumentes super te lamentum, dicent tibi: Quomodo peristi, quæ habitas in mari, urbs inclyta, quæ fuisti fortis in mari cum habitatoribus tuis, quos formidabant universi?
Ezech	26	18	Nunc stupebunt naves in die pavoris tui, et turbabuntur insulæ in mari, eo quod nullus egrediatur ex te.
Ezech	26	19	Quia hæc dicit Dominus Deus: Cum dedero te urbem desolatam, sicut civitates quæ non habitantur; et adduxero super te abyssum, et operuerint te aquæ multæ;
Ezech	26	20	et detraxero te cum his qui descendunt in lacum ad populum sempiternum; et collocavero te in terra novissima sicut solitudines veteres, cum his qui deducuntur in lacum, ut non habiteris; porro cum dedero gloriam in terra viventium:
Ezech	26	21	in nihilum redigam te, et non eris: et requisita non invenieris ultra in sempiternum, dicit Dominus Deus.
Ezech	27	1	Et factum est verbum Domini ad me, dicens:
Ezech	27	2	Tu ergo, fili hominis, assume super Tyrum lamentum:
Ezech	27	3	et dices Tyro, quæ habitat in introitu maris, negotiationi populorum ad insulas multas: Hæc dicit Dominus Deus: O Tyre, tu dixisti: Perfecti decoris ego sum,
Ezech	27	4	et in corde maris sita. Finitimi tui qui te ædificaverunt, impleverunt decorem tuum:
Ezech	27	5	abietibus de Sanir exstruxerunt te cum omnibus tabulatis maris: cedrum de Libano tulerunt ut facerent tibi malum.
Ezech	27	6	Quercus de Basan dolaverunt in remos tuos, et transtra tua fecerunt tibi ex ebore indico, et prætoriola de insulis Italiæ.
Ezech	27	7	Byssus varia de Ægypto texta est tibi in velum ut poneretur in malo: hyacinthus et purpura de insulis Elisa facta sunt operimentum tuum.
Ezech	27	8	Habitatores Sidonis et Aradii fuerunt remiges tui: sapientes tui, Tyre, facti sunt gubernatores tui.
Ezech	27	9	Senes Giblii et prudentes ejus habuerunt nautas ad ministerium variæ supellectilis tuæ: omnes naves maris, et nautæ earum, fuerunt in populo negotiationis tuæ.
Ezech	27	10	Persæ, et Lydii, et Libyes erant in exercitu tuo viri bellatores tui: clypeum et galeam suspenderunt in te pro ornatu tuo.
Ezech	27	11	Filii Aradii cum exercitu tuo erant super muros tuos in circuitu: sed et Pigmæi qui erant in turribus tuis, pharetras suas suspenderunt in muris tuis per gyrum: ipsi compleverunt pulchritudinem tuam.
Ezech	27	12	Carthaginenses negotiatores tui, a multitudine cunctarum divitiarum, argento, ferro, stanno, plumboque repleverunt nundinas tuas.
Ezech	27	13	Græcia, Thubal, et Mosoch, ipsi institores tui: mancipia, et vasa ærea advexerunt populo tuo.
Ezech	27	14	De domo Thogorma, equos, et equites, et mulos adduxerunt ad forum tuum.
Ezech	27	15	Filii Dedan negotiatores tui; insulæ multæ, negotiatio manus tuæ: dentes eburneos et hebeninos commutaverunt in pretio tuo.
Ezech	27	16	Syrus negotiator tuus propter multitudinem operum tuorum: gemmam, et purpuram, et scutulata, et byssum, et sericum, et chodchod proposuerunt in mercatu tuo.
Ezech	27	17	Juda et terra Israël, ipsi institores tui in frumento primo: balsamum, et mel, et oleum, et resinam proposuerunt in nundinis tuis.
Ezech	27	18	Damascenus negotiator tuus in multitudine operum tuorum, in multitudine diversarum opum, in vino pingui, in lanis coloris optimi.
Ezech	27	19	Dan, et Græcia, et Mosel, in nundinis tuis proposuerunt ferrum fabrefactum: stacte et calamus in negotiatione tua.
Ezech	27	20	Dedan institores tui in tapetibus ad sedendum.
Ezech	27	21	Arabia et universi principes Cedar, ipsi negotiatores manus tuæ: cum agnis, et arietibus, et hædis, venerunt ad te negotiatores tui.
Ezech	27	22	Venditores Saba et Reema, ipsi negotiatores tui: cum universis primis aromatibus, et lapide pretioso, et auro, quod proposuerunt in mercatu tuo.
Ezech	27	23	Haran, et Chene, et Eden, negotiatores tui; Saba, Assur, et Chelmad venditores tui.
Ezech	27	24	Ipsi negotiatores tui multifariam, involucris hyacinthi, et polymitorum, gazarumque pretiosarum, quæ obvolutæ et astrictæ erant funibus: cedros quoque habebant in negotiationibus tuis.
Ezech	27	25	Naves maris, principes tui in negotiatione tua: et repleta es, et glorificata nimis in corde maris.
Ezech	27	26	In aquis multis adduxerunt te remiges tui: ventus auster contrivit te in corde maris.
Ezech	27	27	Divitiæ tuæ, et thesauri tui, et multiplex instrumentum tuum: nautæ tui et gubernatores tui, qui tenebant supellectilem tuam, et populo tuo præerant: viri quoque bellatores tui, qui erant in te, cum universa multitudine tua quæ est in medio tui, cadent in corde maris in die ruinæ tuæ:
Ezech	27	28	a sonitu clamoris gubernatorum tuorum conturbabuntur classes.
Ezech	27	29	Et descendent de navibus suis omnes qui tenebant remum: nautæ et universi gubernatores maris in terra stabunt.
Ezech	27	30	Et ejulabunt super te voce magna: et clamabunt amare, et superjacient pulverem capitibus suis, et cinere conspergentur.
Ezech	27	31	Et radent super te calvitium, et accingentur ciliciis: et plorabunt te in amaritudine animæ, ploratu amarissimo.
Ezech	27	32	Et assument super te carmen lugubre, et plangent te: Quæ est ut Tyrus, quæ obmutuit in medio maris?
Ezech	27	33	Quæ in exitu negotiationum tuarum de mari implesti populos multos: in multitudine divitiarum tuarum, et populorum tuorum, ditasti reges terræ.
Ezech	27	34	Nunc contrita es a mari: in profundis aquarum opes tuæ, et omnis multitudo tua quæ erat in medio tui, ceciderunt.
Ezech	27	35	Universi habitatores insularum obstupuerunt super te, et reges earum omnes tempestate perculsi mutaverunt vultus.
Ezech	27	36	Negotiatores populorum sibilaverunt super te: ad nihilum deducta es, et non eris usque in perpetuum.
Ezech	28	1	Et factus est sermo Domini ad me, dicens:
Ezech	28	2	Fili hominis, dic principi Tyri: Hæc dicit Dominus Deus: Eo quod elevatum est cor tuum, et dixisti: Deus ego sum, et in cathedra Dei sedi in corde maris, cum sis homo, et non deus: et dedisti cor tuum quasi cor Dei:
Ezech	28	3	ecce sapientior es tu Daniele: omne secretum non est absconditum a te:
Ezech	28	4	in sapientia et prudentia tua fecisti tibi fortitudinem, et acquisisti aurum et argentum in thesauris tuis:
Ezech	28	5	in multitudine sapientiæ tuæ, et in negotiatione tua multiplicasti tibi fortitudinem, et elevatum est cor tuum in robore tuo:
Ezech	28	6	propterea hæc dicit Dominus Deus: Eo quod elevatum est cor tuum quasi cor dei,
Ezech	28	7	idcirco ecce ego adducam super te alienos, robustissimos gentium: et nudabunt gladios suos super pulchritudinem sapientiæ tuæ, et polluent decorem tuum.
Ezech	28	8	Interficient, et detrahent te: et morieris in interitu occisorum in corde maris.
Ezech	28	9	Numquid dicens loqueris: Deus ego sum, coram interficientibus te, cum sis homo, et non deus, in manu occidentium te?
Ezech	28	10	Morte incircumcisorum morieris in manu alienorum, quia ego locutus sum, ait Dominus Deus.
Ezech	28	11	Et factus est sermo Domini ad me, dicens: Fili hominis, leva planctum super regem Tyri,
Ezech	28	12	et dices ei: Hæc dicit Dominus Deus: Tu signaculum similitudinis, plenus sapientia, et perfectus decore.
Ezech	28	13	In deliciis paradisi Dei fuisti: omnis lapis pretiosus operimentum tuum, sardius, topazius, et jaspis, chrysolithus, et onyx, et beryllus, sapphirus, et carbunculus, et smaragdus: aurum, opus decoris tui: et foramina tua, in die qua conditus es, præparata sunt.
Ezech	28	14	Tu cherub extentus, et protegens, et posui te in monte sancto Dei: in medio lapidum ignitorum ambulasti,
Ezech	28	15	perfectus in viis tuis a die conditionis tuæ, donec inventa est iniquitas in te.
Ezech	28	16	In multitudine negotiationis tuæ repleta sunt interiora tua iniquitate, et peccasti: et ejeci te de monte Dei, et perdidi te, o cherub protegens, de medio lapidum ignitorum.
Ezech	28	17	Et elevatum est cor tuum in decore tuo; perdidisti sapientiam tuam in decore tuo: in terram projeci te; ante faciem regum dedi te ut cernerent te.
Ezech	28	18	In multitudine iniquitatum tuarum, et iniquitate negotiationis tuæ, polluisti sanctificationem tuam: producam ergo ignem de medio tui, qui comedat te, et dabo te in cinerem super terram, in conspectu omnium videntium te.
Ezech	28	19	Omnes qui viderint te in gentibus, obstupescent super te: nihili factus es, et non eris in perpetuum.
Ezech	28	20	Et factus est sermo Domini ad me, dicens:
Ezech	28	21	Fili hominis, pone faciem tuam contra Sidonem, et prophetabis de ea:
Ezech	28	22	et dices: Hæc dicit Dominus Deus: Ecce ego ad te, Sidon, et glorificabor in medio tui: et scient quia ego Dominus, cum fecero in ea judicia, et sanctificatus fuero in ea.
Ezech	28	23	Et immittam ei pestilentiam, et sanguinem in plateis ejus: et corruent interfecti in medio ejus gladio per circuitum, et scient quia ego Dominus.
Ezech	28	24	Et non erit ultra domui Israël offendiculum amaritudinis, et spina dolorem inferens undique per circuitum eorum qui adversantur eis: et scient quia ego Dominus Deus.
Ezech	28	25	Hæc dicit Dominus Deus: Quando congregavero domum Israël de populis in quibus dispersi sunt, sanctificabor in eis coram gentibus: et habitabunt in terra sua, quam dedi servo meo Jacob:
Ezech	28	26	et habitabunt in ea securi, et ædificabunt domos, et plantabunt vineas, et habitabunt confidenter, cum fecero judicia in omnibus qui adversantur eis per circuitum: et scient quia ego Dominus Deus eorum.
Ezech	29	1	In anno decimo, decimo mense, undecima die mensis, factum est verbum Domini ad me, dicens:
Ezech	29	2	Fili hominis, pone faciem tuam contra Pharaonem regem Ægypti, et prophetabis de eo, et de Ægypto universa.
Ezech	29	3	Loquere, et dices: Hæc dicit Dominus Deus: Ecce ego ad te, Pharao rex Ægypti, draco magne, qui cubas in medio fluminum tuorum, et dicis: Meus est fluvius, et ego feci memetipsum.
Ezech	29	4	Et ponam frenum in maxillis tuis, et agglutinabo pisces fluminum tuorum squamis tuis, et extraham te de medio fluminum tuorum, et universi pisces tui squamis tuis adhærebunt.
Ezech	29	5	Et projiciam te in desertum, et omnes pisces fluminis tui: super faciem terræ cades; non colligeris, neque congregaberis: bestiis terræ et volatilibus cæli dedi te ad devorandum.
Ezech	29	6	Et scient omnes habitatores Ægypti quia ego Dominus, pro eo quod fuisti baculus arundineus domui Israël:
Ezech	29	7	quando apprehenderunt te manu, et confractus es, et lacerasti omnem humerum eorum: et innitentibus eis super te comminutus es, et dissolvisti omnes renes eorum.
Ezech	29	8	Propterea hæc dicit Dominus Deus: Ecce ego adducam super te gladium, et interficiam de te hominem et jumentum.
Ezech	29	9	Et erit terra Ægypti in desertum et in solitudinem: et scient quia ego Dominus, pro eo quod dixeris: Fluvius meus est, et ego feci eum.
Ezech	29	10	Idcirco ecce ego ad te, et ad flumina tua: daboque terram Ægypti in solitudines, gladio dissipatam, a turre Syenes usque ad terminos Æthiopiæ.
Ezech	29	11	Non pertransibit eam pes hominis, neque pes jumenti gradietur in ea, et non habitabitur quadraginta annis.
Ezech	29	12	Daboque terram Ægypti desertam in medio terrarum desertarum, et civitates ejus in medio urbium subversarum, et erunt desolatæ quadraginta annis: et dispergam Ægyptios in nationes, et ventilabo eos in terras.
Ezech	29	13	Quia hæc dicit Dominus Deus: Post finem quadraginta annorum congregabo Ægyptum de populis in quibus dispersi fuerant.
Ezech	29	14	Et reducam captivitatem Ægypti, et collocabo eos in terra Phathures, in terra nativitatis suæ, et erunt ibi in regnum humile.
Ezech	29	15	Inter cetera regna erit humillima, et non elevabitur ultra super nationes, et imminuam eos ne imperent gentibus.
Ezech	29	16	Neque erunt ultra domui Israël in confidentia, docentes iniquitatem ut fugiant, et sequantur eos: et scient quia ego Dominus Deus.
Ezech	29	17	Et factum est in vigesimo et septimo anno, in primo, in una mensis: factum est verbum Domini ad me, dicens:
Ezech	29	18	Fili hominis, Nabuchodonosor rex Babylonis servire fecit exercitum suum servitute magna adversum Tyrum: omne caput decalvatum, et omnis humerus depilatus est: et merces non est reddita ei, neque exercitui ejus, de Tyro, pro servitute qua servivit mihi adversus eam.
Ezech	29	19	Propterea hæc dicit Dominus Deus: Ecce ego dabo Nabuchodonosor regem Babylonis in terra Ægypti: et accipiet multitudinem ejus, et deprædabitur manubias ejus, et diripiet spolia ejus: et erit merces exercitui illius,
Ezech	29	20	et operi quo servivit adversus eam: dedi ei terram Ægypti pro eo quod laboraverit mihi, ait Dominus Deus.
Ezech	29	21	In die illo pullulabit cornu domui Israël, et tibi dabo apertum os in medio eorum, et scient quia ego Dominus.
Ezech	30	1	Et factum est verbum Domini ad me, dicens:
Ezech	30	2	Fili hominis, propheta, et dic: Hæc dicit Dominus Deus: Ululate: Væ, væ diei !
Ezech	30	3	quia juxta est dies, et appropinquat dies Domini, dies nubis: tempus gentium erit.
Ezech	30	4	Et veniet gladius in Ægyptum, et erit pavor in Æthiopia, cum ceciderint vulnerati in Ægypto, et ablata fuerit multitudo illius, et destructa fundamenta ejus.
Ezech	30	5	Æthiopia, et Libya, et Lydi, et omne reliquum vulgus, et Chub, et filii terræ fœderis, cum eis gladio cadent.
Ezech	30	6	Hæc dicit Dominus Deus: Et corruent fulcientes Ægyptum, et destruetur superbia imperii ejus: a turre Syenes gladio cadent in ea, ait Dominus Deus exercituum.
Ezech	30	7	Et dissipabuntur in medio terrarum desolatarum, et urbes ejus in medio civitatum desertarum erunt:
Ezech	30	8	et scient quia ego Dominus, cum dedero ignem in Ægypto, et attriti fuerint omnes auxiliatores ejus.
Ezech	30	9	In die illa egredientur nuntii a facie mea in trieribus ad conterendam Æthiopiæ confidentiam: et erit pavor in eis in die Ægypti, quia absque dubio veniet.
Ezech	30	10	Hæc dicit Dominus Deus: Cessare faciam multitudinem Ægypti in manu Nabuchodonosor regis Babylonis.
Ezech	30	11	Ipse et populus ejus cum eo, fortissimi gentium, adducentur ad disperdendam terram: et evaginabunt gladios suos super Ægyptum, et implebunt terram interfectis.
Ezech	30	12	Et faciam alveos fluminum aridos, et tradam terram in manus pessimorum: et dissipabo terram et plenitudinem ejus manu alienorum: ego Dominus locutus sum.
Ezech	30	13	Hæc dicit Dominus Deus: Et disperdam simulacra, et cessare faciam idola de Memphis: et dux de terra Ægypti non erit amplius, et dabo terrorem in terra Ægypti.
Ezech	30	14	Et disperdam terram Phathures, et dabo ignem in Taphnis, et faciam judicia in Alexandria.
Ezech	30	15	Et effundam indignationem meam super Pelusium, robur Ægypti, et interficiam multitudinem Alexandriæ.
Ezech	30	16	Et dabo ignem in Ægypto: quasi parturiens dolebit Pelusium, et Alexandria erit dissipata, et in Memphis angustiæ quotidianæ.
Ezech	30	17	Juvenes Heliopoleos et Bubasti gladio cadent, et ipsæ captivæ ducentur.
Ezech	30	18	Et in Taphnis nigrescet dies, cum contrivero ibi sceptra Ægypti, et defecerit in ea superbia potentiæ ejus: ipsam nubes operiet, filiæ autem ejus in captivitatem ducentur.
Ezech	30	19	Et judicia faciam in Ægypto: et scient quia ego Dominus.
Ezech	30	20	Et factum est in undecimo anno, in primo mense, in septima mensis: factum est verbum Domini ad me, dicens:
Ezech	30	21	Fili hominis, brachium Pharaonis regis Ægypti confregi, et ecce non est obvolutum ut restitueretur ei sanitas, ut ligaretur pannis, et fasciaretur linteolis, ut recepto robore posset tenere gladium.
Ezech	30	22	Propterea hæc dicit Dominus Deus: Ecce ego ad Pharaonem regem Ægypti, et comminuam brachium ejus forte, sed confractum: et dejiciam gladium de manu ejus,
Ezech	30	23	et dispergam Ægyptum in gentibus, et ventilabo eos in terris.
Ezech	30	24	Et confortabo brachia regis Babylonis, daboque gladium meum in manu ejus, et confringam brachia Pharaonis, et gement gemitibus interfecti coram facie ejus.
Ezech	30	25	Et confortabo brachia regis Babylonis, et brachia Pharaonis concident: et scient quia ego Dominus, cum dedero gladium meum in manu regis Babylonis, et extenderit eum super terram Ægypti.
Ezech	30	26	Et dispergam Ægyptum in nationes, et ventilabo eos in terras: et scient quia ego Dominus.
Ezech	31	1	Et factum est in anno undecimo, tertio mense, una mensis: factum est verbum Domini ad me, dicens:
Ezech	31	2	Fili hominis, dic Pharaoni regi Ægypti et populo ejus: Cui similis factus es in magnitudine tua?
Ezech	31	3	ecce Assur quasi cedrus in Libano, pulcher ramis, et frondibus nemorosus, excelsusque altitudine, et inter condensas frondes elevatum est cacumen ejus.
Ezech	31	4	Aquæ nutrierunt illum; abyssus exaltavit illum: flumina ejus manabant in circuitu radicum ejus, et rivos suos emisit ad universa ligna regionis.
Ezech	31	5	Propterea elevata est altitudo ejus super omnia ligna regionis, et multiplicata sunt arbusta ejus, et elevati sunt rami ejus præ aquis multis.
Ezech	31	6	Cumque extendisset umbram suam, in ramis ejus fecerunt nidos omnia volatilia cæli: et sub frondibus ejus genuerunt omnes bestiæ saltuum, et sub umbraculo illius habitabat cœtus gentium plurimarum.
Ezech	31	7	Eratque pulcherrimus in magnitudine sua, et in dilatatione arbustorum suorum: erat enim radix illius juxta aquas multas.
Ezech	31	8	Cedri non fuerunt altiores illo in paradiso Dei; abietes non adæquaverunt summitatem ejus, et platani non fuerunt æquæ frondibus illius: omne lignum paradisi Dei non est assimilatum illi, et pulchritudini ejus.
Ezech	31	9	Quoniam speciosum feci eum, et multis condensisque frondibus, et æmulata sunt eum omnia ligna voluptatis quæ erant in paradiso Dei.
Ezech	31	10	Propterea hæc dicit Dominus Deus: Pro eo quod sublimatus est in altitudine, et dedit summitatem suam virentem atque condensam, et elevatum est cor ejus in altitudine sua:
Ezech	31	11	tradidi eum in manu fortissimi gentium: faciens faciet ei: juxta impietatem ejus ejeci eum.
Ezech	31	12	Et succident eum alieni, et crudelissimi nationum, et projicient eum super montes: et in cunctis convallibus corruent rami ejus, et confringentur arbusta ejus in universis rupibus terræ: et recedent de umbraculo ejus omnes populi terræ, et relinquent eum.
Ezech	31	13	In ruina ejus habitaverunt omnia volatilia cæli, et in ramis ejus fuerunt universæ bestiæ regionis.
Ezech	31	14	Quam ob rem non elevabuntur in altitudine sua omnia ligna aquarum, nec ponent sublimitatem suam inter nemorosa atque frondosa, nec stabunt in sublimitate sua omnia quæ irrigantur aquis: quia omnes traditi sunt in mortem ad terram ultimam, in medio filiorum hominum, ad eos qui descendunt in lacum.
Ezech	31	15	Hæc dicit Dominus Deus: In die quando descendit ad inferos, induxi luctum: operui eum abysso, et prohibui flumina ejus, et coërcui aquas multas: contristatus est super eum Libanus, et omnia ligna agri concussa sunt.
Ezech	31	16	A sonitu ruinæ ejus commovi gentes cum deducerem eum ad infernum cum his qui descendebant in lacum: et consolata sunt in terra infima omnia ligna voluptatis egregia atque præclara in Libano, universa quæ irrigabantur aquis.
Ezech	31	17	Nam et ipsi cum eo descendent in infernum ad interfectos gladio: et brachium uniuscujusque sedebit sub umbraculo ejus in medio nationum.
Ezech	31	18	Cui assimilatus es, o inclyte atque sublimis inter ligna voluptatis? ecce deductus es cum lignis voluptatis ad terram ultimam: in medio incircumcisorum dormies, cum eis qui interfecti sunt gladio: ipse est Pharao, et omnis multitudo ejus, dicit Dominus Deus.
Ezech	32	1	Et factum est, duodecimo anno, in mense duodecimo, in una mensis: factum est verbum Domini ad me, dicens:
Ezech	32	2	Fili hominis, assume lamentum super Pharaonem regem Ægypti, et dices ad eum: Leoni gentium assimilatus es, et draconi qui est in mari: et ventilabas cornu in fluminibus tuis, et conturbabas aquas pedibus tuis, et conculcabas flumina earum.
Ezech	32	3	Propterea hæc dicit Dominus Deus: Expandam super te rete meum in multitudine populorum multorum, et extraham te in sagena mea.
Ezech	32	4	Et projiciam te in terram; super faciem agri abjiciam te: et habitare faciam super te omnia volatilia cæli, et saturabo de te bestias universæ terræ.
Ezech	32	5	Et dabo carnes tuas super montes, et implebo colles tuos sanie tua.
Ezech	32	6	Et irrigabo terram fœtore sanguinis tui super montes, et valles implebuntur ex te.
Ezech	32	7	Et operiam, cum extinctus fueris, cælum, et nigrescere faciam stellas ejus: solem nube tegam, et luna non dabit lumen suum.
Ezech	32	8	Omnia luminaria cæli mœrere faciam super te, et dabo tenebras super terram tuam, dicit Dominus Deus, cum ceciderint vulnerati tui in medio terræ, ait Dominus Deus.
Ezech	32	9	Et irritabo cor populorum multorum, cum induxero contritionem tuam in gentibus super terras quas nescis.
Ezech	32	10	Et stupescere faciam super te populos multos, et reges eorum horrore nimio formidabunt super te, cum volare cœperit gladius meus super facies eorum: et obstupescent repente singuli pro anima sua in die ruinæ tuæ.
Ezech	32	11	Quia hæc dicit Dominus Deus: Gladius regis Babylonis veniet tibi.
Ezech	32	12	In gladiis fortium dejiciam multitudinem tuam: inexpugnabiles omnes gentes hæ, et vastabunt superbiam Ægypti, et dissipabitur multitudo ejus.
Ezech	32	13	Et perdam omnia jumenta ejus, quæ erant super aquas plurimas: et non conturbabit eas pes hominis ultra, neque ungula jumentorum turbabit eas.
Ezech	32	14	Tunc purissimas reddam aquas eorum, et flumina eorum quasi oleum adducam, ait Dominus Deus,
Ezech	32	15	cum dedero terram Ægypti desolatam: deseretur autem terra a plenitudine sua quando percussero omnes habitatores ejus: et scient quia ego Dominus.
Ezech	32	16	Planctus est, et plangent eum: filiæ gentium plangent eum: super Ægyptum et super multitudinem ejus plangent eum, ait Dominus Deus.
Ezech	32	17	Et factum est in duodecimo anno, in quintadecima mensis: factum est verbum Domini ad me, dicens:
Ezech	32	18	Fili hominis, cane lugubre super multitudinem Ægypti: et detrahe eam ipsam, et filias gentium robustarum, ad terram ultimam, cum his qui descendunt in lacum.
Ezech	32	19	Quo pulchrior es? descende, et dormi cum incircumcisis.
Ezech	32	20	In medio interfectorum gladio cadent; gladius datus est: attraxerunt eam et omnes populos ejus.
Ezech	32	21	Loquentur ei potentissimi robustorum de medio inferni, qui cum auxiliatoribus ejus descenderunt, et dormierunt incircumcisi interfecti gladio.
Ezech	32	22	Ibi Assur, et omnis multitudo ejus: in circuitu illius sepulchra ejus, omnes interfecti, et qui ceciderunt gladio.
Ezech	32	23	Quorum data sunt sepulchra in novissimis laci, et facta est multitudo ejus per gyrum sepulchri ejus: universi interfecti, cadentesque gladio, qui dederant quondam formidinem in terra viventium.
Ezech	32	24	Ibi Ælam, et omnis multitudo ejus per gyrum sepulchri sui: omnes hi interfecti, ruentesque gladio, qui descenderunt incircumcisi ad terram ultimam; qui posuerunt terrorem suum in terra viventium, et portaverunt ignominiam suam cum his qui descendunt in lacum.
Ezech	32	25	In medio interfectorum posuerunt cubile ejus in universis populis ejus: in circuitu ejus sepulchrum illius: omnes hi incircumcisi, interfectique gladio. Dederunt enim terrorem suum in terra viventium, et portaverunt ignominiam suam cum his qui descendunt in lacum: in medio interfectorum positi sunt.
Ezech	32	26	Ibi Mosoch et Thubal, et omnis multitudo ejus: in circuitu ejus sepulchra illius: omnes hi incircumcisi, interfectique et cadentes gladio, quia dederunt formidinem suam in terra viventium.
Ezech	32	27	Et non dormient cum fortibus, cadentibusque, et incircumcisis, qui descenderunt ad infernum cum armis suis, et posuerunt gladios suos sub capitibus suis, et fuerunt iniquitates eorum in ossibus eorum: quia terror fortium facti sunt in terra viventium.
Ezech	32	28	Et tu ergo in medio incircumcisorum contereris, et dormies cum interfectis gladio.
Ezech	32	29	Ibi Idumæa, et reges ejus, et omnes duces ejus, qui dati sunt cum exercitu suo cum interfectis gladio, et qui cum incircumcisis dormierunt, et cum his qui descendunt in lacum.
Ezech	32	30	Ibi principes aquilonis omnes, et universi venatores, qui deducti sunt cum interfectis, paventes, et in sua fortitudine confusi: qui dormierunt incircumcisi cum interfectis gladio, et portaverunt confusionem suam cum his qui descendunt in lacum.
Ezech	32	31	Vidit eos Pharao, et consolatus est super universa multitudine sua, quæ interfecta est gladio: Pharao, et omnis exercitus ejus, ait Dominus Deus.
Ezech	32	32	Quia dedi terrorem meum in terra viventium, et dormivit in medio incircumcisorum cum interfectis gladio: Pharao, et omnis multitudo ejus, ait Dominus Deus.
Ezech	33	1	Et factum est verbum Domini ad me, dicens:
Ezech	33	2	Fili hominis, loquere ad filios populi tui, et dices ad eos: Terra, cum induxero super eam gladium, et tulerit populus terræ virum unum de novissimis suis, et constituerit eum super se speculatorem:
Ezech	33	3	et ille viderit gladium venientem super terram, et cecinerit buccina, et annuntiaverit populo:
Ezech	33	4	audiens autem quisquis ille est sonitum buccinæ, et non se observaverit, veneritque gladius, et tulerit eum: sanguis ipsius super caput ejus erit.
Ezech	33	5	Sonum buccinæ audivit, et non se observavit: sanguis ejus in ipso erit. Si autem se custodierit, animam suam salvabit.
Ezech	33	6	Quod si speculator viderit gladium venientem, et non insonuerit buccina, et populus se non custodierit, veneritque gladius, et tulerit de eis animam: ille quidem in iniquitate sua captus est; sanguinem autem ejus de manu speculatoris requiram.
Ezech	33	7	Et tu, fili hominis, speculatorem dedi te domui Israël: audiens ergo ex ore meo sermonem, annuntiabis eis ex me.
Ezech	33	8	Si me dicente ad impium: Impie, morte morieris: non fueris locutus ut se custodiat impius a via sua, ipse impius in iniquitate sua morietur; sanguinem autem ejus de manu tua requiram.
Ezech	33	9	Si autem annuntiante te ad impium ut a viis suis convertatur, non fuerit conversus a via sua, ipse in iniquitate sua morietur, porro tu animam tuam liberasti.
Ezech	33	10	Tu ergo, fili hominis, dic ad domum Israël: Sic locuti estis, dicentes: Iniquitates nostræ et peccata nostra super nos sunt, et in ipsis nos tabescimus: quomodo ergo vivere poterimus?
Ezech	33	11	Dic ad eos: Vivo ego, dicit Dominus Deus, nolo mortem impii, sed ut convertatur impius a via sua, et vivat. Convertimini, convertimini a viis vestris pessimis, et quare moriemini, domus Israël?
Ezech	33	12	Tu itaque, fili hominis, dic ad filios populi tui: Justitia justi non liberabit eum, in quacumque die peccaverit, et impietas impii non nocebit ei, in quacumque die conversus fuerit ab impietate sua: et justus non poterit vivere in justitia sua, in quacumque die peccaverit.
Ezech	33	13	Etiamsi dixero justo quod vita vivat, et confisus in justitia sua fecerit iniquitatem, omnes justitiæ ejus oblivioni tradentur, et in iniquitate sua quam operatus est, in ipsa morietur.
Ezech	33	14	Si autem dixero impio: Morte morieris: et egerit pœnitentiam a peccato suo, feceritque judicium et justitiam,
Ezech	33	15	et pignus restituerit ille impius, rapinamque reddiderit, in mandatis vitæ ambulaverit, nec fecerit quidquam injustum: vita vivet, et non morietur.
Ezech	33	16	Omnia peccata ejus quæ peccavit, non imputabuntur ei: judicium et justitiam fecit: vita vivet.
Ezech	33	17	Et dixerunt filii populi tui: Non est æqui ponderis via Domini: et ipsorum via injusta est.
Ezech	33	18	Cum enim recesserit justus a justitia sua, feceritque iniquitates, morietur in eis.
Ezech	33	19	Et cum recesserit impius ab impietate sua, feceritque judicium et justitiam, vivet in eis.
Ezech	33	20	Et dicitis: Non est recta via Domini. Unumquemque juxta vias suas judicabo de vobis, domus Israël.
Ezech	33	21	Et factum est in duodecimo anno, in decimo mense, in quinta mensis transmigrationis nostræ, venit ad me qui fugerat de Jerusalem, dicens: Vastata est civitas.
Ezech	33	22	Manus autem Domini facta fuerat ad me vespere, antequam veniret qui fugerat: aperuitque os meum donec veniret ad me mane: et aperto ore meo, non silui amplius.
Ezech	33	23	Et factum est verbum Domini ad me, dicens:
Ezech	33	24	Fili hominis, qui habitant in ruinosis his super humum Israël, loquentes aiunt: Unus erat Abraham, et hæreditate possedit terram: nos autem multi sumus: nobis data est terra in possessionem.
Ezech	33	25	Idcirco dices ad eos: Hæc dicit Dominus Deus: Qui in sanguine comeditis, et oculos vestros levatis ad immunditias vestras, et sanguinem funditis, numquid terram hæreditate possidebitis?
Ezech	33	26	stetistis in gladiis vestris, fecistis abominationes, et unusquisque uxorem proximi sui polluit: et terram hæreditate possidebitis?
Ezech	33	27	Hæc dices ad eos: Sic dicit Dominus Deus: Vivo ego, quia qui in ruinosis habitant, gladio cadent: et qui in agro est, bestiis tradetur ad devorandum: qui autem in præsidiis et speluncis sunt, peste morientur.
Ezech	33	28	Et dabo terram in solitudinem et in desertum, et deficiet superba fortitudo ejus: et desolabuntur montes Israël, eo quod nullus sit qui per eos transeat:
Ezech	33	29	et scient quia ego Dominus, cum dedero terram eorum desolatam et desertam, propter universas abominationes suas quas operati sunt.
Ezech	33	30	Et tu, fili hominis, filii populi tui, qui loquuntur de te juxta muros et in ostiis domorum, et dicunt unus ad alterum, vir ad proximum suum, loquentes: Venite, et audiamus quis sit sermo egrediens a Domino.
Ezech	33	31	Et veniunt ad te, quasi si ingrediatur populus, et sedent coram te populus meus: et audiunt sermones tuos, et non faciunt eos: quia in canticum oris sui vertunt illos, et avaritiam suam sequitur cor eorum.
Ezech	33	32	Et es eis quasi carmen musicum, quod suavi dulcique sono canitur: et audiunt verba tua, et non faciunt ea.
Ezech	33	33	Et cum venerit quod prædictum est (ecce enim venit), tunc scient quod prophetes fuerit inter eos.
Ezech	34	1	Et factum est verbum Domini ad me, dicens:
Ezech	34	2	Fili hominis, propheta de pastoribus Israël: propheta, et dices pastoribus: Hæc dicit Dominus Deus: Væ pastoribus Israël, qui pascebant semetipsos ! nonne greges a pastoribus pascuntur?
Ezech	34	3	Lac comedebatis, et lanis operiebamini, et quod crassum erat occidebatis: gregem autem meum non pascebatis.
Ezech	34	4	Quod infirmum fuit non consolidastis, et quod ægrotum non sanastis: quod confractum est non alligastis, et quod abjectum est non reduxistis, et quod perierat non quæsistis: sed cum austeritate imperabatis eis, et cum potentia.
Ezech	34	5	Et dispersæ sunt oves meæ, eo quod non esset pastor: et factæ sunt in devorationem omnium bestiarum agri, et dispersæ sunt.
Ezech	34	6	Erraverunt greges mei in cunctis montibus, et in universo colle excelso: et super omnem faciem terræ dispersi sunt greges mei, et non erat qui requireret: non erat, inquam, qui requireret.
Ezech	34	7	Propterea, pastores, audite verbum Domini.
Ezech	34	8	Vivo ego, dicit Dominus Deus, quia pro eo quod facti sunt greges mei in rapinam, et oves meæ in devorationem omnium bestiarum agri, eo quod non esset pastor: neque enim quæsierunt pastores mei gregem meum, sed pascebant pastores semetipsos, et greges meos non pascebant:
Ezech	34	9	propterea, pastores, audite verbum Domini.
Ezech	34	10	Hæc dicit Dominus Deus: Ecce ego ipse super pastores: requiram gregem meum de manu eorum, et cessare faciam eos, ut ultra non pascant gregem, nec pascant amplius pastores semetipsos: et liberabo gregem meum de ore eorum, et non erit ultra eis in escam.
Ezech	34	11	Quia hæc dicit Dominus Deus: Ecce ego ipse requiram oves meas, et visitabo eas.
Ezech	34	12	Sicut visitat pastor gregem suum, in die quando fuerit in medio ovium suarum dissipatarum, sic visitabo oves meas, et liberabo eas de omnibus locis in quibus dispersæ fuerant in die nubis et caliginis.
Ezech	34	13	Et educam eas de populis, et congregabo eas de terris, et inducam eas in terram suam, et pascam eas in montibus Israël, in rivis, et in cunctis sedibus terræ.
Ezech	34	14	In pascuis uberrimis pascam eas, et in montibus excelsis Israël erunt pascua earum: ibi requiescent in herbis virentibus, et in pascuis pinguibus pascentur super montes Israël.
Ezech	34	15	Ego pascam oves meas, et ego eas accubare faciam, dicit Dominus Deus.
Ezech	34	16	Quod perierat requiram, et quod abjectum erat reducam, et quod confractum fuerat alligabo, et quod infirmum fuerat consolidabo, et quod pingue et forte custodiam: et pascam illas in judicio.
Ezech	34	17	Vos autem, greges mei, hæc dicit Dominus Deus: Ecce ego judico inter pecus et pecus, arietum et hircorum.
Ezech	34	18	Nonne satis vobis erat pascua bona depasci? insuper et reliquias pascuarum vestrarum conculcastis pedibus vestris: et cum purissimam aquam biberetis, reliquam pedibus vestris turbabatis:
Ezech	34	19	et oves meæ his quæ conculcata pedibus vestris fuerant, pascebantur: et quæ pedes vestri turbaverant, hæc bibebant.
Ezech	34	20	Propterea hæc dicit Dominus Deus ad vos: Ecce ego ipse judico inter pecus pingue et macilentum:
Ezech	34	21	pro eo quod lateribus et humeris impingebatis, et cornibus vestris ventilabatis omnia infirma pecora, donec dispergerentur foras,
Ezech	34	22	salvabo gregem meum, et non erit ultra in rapinam, et judicabo inter pecus et pecus.
Ezech	34	23	Et suscitabo super eas pastorem unum qui pascat eas, servum meum David: ipse pascet eas, et ipse erit eis in pastorem.
Ezech	34	24	Ego autem Dominus ero eis in Deum, et servus meus David princeps in medio eorum: ego Dominus locutus sum.
Ezech	34	25	Et faciam cum eis pactum pacis, et cessare faciam bestias pessimas de terra: et qui habitant in deserto, securi dormient in saltibus.
Ezech	34	26	Et ponam eos in circuitu collis mei benedictionem, et deducam imbrem in tempore suo: pluviæ benedictionis erunt.
Ezech	34	27	Et dabit lignum agri fructum suum, et terra dabit germen suum, et erunt in terra sua absque timore: et scient quia ego Dominus, cum contrivero catenas jugi eorum, et eruero eos de manu imperantium sibi.
Ezech	34	28	Et non erunt ultra in rapinam in gentibus, neque bestiæ terræ devorabunt eos: sed habitabunt confidenter absque ullo terrore.
Ezech	34	29	Et suscitabo eis germen nominatum, et non erunt ultra imminuti fame in terra, neque portabunt ultra opprobrium gentium.
Ezech	34	30	Et scient quia ego Dominus Deus eorum cum eis, et ipsi populus meus domus Israël, ait Dominus Deus.
Ezech	34	31	Vos autem, greges mei, greges pascuæ meæ, homines estis: et ego Dominus Deus vester, dicit Dominus Deus.
Ezech	35	1	Et factus est sermo Domini ad me, dicens:
Ezech	35	2	Fili hominis, pone faciem tuam adversum montem Seir, et prophetabis de eo, et dices illi:
Ezech	35	3	Hæc dicit Dominus Deus: Ecce ego ad te, mons Seir: et extendam manum meam super te, et dabo te desolatum atque desertum.
Ezech	35	4	Urbes tuas demoliar, et tu desertus eris: et scies quia ego Dominus.
Ezech	35	5	Eo quod fueris inimicus sempiternus, et concluseris filios Israël in manus gladii in tempore afflictionis eorum, in tempore iniquitatis extremæ:
Ezech	35	6	propterea vivo ego, dicit Dominus Deus, quoniam sanguini tradam te, et sanguis te persequetur: et cum sanguinem oderis, sanguis persequetur te.
Ezech	35	7	Et dabo montem Seir desolatum atque desertum, et auferam de eo euntem et redeuntem.
Ezech	35	8	Et implebo montes ejus occisorum suorum: in collibus tuis, et in vallibus tuis atque in torrentibus, interfecti gladio cadent.
Ezech	35	9	In solitudines sempiternas tradam te, et civitates tuæ non habitabuntur: et scietis quia ego Dominus Deus.
Ezech	35	10	Eo quod dixeris: Duæ gentes et duæ terræ meæ erunt, et hæreditate possidebo eas, cum Dominus esset ibi:
Ezech	35	11	propterea vivo ego, dicit Dominus Deus, quia faciam juxta iram tuam, et secundum zelum tuum, quem fecisti odio habens eos: et notus efficiar per eos, cum te judicavero.
Ezech	35	12	Et scies quia ego Dominus audivi universa opprobria tua quæ locutus es de montibus Israël, dicens: Deserti; nobis ad devorandum dati sunt.
Ezech	35	13	Et insurrexistis super me ore vestro, et derogastis adversum me verba vestra: ego audivi.
Ezech	35	14	Hæc dicit Dominus Deus: Lætante universa terra, in solitudinem te redigam:
Ezech	35	15	sicuti gavisus es super hæreditatem domus Israël eo quod fuerit dissipata, sic faciam tibi: dissipatus eris, mons Seir, et Idumæa omnis: et scient quia ego Dominus.
Ezech	36	1	Tu autem, fili hominis, propheta super montes Israël, et dices: Montes Israël, audite verbum Domini.
Ezech	36	2	Hæc dicit Dominus Deus: Eo quod dixerit inimicus de vobis: Euge, altitudines sempiternæ in hæreditatem datæ sunt nobis:
Ezech	36	3	propterea vaticinare, et dic: Hæc dicit Dominus Deus: Pro eo quod desolati estis, et conculcati per circuitum, et facti in hæreditatem reliquis gentibus, et ascendistis super labium linguæ et opprobrium populi,
Ezech	36	4	propterea, montes Israël, audite verbum Domini Dei. Hæc dicit Dominus Deus montibus et collibus, torrentibus, vallibusque et desertis, parietinis et urbibus derelictis, quæ depopulatæ sunt et subsannatæ a reliquis gentibus per circuitum.
Ezech	36	5	Propterea hæc dicit Dominus Deus: Quoniam in igne zeli mei locutus sum de reliquis gentibus, et de Idumæa universa, quæ dederunt terram meam sibi in hæreditatem cum gaudio, et toto corde et ex animo, et ejecerunt eam ut vastarent:
Ezech	36	6	idcirco vaticinare super humum Israël, et dices montibus et collibus, jugis et vallibus: Hæc dicit Dominus Deus: Ecce ego in zelo meo et in furore meo locutus sum, eo quod confusionem gentium sustinueritis.
Ezech	36	7	Idcirco hæc dicit Dominus Deus: Ego levavi manum meam, ut gentes quæ in circuitu vestro sunt, ipsæ confusionem suam portent.
Ezech	36	8	Vos autem, montes Israël, ramos vestros germinetis, et fructum vestrum afferatis populo meo Israël: prope enim est ut veniat.
Ezech	36	9	Quia ecce ego ad vos, et convertar ad vos: et arabimini, et accipietis sementem.
Ezech	36	10	Et multiplicabo in vobis homines, omnemque domum Israël: et habitabuntur civitates, et ruinosa instaurabuntur.
Ezech	36	11	Et replebo vos hominibus et jumentis, et multiplicabuntur, et crescent: et habitare vos faciam sicut a principio, bonisque donabo majoribus quam habuistis ab initio: et scietis quia ego Dominus.
Ezech	36	12	Et adducam super vos homines, populum meum Israël, et hæreditate possidebunt te: et eris eis in hæreditatem, et non addes ultra ut absque eis sis.
Ezech	36	13	Hæc dicit Dominus Deus: Pro eo quod dicunt de vobis: Devoratrix hominum es, et suffocans gentem tuam:
Ezech	36	14	propterea homines non comedes amplius, et gentem tuam non necabis ultra, ait Dominus Deus.
Ezech	36	15	Nec auditam faciam in te amplius confusionem gentium, et opprobrium populorum nequaquam portabis: et gentem tuam non amittes amplius, ait Dominus Deus.
Ezech	36	16	Et factum est verbum Domini ad me, dicens:
Ezech	36	17	Fili hominis, domus Israël habitaverunt in humo sua, et polluerunt eam in viis suis et in studiis suis: juxta immunditiam menstruatæ facta est via eorum coram me.
Ezech	36	18	Et effudi indignationem meam super eos pro sanguine quem fuderunt super terram, et in idolis suis polluerunt eam.
Ezech	36	19	Et dispersi eos in gentes, et ventilati sunt in terras: juxta vias eorum et adinventiones eorum judicavi eos.
Ezech	36	20	Et ingressi sunt ad gentes ad quas introierunt: et polluerunt nomen sanctum meum, cum diceretur de eis: Populus Domini iste est, et de terra ejus egressi sunt.
Ezech	36	21	Et peperci nomini sancto meo, quod polluerat domus Israël in gentibus ad quas ingressi sunt.
Ezech	36	22	Idcirco dices domui Israël: Hæc dicit Dominus Deus: Non propter vos ego faciam, domus Israël, sed propter nomen sanctum meum, quod polluistis in gentibus ad quas intrastis.
Ezech	36	23	Et sanctificabo nomen meum magnum quod pollutum est inter gentes, quod polluistis in medio earum: ut sciant gentes quia ego Dominus, ait Dominus exercituum, cum sanctificatus fuero in vobis coram eis.
Ezech	36	24	Tollam quippe vos de gentibus, et congregabo vos de universis terris, et adducam vos in terram vestram.
Ezech	36	25	Et effundam super vos aquam mundam, et mundabimini ab omnibus inquinamentis vestris, et ab universis idolis vestris mundabo vos.
Ezech	36	26	Et dabo vobis cor novum, et spiritum novum ponam in medio vestri: et auferam cor lapideum de carne vestra, et dabo vobis cor carneum.
Ezech	36	27	Et spiritum meum ponam in medio vestri: et faciam ut in præceptis meis ambuletis, et judicia mea custodiatis et operemini.
Ezech	36	28	Et habitabitis in terra quam dedi patribus vestris: et eritis mihi in populum, et ego ero vobis in Deum.
Ezech	36	29	Et salvabo vos ex universis inquinamentis vestris: et vocabo frumentum et multiplicabo illud, et non imponam vobis famem.
Ezech	36	30	Et multiplicabo fructum ligni, et genimina agri, ut non portetis ultra opprobrium famis in gentibus.
Ezech	36	31	Et recordabimini viarum vestrarum pessimarum, studiorumque non bonorum: et displicebunt vobis iniquitates vestræ et scelera vestra.
Ezech	36	32	Non propter vos ego faciam, ait Dominus Deus, notum sit vobis: confundimini, et erubescite super viis vestris, domus Israël.
Ezech	36	33	Hæc dicit Dominus Deus: In die qua mundavero vos ex omnibus iniquitatibus vestris, et inhabitari fecero urbes, et instauravero ruinosa,
Ezech	36	34	et terra deserta fuerit exculta, quæ quondam erat desolata in oculis omnis viatoris,
Ezech	36	35	dicent: Terra illa inculta facta est ut hortus voluptatis: et civitates desertæ, et destitutæ atque suffossæ, munitæ sederunt.
Ezech	36	36	Et scient gentes quæcumque derelictæ fuerint in circuitu vestro, quia ego Dominus ædificavi dissipata, plantavique inculta: ego Dominus locutus sim, et fecerim.
Ezech	36	37	Hæc dicit Dominus Deus: Adhuc in hoc invenient me domus Israël, ut faciam eis: multiplicabo eos sicut gregem hominum,
Ezech	36	38	ut gregem sanctum, ut gregem Jerusalem in solemnitatibus ejus: sic erunt civitates desertæ, plenæ gregibus hominum: et scient quia ego Dominus.
Ezech	37	1	Facta est super me manus Domini, et eduxit me in spiritu Domini, et dimisit me in medio campi qui erat plenus ossibus.
Ezech	37	2	Et circumduxit me per ea in gyro: erant autem multa valde super faciem campi, siccaque vehementer.
Ezech	37	3	Et dixit ad me: Fili hominis, putasne vivent ossa ista? Et dixi: Domine Deus, tu nosti.
Ezech	37	4	Et dixit ad me: Vaticinare de ossibus istis, et dices eis: Ossa arida, audite verbum Domini.
Ezech	37	5	Hæc dicit Dominus Deus ossibus his: Ecce ego intromittam in vos spiritum, et vivetis.
Ezech	37	6	Et dabo super vos nervos, et succrescere faciam super vos carnes, et superextendam in vobis cutem, et dabo vobis spiritum, et vivetis: et scietis quia ego Dominus.
Ezech	37	7	Et prophetavi sicut præceperat mihi: factus est autem sonitus, prophetante me, et ecce commotio: et accesserunt ossa ad ossa, unumquodque ad juncturam suam.
Ezech	37	8	Et vidi, et ecce super ea nervi et carnes ascenderunt, et extenta est in eis cutis desuper: et spiritum non habebant.
Ezech	37	9	Et dixit ad me: Vaticinare ad spiritum: vaticinare, fili hominis, et dices ad spiritum: Hæc dicit Dominus Deus: A quatuor ventis veni, spiritus, et insuffla super interfectos istos, et reviviscant.
Ezech	37	10	Et prophetavi sicut præceperat mihi: et ingressus est in ea spiritus, et vixerunt: steteruntque super pedes suos, exercitus grandis nimis valde.
Ezech	37	11	Et dixit ad me: Fili hominis, ossa hæc universa, domus Israël est. Ipsi dicunt: Aruerunt ossa nostra, et periit spes nostra, et abscissi sumus.
Ezech	37	12	Propterea vaticinare, et dices ad eos: Hæc dicit Dominus Deus: Ecce ego aperiam tumulos vestros, et educam vos de sepulchris vestris, populus meus, et inducam vos in terram Israël.
Ezech	37	13	Et scietis quia ego Dominus, cum aperuero sepulchra vestra, et eduxero vos de tumulis vestris, popule meus,
Ezech	37	14	et dedero spiritum meum in vobis, et vixeritis: et requiescere vos faciam super humum vestram, et scietis quia ego Dominus locutus sum, et feci, ait Dominus Deus.
Ezech	37	15	Et factus est sermo Domini ad me, dicens:
Ezech	37	16	Et tu, fili hominis, sume tibi lignum unum, et scribe super illud: Judæ, et filiorum Israël sociorum ejus: et tolle lignum alterum, et scribe super illud: Joseph, ligno Ephraim, et cunctæ domui Israël sociorumque ejus.
Ezech	37	17	Et adjunge illa unum ad alterum tibi in lignum unum: et erunt in unionem in manu tua.
Ezech	37	18	Cum autem dixerint ad te filii populi tui, loquentes: Nonne indicas nobis quid in his tibi velis?
Ezech	37	19	loqueris ad eos: Hæc dicit Dominus Deus: Ecce ego assumam lignum Joseph, quod est in manu Ephraim, et tribus Israël, quæ sunt ei adjunctæ, et dabo eas pariter cum ligno Juda, et faciam eas in lignum unum: et erunt unum in manu ejus.
Ezech	37	20	Erunt autem ligna super quæ scripseris in manu tua in oculis eorum.
Ezech	37	21	Et dices ad eos: Hæc dicit Dominus Deus: Ecce ego assumam filios Israël de medio nationum ad quas abierunt: et congregabo eos undique, et adducam eos ad humum suam.
Ezech	37	22	Et faciam eos in gentem unam in terra in montibus Israël, et rex unus erit omnibus imperans: et non erunt ultra duæ gentes, nec dividentur amplius in duo regna,
Ezech	37	23	neque polluentur ultra in idolis suis, et abominationibus suis, et cunctis iniquitatibus suis: et salvos eos faciam de universis sedibus in quibus peccaverunt, et emundabo eos: et erunt mihi populus, et ego ero eis Deus.
Ezech	37	24	Et servus meus David rex super eos, et pastor unus erit omnium eorum. In judiciis meis ambulabunt, et mandata mea custodient, et facient ea:
Ezech	37	25	et habitabunt super terram quam dedi servo meo Jacob, in qua habitaverunt patres vestri: et habitabunt super eam ipsi, et filii eorum, et filii filiorum eorum, usque in sempiternum: et David servus meus princeps eorum in perpetuum.
Ezech	37	26	Et percutiam illis fœdus pacis: pactum sempiternum erit eis. Et fundabo eos, et multiplicabo, et dabo sanctificationem meam in medio eorum in perpetuum.
Ezech	37	27	Et erit tabernaculum meum in eis: et ero eis Deus, et ipsi erunt mihi populus.
Ezech	37	28	Et scient gentes quia ego Dominus sanctificator Israël, cum fuerit sanctificatio mea in medio eorum in perpetuum.
Ezech	38	1	Et factus est sermo Domini ad me, dicens:
Ezech	38	2	Fili hominis, pone faciem tuam contra Gog, terram Magog, principem capitis Mosoch et Thubal, et vaticinare de eo.
Ezech	38	3	Et dices ad eum: Hæc dicit Dominus Deus: Ecce ego ad te, Gog, principem capitis Mosoch et Thubal.
Ezech	38	4	Et circumagam te, et ponam frenum in maxillis tuis: et educam te, et omnem exercitum tuum, equos et equites vestitos loricis universos, multitudinem magnam, hastam et clypeum arripientium et gladium.
Ezech	38	5	Persæ, Æthiopes, et Libyes cum eis, omnes scutati et galeati.
Ezech	38	6	Gomer et universa agmina ejus, domus Thogorma, latera aquilonis, et totum robur ejus, populique multi tecum.
Ezech	38	7	Præpara et instrue te, et omnem multitudinem tuam quæ coacervata est ad te: et esto eis in præceptum.
Ezech	38	8	Post dies multos visitaberis: in novissimo annorum venies ad terram quæ reversa est a gladio, et congregata est de populis multis ad montes Israël, qui fuerunt deserti jugiter: hæc de populis educta est, et habitabunt in ea confidenter universi.
Ezech	38	9	Ascendens autem quasi tempestas venies, et quasi nubes, ut operias terram: tu et omnia agmina tua, et populi multi tecum.
Ezech	38	10	Hæc dicit Dominus Deus: In die illa, ascendent sermones super cor tuum, et cogitabis cogitationem pessimam:
Ezech	38	11	et dices: Ascendam ad terram absque muro: veniam ad quiescentes habitantesque secure: hi omnes habitant sine muro; vectes et portæ non sunt eis:
Ezech	38	12	ut diripias spolia, et invadas prædam; ut inferas manum tuam super eos qui deserti fuerant, et postea restituti, et super populum qui est congregatus ex gentibus, qui possidere cœpit et esse habitator umbilici terræ.
Ezech	38	13	Saba, et Dedan, et negotiatores Tharsis, et omnes leones ejus, dicent tibi: Numquid ad sumenda spolia tu venis? ecce ad diripiendam prædam congregasti multitudinem tuam, ut tollas argentum et aurum, et auferas supellectilem atque substantiam, et diripias manubias infinitas.
Ezech	38	14	Propterea vaticinare, fili hominis, et dices ad Gog: Hæc dicit Dominus Deus: Numquid non in die illo, cum habitaverit populus meus Israël confidenter, scies?
Ezech	38	15	Et venies de loco tuo a lateribus aquilonis, tu et populi multi tecum, ascensores equorum universi: cœtus magnus, et exercitus vehemens.
Ezech	38	16	Et ascendes super populum meum Israël quasi nubes, ut operias terram. In novissimis diebus eris, et adducam te super terram meam: ut sciant gentes me cum sanctificatus fuero in te in oculis eorum, o Gog !
Ezech	38	17	Hæc dicit Dominus Deus: Tu ergo ille es, de quo locutus sum in diebus antiquis in manu servorum meorum prophetarum Israël, qui prophetaverunt in diebus illorum temporum, ut adducerem te super eos.
Ezech	38	18	Et erit in die illa, in die adventus Gog super terram Israël, ait Dominus Deus, ascendet indignatio mea in furore meo.
Ezech	38	19	Et in zelo meo, in igne iræ meæ locutus sum, quia in die illa erit commotio magna super terram Israël:
Ezech	38	20	et commovebuntur a facie mea pisces maris, et volucres cæli, et bestiæ agri, et omne reptile quod movetur super humum, cunctique homines qui sunt super faciem terræ: et subvertentur montes, et cadent sepes, et omnis murus corruet in terram.
Ezech	38	21	Et convocabo adversus eum in cunctis montibus meis gladium, ait Dominus Deus: gladius uniuscujusque in fratrem suum dirigetur.
Ezech	38	22	Et judicabo eum peste, et sanguine, et imbre vehementi, et lapidibus immensis: ignem et sulphur pluam super eum, et super exercitum ejus, et super populos multos qui sunt cum eo.
Ezech	38	23	Et magnificabor, et sanctificabor, et notus ero in oculis multarum gentium: et scient quia ego Dominus.
Ezech	39	1	Tu autem, fili hominis, vaticinare adversum Gog, et dices: Hæc dicit Dominus Deus: Ecce ego super te, Gog, principem capitis Mosoch et Thubal.
Ezech	39	2	Et circumagam te, et educam te, et ascendere te faciam de lateribus aquilonis, et adducam te super montes Israël.
Ezech	39	3	Et percutiam arcum tuum in manu sinistra tua, et sagittas tuas de manu dextera tua dejiciam.
Ezech	39	4	Super montes Israël cades tu, et omnia agmina tua, et populi tui qui sunt tecum: feris, avibus, omnique volatili et bestiis terræ dedi te ad devorandum.
Ezech	39	5	Super faciem agri cades, quia ego locutus sum, ait Dominus Deus.
Ezech	39	6	Et immittam ignem in Magog, et in his qui habitant in insulis confidenter: et scient quia ego Dominus.
Ezech	39	7	Et nomen sanctum meum notum faciam in medio populi mei Israël, et non polluam nomen sanctum meum amplius: et scient gentes quia ego Dominus, Sanctus Israël.
Ezech	39	8	Ecce venit, et factum est, ait Dominus Deus: hæc est dies de qua locutus sum.
Ezech	39	9	Et egredientur habitatores de civitatibus Israël, et succendent et comburent arma, clypeum et hastas, arcum et sagittas, et baculos manuum et contos: et succendent ea igni septem annis.
Ezech	39	10	Et non portabunt ligna de regionibus, neque succident de saltibus: quoniam arma succendent igni, et deprædabuntur eos quibus prædæ fuerant, et diripient vastatores suos, ait Dominus Deus.
Ezech	39	11	Et erit in die illa: dabo Gog locum nominatum sepulchrum in Israël, vallem viatorum ad orientem maris, quæ obstupescere faciet prætereuntes: et sepelient ibi Gog, et omnem multitudinem ejus, et vocabitur vallis multitudinis Gog.
Ezech	39	12	Et sepelient eos domus Israël, ut mundent terram septem mensibus.
Ezech	39	13	Sepeliet autem eum omnis populus terræ: et erit eis nominata dies in qua glorificatus sum, ait Dominus Deus.
Ezech	39	14	Et viros jugiter constituent lustrantes terram, qui sepeliant et requirant eos qui remanserant super faciem terræ, ut emundent eam: post menses autem septem quærere incipient.
Ezech	39	15	Et circuibunt peragrantes terram: cumque viderint os hominis, statuent juxta illud titulum, donec sepeliant illud pollinctores in valle multitudinis Gog.
Ezech	39	16	Nomen autem civitatis Amona: et mundabunt terram.
Ezech	39	17	Tu ergo, fili hominis, hæc dicit Dominus Deus: Dic omni volucri, et universis avibus, cunctisque bestiis agri: Convenite, properate, concurrite undique ad victimam meam quam ego immolo vobis, victimam grandem super montes Israël, ut comedatis carnem, et bibatis sanguinem.
Ezech	39	18	Carnes fortium comedetis, et sanguinem principum terræ bibetis: arietum, et agnorum, et hircorum, taurorumque et altilium, et pinguium omnium.
Ezech	39	19	Et comedetis adipem in saturitatem, et bibetis sanguinem in ebrietatem, de victima quam ego immolabo vobis:
Ezech	39	20	et saturabimini super mensam meam de equo, et equite forti, et de universis viris bellatoribus, ait Dominus Deus.
Ezech	39	21	Et ponam gloriam meam in gentibus: et videbunt omnes gentes judicium meum quod fecerim, et manum meam quam posuerim super eos.
Ezech	39	22	Et scient domus Israël quia ego Dominus Deus eorum, a die illa et deinceps.
Ezech	39	23	Et scient gentes quoniam in iniquitate sua capta sit domus Israël, eo quod dereliquerint me, et absconderim faciem meam ab eis, et tradiderim eos in manus hostium, et ceciderint in gladio universi.
Ezech	39	24	Juxta immunditiam eorum et scelus feci eis, et abscondi faciem meam ab illis.
Ezech	39	25	Propterea hæc dicit Dominus Deus: Nunc reducam captivitatem Jacob, et miserebor omnis domus Israël, et assumam zelum pro nomine sancto meo.
Ezech	39	26	Et portabunt confusionem suam, et omnem prævaricationem qua prævaricati sunt in me, cum habitaverint in terra sua confidenter, neminem formidantes:
Ezech	39	27	et reduxero eos de populis, et congregavero de terris inimicorum suorum, et sanctificatus fuero in eis, in oculis gentium plurimarum.
Ezech	39	28	Et scient quia ego Dominus Deus eorum, eo quod transtulerim eos in nationes, et congregaverim eos super terram suam, et non dereliquerim quemquam ex eis ibi.
Ezech	39	29	Et non abscondam ultra faciem meam ab eis, eo quod effuderim spiritum meum super omnem domum Israël, ait Dominus Deus.
Ezech	40	1	In vigesimo quinto anno transmigrationis nostræ, in exordio anni, decima mensis, quartodecimo anno postquam percussa est civitas, in ipsa hac die, facta est super me manus Domini, et adduxit me illuc.
Ezech	40	2	In visionibus Dei adduxit me in terram Israël, et dimisit me super montem excelsum nimis, super quem erat quasi ædificium civitatis vergentis ad austrum.
Ezech	40	3	Et introduxit me illuc: et ecce vir cujus erat species quasi species æris, et funiculus lineus in manu ejus, et calamus mensuræ in manu ejus: stabat autem in porta.
Ezech	40	4	Et locutus est ad me idem vir: Fili hominis, vide oculis tuis, et auribus tuis audi, et pone cor tuum in omnia quæ ego ostendam tibi, quia ut ostendantur tibi adductus es huc. Annuntia omnia quæ tu vides domui Israël.
Ezech	40	5	Et ecce murus forinsecus in circuitu domus undique: et in manu viri calamus mensuræ sex cubitorum et palmo: et mensus est latitudinem ædificii calamo uno, altitudinem quoque calamo uno.
Ezech	40	6	Et venit ad portam quæ respiciebat viam orientalem, et ascendit per gradus ejus: et mensus est limen portæ calamo uno latitudinem, id est, limen unum calamo uno in latitudine.
Ezech	40	7	Et thalamum uno calamo in longum, et uno calamo in latum: et inter thalamos, quinque cubitos.
Ezech	40	8	Et limen portæ, juxta vestibulum portæ intrinsecus, calamo uno.
Ezech	40	9	Et mensus est vestibulum portæ octo cubitorum, et frontem ejus duobus cubitis: vestibulum autem portæ erat intrinsecus.
Ezech	40	10	Porro thalami portæ ad viam orientalem, tres hinc et tres inde: mensura una trium, et mensura una frontium ex utraque parte.
Ezech	40	11	Et mensus est latitudinem liminis portæ decem cubitorum, et longitudinem portæ tredecim cubitorum.
Ezech	40	12	Et marginem ante thalamos, cubiti unius, et cubitus unus finis utrimque: thalami autem sex cubitorum erant hinc et inde.
Ezech	40	13	Et mensus est portam a tecto thalami usque ad tectum ejus, latitudinem viginti quinque cubitorum, ostium contra ostium.
Ezech	40	14	Et fecit frontes per sexaginta cubitos, et ad frontem atrium portæ undique per circuitum.
Ezech	40	15	Et ante faciem portæ quæ pertingebat usque ad faciem vestibuli portæ interioris, quinquaginta cubitos.
Ezech	40	16	Et fenestras obliquas in thalamis et in frontibus eorum, quæ erant intra portam undique per circuitum: similiter autem erant et in vestibulis fenestræ per gyrum intrinsecus, et ante frontes pictura palmarum.
Ezech	40	17	Et eduxit me ad atrium exterius: et ecce gazophylacia, et pavimentum stratum lapide in atrio per circuitum: triginta gazophylacia in circuitu pavimenti.
Ezech	40	18	Et pavimentum in fronte portarum, secundum longitudinem portarum erat inferius.
Ezech	40	19	Et mensus est latitudinem a facie portæ inferioris usque ad frontem atrii interioris extrinsecus: centum cubitos ad orientem et ad aquilonem.
Ezech	40	20	Portam quoque quæ respiciebat viam aquilonis atrii exterioris, mensus est tam in longitudine quam in latitudine.
Ezech	40	21	Et thalamos ejus tres hinc et tres inde, et frontem ejus et vestibulum ejus secundum mensuram portæ prioris, quinquaginta cubitorum longitudinem ejus, et latitudinem viginti quinque cubitorum.
Ezech	40	22	Fenestræ autem ejus, et vestibulum, et sculpturæ secundum mensuram portæ quæ respiciebat ad orientem: et septem graduum erat ascensus ejus, et vestibulum ante eam.
Ezech	40	23	Et porta atrii interioris contra portam aquilonis et orientalem: et mensus est a porta usque ad portam centum cubitos.
Ezech	40	24	Et eduxit me ad viam australem: et ecce porta quæ respiciebat ad austrum: et mensus est frontem ejus et vestibulum ejus juxta mensuras superiores.
Ezech	40	25	Et fenestras ejus, et vestibula in circuitu, sicut fenestras ceteras: quinquaginta cubitorum longitudine, et latitudine viginti quinque cubitorum.
Ezech	40	26	Et in gradibus septem ascendebatur ad eam, et vestibulum ante fores ejus: et cælatæ palmæ erant, una hinc, et altera inde, in fronte ejus.
Ezech	40	27	Et porta atrii interioris in via australi: et mensus est a porta usque ad portam in via australi, centum cubitos.
Ezech	40	28	Et introduxit me in atrium interius ad portam australem: et mensus est portam juxta mensuras superiores.
Ezech	40	29	Thalamum ejus, et frontem ejus, et vestibulum ejus eisdem mensuris, et fenestras ejus, et vestibulum ejus in circuitu, quinquaginta cubitos longitudinis, et latitudinis viginti quinque cubitos.
Ezech	40	30	Et vestibulum per gyrum longitudine viginti quinque cubitorum, et latitudine quinque cubitorum:
Ezech	40	31	et vestibulum ejus ad atrium exterius, et palmas ejus in fronte: et octo gradus erant quibus ascendebatur per eam.
Ezech	40	32	Et introduxit me in atrium interius, per viam orientalem: et mensus est portam secundum mensuras superiores.
Ezech	40	33	Thalamum ejus, et frontem ejus, et vestibulum ejus, sicut supra: et fenestras ejus, et vestibula ejus in circuitu, longitudine quinquaginta cubitorum, et latitudine viginti quinque cubitorum.
Ezech	40	34	Et vestibulum ejus, id est, atrii exterioris, et palmæ cælatæ in fronte ejus, hinc et inde: et in octo gradibus ascensus ejus.
Ezech	40	35	Et introduxit me ad portam quæ respiciebat ad aquilonem: et mensus est secundum mensuras superiores.
Ezech	40	36	Thalamum ejus, et frontem ejus, et vestibulum ejus, et fenestras ejus per circuitum, longitudine quinquaginta cubitorum, et latitudine viginti quinque cubitorum.
Ezech	40	37	Et vestibulum ejus respiciebat ad atrium exterius: et cælatura palmarum in fronte ejus, hinc et inde: et in octo gradibus ascensus ejus.
Ezech	40	38	Et per singula gazophylacia ostium in frontibus portarum: ibi lavabant holocaustum.
Ezech	40	39	Et in vestibulo portæ, duæ mensæ hinc, et duæ mensæ inde, ut immoletur super eas holocaustum, et pro peccato et pro delicto.
Ezech	40	40	Et ad latus exterius, quod ascendit ad ostium portæ quæ pergit ad aquilonem, duæ mensæ: et ad latus alterum, ante vestibulum portæ, duæ mensæ:
Ezech	40	41	quatuor mensæ hinc, et quatuor mensæ inde: per latera portæ octo mensæ erant, super quas immolabant.
Ezech	40	42	Quatuor autem mensæ ad holocaustum de lapidibus quadris exstructæ, longitudine cubiti unius et dimidii, et latitudine cubiti unius et dimidii, et altitudine cubiti unius: super quas ponant vasa in quibus immolatur holocaustum et victima.
Ezech	40	43	Et labia earum palmi unius, reflexa intrinsecus per circuitum: super mensas autem carnes oblationis.
Ezech	40	44	Et extra portam interiorem, gazophylacia cantorum in atrio interiori, quod erat in latere portæ respicientis ad aquilonem: et facies eorum contra viam australem: una ex latere portæ orientalis, quæ respiciebat ad viam aquilonis.
Ezech	40	45	Et dixit ad me: Hoc est gazophylacium quod respicit viam meridianam: sacerdotum erit, qui excubant in custodiis templi.
Ezech	40	46	Porro gazophylacium quod respicit ad viam aquilonis, sacerdotum erit, qui excubant ad ministerium altaris: isti sunt filii Sadoc, qui accedunt de filiis Levi ad Dominum ut ministrent ei.
Ezech	40	47	Et mensus est atrium longitudine centum cubitorum, et latitudine centum cubitorum per quadrum: et altare ante faciem templi.
Ezech	40	48	Et introduxit me in vestibulum templi: et mensus est vestibulum quinque cubitis hinc, et quinque cubitis inde: et latitudinem portæ trium cubitorum hinc, et trium cubitorum inde.
Ezech	40	49	Longitudinem autem vestibuli viginti cubitorum, et latitudinem undecim cubitorum, et octo gradibus ascendebatur ad eam. Et columnæ erant in frontibus: una hinc, et altera inde.
Ezech	41	1	Et introduxit me in templum, et mensus est frontes: sex cubitos latitudinis hinc, et sex cubitos latitudinis inde, latitudinem tabernaculi.
Ezech	41	2	Et latitudo portæ decem cubitorum erat: et latera portæ, quinque cubitis hinc, et quinque cubitis inde: et mensus est longitudinem ejus quadraginta cubitorum, et latitudinem viginti cubitorum.
Ezech	41	3	Et introgressus intrinsecus, mensus est in fronte portæ duos cubitos: et portam, sex cubitorum: et latitudinem portæ septem cubitorum.
Ezech	41	4	Et mensus est longitudinem ejus viginti cubitorum, et latitudinem ejus viginti cubitorum, ante faciem templi. Et dixit ad me: Hoc est Sanctum sanctorum.
Ezech	41	5	Et mensus est parietem domus sex cubitorum: et latitudinem lateris quatuor cubitorum undique per circuitum domus.
Ezech	41	6	Latera autem, latus ad latus, bis triginta tria: et erant eminentia, quæ ingrederentur per parietem domus, in lateribus per circuitum, ut continerent, et non attingerent parietem templi.
Ezech	41	7	Et platea erat in rotundum, ascendens sursum per cochleam, et in cœnaculum templi deferebat per gyrum: idcirco latius erat templum in superioribus: et sic de inferioribus ascendebatur ad superiora in medium.
Ezech	41	8	Et vidi in domo altitudinem per circuitum, fundata latera ad mensuram calami sex cubitorum spatio:
Ezech	41	9	et latitudinem per parietem lateris forinsecus quinque cubitorum: et erat interior domus in lateribus domus.
Ezech	41	10	Et inter gazophylacia latitudinem viginti cubitorum in circuitu domus undique,
Ezech	41	11	et ostium lateris ad orationem: ostium unum ad viam aquilonis, et ostium unum ad viam australem: et latitudinem loci ad orationem, quinque cubitorum in circuitu.
Ezech	41	12	Et ædificium, quod erat separatum, versumque ad viam respicientem ad mare, latitudinis septuaginta cubitorum: paries autem ædificii, quinque cubitorum latitudinis per circuitum: et longitudo ejus nonaginta cubitorum.
Ezech	41	13	Et mensus est domus longitudinem, centum cubitorum: et quod separatum erat ædificium, et parietes ejus, longitudinis centum cubitorum.
Ezech	41	14	Latitudo autem ante faciem domus, et ejus quod erat separatum contra orientem, centum cubitorum.
Ezech	41	15	Et mensus est longitudinem ædificii contra faciem ejus, quod erat separatum ad dorsum: ethecas ex utraque parte centum cubitorum: et templum interius, et vestibula atrii.
Ezech	41	16	Limina, et fenestras obliquas, et ethecas in circuitu per tres partes, contra uniuscujusque limen, stratumque ligno per gyrum in circuitu: terra autem usque ad fenestras, et fenestræ clausæ super ostia.
Ezech	41	17	Et usque ad domum interiorem, et forinsecus per omnem parietem in circuitu, intrinsecus et forinsecus, ad mensuram.
Ezech	41	18	Et fabrefacta cherubim et palmæ: et palma inter cherub et cherub, duasque facies habebat cherub.
Ezech	41	19	Faciem hominis juxta palmam ex hac parte, et faciem leonis juxta palmam ex alia parte: expressam per omnem domum in circuitu.
Ezech	41	20	De terra usque ad superiora portæ, cherubim et palmæ cælatæ erant in pariete templi.
Ezech	41	21	Limen quadrangulum, et facies sanctuarii, aspectus contra aspectum.
Ezech	41	22	Altaris lignei trium cubitorum altitudo, et longitudo ejus duorum cubitorum: et anguli ejus, et longitudo ejus, et parietes ejus lignei. Et locutus est ad me: Hæc est mensa coram Domino.
Ezech	41	23	Et duo ostia erant in templo et in sanctuario.
Ezech	41	24	Et in duobus ostiis ex utraque parte bina erant ostiola quæ in se invicem plicabantur: bina enim ostia erant ex utraque parte ostiorum.
Ezech	41	25	Et cælata erant in ipsis ostiis templi cherubim, et sculpturæ palmarum, sicut in parietibus quoque expressæ erant: quam ob rem et grossiora erant ligna in vestibuli fronte forinsecus.
Ezech	41	26	Super quæ fenestræ obliquæ, et similitudo palmarum hinc atque inde in humerulis vestibuli, secundum latera domus, latitudinemque parietum.
Ezech	42	1	Et eduxit me in atrium exterius, per viam ducentem ad aquilonem, et introduxit me in gazophylacium quod erat contra separatum ædificium, et contra ædem vergentem ad aquilonem.
Ezech	42	2	In facie longitudinis, centum cubitos ostii aquilonis, et latitudinis quinquaginta cubitos,
Ezech	42	3	contra viginti cubitos atrii interioris, et contra pavimentum stratum lapide atrii exterioris, ubi erat porticus juncta porticui triplici.
Ezech	42	4	Et ante gazophylacia deambulatio decem cubitorum latitudinis, ad interiora respiciens viæ cubiti unius. Et ostia eorum ad aquilonem:
Ezech	42	5	ubi erant gazophylacia in superioribus humiliora, quia supportabant porticus quæ ex illis eminebant de inferioribus, et de mediis ædificii.
Ezech	42	6	Tristega enim erant, et non habebant columnas, sicut erant columnæ atriorum: propterea eminebant de inferioribus, et de mediis a terra cubitis quinquaginta.
Ezech	42	7	Et peribolus exterior secundum gazophylacia, quæ erant in via atrii exterioris ante gazophylacia: longitudo ejus quinquaginta cubitorum:
Ezech	42	8	quia longitudo erat gazophylaciorum atrii exterioris quinquaginta cubitorum, et longitudo ante faciem templi, centum cubitorum.
Ezech	42	9	Et erat subter gazophylacia hæc introitus ab oriente, ingredientium in ea de atrio exteriori.
Ezech	42	10	In latitudine periboli atrii quod erat contra viam orientalem, in faciem ædificii separati, et erant ante ædificium gazophylacia.
Ezech	42	11	Et via ante faciem eorum, juxta similitudinem gazophylaciorum quæ erant in via aquilonis: secundum longitudinem eorum, sic et latitudo eorum, et omnis introitus eorum, et similitudines, et ostia eorum.
Ezech	42	12	Secundum ostia gazophylaciorum, quæ erant in via respiciente ad notum: ostium in capite viæ, quæ via erat ante vestibulum separatum per viam orientalem ingredientibus.
Ezech	42	13	Et dixit ad me: Gazophylacia aquilonis, et gazophylacia austri, quæ sunt ante ædificium separatum, hæc sunt gazophylacia sancta, in quibus vescuntur sacerdotes qui appropinquant ad Dominum in Sancta sanctorum: ibi ponent Sancta sanctorum et oblationem pro peccato et pro delicto: locus enim sanctus est.
Ezech	42	14	Cum autem ingressi fuerint sacerdotes, non egredientur de sanctis in atrium exterius: et ibi reponent vestimenta sua in quibus ministrant, quia sancta sunt, vestienturque vestimentis aliis: et sic procedent ad populum.
Ezech	42	15	Cumque complesset mensuras domus interioris, eduxit me per viam portæ quæ respiciebat ad viam orientalem: et mensus est eam undique per circuitum.
Ezech	42	16	Mensus est autem contra ventum orientalem calamo mensuræ, quingentos calamos in calamo mensuræ per circuitum.
Ezech	42	17	Et mensus est contra ventum aquilonis quingentos calamos in calamo mensuræ per gyrum.
Ezech	42	18	Et ad ventum australem mensus est quingentos calamos in calamo mensuræ per circuitum.
Ezech	42	19	Et ad ventum occidentalem mensus est quingentos calamos in calamo mensuræ.
Ezech	42	20	Per quatuor ventos mensus est murum ejus undique per circuitum, longitudinem quingentorum cubitorum, et latitudinem quingentorum cubitorum, dividentem inter sanctuarium et vulgi locum.
Ezech	43	1	Et duxit me ad portam quæ respiciebat ad viam orientalem.
Ezech	43	2	Et ecce gloria Dei Israël ingrediebatur per viam orientalem: et vox erat ei quasi vox aquarum multarum, et terra splendebat a majestate ejus.
Ezech	43	3	Et vidi visionem secundum speciem quam videram quando venit ut disperderet civitatem, et species secundum aspectum quem videram juxta fluvium Chobar: et cecidi super faciem meam.
Ezech	43	4	Et majestas Domini ingressa est templum per viam portæ quæ respiciebat ad orientem.
Ezech	43	5	Et elevavit me spiritus, et introduxit me in atrium interius: et ecce repleta erat gloria Domini domus.
Ezech	43	6	Et audivi loquentem ad me de domo: et vir qui stabat juxta me
Ezech	43	7	dixit ad me: Fili hominis, locus solii mei, et locus vestigiorum pedum meorum, ubi habito in medio filiorum Israël in æternum: et non polluent ultra domus Israël nomen sanctum meum, ipsi et reges eorum, in fornicationibus suis, et in ruinis regum suorum, et in excelsis.
Ezech	43	8	Qui fabricati sunt limen suum juxta limen meum, et postes suos juxta postes meos, et murus erat inter me et eos: et polluerunt nomen sanctum meum in abominationibus quas fecerunt: propter quod consumpsi eos in ira mea.
Ezech	43	9	Nunc ergo repellant procul fornicationem suam et ruinas regum suorum a me, et habitabo in medio eorum semper.
Ezech	43	10	Tu autem, fili hominis, ostende domui Israël templum, et confundantur ab iniquitatibus suis, et metiantur fabricam,
Ezech	43	11	et erubescant ex omnibus quæ fecerunt. Figuram domus, et fabricæ ejus, exitus et introitus, et omnem descriptionem ejus, et universa præcepta ejus, cunctumque ordinem ejus, et omnes leges ejus ostende eis, et scribes in oculis eorum, ut custodiant omnes descriptiones ejus, et præcepta illius, et faciant ea.
Ezech	43	12	Ista est lex domus in summitate montis: omnis finis ejus in circuitu, Sanctum sanctorum est. Hæc est ergo lex domus.
Ezech	43	13	Istæ autem mensuræ altaris in cubito verissimo, qui habebat cubitum et palmum: in sinu ejus erat cubitus, et cubitus in latitudine: et definitio ejus usque ad labium ejus, et in circuitu palmus unus: hæc quoque erat fossa altaris.
Ezech	43	14	Et de sinu terræ usque ad crepidinem novissimam duo cubiti, et latitudo cubiti unius: et a crepidine minore usque ad crepidinem majorem quatuor cubiti, et latitudo cubiti unius.
Ezech	43	15	Ipse autem ariel quatuor cubitorum, et ab ariel usque ad sursum cornua quatuor.
Ezech	43	16	Et ariel duodecim cubitorum in longitudine per duodecim cubitos latitudinis, quadrangulatum æquis lateribus.
Ezech	43	17	Et crepido quatuordecim cubitorum longitudinis per quatuordecim cubitos latitudinis in quatuor angulis ejus: et corona in circuitu ejus dimidii cubiti, et sinus ejus unius cubiti per circuitum: gradus autem ejus versi ad orientem.
Ezech	43	18	Et dixit ad me: Fili hominis, hæc dicit Dominus Deus: Hi sunt ritus altaris, in quacumque die fuerit fabricatum, ut offeratur super illud holocaustum, et effundatur sanguis.
Ezech	43	19	Et dabis sacerdotibus et Levitis qui sunt de semine Sadoc, qui accedunt ad me, ait Dominus Deus, ut offerant mihi vitulum de armento pro peccato.
Ezech	43	20	Et assumens de sanguine ejus, pones super quatuor cornua ejus, et super quatuor angulos crepidinis, et super coronam in circuitu: et mundabis illud et expiabis.
Ezech	43	21	Et tolles vitulum qui oblatus fuerit pro peccato, et combures eum in separato loco domus, extra sanctuarium.
Ezech	43	22	Et in die secunda offeres hircum caprarum immaculatum pro peccato: et expiabunt altare sicut expiaverunt in vitulo.
Ezech	43	23	Cumque compleveris expians illud, offeres vitulum de armento immaculatum, et arietem de grege immaculatum.
Ezech	43	24	Et offeres eos in conspectu Domini: et mittent sacerdotes super eos sal, et offerent eos holocaustum Domino.
Ezech	43	25	Septem diebus facies hircum pro peccato quotidie: et vitulum de armento, et arietem de pecoribus immaculatos offerent.
Ezech	43	26	Septem diebus expiabunt altare et mundabunt illud, et implebunt manum ejus.
Ezech	43	27	Expletis autem diebus, in die octava et ultra, facient sacerdotes super altare holocausta vestra, et quæ pro pace offerunt: et placatus ero vobis, ait Dominus Deus.
Ezech	44	1	Et convertit me ad viam portæ sanctuarii exterioris, quæ respiciebat ad orientem: et erat clausa.
Ezech	44	2	Et dixit Dominus ad me: Porta hæc clausa erit: non aperietur, et vir non transibit per eam, quoniam Dominus Deus Israël ingressus est per eam: eritque clausa
Ezech	44	3	principi. Princeps ipse sedebit in ea, ut comedat panem coram Domino: per viam portæ vestibuli ingredietur, et per viam ejus egredietur.
Ezech	44	4	Et adduxit me per viam portæ aquilonis in conspectu domus: et vidi, et ecce implevit gloria Domini domum Domini: et cecidi in faciem meam.
Ezech	44	5	Et dixit ad me Dominus: Fili hominis, pone cor tuum, et vide oculis tuis, et auribus tuis audi omnia quæ ego loquor ad te de universis cæremoniis domus Domini, et de cunctis legibus ejus: et pones cor tuum in viis templi per omnes exitus sanctuarii.
Ezech	44	6	Et dices ad exasperantem me domum Israël: Hæc dicit Dominus Deus: Sufficiant vobis omnia scelera vestra, domus Israël:
Ezech	44	7	eo quod inducitis filios alienos incircumcisos corde, et incircumcisos carne, ut sint in sanctuario meo, et polluant domum meam: et offertis panes meos, adipem et sanguinem, et dissolvitis pactum meum in omnibus sceleribus vestris.
Ezech	44	8	Et non servastis præcepta sanctuarii mei, et posuistis custodes observationum mearum in sanctuario meo vobismetipsis.
Ezech	44	9	Hæc dicit Dominus Deus: Omnis alienigena incircumcisus corde, et incircumcisus carne, non ingredietur sanctuarium meum: omnis filius alienus qui est in medio filiorum Israël.
Ezech	44	10	Sed et Levitæ qui longe recesserunt a me in errore filiorum Israël, et erraverunt a me post idola sua, et portaverunt iniquitatem suam,
Ezech	44	11	erunt in sanctuario meo æditui, et janitores portarum domus, et ministri domus: ipsi mactabunt holocausta et victimas populi, et ipsi stabunt in conspectu eorum ut ministrent eis.
Ezech	44	12	Pro eo quod ministraverunt illis in conspectu idolorum suorum, et facti sunt domui Israël in offendiculum iniquitatis: idcirco levavi manum meam super eos, ait Dominus Deus, et portabunt iniquitatem suam.
Ezech	44	13	Et non appropinquabunt ad me ut sacerdotio fungantur mihi, neque accedent ad omne sanctuarium meum juxta Sancta sanctorum: sed portabunt confusionem suam, et scelera sua quæ fecerunt.
Ezech	44	14	Et dabo eos janitores domus in omni ministerio ejus, et in universis quæ fient in ea.
Ezech	44	15	Sacerdotes autem et Levitæ, filii Sadoc, qui custodierunt cæremonias sanctuarii mei, cum errarent filii Israël a me, ipsi accedent ad me ut ministrent mihi: et stabunt in conspectu meo, ut offerant mihi adipem et sanguinem, ait Dominus Deus.
Ezech	44	16	Ipsi ingredientur sanctuarium meum, et ipsi accedent ad mensam meam, ut ministrent mihi, et custodiant cæremonias meas.
Ezech	44	17	Cumque ingredientur portas atrii interioris, vestibus lineis induentur: nec ascendet super eos quidquam laneum, quando ministrant in portis atrii interioris et intrinsecus.
Ezech	44	18	Vittæ lineæ erunt in capitibus eorum, et feminalia linea erunt in lumbis eorum, et non accingentur in sudore.
Ezech	44	19	Cumque egredientur atrium exterius ad populum, exuent se vestimentis suis in quibus ministraverant, et reponent ea in gazophylacio sanctuarii: et vestient se vestimentis aliis, et non sanctificabunt populum in vestibus suis.
Ezech	44	20	Caput autem suum non radent, neque comam nutrient: sed tondentes attondent capita sua.
Ezech	44	21	Et vinum non bibet omnis sacerdos, quando ingressurus est atrium interius.
Ezech	44	22	Et viduam et repudiatam non accipient uxores, sed virgines de semine domus Israël: sed et viduam quæ fuerit vidua a sacerdote, accipient.
Ezech	44	23	Et populum meum docebunt quid sit inter sanctum et pollutum, et inter mundum et immundum ostendent eis.
Ezech	44	24	Et cum fuerit controversia, stabunt in judiciis meis, et judicabunt: leges meas et præcepta mea in omnibus solemnitatibus meis custodient, et sabbata mea sanctificabunt.
Ezech	44	25	Et ad mortuum hominem non ingredientur, ne polluantur, nisi ad patrem et matrem, et filium et filiam, et fratrem, et sororem quæ alterum virum non habuerit: in quibus contaminabuntur.
Ezech	44	26	Et postquam fuerit emundatus, septem dies numerabuntur ei.
Ezech	44	27	Et in die introitus sui in sanctuarium ad atrium interius, ut ministret mihi in sanctuario, offeret pro peccato suo, ait Dominus Deus.
Ezech	44	28	Non erit autem eis hæreditas: ego hæreditas eorum. Et possessionem non dabitis eis in Israël: ego enim possessio eorum.
Ezech	44	29	Victimam et pro peccato et pro delicto ipsi comedent, et omne votum in Israël ipsorum erit.
Ezech	44	30	Et primitiva omnium primogenitorum, et omnia libamenta ex omnibus quæ offeruntur, sacerdotum erunt: et primitiva ciborum vestrorum dabitis sacerdoti, ut reponat benedictionem domui tuæ.
Ezech	44	31	Omne morticinum, et captum a bestia, de avibus et de pecoribus, non comedent sacerdotes.
Ezech	45	1	Cumque cœperitis terram dividere sortito, separate primitias Domino, sanctificatum de terra, longitudine viginti quinque millia, et latitudine decem millia: sanctificatum erit in omni termino ejus per circuitum.
Ezech	45	2	Et erit ex omni parte sanctificatum quingentos per quingentos, quadrifariam per circuitum, et quinquaginta cubitis in suburbana ejus per gyrum.
Ezech	45	3	Et a mensura ista mensurabis longitudinem viginti quinque millium, et latitudinem decem millium: et in ipso erit templum, Sanctumque sanctorum.
Ezech	45	4	Sanctificatum de terra erit sacerdotibus ministris sanctuarii, qui accedunt ad ministerium Domini: et erit eis locus in domos, et in sanctuarium sanctitatis.
Ezech	45	5	Viginti quinque autem millia longitudinis, et decem millia latitudinis erunt Levitis qui ministrant domui: ipsi possidebunt viginti gazophylacia.
Ezech	45	6	Et possessionem civitatis dabitis quinque millia latitudinis, et longitudinis viginti quinque millia, secundum separationem sanctuarii, omni domui Israël.
Ezech	45	7	Principi quoque hinc et inde in separationem sanctuarii, et in possessionem civitatis, contra faciem separationis sanctuarii, et contra faciem possessionis urbis, a latere maris usque ad mare, et a latere orientis usque ad orientem: longitudinis autem juxta unamquamque partem, a termino occidentali usque ad terminum orientalem.
Ezech	45	8	De terra erit ei possessio in Israël, et non depopulabuntur ultra principes populum meum: sed terram dabunt domui Israël secundum tribus eorum.
Ezech	45	9	Hæc dicit Dominus Deus: Sufficiat vobis, principes Israël: iniquitatem et rapinas intermittite, et judicium et justitiam facite: separate confinia vestra a populo meo, ait Dominus Deus.
Ezech	45	10	Statera justa, et ephi justum, et batus justus erit vobis.
Ezech	45	11	Ephi et batus æqualia et unius mensuræ erunt, ut capiat decimam partem cori batus, et decimam partem cori ephi: juxta mensuram cori erit æqua libratio eorum.
Ezech	45	12	Siclus autem viginti obolos habet: porro viginti sicli, et viginti quinque sicli, et quindecim sicli, mnam faciunt.
Ezech	45	13	Et hæ sunt primitiæ quas tolletis: sextam partem ephi de coro frumenti, et sextam partem ephi de coro hordei.
Ezech	45	14	Mensura quoque olei, batus olei, decima pars cori est: et decem bati corum faciunt, quia decem bati implent corum.
Ezech	45	15	Et arietem unum de grege ducentorum, de his quæ nutriunt Israël, in sacrificium, et in holocaustum, et in pacifica, ad expiandum pro eis, ait Dominus Deus.
Ezech	45	16	Omnis populus terræ tenebitur primitiis his principi in Israël.
Ezech	45	17	Et super principem erunt holocausta, et sacrificium, et libamina, in solemnitatibus, et in calendis, et in sabbatis, et in universis solemnitatibus domus Israël: ipse faciet pro peccato sacrificium, et holocaustum, et pacifica, ad expiandum pro domo Israël.
Ezech	45	18	Hæc dicit Dominus Deus: In primo mense, una mensis, sumes vitulum de armento immaculatum, et expiabis sanctuarium.
Ezech	45	19	Et tollet sacerdos de sanguine quod erit pro peccato, et ponet in postibus domus, et in quatuor angulis crepidinis altaris, et in postibus portæ atrii interioris.
Ezech	45	20	Et sic facies in septima mensis, pro unoquoque qui ignoravit, et errore deceptus est: et expiabis pro domo.
Ezech	45	21	In primo mense, quartadecima die mensis, erit vobis Paschæ solemnitas: septem diebus azyma comedentur.
Ezech	45	22	Et faciet princeps in die illa, pro se et pro universo populo terræ, vitulum pro peccato.
Ezech	45	23	Et in septem dierum solemnitate faciet holocaustum Domino, septem vitulos et septem arietes immaculatos, quotidie septem diebus: et pro peccato hircum caprarum quotidie.
Ezech	45	24	Et sacrificium ephi per vitulum, et ephi per arietem faciet, et olei hin per singula ephi.
Ezech	45	25	Septimo mense, quintadecima die mensis, in solemnitate, faciet sicut supra dicta sunt per septem dies, tam pro peccato quam pro holocausto, et in sacrificio, et in oleo.
Ezech	46	1	Hæc dicit Dominus Deus: Porta atrii interioris quæ respicit ad orientem, erit clausa sex diebus in quibus opus fit: die autem sabbati aperietur, sed et in die calendarum aperietur.
Ezech	46	2	Et intrabit princeps per viam vestibuli portæ deforis, et stabit in limine portæ: et facient sacerdotes holocaustum ejus, et pacifica ejus: et adorabit super limen portæ, et egredietur: porta autem non claudetur usque ad vesperam.
Ezech	46	3	Et adorabit populus terræ ad ostium portæ illius in sabbatis et in calendis coram Domino.
Ezech	46	4	Holocaustum autem hoc offeret princeps Domino: in die sabbati, sex agnos immaculatos, et arietem immaculatum,
Ezech	46	5	et sacrificium ephi per arietem, in agnis autem sacrificium quod dederit manus ejus, et olei hin per singula ephi.
Ezech	46	6	In die autem calendarum vitulum de armento immaculatum, et sex agni et arietes immaculati erunt.
Ezech	46	7	Et ephi per vitulum, ephi quoque per arietem faciet sacrificium: de agnis autem sicut invenerit manus ejus, et olei hin per singula ephi.
Ezech	46	8	Cumque ingressurus est princeps, per viam vestibuli portæ ingrediatur, et per eamdem viam exeat.
Ezech	46	9	Et cum intrabit populus terræ in conspectu Domini in solemnitatibus, qui ingreditur per portam aquilonis ut adoret, egrediatur per viam portæ meridianæ: porro qui ingreditur per viam portæ meridianæ, egrediatur per viam portæ aquilonis. Non revertetur per viam portæ per quam ingressus est, sed e regione illius egredietur.
Ezech	46	10	Princeps autem in medio eorum cum ingredientibus ingredietur, et cum egredientibus egredietur.
Ezech	46	11	Et in nundinis, et in solemnitatibus, erit sacrificium ephi per vitulum, et ephi per arietem: agnis autem erit sacrificium sicut invenerit manus ejus, et olei hin per singula ephi.
Ezech	46	12	Cum autem fecerit princeps spontaneum holocaustum, aut pacifica voluntaria Domino, aperietur ei porta quæ respicit ad orientem, et faciet holocaustum suum et pacifica sua, sicut fieri solet in die sabbati: et egredietur, claudeturque porta postquam exierit.
Ezech	46	13	Et agnum ejusdem anni immaculatum faciet holocaustum quotidie Domino: semper mane faciet illud.
Ezech	46	14	Et faciet sacrificium super eo cata mane mane sextam partem ephi, et de oleo tertiam partem hin, ut misceatur similæ: sacrificium Domino legitimum, juge atque perpetuum.
Ezech	46	15	Faciet agnum, et sacrificium, et oleum cata mane mane, holocaustum sempiternum.
Ezech	46	16	Hæc dicit Dominus Deus: Si dederit princeps donum alicui de filiis suis, hæreditas ejus filiorum suorum erit: possidebunt eam hæreditarie.
Ezech	46	17	Si autem dederit legatum de hæreditate sua uni servorum suorum, erit illius usque ad annum remissionis, et revertetur ad principem: hæreditas autem ejus filiis ejus erit.
Ezech	46	18	Et non accipiet princeps de hæreditate populi per violentiam, et de possessione eorum: sed de possessione sua hæreditatem dabit filiis suis, ut non dispergatur populus meus unusquisque a possessione sua.
Ezech	46	19	Et introduxit me per ingressum qui erat ex latere portæ, in gazophylacia sanctuarii ad sacerdotes, quæ respiciebant ad aquilonem: et erat ibi locus vergens ad occidentem.
Ezech	46	20	Et dixit ad me: Iste est locus ubi coquent sacerdotes pro peccato et pro delicto: ubi coquent sacrificium, ut non efferant in atrium exterius, et sanctificetur populus.
Ezech	46	21	Et eduxit me in atrium exterius, et circumduxit me per quatuor angulos atrii: et ecce atriolum erat in angulo atrii, atriola singula per angulos atrii.
Ezech	46	22	In quatuor angulis atrii atriola disposita, quadraginta cubitorum per longum, et triginta per latum: mensuræ unius quatuor erant.
Ezech	46	23	Et paries per circuitum ambiens quatuor atriola: et culinæ fabricatæ erant subter porticus per gyrum.
Ezech	46	24	Et dixit ad me: Hæc est domus culinarum, in qua coquent ministri domus Domini victimas populi.
Ezech	47	1	Et convertit me ad portam domus, et ecce aquæ egrediebantur subter limen domus ad orientem: facies enim domus respiciebat ad orientem, aquæ autem descendebant in latus templi dextrum, ad meridiem altaris.
Ezech	47	2	Et eduxit me per viam portæ aquilonis, et convertit me ad viam foras portam exteriorem, viam quæ respiciebat ad orientem: et ecce aquæ redundantes a latere dextro.
Ezech	47	3	Cum egrederetur vir ad orientem, qui habebat funiculum in manu sua, et mensus est mille cubitos, et traduxit me per aquam usque ad talos.
Ezech	47	4	Rursumque mensus est mille, et traduxit me per aquam usque ad genua.
Ezech	47	5	Et mensus est mille, et traduxit me per aquam usque ad renes. Et mensus est mille, torrentem quem non potui pertransire, quoniam intumuerant aquæ profundi torrentis, qui non potest transvadari.
Ezech	47	6	Et dixit ad me: Certe vidisti, fili hominis. Et eduxit me, et convertit ad ripam torrentis.
Ezech	47	7	Cumque me convertissem, ecce in ripa torrentis ligna multa nimis ex utraque parte.
Ezech	47	8	Et ait ad me: Aquæ istæ quæ egrediuntur ad tumulos sabuli orientalis, et descendunt ad plana deserti, intrabunt mare et exibunt: et sanabuntur aquæ.
Ezech	47	9	Et omnis anima vivens quæ serpit quocumque venerit torrens, vivet: et erunt pisces multi satis, postquam venerint illuc aquæ istæ: et sanabuntur et vivent omnia ad quæ venerit torrens.
Ezech	47	10	Et stabunt super illas piscatores: ab Engaddi usque ad Engallim siccatio sagenarum erit: plurimæ species erunt piscium ejus, sicut pisces maris magni, multitudinis nimiæ.
Ezech	47	11	In littoribus autem ejus et in palustribus, non sanabuntur, quia in salinas dabuntur.
Ezech	47	12	Et super torrentem orietur in ripis ejus, ex utraque parte, omne lignum pomiferum: non defluet folium ex eo, et non deficiet fructus ejus: per singulos menses afferet primitiva, quia aquæ ejus de sanctuario egredientur: et erunt fructus ejus in cibum, et folia ejus ad medicinam.
Ezech	47	13	Hæc dicit Dominus Deus: Hic est terminus in quo possidebitis terram in duodecim tribubus Israël: quia Joseph duplicem funiculum habet.
Ezech	47	14	Possidebitis autem eam singuli æque ut frater suus, super quam levavi manum meam ut darem patribus vestris: et cadet terra hæc vobis in possessionem.
Ezech	47	15	Hic est autem terminus terræ: ad plagam septentrionalem, a mari magno via Hethalon, venientibus Sedada,
Ezech	47	16	Emath, Berotha, Sabarim, quæ est inter terminum Damasci et confinium Emath, domus Tichon, quæ est juxta terminum Auran.
Ezech	47	17	Et erit terminus a mari usque ad atrium Enon, terminus Damasci: et ab aquilone ad aquilonem, terminus Emath plaga septentrionalis.
Ezech	47	18	Porro plaga orientalis de medio Auran, et de medio Damasci, et de medio Galaad, et de medio terræ Israël, Jordanis disterminans ad mare orientale. Metiemini etiam plagam orientalem.
Ezech	47	19	Plaga autem australis meridiana, a Thamar usque ad aquas contradictionis Cades, et torrens usque ad mare magnum: et hæc est plaga ad meridiem australis.
Ezech	47	20	Et plaga maris, mare magnum a confinio per directum, donec venias Emath: hæc est plaga maris.
Ezech	47	21	Et dividetis terram istam vobis per tribus Israël:
Ezech	47	22	et mittetis eam in hæreditatem vobis, et advenis qui accesserint ad vos, qui genuerint filios in medio vestrum: et erunt vobis sicut indigenæ inter filios Israël: vobiscum divident possessionem in medio tribuum Israël.
Ezech	47	23	In tribu autem quacumque fuerit advena, ibi dabitis possessionem illi, ait Dominus Deus.
Ezech	48	1	Et hæc nomina tribuum a finibus aquilonis, juxta viam Hethalon, pergentibus Emath, atrium Enan terminus Damasci ad aquilonem, juxta viam Emath: et erit ei plaga orientalis mare, Dan una.
Ezech	48	2	Et super terminum Dan, a plaga orientali usque ad plagam maris, Aser una.
Ezech	48	3	Et super terminum Aser, a plaga orientali usque ad plagam maris, Nephthali una.
Ezech	48	4	Et super terminum Nephthali, a plaga orientali usque ad plagam maris, Manasse una.
Ezech	48	5	Et super terminum Manasse, a plaga orientali usque ad plagam maris, Ephraim una.
Ezech	48	6	Et super terminum Ephraim, a plaga orientali usque ad plagam maris, Ruben una.
Ezech	48	7	Et super terminum Ruben, a plaga orientali usque ad plagam maris, Juda una.
Ezech	48	8	Et super terminum Juda, a plaga orientali usque ad plagam maris, erunt primitiæ quas separabitis, viginti quinque millibus latitudinis et longitudinis, sicuti singulæ partes a plaga orientali usque ad plagam maris: et erit sanctuarium in medio ejus.
Ezech	48	9	Primitiæ quas separabitis Domino, longitudo viginti quinque millibus, et latitudo decem millibus.
Ezech	48	10	Hæ autem erunt primitiæ sanctuarii sacerdotum, ad aquilonem longitudinis viginti quinque millia, et ad mare latitudinis decem millia, sed et ad orientem latitudinis decem millia, et ad meridiem longitudinis viginti quinque millia: et erit sanctuarium Domini in medio ejus.
Ezech	48	11	Sacerdotibus sanctuarium erit de filiis Sadoc, qui custodierunt cæremonias meas, et non erraverunt cum errarent filii Israël, sicut erraverunt et Levitæ.
Ezech	48	12	Et erunt eis primitiæ de primitiis terræ Sanctum sanctorum, juxta terminum Levitarum.
Ezech	48	13	Sed et Levitis similiter, juxta fines sacerdotum, viginti quinque millia longitudinis, et latitudinis decem millia. Omnis longitudo viginti et quinque millium, et latitudo decem millium.
Ezech	48	14	Et non venundabunt ex eo, neque mutabunt: neque transferentur primitiæ terræ, quia sanctificatæ sunt Domino.
Ezech	48	15	Quinque millia autem quæ supersunt in latitudine per viginti quinque millia, profana erunt urbis in habitaculum et in suburbana: et erit civitas in medio ejus.
Ezech	48	16	Et hæ mensuræ ejus: ad plagam septentrionalem, quingenta et quatuor millia: et ad plagam meridianam, quingenta et quatuor millia: et ad plagam orientalem, quingenta et quatuor millia: et ad plagam occidentalem, quingenta et quatuor millia.
Ezech	48	17	Erunt autem suburbana civitatis ad aquilonem, ducenta quinquaginta: et ad meridiem, ducenta quinquaginta: et ad orientem, ducenta quinquaginta: et ad mare, ducenta quinquaginta.
Ezech	48	18	Quod autem reliquum fuerit in longitudine secundum primitias sanctuarii, decem millia in orientem, et decem millia in occidentem, erunt sicut primitiæ sanctuarii: et erunt fruges ejus in panes his qui serviunt civitati.
Ezech	48	19	Servientes autem civitati, operabuntur ex omnibus tribubus Israël.
Ezech	48	20	Omnes primitiæ viginti quinque millium, per viginti quinque millia in quadrum, separabuntur in primitias sanctuarii, et in possessionem civitatis.
Ezech	48	21	Quod autem reliquum fuerit, principis erit ex omni parte primitiarum sanctuarii, et possessionis civitatis e regione viginti quinque millium primitiarum usque ad terminum orientalem: sed et ad mare, e regione viginti quinque millium, usque ad terminum maris, similiter in partibus principis erit: et erunt primitiæ sanctuarii, et sanctuarium templi, in medio ejus.
Ezech	48	22	De possessione autem Levitarum, et de possessione civitatis in medio partium principis, erit inter terminum Juda et inter terminum Benjamin, et ad principem pertinebit.
Ezech	48	23	Et reliquis tribubus, a plaga orientali usque ad plagam occidentalem, Benjamin una.
Ezech	48	24	Et contra terminum Benjamin, a plaga orientali usque ad plagam occidentalem, Simeon una.
Ezech	48	25	Et super terminum Simeonis, a plaga orientali usque ad plagam occidentalem, Issachar una.
Ezech	48	26	Et super terminum Issachar, a plaga orientali usque ad plagam occidentalem, Zabulon una.
Ezech	48	27	Et super terminum Zabulon, a plaga orientali usque ad plagam maris, Gad una.
Ezech	48	28	Et super terminum Gad, ad plagam austri in meridie: et erit finis de Thamar usque ad aquas contradictionis Cades: hæreditas contra mare magnum.
Ezech	48	29	Hæc est terra quam mittetis in sortem tribubus Israël, et hæ partitiones earum, ait Dominus Deus.
Ezech	48	30	Et hi egressus civitatis: a plaga septentrionali, quingentos et quatuor millia mensurabis.
Ezech	48	31	Et portæ civitatis ex nominibus tribuum Israël: portæ tres a septentrione: porta Ruben una, porta Juda una, porta Levi una.
Ezech	48	32	Et ad plagam orientalem, quingentos et quatuor millia, et portæ tres: porta Joseph una, porta Benjamin una, porta Dan una.
Ezech	48	33	Et ad plagam meridianam, quingentos et quatuor millia metieris, et portæ tres: porta Simeonis una, porta Issachar una, porta Zabulon una.
Ezech	48	34	Et ad plagam occidentalem, quingentos et quatuor millia, et portæ eorum tres: porta Gad una, porta Aser una, porta Nephthali una.
Ezech	48	35	Per circuitum, decem et octo millia: et nomen civitatis ex illa die, Dominus ibidem.
