book	chapter	verse	text	usfm
Jer	1	1	The words of Jeremiah the son of Hilkiah, one of the priests who were in Anathoth in the land of Benjamin.	JER
Jer	1	2	The LORD’s word came to him in the days of Josiah the son of Amon, king of Judah, in the thirteenth year of his reign.	JER
Jer	1	3	It came also in the days of Jehoiakim the son of Josiah, king of Judah, to the end of the eleventh year of Zedekiah, the son of Josiah, king of Judah, to the carrying away of Jerusalem captive in the fifth month.	JER
Jer	1	4	Now the LORD’s word came to me, saying,	JER
Jer	1	5	“Before I formed you in the womb, I knew you. Before you were born, I sanctified you. I have appointed you a prophet to the nations.”	JER
Jer	1	6	Then I said, “Ah, Lord GOD! Behold, I don’t know how to speak; for I am a child.”	JER
Jer	1	7	But the LORD said to me, “Don’t say, ‘I am a child;’ for you must go to whomever I send you, and you must say whatever I command you.	JER
Jer	1	8	Don’t be afraid because of them, for I am with you to rescue you,” says the LORD.	JER
Jer	1	9	Then the LORD stretched out his hand and touched my mouth. Then the LORD said to me, “Behold, I have put my words in your mouth.	JER
Jer	1	10	Behold, I have today set you over the nations and over the kingdoms, to uproot and to tear down, to destroy and to overthrow, to build and to plant.”	JER
Jer	1	11	Moreover the LORD’s word came to me, saying, “Jeremiah, what do you see?” I said, “I see a branch of an almond tree.”	JER
Jer	1	12	Then the LORD said to me, “You have seen well; for I watch over my word to perform it.”	JER
Jer	1	13	The LORD’s word came to me the second time, saying, “What do you see?” I said, “I see a boiling cauldron; and it is tipping away from the north.”	JER
Jer	1	14	Then the LORD said to me, “Out of the north, evil will break out on all the inhabitants of the land.	JER
Jer	1	15	For behold, I will call all the families of the kingdoms of the north,” says the LORD. “They will come, and they will each set his throne at the entrance of the gates of Jerusalem, and against all its walls all around, and against all the cities of Judah.	JER
Jer	1	16	I will utter my judgments against them concerning all their wickedness, in that they have forsaken me, and have burned incense to other gods, and worshiped the works of their own hands.	JER
Jer	1	17	“You therefore put your belt on your waist, arise, and say to them all that I command you. Don’t be dismayed at them, lest I dismay you before them.	JER
Jer	1	18	For behold, I have made you today a fortified city, an iron pillar, and bronze walls against the whole land—against the kings of Judah, against its princes, against its priests, and against the people of the land.	JER
Jer	1	19	They will fight against you, but they will not prevail against you; for I am with you”, says the LORD, “to rescue you.”	JER
Jer	2	1	The LORD’s word came to me, saying,	JER
Jer	2	2	“Go and proclaim in the ears of Jerusalem, saying, ‘The LORD says, “I remember for you the kindness of your youth, your love as a bride, how you went after me in the wilderness, in a land that was not sown.	JER
Jer	2	3	Israel was holiness to the LORD, the first fruits of his increase. All who devour him will be held guilty. Evil will come on them,”’ says the LORD.”	JER
Jer	2	4	Hear the LORD’s word, O house of Jacob, and all the families of the house of Israel!	JER
Jer	2	5	The LORD says, “What unrighteousness have your fathers found in me, that they have gone far from me, and have walked after worthless vanity, and have become worthless?	JER
Jer	2	6	They didn’t say, ‘Where is the LORD who brought us up out of the land of Egypt, who led us through the wilderness, through a land of deserts and of pits, through a land of drought and of the shadow of death, through a land that no one passed through, and where no man lived?’	JER
Jer	2	7	I brought you into a plentiful land to eat its fruit and its goodness; but when you entered, you defiled my land, and made my heritage an abomination.	JER
Jer	2	8	The priests didn’t say, ‘Where is the LORD?’ and those who handle the law didn’t know me. The rulers also transgressed against me, and the prophets prophesied by Baal and followed things that do not profit.	JER
Jer	2	9	“Therefore I will yet contend with you,” says the LORD, “and I will contend with your children’s children.	JER
Jer	2	10	For pass over to the islands of Kittim, and see. Send to Kedar, and consider diligently, and see if there has been such a thing.	JER
Jer	2	11	Has a nation changed its gods, which really are no gods? But my people have changed their glory for that which doesn’t profit.	JER
Jer	2	12	“Be astonished, you heavens, at this and be horribly afraid. Be very desolate,” says the LORD.	JER
Jer	2	13	“For my people have committed two evils: they have forsaken me, the spring of living waters, and cut out cisterns for themselves: broken cisterns that can’t hold water.	JER
Jer	2	14	Is Israel a slave? Is he born into slavery? Why has he become a captive?	JER
Jer	2	15	The young lions have roared at him and raised their voices. They have made his land waste. His cities are burned up, without inhabitant.	JER
Jer	2	16	The children also of Memphis and Tahpanhes have broken the crown of your head.	JER
Jer	2	17	“Haven’t you brought this on yourself, in that you have forsaken the LORD your God, when he led you by the way?	JER
Jer	2	18	Now what do you gain by going to Egypt, to drink the waters of the Shihor? Or why do you go on the way to Assyria, to drink the waters of the River?	JER
Jer	2	19	“Your own wickedness will correct you, and your backsliding will rebuke you. Know therefore and see that it is an evil and bitter thing, that you have forsaken the LORD your God, and that my fear is not in you,” says the Lord, GOD of Armies.	JER
Jer	2	20	“For long ago I broke off your yoke, and burst your bonds. You said, ‘I will not serve;’ for on every high hill and under every green tree you bowed yourself, playing the prostitute.	JER
Jer	2	21	Yet I had planted you a noble vine, a pure and faithful seed. How then have you turned into the degenerate branches of a foreign vine to me?	JER
Jer	2	22	For though you wash yourself with lye, and use much soap, yet your iniquity is marked before me,” says the Lord GOD.	JER
Jer	2	23	“How can you say, ‘I am not defiled. I have not gone after the Baals’? See your way in the valley. Know what you have done. You are a swift dromedary traversing her ways,	JER
Jer	2	24	a wild donkey used to the wilderness, that sniffs the wind in her craving. When she is in heat, who can turn her away? All those who seek her will not weary themselves. In her month, they will find her.	JER
Jer	2	25	“Keep your feet from being bare, and your throat from thirst. But you said, ‘It is in vain. No, for I have loved strangers, and I will go after them.’	JER
Jer	2	26	As the thief is ashamed when he is found, so the house of Israel is ashamed— they, their kings, their princes, their priests, and their prophets,	JER
Jer	2	27	who tell wood, ‘You are my father,’ and a stone, ‘You have given birth to me,’ for they have turned their back to me, and not their face, but in the time of their trouble they will say, ‘Arise, and save us!’	JER
Jer	2	28	“But where are your gods that you have made for yourselves? Let them arise, if they can save you in the time of your trouble, for you have as many gods as you have towns, O Judah.	JER
Jer	2	29	“Why will you contend with me? You all have transgressed against me,” says the LORD.	JER
Jer	2	30	“I have struck your children in vain. They received no correction. Your own sword has devoured your prophets, like a destroying lion.	JER
Jer	2	31	Generation, consider the LORD’s word. Have I been a wilderness to Israel? Or a land of thick darkness? Why do my people say, ‘We have broken loose. We will come to you no more’?	JER
Jer	2	32	“Can a virgin forget her ornaments, or a bride her attire? Yet my people have forgotten me for days without number.	JER
Jer	2	33	How well you prepare your way to seek love! Therefore you have even taught the wicked women your ways.	JER
Jer	2	34	Also the blood of the souls of the innocent poor is found in your skirts. You didn’t find them breaking in, but it is because of all these things.	JER
Jer	2	35	“Yet you said, ‘I am innocent. Surely his anger has turned away from me.’ “Behold, I will judge you, because you say, ‘I have not sinned.’	JER
Jer	2	36	Why do you go about so much to change your ways? You will be ashamed of Egypt also, as you were ashamed of Assyria.	JER
Jer	2	37	You will also leave that place with your hands on your head; for the LORD has rejected those in whom you trust, and you won’t prosper with them.	JER
Jer	3	1	“They say, ‘If a man puts away his wife, and she goes from him, and becomes another man’s, should he return to her again?’ Wouldn’t that land be greatly polluted? But you have played the prostitute with many lovers; yet return again to me,” says the LORD.	JER
Jer	3	2	“Lift up your eyes to the bare heights, and see! Where have you not been lain with? You have sat waiting for them by the road, as an Arabian in the wilderness. You have polluted the land with your prostitution and with your wickedness.	JER
Jer	3	3	Therefore the showers have been withheld and there has been no latter rain; yet you have had a prostitute’s forehead and you refused to be ashamed.	JER
Jer	3	4	Will you not from this time cry to me, ‘My Father, you are the guide of my youth!’?	JER
Jer	3	5	“‘Will he retain his anger forever? Will he keep it to the end?’ Behold, you have spoken and have done evil things, and have had your way.”	JER
Jer	3	6	Moreover, the LORD said to me in the days of Josiah the king, “Have you seen that which backsliding Israel has done? She has gone up on every high mountain and under every green tree, and has played the prostitute there.	JER
Jer	3	7	I said after she had done all these things, ‘She will return to me;’ but she didn’t return, and her treacherous sister Judah saw it.	JER
Jer	3	8	I saw when, for this very cause, that backsliding Israel had committed adultery, I had put her away and given her a certificate of divorce, yet treacherous Judah, her sister, had no fear, but she also went and played the prostitute.	JER
Jer	3	9	Because she took her prostitution lightly, the land was polluted, and she committed adultery with stones and with wood.	JER
Jer	3	10	Yet for all this her treacherous sister, Judah, has not returned to me with her whole heart, but only in pretense,” says the LORD.	JER
Jer	3	11	The LORD said to me, “Backsliding Israel has shown herself more righteous than treacherous Judah.	JER
Jer	3	12	Go, and proclaim these words toward the north, and say, ‘Return, you backsliding Israel,’ says the LORD; ‘I will not look in anger on you, for I am merciful,’ says the LORD. ‘I will not keep anger forever.	JER
Jer	3	13	Only acknowledge your iniquity, that you have transgressed against the LORD your God, and have scattered your ways to the strangers under every green tree, and you have not obeyed my voice,’” says the LORD.	JER
Jer	3	14	“Return, backsliding children,” says the LORD, “for I am a husband to you. I will take one of you from a city, and two from a family, and I will bring you to Zion.	JER
Jer	3	15	I will give you shepherds according to my heart, who will feed you with knowledge and understanding.	JER
Jer	3	16	It will come to pass, when you are multiplied and increased in the land in those days,” says the LORD, “they will no longer say, ‘the ark of the LORD’s covenant!’ It will not come to mind. They won’t remember it. They won’t miss it, nor will another be made.	JER
Jer	3	17	At that time they will call Jerusalem ‘The LORD’s Throne;’ and all the nations will be gathered to it, to the LORD’s name, to Jerusalem. They will no longer walk after the stubbornness of their evil heart.	JER
Jer	3	18	In those days the house of Judah will walk with the house of Israel, and they will come together out of the land of the north to the land that I gave for an inheritance to your fathers.	JER
Jer	3	19	“But I said, ‘How I desire to put you among the children, and give you a pleasant land, a goodly heritage of the armies of the nations!’ and I said, ‘You shall call me “My Father”, and shall not turn away from following me.’	JER
Jer	3	20	“Surely as a wife treacherously departs from her husband, so you have dealt treacherously with me, house of Israel,” says the LORD.	JER
Jer	3	21	A voice is heard on the bare heights, the weeping and the petitions of the children of Israel; because they have perverted their way, they have forgotten the LORD their God.	JER
Jer	3	22	Return, you backsliding children, and I will heal your backsliding. “Behold, we have come to you; for you are the LORD our God.	JER
Jer	3	23	Truly help from the hills, the tumult on the mountains, is in vain. Truly the salvation of Israel is in the LORD our God.	JER
Jer	3	24	But the shameful thing has devoured the labor of our fathers from our youth, their flocks and their herds, their sons and their daughters.	JER
Jer	3	25	Let us lie down in our shame, and let our confusion cover us; for we have sinned against the LORD our God, we and our fathers, from our youth even to this day. We have not obeyed the LORD our God’s voice.”	JER
Jer	4	1	“If you will return, Israel,” says the LORD, “if you will return to me, and if you will put away your abominations out of my sight; then you will not be removed;	JER
Jer	4	2	and you will swear, ‘As the LORD lives,’ in truth, in justice, and in righteousness. The nations will bless themselves in him, and they will glory in him.”	JER
Jer	4	3	For the LORD says to the men of Judah and to Jerusalem, “Break up your fallow ground, and don’t sow among thorns.	JER
Jer	4	4	Circumcise yourselves to the LORD, and take away the foreskins of your heart, you men of Judah and inhabitants of Jerusalem; lest my wrath go out like fire, and burn so that no one can quench it, because of the evil of your doings.	JER
Jer	4	5	Declare in Judah, and publish in Jerusalem; and say, ‘Blow the trumpet in the land!’ Cry aloud and say, ‘Assemble yourselves! Let’s go into the fortified cities!’	JER
Jer	4	6	Set up a standard toward Zion. Flee for safety! Don’t wait; for I will bring evil from the north, and a great destruction.”	JER
Jer	4	7	A lion has gone up from his thicket, and a destroyer of nations. He is on his way. He has gone out from his place, to make your land desolate, that your cities be laid waste, without inhabitant.	JER
Jer	4	8	For this, clothe yourself with sackcloth, lament and wail; for the fierce anger of the LORD hasn’t turned back from us.	JER
Jer	4	9	“It will happen at that day,” says the LORD, “that the heart of the king will perish, along with the heart of the princes. The priests will be astonished, and the prophets will wonder.”	JER
Jer	4	10	Then I said, “Ah, Lord GOD! Surely you have greatly deceived this people and Jerusalem, saying, ‘You will have peace;’ whereas the sword reaches to the heart.”	JER
Jer	4	11	At that time it will be said to this people and to Jerusalem, “A hot wind blows from the bare heights in the wilderness toward the daughter of my people, not to winnow, nor to cleanse.	JER
Jer	4	12	A full wind from these will come for me. Now I will also utter judgments against them.”	JER
Jer	4	13	Behold, he will come up as clouds, and his chariots will be as the whirlwind. His horses are swifter than eagles. Woe to us! For we are ruined.	JER
Jer	4	14	Jerusalem, wash your heart from wickedness, that you may be saved. How long will your evil thoughts lodge within you?	JER
Jer	4	15	For a voice declares from Dan, and publishes evil from the hills of Ephraim:	JER
Jer	4	16	“Tell the nations, behold, publish against Jerusalem, ‘Watchers come from a far country, and raise their voice against the cities of Judah.	JER
Jer	4	17	As keepers of a field, they are against her all around, because she has been rebellious against me,’” says the LORD.	JER
Jer	4	18	“Your way and your doings have brought these things to you. This is your wickedness, for it is bitter, for it reaches to your heart.”	JER
Jer	4	19	My anguish, my anguish! I am pained at my very heart! My heart trembles within me. I can’t hold my peace, because you have heard, O my soul, the sound of the trumpet, the alarm of war.	JER
Jer	4	20	Destruction on destruction is decreed, for the whole land is laid waste. Suddenly my tents are destroyed, and my curtains gone in a moment.	JER
Jer	4	21	How long will I see the standard and hear the sound of the trumpet?	JER
Jer	4	22	“For my people are foolish. They don’t know me. They are foolish children, and they have no understanding. They are skillful in doing evil, but they don’t know how to do good.”	JER
Jer	4	23	I saw the earth and, behold, it was waste and void, and the heavens, and they had no light.	JER
Jer	4	24	I saw the mountains, and behold, they trembled, and all the hills moved back and forth.	JER
Jer	4	25	I saw, and behold, there was no man, and all the birds of the sky had fled.	JER
Jer	4	26	I saw, and behold, the fruitful field was a wilderness, and all its cities were broken down at the presence of the LORD, before his fierce anger.	JER
Jer	4	27	For the LORD says, “The whole land will be a desolation; yet I will not make a full end.	JER
Jer	4	28	For this the earth will mourn, and the heavens above be black, because I have spoken it. I have planned it, and I have not repented, neither will I turn back from it.”	JER
Jer	4	29	Every city flees for the noise of the horsemen and archers. They go into the thickets and climb up on the rocks. Every city is forsaken, and not a man dwells therein.	JER
Jer	4	30	You, when you are made desolate, what will you do? Though you clothe yourself with scarlet, though you deck yourself with ornaments of gold, though you enlarge your eyes with makeup, you make yourself beautiful in vain. Your lovers despise you. They seek your life.	JER
Jer	4	31	For I have heard a voice as of a woman in travail, the anguish as of her who gives birth to her first child, the voice of the daughter of Zion, who gasps for breath, who spreads her hands, saying, “Woe is me now! For my soul faints before the murderers.”	JER
Jer	5	1	“Run back and forth through the streets of Jerusalem, and see now, and know, and seek in its wide places, if you can find a man, if there is anyone who does justly, who seeks truth, then I will pardon her.	JER
Jer	5	2	Though they say, ‘As the LORD lives,’ surely they swear falsely.”	JER
Jer	5	3	O LORD, don’t your eyes look on truth? You have stricken them, but they were not grieved. You have consumed them, but they have refused to receive correction. They have made their faces harder than a rock. They have refused to return.	JER
Jer	5	4	Then I said, “Surely these are poor. They are foolish; for they don’t know the LORD’s way, nor the law of their God.	JER
Jer	5	5	I will go to the great men and will speak to them, for they know the way of the LORD, and the law of their God.” But these with one accord have broken the yoke, and burst the bonds.	JER
Jer	5	6	Therefore a lion out of the forest will kill them. A wolf of the evenings will destroy them. A leopard will watch against their cities. Everyone who goes out there will be torn in pieces, because their transgressions are many and their backsliding has increased.	JER
Jer	5	7	“How can I pardon you? Your children have forsaken me, and sworn by what are no gods. When I had fed them to the full, they committed adultery, and assembled themselves in troops at the prostitutes’ houses.	JER
Jer	5	8	They were as fed horses roaming at large. Everyone neighed after his neighbor’s wife.	JER
Jer	5	9	Shouldn’t I punish them for these things?” says the LORD. “Shouldn’t my soul be avenged on such a nation as this?	JER
Jer	5	10	“Go up on her walls, and destroy, but don’t make a full end. Take away her branches, for they are not the LORD’s.	JER
Jer	5	11	For the house of Israel and the house of Judah have dealt very treacherously against me,” says the LORD.	JER
Jer	5	12	They have denied the LORD, and said, “It is not he. Evil won’t come on us. We won’t see sword or famine.	JER
Jer	5	13	The prophets will become wind, and the word is not in them. Thus it will be done to them.”	JER
Jer	5	14	Therefore the LORD, the God of Armies says, “Because you speak this word, behold, I will make my words in your mouth fire, and this people wood, and it will devour them.	JER
Jer	5	15	Behold, I will bring a nation on you from far away, house of Israel,” says the LORD. “It is a mighty nation. It is an ancient nation, a nation whose language you don’t know and don’t understand what they say.	JER
Jer	5	16	Their quiver is an open tomb. They are all mighty men.	JER
Jer	5	17	They will eat up your harvest and your bread, which your sons and your daughters should eat. They will eat up your flocks and your herds. They will eat up your vines and your fig trees. They will beat down your fortified cities in which you trust with the sword.	JER
Jer	5	18	“But even in those days,” says the LORD, “I will not make a full end of you.	JER
Jer	5	19	It will happen when you say, ‘Why has the LORD our God done all these things to us?’ Then you shall say to them, ‘Just as you have forsaken me and served foreign gods in your land, so you will serve strangers in a land that is not yours.’	JER
Jer	5	20	“Declare this in the house of Jacob, and publish it in Judah, saying,	JER
Jer	5	21	‘Hear this now, foolish people without understanding, who have eyes, and don’t see, who have ears, and don’t hear:	JER
Jer	5	22	Don’t you fear me?’ says the LORD; ‘Won’t you tremble at my presence, who have placed the sand for the bound of the sea by a perpetual decree, that it can’t pass it? Though its waves toss themselves, yet they can’t prevail. Though they roar, they still can’t pass over it.’	JER
Jer	5	23	“But this people has a revolting and a rebellious heart. They have revolted and gone.	JER
Jer	5	24	They don’t say in their heart, ‘Let’s now fear the LORD our God, who gives rain, both the former and the latter, in its season, who preserves to us the appointed weeks of the harvest.’	JER
Jer	5	25	“Your iniquities have turned away these things, and your sins have withheld good from you.	JER
Jer	5	26	For wicked men are found among my people. They watch, as fowlers lie in wait. They set a trap. They catch men.	JER
Jer	5	27	As a cage is full of birds, so are their houses full of deceit. Therefore they have become great, and grew rich.	JER
Jer	5	28	They have grown fat. They shine; yes, they excel in deeds of wickedness. They don’t plead the cause, the cause of the fatherless, that they may prosper; and they don’t defend the rights of the needy.	JER
Jer	5	29	“Shouldn’t I punish for these things?” says the LORD. “Shouldn’t my soul be avenged on such a nation as this?	JER
Jer	5	30	“An astonishing and horrible thing has happened in the land.	JER
Jer	5	31	The prophets prophesy falsely, and the priests rule by their own authority; and my people love to have it so. What will you do in the end of it?	JER
Jer	6	1	“Flee for safety, you children of Benjamin, out of the middle of Jerusalem! Blow the trumpet in Tekoa and raise up a signal on Beth Haccherem, for evil looks out from the north with a great destruction.	JER
Jer	6	2	I will cut off the beautiful and delicate one, the daughter of Zion.	JER
Jer	6	3	Shepherds with their flocks will come to her. They will pitch their tents against her all around. They will feed everyone in his place.”	JER
Jer	6	4	“Prepare war against her! Arise! Let’s go up at noon. Woe to us! For the day declines, for the shadows of the evening are stretched out.	JER
Jer	6	5	Arise! Let’s go up by night, and let’s destroy her palaces.”	JER
Jer	6	6	For the LORD of Armies said, “Cut down trees, and cast up a mound against Jerusalem. This is the city to be visited. She is filled with oppression within herself.	JER
Jer	6	7	As a well produces its waters, so she produces her wickedness. Violence and destruction is heard in her. Sickness and wounds are continually before me.	JER
Jer	6	8	Be instructed, Jerusalem, lest my soul be alienated from you, lest I make you a desolation, an uninhabited land.”	JER
Jer	6	9	The LORD of Armies says, “They will thoroughly glean the remnant of Israel like a vine. Turn again your hand as a grape gatherer into the baskets.”	JER
Jer	6	10	To whom should I speak and testify, that they may hear? Behold, their ear is uncircumcised, and they can’t listen. Behold, the LORD’s word has become a reproach to them. They have no delight in it.	JER
Jer	6	11	Therefore I am full of the LORD’s wrath. I am weary with holding it in. “Pour it out on the children in the street, and on the assembly of young men together; for even the husband with the wife will be taken, the aged with him who is full of days.	JER
Jer	6	12	Their houses will be turned to others, their fields and their wives together; for I will stretch out my hand on the inhabitants of the land, says the LORD.”	JER
Jer	6	13	“For from their least even to their greatest, everyone is given to covetousness. From the prophet even to the priest, everyone deals falsely.	JER
Jer	6	14	They have healed also the hurt of my people superficially, saying, ‘Peace, peace!’ when there is no peace.	JER
Jer	6	15	Were they ashamed when they had committed abomination? No, they were not at all ashamed, neither could they blush. Therefore they will fall among those who fall. When I visit them, they will be cast down,” says the LORD.	JER
Jer	6	16	The LORD says, “Stand in the ways and see, and ask for the old paths, ‘Where is the good way?’ and walk in it, and you will find rest for your souls. But they said, ‘We will not walk in it.’	JER
Jer	6	17	I set watchmen over you, saying, ‘Listen to the sound of the trumpet!’ But they said, ‘We will not listen!’	JER
Jer	6	18	Therefore hear, you nations, and know, congregation, what is among them.	JER
Jer	6	19	Hear, earth! Behold, I will bring evil on this people, even the fruit of their thoughts, because they have not listened to my words; and as for my law, they have rejected it.	JER
Jer	6	20	To what purpose does frankincense from Sheba come to me, and the sweet cane from a far country? Your burnt offerings are not acceptable, and your sacrifices are not pleasing to me.”	JER
Jer	6	21	Therefore the LORD says, “Behold, I will lay stumbling blocks before this people. The fathers and the sons together will stumble against them. The neighbor and his friend will perish.”	JER
Jer	6	22	The LORD says, “Behold, a people comes from the north country. A great nation will be stirred up from the uttermost parts of the earth.	JER
Jer	6	23	They take hold of bow and spear. They are cruel, and have no mercy. Their voice roars like the sea, and they ride on horses, everyone set in array, as a man to the battle, against you, daughter of Zion.”	JER
Jer	6	24	We have heard its report. Our hands become feeble. Anguish has taken hold of us, and pains as of a woman in labor.	JER
Jer	6	25	Don’t go out into the field or walk by the way; for the sword of the enemy and terror are on every side.	JER
Jer	6	26	Daughter of my people, clothe yourself with sackcloth, and wallow in ashes! Mourn, as for an only son, most bitter lamentation, for the destroyer will suddenly come on us.	JER
Jer	6	27	“I have made you a tester of metals and a fortress among my people, that you may know and try their way.	JER
Jer	6	28	They are all grievous rebels, going around to slander. They are bronze and iron. All of them deal corruptly.	JER
Jer	6	29	The bellows blow fiercely. The lead is consumed in the fire. In vain they go on refining, for the wicked are not plucked away.	JER
Jer	6	30	Men will call them rejected silver, because the LORD has rejected them.”	JER
Jer	7	1	The word that came to Jeremiah from the LORD, saying,	JER
Jer	7	2	“Stand in the gate of the LORD’s house, and proclaim this word there, and say, ‘Hear the LORD’s word, all you of Judah, who enter in at these gates to worship the LORD.’”	JER
Jer	7	3	The LORD of Armies, the God of Israel says, “Amend your ways and your doings, and I will cause you to dwell in this place.	JER
Jer	7	4	Don’t trust in lying words, saying, ‘The LORD’s temple, the LORD’s temple, the LORD’s temple, are these.’	JER
Jer	7	5	For if you thoroughly amend your ways and your doings, if you thoroughly execute justice between a man and his neighbor;	JER
Jer	7	6	if you don’t oppress the foreigner, the fatherless, and the widow, and don’t shed innocent blood in this place, and don’t walk after other gods to your own hurt,	JER
Jer	7	7	then I will cause you to dwell in this place, in the land that I gave to your fathers, from of old even forever more.	JER
Jer	7	8	Behold, you trust in lying words that can’t profit.	JER
Jer	7	9	Will you steal, murder, commit adultery, swear falsely, burn incense to Baal, and walk after other gods that you have not known,	JER
Jer	7	10	then come and stand before me in this house, which is called by my name, and say, ‘We are delivered,’ that you may do all these abominations?	JER
Jer	7	11	Has this house, which is called by my name, become a den of robbers in your eyes? Behold, I myself have seen it,” says the LORD.	JER
Jer	7	12	“But go now to my place which was in Shiloh, where I caused my name to dwell at the first, and see what I did to it for the wickedness of my people Israel.	JER
Jer	7	13	Now, because you have done all these works,” says the LORD, “and I spoke to you, rising up early and speaking, but you didn’t hear; and I called you, but you didn’t answer;	JER
Jer	7	14	therefore I will do to the house which is called by my name, in which you trust, and to the place which I gave to you and to your fathers, as I did to Shiloh.	JER
Jer	7	15	I will cast you out of my sight, as I have cast out all your brothers, even the whole offspring of Ephraim.	JER
Jer	7	16	“Therefore don’t pray for this people. Don’t lift up a cry or prayer for them or make intercession to me; for I will not hear you.	JER
Jer	7	17	Don’t you see what they do in the cities of Judah and in the streets of Jerusalem?	JER
Jer	7	18	The children gather wood, and the fathers kindle the fire, and the women knead the dough, to make cakes to the queen of the sky, and to pour out drink offerings to other gods, that they may provoke me to anger.	JER
Jer	7	19	Do they provoke me to anger?” says the LORD. “Don’t they provoke themselves, to the confusion of their own faces?”	JER
Jer	7	20	Therefore the Lord GOD says: “Behold, my anger and my wrath will be poured out on this place, on man, on animal, on the trees of the field, and on the fruit of the ground; and it will burn and will not be quenched.”	JER
Jer	7	21	The LORD of Armies, the God of Israel says: “Add your burnt offerings to your sacrifices and eat meat.	JER
Jer	7	22	For I didn’t speak to your fathers or command them in the day that I brought them out of the land of Egypt concerning burnt offerings or sacrifices;	JER
Jer	7	23	but this thing I commanded them, saying, ‘Listen to my voice, and I will be your God, and you shall be my people. Walk in all the way that I command you, that it may be well with you.’	JER
Jer	7	24	But they didn’t listen or turn their ear, but walked in their own counsels and in the stubbornness of their evil heart, and went backward, and not forward.	JER
Jer	7	25	Since the day that your fathers came out of the land of Egypt to this day, I have sent to you all my servants the prophets, daily rising up early and sending them.	JER
Jer	7	26	Yet they didn’t listen to me or incline their ear, but made their neck stiff. They did worse than their fathers.	JER
Jer	7	27	“You shall speak all these words to them, but they will not listen to you. You shall also call to them, but they will not answer you.	JER
Jer	7	28	You shall tell them, ‘This is the nation that has not listened to the LORD their God’s voice, nor received instruction. Truth has perished, and is cut off from their mouth.’	JER
Jer	7	29	Cut off your hair, and throw it away, and take up a lamentation on the bare heights; for the LORD has rejected and forsaken the generation of his wrath.	JER
Jer	7	30	“For the children of Judah have done that which is evil in my sight,” says the LORD. “They have set their abominations in the house which is called by my name, to defile it.	JER
Jer	7	31	They have built the high places of Topheth, which is in the valley of the son of Hinnom, to burn their sons and their daughters in the fire, which I didn’t command, nor did it come into my mind.	JER
Jer	7	32	Therefore behold, the days come”, says the LORD, “that it will no more be called ‘Topheth’ or ‘The valley of the son of Hinnom’, but ‘The valley of Slaughter’; for they will bury in Topheth until there is no place to bury.	JER
Jer	7	33	The dead bodies of this people will be food for the birds of the sky, and for the animals of the earth. No one will frighten them away.	JER
Jer	7	34	Then I will cause to cease from the cities of Judah and from the streets of Jerusalem the voice of mirth and the voice of gladness, the voice of the bridegroom and the voice of the bride; for the land will become a waste.”	JER
Jer	8	1	“At that time,” says the LORD, “they will bring the bones of the kings of Judah, the bones of his princes, the bones of the priests, the bones of the prophets, and the bones of the inhabitants of Jerusalem, out of their graves.	JER
Jer	8	2	They will spread them before the sun, the moon, and all the army of the sky, which they have loved, which they have served, after which they have walked, which they have sought, and which they have worshiped. They will not be gathered or be buried. They will be like dung on the surface of the earth.	JER
Jer	8	3	Death will be chosen rather than life by all the residue that remain of this evil family, that remain in all the places where I have driven them,” says the LORD of Armies.	JER
Jer	8	4	“Moreover you shall tell them, ‘The LORD says: “‘Do men fall, and not rise up again? Does one turn away, and not return?	JER
Jer	8	5	Why then have the people of Jerusalem fallen back by a perpetual backsliding? They cling to deceit. They refuse to return.	JER
Jer	8	6	I listened and heard, but they didn’t say what is right. No one repents of his wickedness, saying, “What have I done?” Everyone turns to his course, as a horse that rushes headlong in the battle.	JER
Jer	8	7	Yes, the stork in the sky knows her appointed times. The turtledove, the swallow, and the crane observe the time of their coming; but my people don’t know the LORD’s law.	JER
Jer	8	8	“‘How do you say, “We are wise, and the LORD’s law is with us”? But, behold, the false pen of the scribes has made that a lie.	JER
Jer	8	9	The wise men are disappointed. They are dismayed and trapped. Behold, they have rejected the LORD’s word. What kind of wisdom is in them?	JER
Jer	8	10	Therefore I will give their wives to others and their fields to those who will possess them. For everyone from the least even to the greatest is given to covetousness; from the prophet even to the priest everyone deals falsely.	JER
Jer	8	11	They have healed the hurt of the daughter of my people slightly, saying, “Peace, peace,” when there is no peace.	JER
Jer	8	12	Were they ashamed when they had committed abomination? No, they were not at all ashamed. They couldn’t blush. Therefore they will fall among those who fall. In the time of their visitation they will be cast down, says the LORD.	JER
Jer	8	13	“‘I will utterly consume them, says the LORD. No grapes will be on the vine, no figs on the fig tree, and the leaf will fade. The things that I have given them will pass away from them.’”	JER
Jer	8	14	“Why do we sit still? Assemble yourselves! Let’s enter into the fortified cities, and let’s be silent there; for the LORD our God has put us to silence, and given us poisoned water to drink, because we have sinned against the LORD.	JER
Jer	8	15	We looked for peace, but no good came; and for a time of healing, and behold, dismay!	JER
Jer	8	16	The snorting of his horses is heard from Dan. The whole land trembles at the sound of the neighing of his strong ones; for they have come, and have devoured the land and all that is in it, the city and those who dwell therein.”	JER
Jer	8	17	“For, behold, I will send serpents, adders among you, which will not be charmed; and they will bite you,” says the LORD.	JER
Jer	8	18	Oh that I could comfort myself against sorrow! My heart is faint within me.	JER
Jer	8	19	Behold, the voice of the cry of the daughter of my people from a land that is very far off: “Isn’t the LORD in Zion? Isn’t her King in her?” “Why have they provoked me to anger with their engraved images, and with foreign idols?”	JER
Jer	8	20	“The harvest is past. The summer has ended, and we are not saved.”	JER
Jer	8	21	For the hurt of the daughter of my people, I am hurt. I mourn. Dismay has taken hold of me.	JER
Jer	8	22	Is there no balm in Gilead? Is there no physician there? Why then isn’t the health of the daughter of my people recovered?	JER
Jer	9	1	Oh that my head were waters, and my eyes a spring of tears, that I might weep day and night for the slain of the daughter of my people!	JER
Jer	9	2	Oh that I had in the wilderness a lodging place of wayfaring men, that I might leave my people and go from them! For they are all adulterers, an assembly of treacherous men.	JER
Jer	9	3	“They bend their tongue, as their bow, for falsehood. They have grown strong in the land, but not for truth; for they proceed from evil to evil, and they don’t know me,” says the LORD.	JER
Jer	9	4	“Everyone beware of his neighbor, and don’t trust in any brother; for every brother will utterly supplant, and every neighbor will go around like a slanderer.	JER
Jer	9	5	Friends deceive each other, and will not speak the truth. They have taught their tongue to speak lies. They weary themselves committing iniquity.	JER
Jer	9	6	Your habitation is in the middle of deceit. Through deceit, they refuse to know me,” says the LORD.	JER
Jer	9	7	Therefore the LORD of Armies says, “Behold, I will melt them and test them; for how should I deal with the daughter of my people?	JER
Jer	9	8	Their tongue is a deadly arrow. It speaks deceit. One speaks peaceably to his neighbor with his mouth, but in his heart, he waits to ambush him.	JER
Jer	9	9	Shouldn’t I punish them for these things?” says the LORD. “Shouldn’t my soul be avenged on a nation such as this?	JER
Jer	9	10	I will weep and wail for the mountains, and lament for the pastures of the wilderness, because they are burned up, so that no one passes through; Men can’t hear the voice of the livestock. Both the birds of the sky and the animals have fled. They are gone.	JER
Jer	9	11	“I will make Jerusalem heaps, a dwelling place of jackals. I will make the cities of Judah a desolation, without inhabitant.”	JER
Jer	9	12	Who is wise enough to understand this? Who is he to whom the mouth of the LORD has spoken, that he may declare it? Why has the land perished and burned up like a wilderness, so that no one passes through?	JER
Jer	9	13	The LORD says, “Because they have forsaken my law which I set before them, and have not obeyed my voice or walked in my ways,	JER
Jer	9	14	but have walked after the stubbornness of their own heart and after the Baals, which their fathers taught them.”	JER
Jer	9	15	Therefore the LORD of Armies, the God of Israel, says, “Behold, I will feed them, even this people, with wormwood and give them poisoned water to drink.	JER
Jer	9	16	I will scatter them also among the nations, whom neither they nor their fathers have known. I will send the sword after them, until I have consumed them.”	JER
Jer	9	17	The LORD of Armies says, “Consider, and call for the mourning women, that they may come. Send for the skillful women, that they may come.	JER
Jer	9	18	Let them make haste and take up a wailing for us, that our eyes may run down with tears and our eyelids gush out with waters.	JER
Jer	9	19	For a voice of wailing is heard out of Zion, ‘How we are ruined! We are greatly confounded because we have forsaken the land, because they have cast down our dwellings.’”	JER
Jer	9	20	Yet hear the LORD’s word, you women. Let your ear receive the word of his mouth. Teach your daughters wailing. Everyone teach her neighbor a lamentation.	JER
Jer	9	21	For death has come up into our windows. It has entered into our palaces to cut off the children from outside, and the young men from the streets.	JER
Jer	9	22	Speak, “The LORD says, “‘The dead bodies of men will fall as dung on the open field, and as the handful after the harvester. No one will gather them.’”	JER
Jer	9	23	The LORD says, “Don’t let the wise man glory in his wisdom. Don’t let the mighty man glory in his might. Don’t let the rich man glory in his riches.	JER
Jer	9	24	But let him who glories glory in this, that he has understanding, and knows me, that I am the LORD who exercises loving kindness, justice, and righteousness on the earth, for I delight in these things,” says the LORD.	JER
Jer	9	25	“Behold, the days come,” says the LORD, “that I will punish all those who are circumcised only in their flesh:	JER
Jer	9	26	Egypt, Judah, Edom, the children of Ammon, Moab, and all who have the corners of their hair cut off, who dwell in the wilderness, for all the nations are uncircumcised, and all the house of Israel are uncircumcised in heart.”	JER
Jer	10	1	Hear the word which the LORD speaks to you, house of Israel!	JER
Jer	10	2	The LORD says, “Don’t learn the way of the nations, and don’t be dismayed at the signs of the sky; for the nations are dismayed at them.	JER
Jer	10	3	For the customs of the peoples are vanity; for one cuts a tree out of the forest, the work of the hands of the workman with the ax.	JER
Jer	10	4	They deck it with silver and with gold. They fasten it with nails and with hammers, so that it can’t move.	JER
Jer	10	5	They are like a palm tree, of turned work, and don’t speak. They must be carried, because they can’t move. Don’t be afraid of them; for they can’t do evil, neither is it in them to do good.”	JER
Jer	10	6	There is no one like you, LORD. You are great, and your name is great in might.	JER
Jer	10	7	Who shouldn’t fear you, King of the nations? For it belongs to you. Because among all the wise men of the nations, and in all their royal estate, there is no one like you.	JER
Jer	10	8	But they are together brutish and foolish, instructed by idols! It is just wood.	JER
Jer	10	9	There is silver beaten into plates, which is brought from Tarshish, and gold from Uphaz, the work of the engraver and of the hands of the goldsmith. Their clothing is blue and purple. They are all the work of skillful men.	JER
Jer	10	10	But the LORD is the true God. He is the living God, and an everlasting King. At his wrath, the earth trembles. The nations aren’t able to withstand his indignation.	JER
Jer	10	11	“You shall say this to them: ‘The gods that have not made the heavens and the earth will perish from the earth, and from under the heavens.’”	JER
Jer	10	12	God has made the earth by his power. He has established the world by his wisdom, and by his understanding has he stretched out the heavens.	JER
Jer	10	13	When he utters his voice, the waters in the heavens roar, and he causes the vapors to ascend from the ends of the earth. He makes lightnings for the rain, and brings the wind out of his treasuries.	JER
Jer	10	14	Every man has become brutish and without knowledge. Every goldsmith is disappointed by his engraved image; for his molten image is falsehood, and there is no breath in them.	JER
Jer	10	15	They are vanity, a work of delusion. In the time of their visitation they will perish.	JER
Jer	10	16	The portion of Jacob is not like these; for he is the maker of all things; and Israel is the tribe of his inheritance. The LORD of Armies is his name.	JER
Jer	10	17	Gather up your wares out of the land, you who live under siege.	JER
Jer	10	18	For the LORD says, “Behold, I will sling out the inhabitants of the land at this time, and will distress them, that they may feel it.”	JER
Jer	10	19	Woe is me because of my injury! My wound is serious; but I said, “Truly this is my grief, and I must bear it.”	JER
Jer	10	20	My tent has been destroyed, and all my cords are broken. My children have gone away from me, and they are no more. There is no one to spread my tent any more, to set up my curtains.	JER
Jer	10	21	For the shepherds have become brutish, and have not inquired of the LORD. Therefore they have not prospered, and all their flocks have scattered.	JER
Jer	10	22	The voice of news, behold, it comes, and a great commotion out of the north country, to make the cities of Judah a desolation, a dwelling place of jackals.	JER
Jer	10	23	LORD, I know that the way of man is not in himself. It is not in man who walks to direct his steps.	JER
Jer	10	24	LORD, correct me, but gently; not in your anger, lest you reduce me to nothing.	JER
Jer	10	25	Pour out your wrath on the nations that don’t know you, and on the families that don’t call on your name; for they have devoured Jacob. Yes, they have devoured him, consumed him, and have laid waste his habitation.	JER
Jer	11	1	The word that came to Jeremiah from the LORD, saying,	JER
Jer	11	2	“Hear the words of this covenant, and speak to the men of Judah, and to the inhabitants of Jerusalem;	JER
Jer	11	3	and say to them, the LORD, the God of Israel says: ‘Cursed is the man who doesn’t hear the words of this covenant,	JER
Jer	11	4	which I commanded your fathers in the day that I brought them out of the land of Egypt, out of the iron furnace,’ saying, ‘Obey my voice and do them, according to all which I command you; so you shall be my people, and I will be your God;	JER
Jer	11	5	that I may establish the oath which I swore to your fathers, to give them a land flowing with milk and honey,’ as it is today.” Then I answered, and said, “Amen, LORD.”	JER
Jer	11	6	The LORD said to me, “Proclaim all these words in the cities of Judah, and in the streets of Jerusalem, saying, ‘Hear the words of this covenant, and do them.	JER
Jer	11	7	For I earnestly protested to your fathers in the day that I brought them up out of the land of Egypt, even to this day, rising early and protesting, saying, “Obey my voice.”	JER
Jer	11	8	Yet they didn’t obey, nor turn their ear, but everyone walked in the stubbornness of their evil heart. Therefore I brought on them all the words of this covenant, which I commanded them to do, but they didn’t do them.’”	JER
Jer	11	9	The LORD said to me, “A conspiracy is found among the men of Judah, and among the inhabitants of Jerusalem.	JER
Jer	11	10	They have turned back to the iniquities of their forefathers, who refused to hear my words. They have gone after other gods to serve them. The house of Israel and the house of Judah have broken my covenant which I made with their fathers.	JER
Jer	11	11	Therefore the LORD says, ‘Behold, I will bring evil on them which they will not be able to escape; and they will cry to me, but I will not listen to them.	JER
Jer	11	12	Then the cities of Judah and the inhabitants of Jerusalem will go and cry to the gods to which they offer incense, but they will not save them at all in the time of their trouble.	JER
Jer	11	13	For according to the number of your cities are your gods, Judah; and according to the number of the streets of Jerusalem you have set up altars to the shameful thing, even altars to burn incense to Baal.’	JER
Jer	11	14	“Therefore don’t pray for this people. Don’t lift up cry or prayer for them; for I will not hear them in the time that they cry to me because of their trouble.	JER
Jer	11	15	What has my beloved to do in my house, since she has behaved lewdly with many, and the holy flesh has passed from you? When you do evil, then you rejoice.”	JER
Jer	11	16	The LORD called your name, “A green olive tree, beautiful with goodly fruit.” With the noise of a great roar he has kindled fire on it, and its branches are broken.	JER
Jer	11	17	For the LORD of Armies, who planted you, has pronounced evil against you, because of the evil of the house of Israel and of the house of Judah, which they have done to themselves in provoking me to anger by offering incense to Baal.	JER
Jer	11	18	The LORD gave me knowledge of it, and I knew it. Then you showed me their doings.	JER
Jer	11	19	But I was like a gentle lamb that is led to the slaughter. I didn’t know that they had devised plans against me, saying, “Let’s destroy the tree with its fruit, and let’s cut him off from the land of the living, that his name may be no more remembered.”	JER
Jer	11	20	But, LORD of Armies, who judges righteously, who tests the heart and the mind, I will see your vengeance on them; for to you I have revealed my cause.	JER
Jer	11	21	“Therefore the LORD says concerning the men of Anathoth, who seek your life, saying, ‘You shall not prophesy in the LORD’s name, that you not die by our hand’—	JER
Jer	11	22	therefore the LORD of Armies says, ‘Behold, I will punish them. The young men will die by the sword. Their sons and their daughters will die by famine.	JER
Jer	11	23	There will be no remnant to them, for I will bring evil on the men of Anathoth, even the year of their visitation.’”	JER
Jer	12	1	You are righteous, LORD, when I contend with you; yet I would like to plead a case with you. Why does the way of the wicked prosper? Why are they all at ease who deal very treacherously?	JER
Jer	12	2	You have planted them. Yes, they have taken root. They grow. Yes, they produce fruit. You are near in their mouth, and far from their heart.	JER
Jer	12	3	But you, LORD, know me. You see me, and test my heart toward you. Pull them out like sheep for the slaughter, and prepare them for the day of slaughter.	JER
Jer	12	4	How long will the land mourn, and the herbs of the whole country wither? Because of the wickedness of those who dwell therein, the animals and birds are consumed; because they said, “He won’t see our latter end.”	JER
Jer	12	5	“If you have run with the footmen, and they have wearied you, then how can you contend with horses? Though in a land of peace you are secure, yet how will you do in the pride of the Jordan?	JER
Jer	12	6	For even your brothers, and the house of your father, even they have dealt treacherously with you! Even they have cried aloud after you! Don’t believe them, though they speak beautiful words to you.	JER
Jer	12	7	“I have forsaken my house. I have cast off my heritage. I have given the dearly beloved of my soul into the hand of her enemies.	JER
Jer	12	8	My heritage has become to me as a lion in the forest. She has uttered her voice against me. Therefore I have hated her.	JER
Jer	12	9	Is my heritage to me as a speckled bird of prey? Are the birds of prey against her all around? Go, assemble all the animals of the field. Bring them to devour.	JER
Jer	12	10	Many shepherds have destroyed my vineyard. They have trodden my portion under foot. They have made my pleasant portion a desolate wilderness.	JER
Jer	12	11	They have made it a desolation. It mourns to me, being desolate. The whole land is made desolate, because no one cares.	JER
Jer	12	12	Destroyers have come on all the bare heights in the wilderness; for the sword of the LORD devours from the one end of the land even to the other end of the land. No flesh has peace.	JER
Jer	12	13	They have sown wheat, and have reaped thorns. They have exhausted themselves, and profit nothing. You will be ashamed of your fruits, because of the LORD’s fierce anger.”	JER
Jer	12	14	The LORD says, “Concerning all my evil neighbors, who touch the inheritance which I have caused my people Israel to inherit: Behold, I will pluck them up from off their land, and will pluck up the house of Judah from among them.	JER
Jer	12	15	It will happen that after I have plucked them up, I will return and have compassion on them. I will bring them again, every man to his heritage, and every man to his land.	JER
Jer	12	16	It will happen, if they will diligently learn the ways of my people, to swear by my name, ‘As the LORD lives;’ even as they taught my people to swear by Baal, then they will be built up in the middle of my people.	JER
Jer	12	17	But if they will not hear, then I will pluck up that nation, plucking up and destroying it,” says the LORD.	JER
Jer	13	1	The LORD said to me, “Go, and buy yourself a linen belt, and put it on your waist, and don’t put it in water.”	JER
Jer	13	2	So I bought a belt according to the LORD’s word, and put it on my waist.	JER
Jer	13	3	The LORD’s word came to me the second time, saying,	JER
Jer	13	4	“Take the belt that you have bought, which is on your waist, and arise, go to the Euphrates, and hide it there in a cleft of the rock.”	JER
Jer	13	5	So I went and hid it by the Euphrates, as the LORD commanded me.	JER
Jer	13	6	After many days, the LORD said to me, “Arise, go to the Euphrates, and take the belt from there, which I commanded you to hide there.”	JER
Jer	13	7	Then I went to the Euphrates, and dug, and took the belt from the place where I had hidden it; and behold, the belt was ruined. It was profitable for nothing.	JER
Jer	13	8	Then the LORD’s word came to me, saying,	JER
Jer	13	9	“The LORD says, ‘In this way I will ruin the pride of Judah, and the great pride of Jerusalem.	JER
Jer	13	10	This evil people, who refuse to hear my words, who walk in the stubbornness of their heart, and have gone after other gods to serve them and to worship them, will even be as this belt, which is profitable for nothing.	JER
Jer	13	11	For as the belt clings to the waist of a man, so I have caused the whole house of Israel and the whole house of Judah to cling to me,’ says the LORD; ‘that they may be to me for a people, for a name, for praise, and for glory; but they would not hear.’	JER
Jer	13	12	“Therefore you shall speak to them this word: ‘The LORD, the God of Israel says, “Every container should be filled with wine.”’ They will tell you, ‘Do we not certainly know that every container should be filled with wine?’	JER
Jer	13	13	Then tell them, ‘The LORD says, “Behold, I will fill all the inhabitants of this land, even the kings who sit on David’s throne, the priests, the prophets, and all the inhabitants of Jerusalem, with drunkenness.	JER
Jer	13	14	I will dash them one against another, even the fathers and the sons together,” says the LORD: “I will not pity, spare, or have compassion, that I should not destroy them.”’”	JER
Jer	13	15	Hear, and give ear. Don’t be proud, for the LORD has spoken.	JER
Jer	13	16	Give glory to the LORD your God, before he causes darkness, and before your feet stumble on the dark mountains, and while you look for light, he turns it into the shadow of death, and makes it deep darkness.	JER
Jer	13	17	But if you will not hear it, my soul will weep in secret for your pride. My eye will weep bitterly, and run down with tears, because the LORD’s flock has been taken captive.	JER
Jer	13	18	Say to the king and to the queen mother, “Humble yourselves. Sit down, for your crowns have come down, even the crown of your glory.	JER
Jer	13	19	The cities of the South are shut up, and there is no one to open them. Judah is carried away captive: all of them. They are wholly carried away captive.	JER
Jer	13	20	Lift up your eyes, and see those who come from the north. Where is the flock that was given to you, your beautiful flock?	JER
Jer	13	21	What will you say when he sets over you as head those whom you have yourself taught to be friends to you? Won’t sorrows take hold of you, as of a woman in travail?	JER
Jer	13	22	If you say in your heart, “Why have these things come on me?” Your skirts are uncovered because of the greatness of your iniquity, and your heels suffer violence.	JER
Jer	13	23	Can the Ethiopian change his skin, or the leopard his spots? Then may you also do good, who are accustomed to do evil.	JER
Jer	13	24	“Therefore I will scatter them as the stubble that passes away by the wind of the wilderness.	JER
Jer	13	25	This is your lot, the portion measured to you from me,” says the LORD, “because you have forgotten me, and trusted in falsehood.”	JER
Jer	13	26	Therefore I will also uncover your skirts on your face, and your shame will appear.	JER
Jer	13	27	I have seen your abominations, even your adulteries and your neighing, the lewdness of your prostitution, on the hills in the field. Woe to you, Jerusalem! You will not be made clean. How long will it yet be?”	JER
Jer	14	1	This is the LORD’s word that came to Jeremiah concerning the drought:	JER
Jer	14	2	“Judah mourns, and its gates languish. They sit in black on the ground. The cry of Jerusalem goes up.	JER
Jer	14	3	Their nobles send their little ones to the waters. They come to the cisterns, and find no water. They return with their vessels empty. They are disappointed and confounded, and cover their heads.	JER
Jer	14	4	Because of the ground which is cracked, because no rain has been in the land, the plowmen are disappointed. They cover their heads.	JER
Jer	14	5	Yes, the doe in the field also calves and forsakes her young, because there is no grass.	JER
Jer	14	6	The wild donkeys stand on the bare heights. They pant for air like jackals. Their eyes fail, because there is no vegetation.	JER
Jer	14	7	Though our iniquities testify against us, work for your name’s sake, LORD; for our rebellions are many. We have sinned against you.	JER
Jer	14	8	You hope of Israel, its Savior in the time of trouble, why should you be as a foreigner in the land, and as a wayfaring man who turns aside to stay for a night?	JER
Jer	14	9	Why should you be like a scared man, as a mighty man who can’t save? Yet you, LORD, are in the middle of us, and we are called by your name. Don’t leave us.	JER
Jer	14	10	The LORD says to this people: “Even so they have loved to wander. They have not restrained their feet. Therefore the LORD does not accept them. Now he will remember their iniquity, and punish them for their sins.”	JER
Jer	14	11	The LORD said to me, “Don’t pray for this people for their good.	JER
Jer	14	12	When they fast, I will not hear their cry; and when they offer burnt offering and meal offering, I will not accept them; but I will consume them by the sword, by famine, and by pestilence.”	JER
Jer	14	13	Then I said, “Ah, Lord GOD! Behold, the prophets tell them, ‘You will not see the sword, neither will you have famine; but I will give you assured peace in this place.’”	JER
Jer	14	14	Then the LORD said to me, “The prophets prophesy lies in my name. I didn’t send them. I didn’t command them. I didn’t speak to them. They prophesy to you a lying vision, divination, and a thing of nothing, and the deceit of their own heart.	JER
Jer	14	15	Therefore the LORD says concerning the prophets who prophesy in my name, but I didn’t send them, yet they say, ‘Sword and famine will not be in this land.’ Those prophets will be consumed by sword and famine.	JER
Jer	14	16	The people to whom they prophesy will be cast out in the streets of Jerusalem because of the famine and the sword. They will have no one to bury them—them, their wives, their sons, or their daughters, for I will pour their wickedness on them.	JER
Jer	14	17	“You shall say this word to them: “‘Let my eyes run down with tears night and day, and let them not cease; for the virgin daughter of my people is broken with a great breach, with a very grievous wound.	JER
Jer	14	18	If I go out into the field, then behold, the slain with the sword! If I enter into the city, then behold, those who are sick with famine! For both the prophet and the priest go about in the land, and have no knowledge.’”	JER
Jer	14	19	Have you utterly rejected Judah? Has your soul loathed Zion? Why have you struck us, and there is no healing for us? We looked for peace, but no good came; and for a time of healing, and behold, dismay!	JER
Jer	14	20	We acknowledge, LORD, our wickedness, and the iniquity of our fathers; for we have sinned against you.	JER
Jer	14	21	Do not abhor us, for your name’s sake. Do not disgrace the throne of your glory. Remember, and don’t break your covenant with us.	JER
Jer	14	22	Are there any among the vanities of the nations that can cause rain? Or can the sky give showers? Aren’t you he, the LORD our God? Therefore we will wait for you; for you have made all these things.	JER
Jer	15	1	Then the LORD said to me, “Though Moses and Samuel stood before me, yet my mind would not turn toward this people. Cast them out of my sight, and let them go out!	JER
Jer	15	2	It will happen when they ask you, ‘Where shall we go out?’ then you shall tell them, ‘The LORD says: “Such as are for death, to death; such as are for the sword, to the sword; such as are for the famine, to the famine; and such as are for captivity, to captivity.”’	JER
Jer	15	3	“I will appoint over them four kinds,” says the LORD: “the sword to kill, the dogs to tear, the birds of the sky, and the animals of the earth, to devour and to destroy.	JER
Jer	15	4	I will cause them to be tossed back and forth among all the kingdoms of the earth, because of Manasseh, the son of Hezekiah, king of Judah, for that which he did in Jerusalem.	JER
Jer	15	5	For who will have pity on you, Jerusalem? Who will mourn you? Who will come to ask of your welfare?	JER
Jer	15	6	You have rejected me,” says the LORD. “You have gone backward. Therefore I have stretched out my hand against you and destroyed you. I am weary of showing compassion.	JER
Jer	15	7	I have winnowed them with a fan in the gates of the land. I have bereaved them of children. I have destroyed my people. They didn’t return from their ways.	JER
Jer	15	8	Their widows are increased more than the sand of the seas. I have brought on them against the mother of the young men a destroyer at noonday. I have caused anguish and terrors to fall on her suddenly.	JER
Jer	15	9	She who has borne seven languishes. She has given up the spirit. Her sun has gone down while it was yet day. She has been disappointed and confounded. I will deliver their residue to the sword before their enemies,” says the LORD.	JER
Jer	15	10	Woe is me, my mother, that you have borne me, a man of strife, and a man of contention to the whole earth! I have not lent, neither have men lent to me; yet every one of them curses me.	JER
Jer	15	11	The LORD said, “Most certainly I will strengthen you for good. Most certainly I will cause the enemy to make supplication to you in the time of evil and in the time of affliction.	JER
Jer	15	12	Can one break iron, even iron from the north, and bronze?	JER
Jer	15	13	I will give your substance and your treasures for a plunder without price, and that for all your sins, even in all your borders.	JER
Jer	15	14	I will make them to pass with your enemies into a land which you don’t know; for a fire is kindled in my anger, which will burn on you.”	JER
Jer	15	15	LORD, you know. Remember me, visit me, and avenge me of my persecutors. You are patient, so don’t take me away. Know that for your sake I have suffered reproach.	JER
Jer	15	16	Your words were found, and I ate them. Your words were to me a joy and the rejoicing of my heart, for I am called by your name, LORD, God of Armies.	JER
Jer	15	17	I didn’t sit in the assembly of those who make merry and rejoice. I sat alone because of your hand, for you have filled me with indignation.	JER
Jer	15	18	Why is my pain perpetual, and my wound incurable, which refuses to be healed? Will you indeed be to me as a deceitful brook, like waters that fail?	JER
Jer	15	19	Therefore the LORD says, “If you return, then I will bring you again, that you may stand before me; and if you take out the precious from the vile, you will be as my mouth. They will return to you, but you will not return to them.	JER
Jer	15	20	I will make you to this people a fortified bronze wall. They will fight against you, but they will not prevail against you; for I am with you to save you and to deliver you,” says the LORD.	JER
Jer	15	21	“I will deliver you out of the hand of the wicked, and I will redeem you out of the hand of the terrible.”	JER
Jer	16	1	Then the LORD’s word came to me, saying,	JER
Jer	16	2	“You shall not take a wife, neither shall you have sons or daughters, in this place.”	JER
Jer	16	3	For the LORD says concerning the sons and concerning the daughters who are born in this place, and concerning their mothers who bore them, and concerning their fathers who became their father in this land:	JER
Jer	16	4	“They will die grievous deaths. They will not be lamented, neither will they be buried. They will be as dung on the surface of the ground. They will be consumed by the sword and by famine. Their dead bodies will be food for the birds of the sky and for the animals of the earth.”	JER
Jer	16	5	For the LORD says, “Don’t enter into the house of mourning. Don’t go to lament. Don’t bemoan them, for I have taken away my peace from this people,” says the LORD, “even loving kindness and tender mercies.	JER
Jer	16	6	Both great and small will die in this land. They will not be buried. Men won’t lament for them, cut themselves, or make themselves bald for them.	JER
Jer	16	7	Men won’t break bread for them in mourning, to comfort them for the dead. Men won’t give them the cup of consolation to drink for their father or for their mother.	JER
Jer	16	8	“You shall not go into the house of feasting to sit with them, to eat and to drink.”	JER
Jer	16	9	For the LORD of Armies, the God of Israel says: “Behold, I will cause to cease out of this place, before your eyes and in your days, the voice of mirth and the voice of gladness, the voice of the bridegroom and the voice of the bride.	JER
Jer	16	10	It will happen, when you tell this people all these words, and they ask you, ‘Why has the LORD pronounced all this great evil against us?’ or ‘What is our iniquity?’ or ‘What is our sin that we have committed against the LORD our God?’	JER
Jer	16	11	then you shall tell them, ‘Because your fathers have forsaken me,’ says the LORD, ‘and have walked after other gods, have served them, have worshiped them, have forsaken me, and have not kept my law.	JER
Jer	16	12	You have done evil more than your fathers, for behold, you each walk after the stubbornness of his evil heart, so that you don’t listen to me.	JER
Jer	16	13	Therefore I will cast you out of this land into the land that you have not known, neither you nor your fathers. There you will serve other gods day and night, for I will show you no favor.’	JER
Jer	16	14	“Therefore behold, the days come,” says the LORD, “that it will no more be said, ‘As the LORD lives, who brought up the children of Israel out of the land of Egypt;’	JER
Jer	16	15	but, ‘As the LORD lives, who brought up the children of Israel from the land of the north, and from all the countries where he had driven them.’ I will bring them again into their land that I gave to their fathers.	JER
Jer	16	16	“Behold, I will send for many fishermen,” says the LORD, “and they will fish them up. Afterward I will send for many hunters, and they will hunt them from every mountain, from every hill, and out of the clefts of the rocks.	JER
Jer	16	17	For my eyes are on all their ways. They are not hidden from my face. Their iniquity isn’t concealed from my eyes.	JER
Jer	16	18	First I will recompense their iniquity and their sin double, because they have polluted my land with the carcasses of their detestable things, and have filled my inheritance with their abominations.”	JER
Jer	16	19	LORD, my strength, my stronghold, and my refuge in the day of affliction, the nations will come to you from the ends of the earth, and will say, “Our fathers have inherited nothing but lies, vanity and things in which there is no profit.	JER
Jer	16	20	Should a man make to himself gods which yet are no gods?”	JER
Jer	16	21	“Therefore behold, I will cause them to know, this once I will cause them to know my hand and my might. Then they will know that my name is the LORD.”	JER
Jer	17	1	“The sin of Judah is written with a pen of iron, and with the point of a diamond. It is engraved on the tablet of their heart, and on the horns of your altars.	JER
Jer	17	2	Even their children remember their altars and their Asherah poles by the green trees on the high hills.	JER
Jer	17	3	My mountain in the field, I will give your substance and all your treasures for a plunder, and your high places, because of sin, throughout all your borders.	JER
Jer	17	4	You, even of yourself, will discontinue from your heritage that I gave you. I will cause you to serve your enemies in the land which you don’t know, for you have kindled a fire in my anger which will burn forever.”	JER
Jer	17	5	The LORD says: “Cursed is the man who trusts in man, relies on strength of flesh, and whose heart departs from the LORD.	JER
Jer	17	6	For he will be like a bush in the desert, and will not see when good comes, but will inhabit the parched places in the wilderness, an uninhabited salt land.	JER
Jer	17	7	“Blessed is the man who trusts in the LORD, and whose confidence is in the LORD.	JER
Jer	17	8	For he will be as a tree planted by the waters, who spreads out its roots by the river, and will not fear when heat comes, but its leaf will be green, and will not be concerned in the year of drought. It won’t cease from yielding fruit.	JER
Jer	17	9	The heart is deceitful above all things and it is exceedingly corrupt. Who can know it?	JER
Jer	17	10	“I, the LORD, search the mind. I try the heart, even to give every man according to his ways, according to the fruit of his doings.”	JER
Jer	17	11	As the partridge that sits on eggs which she has not laid, so is he who gets riches, and not by right. In the middle of his days, they will leave him. At his end, he will be a fool.	JER
Jer	17	12	A glorious throne, set on high from the beginning, is the place of our sanctuary.	JER
Jer	17	13	LORD, the hope of Israel, all who forsake you will be disappointed. Those who depart from me will be written in the earth, because they have forsaken the LORD, the spring of living waters.	JER
Jer	17	14	Heal me, O LORD, and I will be healed. Save me, and I will be saved; for you are my praise.	JER
Jer	17	15	Behold, they ask me, “Where is the LORD’s word? Let it be fulfilled now.”	JER
Jer	17	16	As for me, I have not hurried from being a shepherd after you. I haven’t desired the woeful day. You know. That which came out of my lips was before your face.	JER
Jer	17	17	Don’t be a terror to me. You are my refuge in the day of evil.	JER
Jer	17	18	Let them be disappointed who persecute me, but don’t let me be disappointed. Let them be dismayed, but don’t let me be dismayed. Bring on them the day of evil, and destroy them with double destruction.	JER
Jer	17	19	The LORD said this to me: “Go and stand in the gate of the children of the people, through which the kings of Judah come in and by which they go out, and in all the gates of Jerusalem.	JER
Jer	17	20	Tell them, ‘Hear the LORD’s word, you kings of Judah, all Judah, and all the inhabitants of Jerusalem, that enter in by these gates:	JER
Jer	17	21	The LORD says, “Be careful, and bear no burden on the Sabbath day, nor bring it in by the gates of Jerusalem.	JER
Jer	17	22	Don’t carry a burden out of your houses on the Sabbath day. Don’t do any work, but make the Sabbath day holy, as I commanded your fathers.	JER
Jer	17	23	But they didn’t listen. They didn’t turn their ear, but made their neck stiff, that they might not hear, and might not receive instruction.	JER
Jer	17	24	It will happen, if you diligently listen to me,” says the LORD, “to bring in no burden through the gates of this city on the Sabbath day, but to make the Sabbath day holy, to do no work therein;	JER
Jer	17	25	then there will enter in by the gates of this city kings and princes sitting on David’s throne, riding in chariots and on horses, they and their princes, the men of Judah and the inhabitants of Jerusalem; and this city will remain forever.	JER
Jer	17	26	They will come from the cities of Judah, and from the places around Jerusalem, from the land of Benjamin, from the lowland, from the hill country, and from the South, bringing burnt offerings, sacrifices, meal offerings, and frankincense, and bringing sacrifices of thanksgiving to the LORD’s house.	JER
Jer	17	27	But if you will not listen to me to make the Sabbath day holy, and not to bear a burden and enter in at the gates of Jerusalem on the Sabbath day, then I will kindle a fire in its gates, and it will devour the palaces of Jerusalem. It will not be quenched.”’”	JER
Jer	18	1	The word which came to Jeremiah from the LORD, saying,	JER
Jer	18	2	“Arise, and go down to the potter’s house, and there I will cause you to hear my words.”	JER
Jer	18	3	Then I went down to the potter’s house, and behold, he was making something on the wheels.	JER
Jer	18	4	When the vessel that he made of the clay was marred in the hand of the potter, he made it again another vessel, as seemed good to the potter to make it.	JER
Jer	18	5	Then the LORD’s word came to me, saying,	JER
Jer	18	6	“House of Israel, can’t I do with you as this potter?” says the LORD. “Behold, as the clay in the potter’s hand, so are you in my hand, house of Israel.	JER
Jer	18	7	At the instant I speak concerning a nation, and concerning a kingdom, to pluck up and to break down and to destroy it,	JER
Jer	18	8	if that nation, concerning which I have spoken, turns from their evil, I will repent of the evil that I thought to do to them.	JER
Jer	18	9	At the instant I speak concerning a nation, and concerning a kingdom, to build and to plant it,	JER
Jer	18	10	if they do that which is evil in my sight, that they don’t obey my voice, then I will repent of the good with which I said I would benefit them.	JER
Jer	18	11	“Now therefore, speak to the men of Judah, and to the inhabitants of Jerusalem, saying, ‘The LORD says: “Behold, I frame evil against you, and devise a plan against you. Everyone return from his evil way now, and amend your ways and your doings.”’	JER
Jer	18	12	But they say, ‘It is in vain; for we will walk after our own plans, and we will each follow the stubbornness of his evil heart.’”	JER
Jer	18	13	Therefore the LORD says: “Ask now among the nations, ‘Who has heard such things?’ The virgin of Israel has done a very horrible thing.	JER
Jer	18	14	Will the snow of Lebanon fail from the rock of the field? Will the cold waters that flow down from afar be dried up?	JER
Jer	18	15	For my people have forgotten me. They have burned incense to false gods. They have been made to stumble in their ways in the ancient paths, to walk in byways, in a way not built up,	JER
Jer	18	16	to make their land an astonishment, and a perpetual hissing. Everyone who passes by it will be astonished, and shake his head.	JER
Jer	18	17	I will scatter them as with an east wind before the enemy. I will show them the back, and not the face, in the day of their calamity.	JER
Jer	18	18	Then they said, “Come! Let’s devise plans against Jeremiah; for the law won’t perish from the priest, nor counsel from the wise, nor the word from the prophet. Come, and let’s strike him with the tongue, and let’s not give heed to any of his words.”	JER
Jer	18	19	Give heed to me, LORD, and listen to the voice of those who contend with me.	JER
Jer	18	20	Should evil be recompensed for good? For they have dug a pit for my soul. Remember how I stood before you to speak good for them, to turn away your wrath from them.	JER
Jer	18	21	Therefore deliver up their children to the famine, and give them over to the power of the sword. Let their wives become childless and widows. Let their men be killed and their young men struck by the sword in battle.	JER
Jer	18	22	Let a cry be heard from their houses when you bring a troop suddenly on them; for they have dug a pit to take me and hidden snares for my feet.	JER
Jer	18	23	Yet, LORD, you know all their counsel against me to kill me. Don’t forgive their iniquity. Don’t blot out their sin from your sight, Let them be overthrown before you. Deal with them in the time of your anger.	JER
Jer	19	1	Thus said the LORD, “Go, and buy a potter’s earthen container, and take some of the elders of the people and of the elders of the priests;	JER
Jer	19	2	and go out to the valley of the son of Hinnom, which is by the entry of the gate Harsith, and proclaim there the words that I will tell you.	JER
Jer	19	3	Say, ‘Hear the LORD’s word, kings of Judah and inhabitants of Jerusalem: The LORD of Armies, the God of Israel says, “Behold, I will bring evil on this place, which whoever hears, his ears will tingle.	JER
Jer	19	4	Because they have forsaken me, and have defiled this place, and have burned incense in it to other gods that they didn’t know—they, their fathers, and the kings of Judah—and have filled this place with the blood of innocents,	JER
Jer	19	5	and have built the high places of Baal to burn their children in the fire for burnt offerings to Baal, which I didn’t command, nor speak, which didn’t even enter into my mind.	JER
Jer	19	6	Therefore, behold, the days come,” says the LORD, “that this place will no more be called ‘Topheth’, nor ‘The Valley of the son of Hinnom’, but ‘The valley of Slaughter’.	JER
Jer	19	7	“‘“I will make the counsel of Judah and Jerusalem void in this place. I will cause them to fall by the sword before their enemies, and by the hand of those who seek their life. I will give their dead bodies to be food for the birds of the sky and for the animals of the earth.	JER
Jer	19	8	I will make this city an astonishment and a hissing. Everyone who passes by it will be astonished and hiss because of all its plagues.	JER
Jer	19	9	I will cause them to eat the flesh of their sons and the flesh of their daughters. They will each eat the flesh of his friend in the siege and in the distress with which their enemies, and those who seek their life, will distress them.”’	JER
Jer	19	10	“Then you shall break the container in the sight of the men who go with you,	JER
Jer	19	11	and shall tell them, ‘The LORD of Armies says: “Even so I will break this people and this city as one breaks a potter’s vessel, that can’t be made whole again. They will bury in Topheth until there is no place to bury.	JER
Jer	19	12	This is what I will do to this place,” says the LORD, “and to its inhabitants, even making this city as Topheth.	JER
Jer	19	13	The houses of Jerusalem and the houses of the kings of Judah, which are defiled, will be as the place of Topheth, even all the houses on whose roofs they have burned incense to all the army of the sky and have poured out drink offerings to other gods.”’”	JER
Jer	19	14	Then Jeremiah came from Topheth, where the LORD had sent him to prophesy, and he stood in the court of the LORD’s house, and said to all the people:	JER
Jer	19	15	“The LORD of Armies, the God of Israel says, ‘Behold, I will bring on this city and on all its towns all the evil that I have pronounced against it, because they have made their neck stiff, that they may not hear my words.’”	JER
Jer	20	1	Now Pashhur, the son of Immer the priest, who was chief officer in the LORD’s house, heard Jeremiah prophesying these things.	JER
Jer	20	2	Then Pashhur struck Jeremiah the prophet and put him in the stocks that were in the upper gate of Benjamin, which was in the LORD’s house.	JER
Jer	20	3	On the next day, Pashhur released Jeremiah out of the stocks. Then Jeremiah said to him, “The LORD has not called your name Pashhur, but Magormissabib.	JER
Jer	20	4	For the LORD says, ‘Behold, I will make you a terror to yourself and to all your friends. They will fall by the sword of their enemies, and your eyes will see it. I will give all Judah into the hand of the king of Babylon, and he will carry them captive to Babylon, and will kill them with the sword.	JER
Jer	20	5	Moreover I will give all the riches of this city, and all its gains, and all its precious things, yes, I will give all the treasures of the kings of Judah into the hand of their enemies. They will make them captives, take them, and carry them to Babylon.	JER
Jer	20	6	You, Pashhur, and all who dwell in your house will go into captivity. You will come to Babylon, and there you will die, and there you will be buried, you, and all your friends, to whom you have prophesied falsely.’”	JER
Jer	20	7	LORD, you have persuaded me, and I was persuaded. You are stronger than I, and have prevailed. I have become a laughingstock all day. Everyone mocks me.	JER
Jer	20	8	For as often as I speak, I cry out; I cry, “Violence and destruction!” because the LORD’s word has been made a reproach to me, and a derision, all day.	JER
Jer	20	9	If I say that I will not make mention of him, or speak any more in his name, then there is in my heart as it were a burning fire shut up in my bones. I am weary with holding it in. I can’t.	JER
Jer	20	10	For I have heard the defaming of many: “Terror on every side! Denounce, and we will denounce him!” say all my familiar friends, those who watch for my fall. “Perhaps he will be persuaded, and we will prevail against him, and we will take our revenge on him.”	JER
Jer	20	11	But the LORD is with me as an awesome mighty one. Therefore my persecutors will stumble, and they won’t prevail. They will be utterly disappointed because they have not dealt wisely, even with an everlasting dishonor which will never be forgotten.	JER
Jer	20	12	But the LORD of Armies, who tests the righteous, who sees the heart and the mind, let me see your vengeance on them, for I have revealed my cause to you.	JER
Jer	20	13	Sing to the LORD! Praise the LORD, for he has delivered the soul of the needy from the hand of evildoers.	JER
Jer	20	14	Cursed is the day in which I was born. Don’t let the day in which my mother bore me be blessed.	JER
Jer	20	15	Cursed is the man who brought news to my father, saying, “A boy is born to you,” making him very glad.	JER
Jer	20	16	Let that man be as the cities which the LORD overthrew, and didn’t repent. Let him hear a cry in the morning, and shouting at noontime,	JER
Jer	20	17	because he didn’t kill me from the womb. So my mother would have been my grave, and her womb always great.	JER
Jer	20	18	Why did I come out of the womb to see labor and sorrow, that my days should be consumed with shame?	JER
Jer	21	1	The word which came to Jeremiah from the LORD, when King Zedekiah sent to him Pashhur the son of Malchijah, and Zephaniah the son of Maaseiah, the priest, saying,	JER
Jer	21	2	“Please inquire of the LORD for us; for Nebuchadnezzar king of Babylon makes war against us. Perhaps the LORD will deal with us according to all his wondrous works, that he may withdraw from us.”	JER
Jer	21	3	Then Jeremiah said to them, “Tell Zedekiah:	JER
Jer	21	4	‘The LORD, the God of Israel says, “Behold, I will turn back the weapons of war that are in your hands, with which you fight against the king of Babylon, and against the Chaldeans who besiege you outside the walls; and I will gather them into the middle of this city.	JER
Jer	21	5	I myself will fight against you with an outstretched hand and with a strong arm, even in anger, in wrath, and in great indignation.	JER
Jer	21	6	I will strike the inhabitants of this city, both man and animal. They will die of a great pestilence.	JER
Jer	21	7	Afterward,” says the LORD, “I will deliver Zedekiah king of Judah, his servants, and the people, even those who are left in this city from the pestilence, from the sword, and from the famine, into the hand of Nebuchadnezzar king of Babylon, and into the hand of their enemies, and into the hand of those who seek their life. He will strike them with the edge of the sword. He will not spare them, have pity, or have mercy.”’	JER
Jer	21	8	“You shall say to this people, ‘The LORD says: “Behold, I set before you the way of life and the way of death.	JER
Jer	21	9	He who remains in this city will die by the sword, by the famine, and by the pestilence, but he who goes out and passes over to the Chaldeans who besiege you, he will live, and he will escape with his life.	JER
Jer	21	10	For I have set my face on this city for evil, and not for good,” says the LORD. “It will be given into the hand of the king of Babylon, and he will burn it with fire.”’	JER
Jer	21	11	“Concerning the house of the king of Judah, hear the LORD’s word:	JER
Jer	21	12	House of David, the LORD says, ‘Execute justice in the morning, and deliver him who is robbed out of the hand of the oppressor, lest my wrath go out like fire, and burn so that no one can quench it, because of the evil of your doings.	JER
Jer	21	13	Behold, I am against you, O inhabitant of the valley, and of the rock of the plain,’ says the LORD. ‘You that say, “Who would come down against us?” or, “Who would enter into our homes?”	JER
Jer	21	14	I will punish you according to the fruit of your doings,’ says the LORD; ‘and I will kindle a fire in her forest, and it will devour all that is around her.’”	JER
Jer	22	1	The LORD said, “Go down to the house of the king of Judah, and speak this word there:	JER
Jer	22	2	‘Hear the LORD’s word, king of Judah, who sits on David’s throne—you, your servants, and your people who enter in by these gates.	JER
Jer	22	3	The LORD says: “Execute justice and righteousness, and deliver him who is robbed out of the hand of the oppressor. Do no wrong. Do no violence to the foreigner, the fatherless, or the widow. Don’t shed innocent blood in this place.	JER
Jer	22	4	For if you do this thing indeed, then kings sitting on David’s throne will enter in by the gates of this house, riding in chariots and on horses—they, their servants, and their people.	JER
Jer	22	5	But if you will not hear these words, I swear by myself,” says the LORD, “that this house will become a desolation.”’”	JER
Jer	22	6	For the LORD says concerning the house of the king of Judah: “You are Gilead to me, the head of Lebanon. Yet surely I will make you a wilderness, cities which are not inhabited.	JER
Jer	22	7	I will prepare destroyers against you, everyone with his weapons, and they will cut down your choice cedars, and cast them into the fire.	JER
Jer	22	8	“Many nations will pass by this city, and they will each ask his neighbor, ‘Why has the LORD done this to this great city?’	JER
Jer	22	9	Then they will answer, ‘Because they abandoned the covenant of the LORD their God, worshiped other gods, and served them.’”	JER
Jer	22	10	Don’t weep for the dead. Don’t bemoan him; but weep bitterly for him who goes away, for he will return no more, and not see his native country.	JER
Jer	22	11	For the LORD says touching Shallum the son of Josiah, king of Judah, who reigned instead of Josiah his father, and who went out of this place: “He won’t return there any more.	JER
Jer	22	12	But he will die in the place where they have led him captive. He will see this land no more.”	JER
Jer	22	13	“Woe to him who builds his house by unrighteousness, and his rooms by injustice; who uses his neighbor’s service without wages, and doesn’t give him his hire;	JER
Jer	22	14	who says, ‘I will build myself a wide house and spacious rooms,’ and cuts out windows for himself, with a cedar ceiling, and painted with red.	JER
Jer	22	15	“Should you reign because you strive to excel in cedar? Didn’t your father eat and drink, and do justice and righteousness? Then it was well with him.	JER
Jer	22	16	He judged the cause of the poor and needy; so then it was well. Wasn’t this to know me?” says the LORD.	JER
Jer	22	17	But your eyes and your heart are only for your covetousness, for shedding innocent blood, for oppression, and for doing violence.”	JER
Jer	22	18	Therefore the LORD says concerning Jehoiakim the son of Josiah, king of Judah: “They won’t lament for him, saying, ‘Ah my brother!’ or, ‘Ah sister!’ They won’t lament for him, saying ‘Ah lord!’ or, ‘Ah his glory!’	JER
Jer	22	19	He will be buried with the burial of a donkey, drawn and cast out beyond the gates of Jerusalem.”	JER
Jer	22	20	“Go up to Lebanon, and cry out. Lift up your voice in Bashan, and cry from Abarim; for all your lovers have been destroyed.	JER
Jer	22	21	I spoke to you in your prosperity, but you said, ‘I will not listen.’ This has been your way from your youth, that you didn’t obey my voice.	JER
Jer	22	22	The wind will feed all your shepherds, and your lovers will go into captivity. Surely then you will be ashamed and confounded for all your wickedness.	JER
Jer	22	23	Inhabitant of Lebanon, who makes your nest in the cedars, how greatly to be pitied you will be when pangs come on you, the pain as of a woman in travail!	JER
Jer	22	24	“As I live,” says the LORD, “though Coniah the son of Jehoiakim king of Judah were the signet on my right hand, I would still pluck you from there.	JER
Jer	22	25	I would give you into the hand of those who seek your life, and into the hand of them of whom you are afraid, even into the hand of Nebuchadnezzar king of Babylon, and into the hand of the Chaldeans.	JER
Jer	22	26	I will cast you out with your mother who bore you into another country, where you were not born; and there you will die.	JER
Jer	22	27	But to the land to which their soul longs to return, there they will not return.”	JER
Jer	22	28	Is this man Coniah a despised broken vessel? Is he a vessel in which no one delights? Why are they cast out, he and his offspring, and cast into a land which they don’t know?	JER
Jer	22	29	O earth, earth, earth, hear the LORD’s word!	JER
Jer	22	30	The LORD says, “Record this man as childless, a man who will not prosper in his days; for no more will a man of his offspring prosper, sitting on David’s throne and ruling in Judah.”	JER
Jer	23	1	“Woe to the shepherds who destroy and scatter the sheep of my pasture!” says the LORD.	JER
Jer	23	2	Therefore the LORD, the God of Israel, says against the shepherds who feed my people: “You have scattered my flock, driven them away, and have not visited them. Behold, I will visit on you the evil of your doings,” says the LORD.	JER
Jer	23	3	“I will gather the remnant of my flock out of all the countries where I have driven them, and will bring them again to their folds; and they will be fruitful and multiply.	JER
Jer	23	4	I will set up shepherds over them who will feed them. They will no longer be afraid or dismayed, neither will any be lacking,” says the LORD.	JER
Jer	23	5	“Behold, the days come,” says the LORD, “that I will raise to David a righteous Branch; and he will reign as king and deal wisely, and will execute justice and righteousness in the land.	JER
Jer	23	6	In his days Judah will be saved, and Israel will dwell safely. This is his name by which he will be called: The LORD our righteousness.	JER
Jer	23	7	“Therefore, behold, the days come,” says the LORD, “that they will no more say, ‘As the LORD lives, who brought up the children of Israel out of the land of Egypt;’	JER
Jer	23	8	but, ‘As the LORD lives, who brought up and who led the offspring of the house of Israel out of the north country, and from all the countries where I had driven them.’ Then they will dwell in their own land.”	JER
Jer	23	9	Concerning the prophets: My heart within me is broken. All my bones shake. I am like a drunken man, and like a man whom wine has overcome, because of the LORD, and because of his holy words.	JER
Jer	23	10	“For the land is full of adulterers; for because of the curse the land mourns. The pastures of the wilderness have dried up. Their course is evil, and their might is not right;	JER
Jer	23	11	for both prophet and priest are profane. Yes, in my house I have found their wickedness,” says the LORD.	JER
Jer	23	12	Therefore their way will be to them as slippery places in the darkness. They will be driven on, and fall therein; for I will bring evil on them, even the year of their visitation,” says the LORD.	JER
Jer	23	13	“I have seen folly in the prophets of Samaria. They prophesied by Baal, and caused my people Israel to err.	JER
Jer	23	14	In the prophets of Jerusalem I have also seen a horrible thing: they commit adultery and walk in lies. They strengthen the hands of evildoers, so that no one returns from his wickedness. They have all become to me as Sodom, and its inhabitants as Gomorrah.”	JER
Jer	23	15	Therefore the LORD of Armies says concerning the prophets: “Behold, I will feed them with wormwood, and make them drink poisoned water; for from the prophets of Jerusalem ungodliness has gone out into all the land.”	JER
Jer	23	16	The LORD of Armies says, “Don’t listen to the words of the prophets who prophesy to you. They teach you vanity. They speak a vision of their own heart, and not out of the mouth of the LORD.	JER
Jer	23	17	They say continually to those who despise me, ‘The LORD has said, “You will have peace;”’ and to everyone who walks in the stubbornness of his own heart they say, ‘No evil will come on you.’	JER
Jer	23	18	For who has stood in the council of the LORD, that he should perceive and hear his word? Who has listened to my word, and heard it?	JER
Jer	23	19	Behold, the LORD’s storm, his wrath, has gone out. Yes, a whirling storm! It will burst on the head of the wicked.	JER
Jer	23	20	The LORD’s anger will not return until he has executed and performed the intents of his heart. In the latter days, you will understand it perfectly.	JER
Jer	23	21	I didn’t send these prophets, yet they ran. I didn’t speak to them, yet they prophesied.	JER
Jer	23	22	But if they had stood in my council, then they would have caused my people to hear my words, and would have turned them from their evil way, and from the evil of their doings.	JER
Jer	23	23	“Am I a God at hand,” says the LORD, “and not a God afar off?	JER
Jer	23	24	Can anyone hide himself in secret places so that I can’t see him?” says the LORD. “Don’t I fill heaven and earth?” says the LORD.	JER
Jer	23	25	“I have heard what the prophets have said, who prophesy lies in my name, saying, ‘I had a dream! I had a dream!’	JER
Jer	23	26	How long will this be in the heart of the prophets who prophesy lies, even the prophets of the deceit of their own heart?	JER
Jer	23	27	They intend to cause my people to forget my name by their dreams which they each tell his neighbor, as their fathers forgot my name because of Baal.	JER
Jer	23	28	The prophet who has a dream, let him tell a dream; and he who has my word, let him speak my word faithfully. What is the straw to the wheat?” says the LORD.	JER
Jer	23	29	“Isn’t my word like fire?” says the LORD; “and like a hammer that breaks the rock in pieces?	JER
Jer	23	30	“Therefore behold, I am against the prophets,” says the LORD, “who each steal my words from his neighbor.	JER
Jer	23	31	Behold, I am against the prophets,” says the LORD, “who use their tongues, and say, ‘He says.’	JER
Jer	23	32	Behold, I am against those who prophesy lying dreams,” says the LORD, “who tell them, and cause my people to err by their lies, and by their vain boasting; yet I didn’t send them or command them. They don’t profit this people at all,” says the LORD.	JER
Jer	23	33	“When this people, or the prophet, or a priest, asks you, saying, ‘What is the message from the LORD?’ Then you shall tell them, ‘“What message? I will cast you off,” says the LORD.’	JER
Jer	23	34	As for the prophet, the priest, and the people, who say, ‘The message from the LORD,’ I will even punish that man and his household.	JER
Jer	23	35	You will say everyone to his neighbor, and everyone to his brother, ‘What has the LORD answered?’ and, ‘What has the LORD said?’	JER
Jer	23	36	You will mention the message from the LORD no more, for every man’s own word has become his message; for you have perverted the words of the living God, of the LORD of Armies, our God.	JER
Jer	23	37	You will say to the prophet, ‘What has the LORD answered you?’ and, ‘What has the LORD spoken?’	JER
Jer	23	38	Although you say, ‘The message from the LORD,’ therefore the LORD says: ‘Because you say this word, “The message from the LORD,” and I have sent to you, telling you not to say, “The message from the LORD,”	JER
Jer	23	39	therefore behold, I will utterly forget you, and I will cast you off with the city that I gave to you and to your fathers, away from my presence.	JER
Jer	23	40	I will bring an everlasting reproach on you, and a perpetual shame, which will not be forgotten.’”	JER
Jer	24	1	The LORD showed me, and behold, two baskets of figs were set before the LORD’s temple, after Nebuchadnezzar king of Babylon had carried away captive Jeconiah the son of Jehoiakim, king of Judah, and the princes of Judah, with the craftsmen and smiths, from Jerusalem, and had brought them to Babylon.	JER
Jer	24	2	One basket had very good figs, like the figs that are first-ripe; and the other basket had very bad figs, which could not be eaten, they were so bad.	JER
Jer	24	3	Then the LORD asked me, “What do you see, Jeremiah?” I said, “Figs. The good figs are very good, and the bad are very bad, so bad that they can’t be eaten.”	JER
Jer	24	4	The LORD’s word came to me, saying,	JER
Jer	24	5	“The LORD, the God of Israel says: ‘Like these good figs, so I will regard the captives of Judah, whom I have sent out of this place into the land of the Chaldeans, as good.	JER
Jer	24	6	For I will set my eyes on them for good, and I will bring them again to this land. I will build them, and not pull them down. I will plant them, and not pluck them up.	JER
Jer	24	7	I will give them a heart to know me, that I am the LORD. They will be my people, and I will be their God; for they will return to me with their whole heart.	JER
Jer	24	8	“‘As the bad figs, which can’t be eaten, they are so bad,’ surely the LORD says, ‘So I will give up Zedekiah the king of Judah, and his princes, and the remnant of Jerusalem who remain in this land, and those who dwell in the land of Egypt.	JER
Jer	24	9	I will even give them up to be tossed back and forth among all the kingdoms of the earth for evil, to be a reproach and a proverb, a taunt and a curse, in all places where I will drive them.	JER
Jer	24	10	I will send the sword, the famine, and the pestilence among them, until they are consumed from off the land that I gave to them and to their fathers.’”	JER
Jer	25	1	The word that came to Jeremiah concerning all the people of Judah, in the fourth year of Jehoiakim the son of Josiah, king of Judah (this was the first year of Nebuchadnezzar king of Babylon),	JER
Jer	25	2	which Jeremiah the prophet spoke to all the people of Judah, and to all the inhabitants of Jerusalem:	JER
Jer	25	3	From the thirteenth year of Josiah the son of Amon, king of Judah, even to this day, these twenty-three years, the LORD’s word has come to me, and I have spoken to you, rising up early and speaking; but you have not listened.	JER
Jer	25	4	The LORD has sent to you all his servants the prophets, rising up early and sending them (but you have not listened or inclined your ear to hear),	JER
Jer	25	5	saying, “Return now everyone from his evil way, and from the evil of your doings, and dwell in the land that the LORD has given to you and to your fathers, from of old and even forever more.	JER
Jer	25	6	Don’t go after other gods to serve them or worship them, and don’t provoke me to anger with the work of your hands; then I will do you no harm.”	JER
Jer	25	7	“Yet you have not listened to me,” says the LORD, “that you may provoke me to anger with the work of your hands to your own hurt.”	JER
Jer	25	8	Therefore the LORD of Armies says: “Because you have not heard my words,	JER
Jer	25	9	behold, I will send and take all the families of the north,” says the LORD, “and I will send to Nebuchadnezzar the king of Babylon, my servant, and will bring them against this land, and against its inhabitants, and against all these nations around. I will utterly destroy them, and make them an astonishment, and a hissing, and perpetual desolations.	JER
Jer	25	10	Moreover I will take from them the voice of mirth and the voice of gladness, the voice of the bridegroom and the voice of the bride, the sound of the millstones, and the light of the lamp.	JER
Jer	25	11	This whole land will be a desolation, and an astonishment; and these nations will serve the king of Babylon seventy years.	JER
Jer	25	12	“It will happen, when seventy years are accomplished, that I will punish the king of Babylon and that nation,” says the LORD, “for their iniquity. I will make the land of the Chaldeans desolate forever.	JER
Jer	25	13	I will bring on that land all my words which I have pronounced against it, even all that is written in this book, which Jeremiah has prophesied against all the nations.	JER
Jer	25	14	For many nations and great kings will make bondservants of them, even of them. I will recompense them according to their deeds, and according to the work of their hands.”	JER
Jer	25	15	For the LORD, the God of Israel, says to me: “Take this cup of the wine of wrath from my hand, and cause all the nations to whom I send you to drink it.	JER
Jer	25	16	They will drink, and reel back and forth, and be insane, because of the sword that I will send among them.”	JER
Jer	25	17	Then I took the cup at the LORD’s hand, and made all the nations to drink, to whom the LORD had sent me:	JER
Jer	25	18	Jerusalem, and the cities of Judah, with its kings and its princes, to make them a desolation, an astonishment, a hissing, and a curse, as it is today;	JER
Jer	25	19	Pharaoh king of Egypt, with his servants, his princes, and all his people;	JER
Jer	25	20	and all the mixed people, and all the kings of the land of Uz, all the kings of the Philistines, Ashkelon, Gaza, Ekron, and the remnant of Ashdod;	JER
Jer	25	21	Edom, Moab, and the children of Ammon;	JER
Jer	25	22	and all the kings of Tyre, all the kings of Sidon, and the kings of the isle which is beyond the sea;	JER
Jer	25	23	Dedan, Tema, Buz, and all who have the corners of their beard cut off;	JER
Jer	25	24	and all the kings of Arabia, all the kings of the mixed people who dwell in the wilderness;	JER
Jer	25	25	and all the kings of Zimri, all the kings of Elam, and all the kings of the Medes;	JER
Jer	25	26	and all the kings of the north, far and near, one with another; and all the kingdoms of the world, which are on the surface of the earth. The king of Sheshach will drink after them.	JER
Jer	25	27	“You shall tell them, ‘The LORD of Armies, the God of Israel says: “Drink, and be drunk, vomit, fall, and rise no more, because of the sword which I will send among you.”’	JER
Jer	25	28	It shall be, if they refuse to take the cup at your hand to drink, then you shall tell them, ‘The LORD of Armies says: “You shall surely drink.	JER
Jer	25	29	For, behold, I begin to work evil at the city which is called by my name; and should you be utterly unpunished? You will not be unpunished; for I will call for a sword on all the inhabitants of the earth, says the LORD of Armies.”’	JER
Jer	25	30	“Therefore prophesy against them all these words, and tell them, “‘The LORD will roar from on high, and utter his voice from his holy habitation. He will mightily roar against his fold. He will give a shout, as those who tread grapes, against all the inhabitants of the earth.	JER
Jer	25	31	A noise will come even to the end of the earth; for the LORD has a controversy with the nations. He will enter into judgment with all flesh. As for the wicked, he will give them to the sword,”’ says the LORD.”	JER
Jer	25	32	The LORD of Armies says, “Behold, evil will go out from nation to nation, and a great storm will be raised up from the uttermost parts of the earth.”	JER
Jer	25	33	The slain of the LORD will be at that day from one end of the earth even to the other end of the earth. They won’t be lamented. They won’t be gathered or buried. They will be dung on the surface of the ground.	JER
Jer	25	34	Wail, you shepherds, and cry. Wallow in dust, you leader of the flock; for the days of your slaughter and of your dispersions have fully come, and you will fall like fine pottery.	JER
Jer	25	35	The shepherds will have no way to flee. The leader of the flock will have no escape.	JER
Jer	25	36	A voice of the cry of the shepherds, and the wailing of the leader of the flock, for the LORD destroys their pasture.	JER
Jer	25	37	The peaceful folds are brought to silence because of the fierce anger of the LORD.	JER
Jer	25	38	He has left his covert, as the lion; for their land has become an astonishment because of the fierceness of the oppression, and because of his fierce anger.	JER
Jer	26	1	In the beginning of the reign of Jehoiakim the son of Josiah, king of Judah, this word came from the LORD:	JER
Jer	26	2	“The LORD says: ‘Stand in the court of the LORD’s house, and speak to all the cities of Judah which come to worship in the LORD’s house, all the words that I command you to speak to them. Don’t omit a word.	JER
Jer	26	3	It may be they will listen, and every man turn from his evil way, that I may relent from the evil which I intend to do to them because of the evil of their doings.’”	JER
Jer	26	4	You shall tell them, “The LORD says: ‘If you will not listen to me, to walk in my law which I have set before you,	JER
Jer	26	5	to listen to the words of my servants the prophets whom I send to you, even rising up early and sending them—but you have not listened—	JER
Jer	26	6	then I will make this house like Shiloh, and will make this city a curse to all the nations of the earth.’”	JER
Jer	26	7	The priests and the prophets and all the people heard Jeremiah speaking these words in the LORD’s house.	JER
Jer	26	8	When Jeremiah had finished speaking all that the LORD had commanded him to speak to all the people, the priests and the prophets and all the people seized him, saying, “You shall surely die!	JER
Jer	26	9	Why have you prophesied in the LORD’s name, saying, ‘This house will be like Shiloh, and this city will be desolate, without inhabitant’?” All the people were crowded around Jeremiah in the LORD’s house.	JER
Jer	26	10	When the princes of Judah heard these things, they came up from the king’s house to the LORD’s house; and they sat in the entry of the new gate of the LORD’s house.	JER
Jer	26	11	Then the priests and the prophets spoke to the princes and to all the people, saying, “This man is worthy of death, for he has prophesied against this city, as you have heard with your ears.”	JER
Jer	26	12	Then Jeremiah spoke to all the princes and to all the people, saying, “The LORD sent me to prophesy against this house and against this city all the words that you have heard.	JER
Jer	26	13	Now therefore amend your ways and your doings, and obey the LORD your God’s voice; then the LORD will relent from the evil that he has pronounced against you.	JER
Jer	26	14	But as for me, behold, I am in your hand. Do with me what is good and right in your eyes.	JER
Jer	26	15	Only know for certain that if you put me to death, you will bring innocent blood on yourselves, on this city, and on its inhabitants; for in truth the LORD has sent me to you to speak all these words in your ears.”	JER
Jer	26	16	Then the princes and all the people said to the priests and to the prophets: “This man is not worthy of death; for he has spoken to us in the name of the LORD our God.”	JER
Jer	26	17	Then certain of the elders of the land rose up, and spoke to all the assembly of the people, saying,	JER
Jer	26	18	“Micah the Morashtite prophesied in the days of Hezekiah king of Judah; and he spoke to all the people of Judah, saying, ‘The LORD of Armies says: “‘Zion will be plowed as a field, and Jerusalem will become heaps, and the mountain of the house as the high places of a forest.’	JER
Jer	26	19	Did Hezekiah king of Judah and all Judah put him to death? Didn’t he fear the LORD, and entreat the favor of the LORD, and the LORD relented of the disaster which he had pronounced against them? We would commit great evil against our own souls that way!”	JER
Jer	26	20	There was also a man who prophesied in the LORD’s name, Uriah the son of Shemaiah of Kiriath Jearim; and he prophesied against this city and against this land according to all the words of Jeremiah.	JER
Jer	26	21	When Jehoiakim the king, with all his mighty men and all the princes heard his words, the king sought to put him to death; but when Uriah heard it, he was afraid, and fled, and went into Egypt.	JER
Jer	26	22	Then Jehoiakim the king sent Elnathan the son of Achbor and certain men with him into Egypt.	JER
Jer	26	23	They fetched Uriah out of Egypt and brought him to Jehoiakim the king, who killed him with the sword and cast his dead body into the graves of the common people.	JER
Jer	26	24	But the hand of Ahikam the son of Shaphan was with Jeremiah, so that they didn’t give him into the hand of the people to put him to death.	JER
Jer	27	1	In the beginning of the reign of Jehoiakim the son of Josiah, king of Judah, this word came to Jeremiah from the LORD, saying,	JER
Jer	27	2	the LORD says to me: “Make bonds and bars, and put them on your neck.	JER
Jer	27	3	Then send them to the king of Edom, to the king of Moab, to the king of the children of Ammon, to the king of Tyre, and to the king of Sidon, by the hand of the messengers who come to Jerusalem to Zedekiah king of Judah.	JER
Jer	27	4	Give them a command to their masters, saying, ‘The LORD of Armies, the God of Israel says, “You shall tell your masters:	JER
Jer	27	5	‘I have made the earth, the men, and the animals that are on the surface of the earth by my great power and by my outstretched arm. I give it to whom it seems right to me.	JER
Jer	27	6	Now I have given all these lands into the hand of Nebuchadnezzar the king of Babylon, my servant. I have also given the animals of the field to him to serve him.	JER
Jer	27	7	All the nations will serve him, his son, and his son’s son, until the time of his own land comes. Then many nations and great kings will make him their bondservant.	JER
Jer	27	8	“‘“‘It will happen that I will punish the nation and the kingdom which will not serve the same Nebuchadnezzar king of Babylon, and that will not put their neck under the yoke of the king of Babylon,’ says the LORD, ‘with the sword, with famine, and with pestilence, until I have consumed them by his hand.	JER
Jer	27	9	But as for you, don’t listen to your prophets, to your diviners, to your dreams, to your soothsayers, or to your sorcerers, who speak to you, saying, “You shall not serve the king of Babylon;”	JER
Jer	27	10	for they prophesy a lie to you, to remove you far from your land, so that I would drive you out, and you would perish.	JER
Jer	27	11	But the nation that brings their neck under the yoke of the king of Babylon and serves him, that nation I will let remain in their own land,’ says the LORD; ‘and they will till it and dwell in it.’”’”	JER
Jer	27	12	I spoke to Zedekiah king of Judah according to all these words, saying, “Bring your necks under the yoke of the king of Babylon, and serve him and his people, and live.	JER
Jer	27	13	Why will you die, you and your people, by the sword, by the famine, and by the pestilence, as the LORD has spoken concerning the nation that will not serve the king of Babylon?	JER
Jer	27	14	Don’t listen to the words of the prophets who speak to you, saying, ‘You shall not serve the king of Babylon;’ for they prophesy a lie to you.	JER
Jer	27	15	For I have not sent them,” says the LORD, “but they prophesy falsely in my name; that I may drive you out, and that you may perish, you, and the prophets who prophesy to you.”	JER
Jer	27	16	Also I spoke to the priests and to all this people, saying, the LORD says, “Don’t listen to the words of your prophets who prophesy to you, saying, ‘Behold, the vessels of the LORD’s house will now shortly be brought again from Babylon;’ for they prophesy a lie to you.	JER
Jer	27	17	Don’t listen to them. Serve the king of Babylon, and live. Why should this city become a desolation?	JER
Jer	27	18	But if they are prophets, and if the LORD’s word is with them, let them now make intercession to the LORD of Armies, that the vessels which are left in the LORD’s house, in the house of the king of Judah, and at Jerusalem, don’t go to Babylon.	JER
Jer	27	19	For the LORD of Armies says concerning the pillars, concerning the sea, concerning the bases, and concerning the rest of the vessels that are left in this city,	JER
Jer	27	20	which Nebuchadnezzar king of Babylon didn’t take when he carried away captive Jeconiah the son of Jehoiakim, king of Judah, from Jerusalem to Babylon, and all the nobles of Judah and Jerusalem—	JER
Jer	27	21	yes, the LORD of Armies, the God of Israel, says concerning the vessels that are left in the LORD’s house, and in the house of the king of Judah, and at Jerusalem:	JER
Jer	27	22	‘They will be carried to Babylon, and there they will be, until the day that I visit them,’ says the LORD; ‘then I will bring them up, and restore them to this place.’”	JER
Jer	28	1	That same year, in the beginning of the reign of Zedekiah king of Judah, in the fourth year, in the fifth month, Hananiah the son of Azzur, the prophet, who was of Gibeon, spoke to me in the LORD’s house, in the presence of the priests and of all the people, saying,	JER
Jer	28	2	“The LORD of Armies, the God of Israel, says, ‘I have broken the yoke of the king of Babylon.	JER
Jer	28	3	Within two full years I will bring again into this place all the vessels of the LORD’s house that Nebuchadnezzar king of Babylon took away from this place and carried to Babylon.	JER
Jer	28	4	I will bring again to this place Jeconiah the son of Jehoiakim, king of Judah, with all the captives of Judah, who went to Babylon,’ says the LORD; ‘for I will break the yoke of the king of Babylon.’”	JER
Jer	28	5	Then the prophet Jeremiah said to the prophet Hananiah in the presence of the priests, and in the presence of all the people who stood in the LORD’s house,	JER
Jer	28	6	even the prophet Jeremiah said, “Amen! May the LORD do so. May the LORD perform your words which you have prophesied, to bring again the vessels of the LORD’s house, and all those who are captives, from Babylon to this place.	JER
Jer	28	7	Nevertheless listen now to this word that I speak in your ears, and in the ears of all the people:	JER
Jer	28	8	The prophets who have been before me and before you of old prophesied against many countries, and against great kingdoms, of war, of evil, and of pestilence.	JER
Jer	28	9	As for the prophet who prophesies of peace, when the word of the prophet happens, then the prophet will be known, that the LORD has truly sent him.”	JER
Jer	28	10	Then Hananiah the prophet took the bar from off the prophet Jeremiah’s neck, and broke it.	JER
Jer	28	11	Hananiah spoke in the presence of all the people, saying, “The LORD says: ‘Even so I will break the yoke of Nebuchadnezzar king of Babylon from off the neck of all the nations within two full years.’” Then the prophet Jeremiah went his way.	JER
Jer	28	12	Then the LORD’s word came to Jeremiah, after Hananiah the prophet had broken the bar from off the neck of the prophet Jeremiah, saying,	JER
Jer	28	13	“Go, and tell Hananiah, saying, ‘The LORD says, “You have broken the bars of wood, but you have made in their place bars of iron.”	JER
Jer	28	14	For the LORD of Armies, the God of Israel says, “I have put a yoke of iron on the neck of all these nations, that they may serve Nebuchadnezzar king of Babylon; and they will serve him. I have also given him the animals of the field.”’”	JER
Jer	28	15	Then the prophet Jeremiah said to Hananiah the prophet, “Listen, Hananiah! The LORD has not sent you, but you make this people trust in a lie.	JER
Jer	28	16	Therefore the LORD says, ‘Behold, I will send you away from off the surface of the earth. This year you will die, because you have spoken rebellion against the LORD.’”	JER
Jer	28	17	So Hananiah the prophet died the same year in the seventh month.	JER
Jer	29	1	Now these are the words of the letter that Jeremiah the prophet sent from Jerusalem to the residue of the elders of the captivity, and to the priests, to the prophets, and to all the people whom Nebuchadnezzar had carried away captive from Jerusalem to Babylon,	JER
Jer	29	2	(after Jeconiah the king, the queen mother, the eunuchs, the princes of Judah and Jerusalem, the craftsmen, and the smiths had departed from Jerusalem),	JER
Jer	29	3	by the hand of Elasah the son of Shaphan and Gemariah the son of Hilkiah, (whom Zedekiah king of Judah sent to Babylon to Nebuchadnezzar king of Babylon). It said:	JER
Jer	29	4	The LORD of Armies, the God of Israel, says to all the captives whom I have caused to be carried away captive from Jerusalem to Babylon:	JER
Jer	29	5	“Build houses and dwell in them. Plant gardens and eat their fruit.	JER
Jer	29	6	Take wives and father sons and daughters. Take wives for your sons, and give your daughters to husbands, that they may bear sons and daughters. Multiply there, and don’t be diminished.	JER
Jer	29	7	Seek the peace of the city where I have caused you to be carried away captive, and pray to the LORD for it; for in its peace you will have peace.”	JER
Jer	29	8	For the LORD of Armies, the God of Israel says: “Don’t let your prophets who are among you and your diviners deceive you. Don’t listen to your dreams which you cause to be dreamed.	JER
Jer	29	9	For they prophesy falsely to you in my name. I have not sent them,” says the LORD.	JER
Jer	29	10	For the LORD says, “After seventy years are accomplished for Babylon, I will visit you and perform my good word toward you, in causing you to return to this place.	JER
Jer	29	11	For I know the thoughts that I think toward you,” says the LORD, “thoughts of peace, and not of evil, to give you hope and a future.	JER
Jer	29	12	You shall call on me, and you shall go and pray to me, and I will listen to you.	JER
Jer	29	13	You shall seek me and find me, when you search for me with all your heart.	JER
Jer	29	14	I will be found by you,” says the LORD, “and I will turn again your captivity, and I will gather you from all the nations, and from all the places where I have driven you,” says the LORD. “I will bring you again to the place from where I caused you to be carried away captive.”	JER
Jer	29	15	Because you have said, “The LORD has raised us up prophets in Babylon,”	JER
Jer	29	16	the LORD says concerning the king who sits on David’s throne, and concerning all the people who dwell in this city, your brothers who haven’t gone with you into captivity,	JER
Jer	29	17	the LORD of Armies says: “Behold, I will send on them the sword, the famine, and the pestilence, and will make them like rotten figs that can’t be eaten, they are so bad.	JER
Jer	29	18	I will pursue after them with the sword, with the famine, and with the pestilence, and will deliver them to be tossed back and forth among all the kingdoms of the earth, to be an object of horror, an astonishment, a hissing, and a reproach among all the nations where I have driven them,	JER
Jer	29	19	because they have not listened to my words,” says the LORD, “with which I sent to them my servants the prophets, rising up early and sending them; but you would not hear,” says the LORD.	JER
Jer	29	20	Hear therefore the LORD’s word, all you captives whom I have sent away from Jerusalem to Babylon.	JER
Jer	29	21	The LORD of Armies, the God of Israel, says concerning Ahab the son of Kolaiah, and concerning Zedekiah the son of Maaseiah, who prophesy a lie to you in my name: “Behold, I will deliver them into the hand of Nebuchadnezzar king of Babylon; and he will kill them before your eyes.	JER
Jer	29	22	A curse will be taken up about them by all the captives of Judah who are in Babylon, saying, ‘The LORD make you like Zedekiah and like Ahab, whom the king of Babylon roasted in the fire;’	JER
Jer	29	23	because they have done foolish things in Israel, and have committed adultery with their neighbors’ wives, and have spoken words in my name falsely, which I didn’t command them. I am he who knows, and am witness,” says the LORD.	JER
Jer	29	24	Concerning Shemaiah the Nehelamite you shall speak, saying,	JER
Jer	29	25	“The LORD of Armies, the God of Israel, says, ‘Because you have sent letters in your own name to all the people who are at Jerusalem, and to Zephaniah the son of Maaseiah, the priest, and to all the priests, saying,	JER
Jer	29	26	“The LORD has made you priest in the place of Jehoiada the priest, that there may be officers in the LORD’s house, for every man who is crazy and makes himself a prophet, that you should put him in the stocks and in shackles.	JER
Jer	29	27	Now therefore, why have you not rebuked Jeremiah of Anathoth, who makes himself a prophet to you,	JER
Jer	29	28	because he has sent to us in Babylon, saying, The captivity is long. Build houses, and dwell in them. Plant gardens, and eat their fruit?”’”	JER
Jer	29	29	Zephaniah the priest read this letter in the hearing of Jeremiah the prophet.	JER
Jer	29	30	Then the LORD’s word came to Jeremiah, saying,	JER
Jer	29	31	“Send to all of the captives, saying, ‘The LORD says concerning Shemaiah the Nehelamite: “Because Shemaiah has prophesied to you, and I didn’t send him, and he has caused you to trust in a lie,”	JER
Jer	29	32	therefore the LORD says, “Behold, I will punish Shemaiah the Nehelamite and his offspring. He will not have a man to dwell among this people. He won’t see the good that I will do to my people,” says the LORD, “because he has spoken rebellion against the LORD.”’”	JER
Jer	30	1	The word that came to Jeremiah from the LORD, saying,	JER
Jer	30	2	“The LORD, the God of Israel, says, ‘Write all the words that I have spoken to you in a book.	JER
Jer	30	3	For, behold, the days come,’ says the LORD, ‘that I will reverse the captivity of my people Israel and Judah,’ says the LORD. ‘I will cause them to return to the land that I gave to their fathers, and they will possess it.’”	JER
Jer	30	4	These are the words that the LORD spoke concerning Israel and concerning Judah.	JER
Jer	30	5	For the LORD says: “We have heard a voice of trembling; a voice of fear, and not of peace.	JER
Jer	30	6	Ask now, and see whether a man travails with child. Why do I see every man with his hands on his waist, as a woman in travail, and all faces are turned pale?	JER
Jer	30	7	Alas, for that day is great, so that none is like it! It is even the time of Jacob’s trouble; but he will be saved out of it.	JER
Jer	30	8	It will come to pass in that day, says the LORD of Armies, that I will break his yoke from off your neck, and will burst your bonds. Strangers will no more make them their bondservants;	JER
Jer	30	9	but they will serve the LORD their God, and David their king, whom I will raise up to them.	JER
Jer	30	10	Therefore don’t be afraid, O Jacob my servant, says the LORD. Don’t be dismayed, Israel. For, behold, I will save you from afar, and save your offspring from the land of their captivity. Jacob will return, and will be quiet and at ease. No one will make him afraid.	JER
Jer	30	11	For I am with you, says the LORD, to save you; for I will make a full end of all the nations where I have scattered you, but I will not make a full end of you; but I will correct you in measure, and will in no way leave you unpunished.”	JER
Jer	30	12	For the LORD says, “Your hurt is incurable. Your wound is grievous.	JER
Jer	30	13	There is no one to plead your cause, that you may be bound up. You have no healing medicines.	JER
Jer	30	14	All your lovers have forgotten you. They don’t seek you. For I have wounded you with the wound of an enemy, with the chastisement of a cruel one, for the greatness of your iniquity, because your sins were increased.	JER
Jer	30	15	Why do you cry over your injury? Your pain is incurable. For the greatness of your iniquity, because your sins have increased, I have done these things to you.	JER
Jer	30	16	Therefore all those who devour you will be devoured. All your adversaries, everyone of them, will go into captivity. Those who plunder you will be plunder. I will make all who prey on you become prey.	JER
Jer	30	17	For I will restore health to you, and I will heal you of your wounds,” says the LORD, “because they have called you an outcast, saying, ‘It is Zion, whom no man seeks after.’”	JER
Jer	30	18	The LORD says: “Behold, I will reverse the captivity of Jacob’s tents, and have compassion on his dwelling places. The city will be built on its own hill, and the palace will be inhabited in its own place.	JER
Jer	30	19	Thanksgiving will proceed out of them with the voice of those who make merry. I will multiply them, and they will not be few; I will also glorify them, and they will not be small.	JER
Jer	30	20	Their children also will be as before, and their congregation will be established before me. I will punish all who oppress them.	JER
Jer	30	21	Their prince will be one of them, and their ruler will proceed from among them. I will cause him to draw near, and he will approach me; for who is he who has had boldness to approach me?” says the LORD.	JER
Jer	30	22	“You shall be my people, and I will be your God.	JER
Jer	30	23	Behold, the LORD’s storm, his wrath, has gone out, a sweeping storm; it will burst on the head of the wicked.	JER
Jer	30	24	The fierce anger of the LORD will not return until he has accomplished, and until he has performed the intentions of his heart. In the latter days you will understand it.”	JER
Jer	31	1	“At that time,” says the LORD, “I will be the God of all the families of Israel, and they will be my people.”	JER
Jer	31	2	The LORD says, “The people who survive the sword found favor in the wilderness; even Israel, when I went to cause him to rest.”	JER
Jer	31	3	The LORD appeared of old to me, saying, “Yes, I have loved you with an everlasting love. Therefore I have drawn you with loving kindness.	JER
Jer	31	4	I will build you again, and you will be built, O virgin of Israel. You will again be adorned with your tambourines, and will go out in the dances of those who make merry.	JER
Jer	31	5	Again you will plant vineyards on the mountains of Samaria. The planters will plant, and will enjoy its fruit.	JER
Jer	31	6	For there will be a day that the watchmen on the hills of Ephraim cry, ‘Arise! Let’s go up to Zion to the LORD our God.’”	JER
Jer	31	7	For the LORD says, “Sing with gladness for Jacob, and shout for the chief of the nations. Publish, praise, and say, ‘LORD, save your people, the remnant of Israel!’	JER
Jer	31	8	Behold, I will bring them from the north country, and gather them from the uttermost parts of the earth, along with the blind and the lame, the woman with child and her who travails with child together. They will return as a great company.	JER
Jer	31	9	They will come with weeping. I will lead them with petitions. I will cause them to walk by rivers of waters, in a straight way in which they won’t stumble; for I am a father to Israel. Ephraim is my firstborn.	JER
Jer	31	10	“Hear the LORD’s word, you nations, and declare it in the distant islands. Say, ‘He who scattered Israel will gather him, and keep him, as a shepherd does his flock.’	JER
Jer	31	11	For the LORD has ransomed Jacob, and redeemed him from the hand of him who was stronger than he.	JER
Jer	31	12	They will come and sing in the height of Zion, and will flow to the goodness of the LORD, to the grain, to the new wine, to the oil, and to the young of the flock and of the herd. Their soul will be as a watered garden. They will not sorrow any more at all.	JER
Jer	31	13	Then the virgin will rejoice in the dance, the young men and the old together; for I will turn their mourning into joy, and will comfort them, and make them rejoice from their sorrow.	JER
Jer	31	14	I will satiate the soul of the priests with fatness, and my people will be satisfied with my goodness,” says the LORD.	JER
Jer	31	15	The LORD says: “A voice is heard in Ramah, lamentation and bitter weeping, Rachel weeping for her children. She refuses to be comforted for her children, because they are no more.”	JER
Jer	31	16	The LORD says: “Refrain your voice from weeping, and your eyes from tears, for your work will be rewarded,” says the LORD. “They will come again from the land of the enemy.	JER
Jer	31	17	There is hope for your latter end,” says the LORD. “Your children will come again to their own territory.	JER
Jer	31	18	“I have surely heard Ephraim grieving thus, ‘You have chastised me, and I was chastised, as an untrained calf. Turn me, and I will be turned, for you are the LORD my God.	JER
Jer	31	19	Surely after that I was turned. I repented. After that I was instructed. I struck my thigh. I was ashamed, yes, even confounded, because I bore the reproach of my youth.’	JER
Jer	31	20	Is Ephraim my dear son? Is he a darling child? For as often as I speak against him, I still earnestly remember him. Therefore my heart yearns for him. I will surely have mercy on him,” says the LORD.	JER
Jer	31	21	“Set up road signs. Make guideposts. Set your heart toward the highway, even the way by which you went. Turn again, virgin of Israel. Turn again to these your cities.	JER
Jer	31	22	How long will you go here and there, you backsliding daughter? For the LORD has created a new thing on the earth: a woman will encompass a man.”	JER
Jer	31	23	The LORD of Armies, the God of Israel, says: “Yet again they will use this speech in the land of Judah and in its cities, when I reverse their captivity: ‘The LORD bless you, habitation of righteousness, mountain of holiness.’	JER
Jer	31	24	Judah and all its cities will dwell therein together, the farmers, and those who go about with flocks.	JER
Jer	31	25	For I have satiated the weary soul, and I have replenished every sorrowful soul.”	JER
Jer	31	26	On this I awakened, and saw; and my sleep was sweet to me.	JER
Jer	31	27	“Behold, the days come,” says the LORD, “that I will sow the house of Israel and the house of Judah with the seed of man and with the seed of animal.	JER
Jer	31	28	It will happen that, like as I have watched over them to pluck up and to break down and to overthrow and to destroy and to afflict, so I will watch over them to build and to plant,” says the LORD.	JER
Jer	31	29	“In those days they will say no more, “‘The fathers have eaten sour grapes, and the children’s teeth are set on edge.’	JER
Jer	31	30	But everyone will die for his own iniquity. Every man who eats the sour grapes, his teeth will be set on edge.	JER
Jer	31	31	“Behold, the days come,” says the LORD, “that I will make a new covenant with the house of Israel, and with the house of Judah,	JER
Jer	31	32	not according to the covenant that I made with their fathers in the day that I took them by the hand to bring them out of the land of Egypt, which covenant of mine they broke, although I was a husband to them,” says the LORD.	JER
Jer	31	33	“But this is the covenant that I will make with the house of Israel after those days,” says the LORD: “I will put my law in their inward parts, and I will write it in their heart. I will be their God, and they shall be my people.	JER
Jer	31	34	They will no longer each teach his neighbor, and every man teach his brother, saying, ‘Know the LORD;’ for they will all know me, from their least to their greatest,” says the LORD, “for I will forgive their iniquity, and I will remember their sin no more.”	JER
Jer	31	35	The LORD, who gives the sun for a light by day, and the ordinances of the moon and of the stars for a light by night, who stirs up the sea, so that its waves roar— the LORD of Armies is his name, says:	JER
Jer	31	36	“If these ordinances depart from before me,” says the LORD, “then the offspring of Israel also will cease from being a nation before me forever.”	JER
Jer	31	37	The LORD says: “If heaven above can be measured, and the foundations of the earth searched out beneath, then I will also cast off all the offspring of Israel for all that they have done,” says the LORD.	JER
Jer	31	38	“Behold, the days come,” says the LORD, “that the city will be built to the LORD from the tower of Hananel to the gate of the corner.	JER
Jer	31	39	The measuring line will go out further straight onward to the hill Gareb, and will turn toward Goah.	JER
Jer	31	40	The whole valley of the dead bodies and of the ashes, and all the fields to the brook Kidron, to the corner of the horse gate toward the east, will be holy to the LORD. It will not be plucked up or thrown down any more forever.”	JER
Jer	32	1	This is the word that came to Jeremiah from the LORD in the tenth year of Zedekiah king of Judah, which was the eighteenth year of Nebuchadnezzar.	JER
Jer	32	2	Now at that time the king of Babylon’s army was besieging Jerusalem. Jeremiah the prophet was shut up in the court of the guard, which was in the king of Judah’s house.	JER
Jer	32	3	For Zedekiah king of Judah had shut him up, saying, “Why do you prophesy, and say, ‘The LORD says, “Behold, I will give this city into the hand of the king of Babylon, and he will take it;	JER
Jer	32	4	and Zedekiah king of Judah won’t escape out of the hand of the Chaldeans, but will surely be delivered into the hand of the king of Babylon, and will speak with him mouth to mouth, and his eyes will see his eyes;	JER
Jer	32	5	and he will bring Zedekiah to Babylon, and he will be there until I visit him,” says the LORD, “though you fight with the Chaldeans, you will not prosper”’?”	JER
Jer	32	6	Jeremiah said, “The LORD’s word came to me, saying,	JER
Jer	32	7	‘Behold, Hanamel the son of Shallum your uncle will come to you, saying, “Buy my field that is in Anathoth; for the right of redemption is yours to buy it.”’”	JER
Jer	32	8	“So Hanamel my uncle’s son came to me in the court of the guard according to the LORD’s word, and said to me, ‘Please buy my field that is in Anathoth, which is in the land of Benjamin; for the right of inheritance is yours, and the redemption is yours. Buy it for yourself.’ “Then I knew that this was the LORD’s word.	JER
Jer	32	9	I bought the field that was in Anathoth of Hanamel my uncle’s son, and weighed him the money, even seventeen shekels of silver.	JER
Jer	32	10	I signed the deed, sealed it, called witnesses, and weighed the money in the balances to him.	JER
Jer	32	11	So I took the deed of the purchase, both that which was sealed, containing the terms and conditions, and that which was open;	JER
Jer	32	12	and I delivered the deed of the purchase to Baruch the son of Neriah, the son of Mahseiah, in the presence of Hanamel my uncle’s son, and in the presence of the witnesses who signed the deed of the purchase, before all the Jews who sat in the court of the guard.	JER
Jer	32	13	“I commanded Baruch before them, saying,	JER
Jer	32	14	the LORD of Armies, the God of Israel, says: ‘Take these deeds, this deed of the purchase which is sealed, and this deed which is open, and put them in an earthen vessel, that they may last many days.’	JER
Jer	32	15	For the LORD of Armies, the God of Israel says: ‘Houses and fields and vineyards will yet again be bought in this land.’	JER
Jer	32	16	Now after I had delivered the deed of the purchase to Baruch the son of Neriah, I prayed to the LORD, saying,	JER
Jer	32	17	“Ah Lord GOD! Behold, you have made the heavens and the earth by your great power and by your outstretched arm. There is nothing too hard for you.	JER
Jer	32	18	You show loving kindness to thousands, and repay the iniquity of the fathers into the bosom of their children after them. The great, the mighty God, the LORD of Armies is your name:	JER
Jer	32	19	great in counsel, and mighty in work; whose eyes are open to all the ways of the children of men, to give everyone according to his ways, and according to the fruit of his doings;	JER
Jer	32	20	who performed signs and wonders in the land of Egypt, even to this day, both in Israel and among other men; and made yourself a name, as it is today;	JER
Jer	32	21	and brought your people Israel out of the land of Egypt with signs, with wonders, with a strong hand, with an outstretched arm, and with great terror;	JER
Jer	32	22	and gave them this land, which you swore to their fathers to give them, a land flowing with milk and honey.	JER
Jer	32	23	They came in and possessed it, but they didn’t obey your voice and didn’t walk in your law. They have done nothing of all that you commanded them to do. Therefore you have caused all this evil to come upon them.	JER
Jer	32	24	“Behold, siege ramps have been built against the city to take it. The city is given into the hand of the Chaldeans who fight against it, because of the sword, of the famine, and of the pestilence. What you have spoken has happened. Behold, you see it.	JER
Jer	32	25	You have said to me, Lord GOD, ‘Buy the field for money, and call witnesses;’ whereas the city is given into the hand of the Chaldeans.”	JER
Jer	32	26	Then the LORD’s word came to Jeremiah, saying,	JER
Jer	32	27	“Behold, I am the LORD, the God of all flesh. Is there anything too hard for me?	JER
Jer	32	28	Therefore the LORD says: Behold, I will give this city into the hand of the Chaldeans, and into the hand of Nebuchadnezzar king of Babylon, and he will take it.	JER
Jer	32	29	The Chaldeans, who fight against this city, will come and set this city on fire, and burn it with the houses on whose roofs they have offered incense to Baal, and poured out drink offerings to other gods, to provoke me to anger.	JER
Jer	32	30	“For the children of Israel and the children of Judah have done only that which was evil in my sight from their youth; for the children of Israel have only provoked me to anger with the work of their hands, says the LORD.	JER
Jer	32	31	For this city has been to me a provocation of my anger and of my wrath from the day that they built it even to this day, so that I should remove it from before my face,	JER
Jer	32	32	because of all the evil of the children of Israel and of the children of Judah, which they have done to provoke me to anger—they, their kings, their princes, their priests, their prophets, the men of Judah, and the inhabitants of Jerusalem.	JER
Jer	32	33	They have turned their backs to me, and not their faces. Although I taught them, rising up early and teaching them, yet they have not listened to receive instruction.	JER
Jer	32	34	But they set their abominations in the house which is called by my name, to defile it.	JER
Jer	32	35	They built the high places of Baal, which are in the valley of the son of Hinnom, to cause their sons and their daughters to pass through fire to Molech, which I didn’t command them. It didn’t even come into my mind, that they should do this abomination, to cause Judah to sin.”	JER
Jer	32	36	Now therefore the LORD, the God of Israel, says concerning this city, about which you say, “It is given into the hand of the king of Babylon by the sword, by the famine, and by the pestilence:”	JER
Jer	32	37	“Behold, I will gather them out of all the countries where I have driven them in my anger, and in my wrath, and in great indignation; and I will bring them again to this place. I will cause them to dwell safely.	JER
Jer	32	38	Then they will be my people, and I will be their God.	JER
Jer	32	39	I will give them one heart and one way, that they may fear me forever, for their good and the good of their children after them.	JER
Jer	32	40	I will make an everlasting covenant with them, that I will not turn away from following them, to do them good. I will put my fear in their hearts, that they may not depart from me.	JER
Jer	32	41	Yes, I will rejoice over them to do them good, and I will plant them in this land assuredly with my whole heart and with my whole soul.”	JER
Jer	32	42	For the LORD says: “Just as I have brought all this great evil on this people, so I will bring on them all the good that I have promised them.	JER
Jer	32	43	Fields will be bought in this land, about which you say, ‘It is desolate, without man or animal. It is given into the hand of the Chaldeans.’	JER
Jer	32	44	Men will buy fields for money, sign the deeds, seal them, and call witnesses, in the land of Benjamin, and in the places around Jerusalem, in the cities of Judah, in the cities of the hill country, in the cities of the lowland, and in the cities of the South; for I will cause their captivity to be reversed,” says the LORD.	JER
Jer	33	1	Moreover the LORD’s word came to Jeremiah the second time, while he was still locked up in the court of the guard, saying,	JER
Jer	33	2	“The LORD who does it, the LORD who forms it to establish it—the LORD is his name, says:	JER
Jer	33	3	‘Call to me, and I will answer you, and will show you great and difficult things, which you don’t know.’	JER
Jer	33	4	For the LORD, the God of Israel, says concerning the houses of this city and concerning the houses of the kings of Judah, which are broken down to make a defense against the mounds and against the sword:	JER
Jer	33	5	‘While men come to fight with the Chaldeans, and to fill them with the dead bodies of men, whom I have killed in my anger and in my wrath, and for all whose wickedness I have hidden my face from this city,	JER
Jer	33	6	behold, I will bring it health and healing, and I will cure them; and I will reveal to them abundance of peace and truth.	JER
Jer	33	7	I will restore the fortunes of Judah and Israel, and will build them as at the first.	JER
Jer	33	8	I will cleanse them from all their iniquity by which they have sinned against me. I will pardon all their iniquities by which they have sinned against me and by which they have transgressed against me.	JER
Jer	33	9	This city will be to me for a name of joy, for praise, and for glory, before all the nations of the earth, which will hear all the good that I do to them, and will fear and tremble for all the good and for all the peace that I provide to it.’”	JER
Jer	33	10	The LORD says: “Yet again there will be heard in this place, about which you say, ‘It is waste, without man and without animal, even in the cities of Judah, and in the streets of Jerusalem, that are desolate, without man and without inhabitant and without animal,’	JER
Jer	33	11	the voice of joy and the voice of gladness, the voice of the bridegroom and the voice of the bride, the voice of those who say, ‘Give thanks to the LORD of Armies, for the LORD is good, for his loving kindness endures forever;’ who bring thanksgiving into the LORD’s house. For I will cause the captivity of the land to be reversed as at the first,” says the LORD.	JER
Jer	33	12	The LORD of Armies says: “Yet again there will be in this place, which is waste, without man and without animal, and in all its cities, a habitation of shepherds causing their flocks to lie down.	JER
Jer	33	13	In the cities of the hill country, in the cities of the lowland, in the cities of the South, in the land of Benjamin, in the places around Jerusalem, and in the cities of Judah, the flocks will again pass under the hands of him who counts them,” says the LORD.	JER
Jer	33	14	“Behold, the days come,” says the LORD, “that I will perform that good word which I have spoken concerning the house of Israel and concerning the house of Judah.	JER
Jer	33	15	“In those days and at that time, I will cause a Branch of righteousness to grow up to David. He will execute justice and righteousness in the land.	JER
Jer	33	16	In those days Judah will be saved, and Jerusalem will dwell safely. This is the name by which she will be called: The LORD our righteousness.”	JER
Jer	33	17	For the LORD says: “David will never lack a man to sit on the throne of the house of Israel.	JER
Jer	33	18	The Levitical priests won’t lack a man before me to offer burnt offerings, to burn meal offerings, and to do sacrifice continually.”	JER
Jer	33	19	The LORD’s word came to Jeremiah, saying,	JER
Jer	33	20	“The LORD says: ‘If you can break my covenant of the day and my covenant of the night, so that there will not be day and night in their time,	JER
Jer	33	21	then my covenant could also be broken with David my servant, that he won’t have a son to reign on his throne; and with the Levitical priests, my ministers.	JER
Jer	33	22	As the army of the sky can’t be counted, and the sand of the sea can’t be measured, so I will multiply the offspring of David my servant and the Levites who minister to me.’”	JER
Jer	33	23	The LORD’s word came to Jeremiah, saying,	JER
Jer	33	24	“Don’t consider what this people has spoken, saying, ‘Has the LORD cast off the two families which he chose?’ Thus they despise my people, that they should be no more a nation before them.”	JER
Jer	33	25	The LORD says: “If my covenant of day and night fails, if I have not appointed the ordinances of heaven and earth,	JER
Jer	33	26	then I will also cast away the offspring of Jacob, and of David my servant, so that I will not take of his offspring to be rulers over the offspring of Abraham, Isaac, and Jacob; for I will cause their captivity to be reversed and will have mercy on them.”	JER
Jer	34	1	The word which came to Jeremiah from the LORD, when Nebuchadnezzar king of Babylon, with all his army, all the kingdoms of the earth that were under his dominion, and all the peoples, were fighting against Jerusalem and against all its cities, saying:	JER
Jer	34	2	“The LORD, the God of Israel, says, ‘Go, and speak to Zedekiah king of Judah, and tell him, the LORD says, “Behold, I will give this city into the hand of the king of Babylon and he will burn it with fire.	JER
Jer	34	3	You won’t escape out of his hand, but will surely be taken and delivered into his hand. Your eyes will see the eyes of the king of Babylon, and he will speak with you mouth to mouth. You will go to Babylon.”’	JER
Jer	34	4	“Yet hear the LORD’s word, O Zedekiah king of Judah. The LORD says concerning you, ‘You won’t die by the sword.	JER
Jer	34	5	You will die in peace; and with the burnings of your fathers, the former kings who were before you, so they will make a burning for you. They will lament you, saying, “Ah Lord!” for I have spoken the word,’ says the LORD.”	JER
Jer	34	6	Then Jeremiah the prophet spoke all these words to Zedekiah king of Judah in Jerusalem,	JER
Jer	34	7	when the king of Babylon’s army was fighting against Jerusalem and against all the cities of Judah that were left, against Lachish and against Azekah; for these alone remained of the cities of Judah as fortified cities.	JER
Jer	34	8	The word came to Jeremiah from the LORD, after King Zedekiah had made a covenant with all the people who were at Jerusalem, to proclaim liberty to them,	JER
Jer	34	9	that every man should let his male servant, and every man his female servant, who is a Hebrew or a Hebrewess, go free, that no one should make bondservants of them, of a Jew his brother.	JER
Jer	34	10	All the princes and all the people obeyed who had entered into the covenant, that everyone should let his male servant and everyone his female servant go free, that no one should make bondservants of them any more. They obeyed and let them go,	JER
Jer	34	11	but afterwards they turned, and caused the servants and the handmaids whom they had let go free to return, and brought them into subjection for servants and for handmaids.	JER
Jer	34	12	Therefore the LORD’s word came to Jeremiah from the LORD, saying,	JER
Jer	34	13	“The LORD, the God of Israel, says: ‘I made a covenant with your fathers in the day that I brought them out of the land of Egypt, out of the house of bondage, saying:	JER
Jer	34	14	At the end of seven years, every man of you shall release his brother who is a Hebrew, who has been sold to you, and has served you six years. You shall let him go free from you. But your fathers didn’t listen to me, and didn’t incline their ear.	JER
Jer	34	15	You had now turned, and had done that which is right in my eyes, in every man proclaiming liberty to his neighbor. You had made a covenant before me in the house which is called by my name;	JER
Jer	34	16	but you turned and profaned my name, and every man caused his servant and every man his handmaid, whom you had let go free at their pleasure, to return. You brought them into subjection, to be to you for servants and for handmaids.’”	JER
Jer	34	17	Therefore the LORD says: “You have not listened to me, to proclaim liberty, every man to his brother, and every man to his neighbor. Behold, I proclaim to you a liberty,” says the LORD, “to the sword, to the pestilence, and to the famine. I will make you be tossed back and forth among all the kingdoms of the earth.	JER
Jer	34	18	I will give the men who have transgressed my covenant, who have not performed the words of the covenant which they made before me when they cut the calf in two and passed between its parts:	JER
Jer	34	19	the princes of Judah, the princes of Jerusalem, the eunuchs, the priests, and all the people of the land, who passed between the parts of the calf.	JER
Jer	34	20	I will even give them into the hand of their enemies and into the hand of those who seek their life. Their dead bodies will be food for the birds of the sky and for the animals of the earth.	JER
Jer	34	21	“I will give Zedekiah king of Judah and his princes into the hands of their enemies, into the hands of those who seek their life and into the hands of the king of Babylon’s army, who has gone away from you.	JER
Jer	34	22	Behold, I will command,” says the LORD, “and cause them to return to this city. They will fight against it, take it, and burn it with fire. I will make the cities of Judah a desolation, without inhabitant.”	JER
Jer	35	1	The word which came to Jeremiah from the LORD in the days of Jehoiakim the son of Josiah, king of Judah, saying,	JER
Jer	35	2	“Go to the house of the Rechabites, and speak to them, and bring them into the LORD’s house, into one of the rooms, and give them wine to drink.”	JER
Jer	35	3	Then I took Jaazaniah the son of Jeremiah, the son of Habazziniah, with his brothers, all his sons, and the whole house of the Rechabites;	JER
Jer	35	4	and I brought them into the LORD’s house, into the room of the sons of Hanan the son of Igdaliah, the man of God, which was by the room of the princes, which was above the room of Maaseiah the son of Shallum, the keeper of the threshold.	JER
Jer	35	5	I set before the sons of the house of the Rechabites bowls full of wine, and cups; and I said to them, “Drink wine!”	JER
Jer	35	6	But they said, “We will drink no wine; for Jonadab the son of Rechab, our father, commanded us, saying, ‘You shall drink no wine, neither you nor your children, forever.	JER
Jer	35	7	You shall not build a house, sow seed, plant a vineyard, or have any; but all your days you shall dwell in tents, that you may live many days in the land in which you live as nomads.’	JER
Jer	35	8	We have obeyed the voice of Jonadab the son of Rechab, our father, in all that he commanded us, to drink no wine all our days, we, our wives, our sons, or our daughters;	JER
Jer	35	9	and not to build houses for ourselves to dwell in. We have no vineyard, field, or seed;	JER
Jer	35	10	but we have lived in tents, and have obeyed, and done according to all that Jonadab our father commanded us.	JER
Jer	35	11	But when Nebuchadnezzar king of Babylon came up into the land, we said, ‘Come! Let’s go to Jerusalem for fear of the army of the Chaldeans, and for fear of the army of the Syrians; so we will dwell at Jerusalem.’”	JER
Jer	35	12	Then the LORD’s word came to Jeremiah, saying,	JER
Jer	35	13	“The LORD of Armies, the God of Israel, says: ‘Go and tell the men of Judah and the inhabitants of Jerusalem, “Will you not receive instruction to listen to my words?” says the LORD.	JER
Jer	35	14	“The words of Jonadab the son of Rechab that he commanded his sons, not to drink wine, are performed; and to this day they drink none, for they obey their father’s commandment; but I have spoken to you, rising up early and speaking, and you have not listened to me.	JER
Jer	35	15	I have sent also to you all my servants the prophets, rising up early and sending them, saying, ‘Every one of you must return now from his evil way, amend your doings, and don’t go after other gods to serve them. Then you will dwell in the land which I have given to you and to your fathers;’ but you have not inclined your ear, nor listened to me.	JER
Jer	35	16	The sons of Jonadab the son of Rechab have performed the commandment of their father which he commanded them, but this people has not listened to me.”’	JER
Jer	35	17	“Therefore the LORD, the God of Armies, the God of Israel, says: ‘Behold, I will bring on Judah and on all the inhabitants of Jerusalem all the evil that I have pronounced against them, because I have spoken to them, but they have not heard; and I have called to them, but they have not answered.’”	JER
Jer	35	18	Jeremiah said to the house of the Rechabites, “The LORD of Armies, the God of Israel, says: ‘Because you have obeyed the commandment of Jonadab your father, and kept all his precepts, and done according to all that he commanded you,’	JER
Jer	35	19	therefore the LORD of Armies, the God of Israel, says: ‘Jonadab the son of Rechab will not lack a man to stand before me forever.’”	JER
Jer	36	1	In the fourth year of Jehoiakim the son of Josiah, king of Judah, this word came to Jeremiah from the LORD, saying,	JER
Jer	36	2	“Take a scroll of a book, and write in it all the words that I have spoken to you against Israel, against Judah, and against all the nations, from the day I spoke to you, from the days of Josiah even to this day.	JER
Jer	36	3	It may be that the house of Judah will hear all the evil which I intend to do to them, that they may each return from his evil way; that I may forgive their iniquity and their sin.”	JER
Jer	36	4	Then Jeremiah called Baruch the son of Neriah; and Baruch wrote from the mouth of Jeremiah all the LORD’s words, which he had spoken to him, on a scroll of a book.	JER
Jer	36	5	Jeremiah commanded Baruch, saying, “I am restricted. I can’t go into the LORD’s house.	JER
Jer	36	6	Therefore you go, and read from the scroll which you have written from my mouth, the LORD’s words, in the ears of the people in the LORD’s house on the fast day. Also you shall read them in the ears of all Judah who come out of their cities.	JER
Jer	36	7	It may be they will present their supplication before the LORD, and will each return from his evil way; for the LORD has pronounced great anger and wrath against this people.”	JER
Jer	36	8	Baruch the son of Neriah did according to all that Jeremiah the prophet commanded him, reading in the book the LORD’s words in the LORD’s house.	JER
Jer	36	9	Now in the fifth year of Jehoiakim the son of Josiah, king of Judah, in the ninth month, all the people in Jerusalem and all the people who came from the cities of Judah to Jerusalem, proclaimed a fast before the LORD.	JER
Jer	36	10	Then Baruch read the words of Jeremiah from the book in the LORD’s house, in the room of Gemariah the son of Shaphan the scribe, in the upper court, at the entry of the new gate of the LORD’s house, in the ears of all the people.	JER
Jer	36	11	When Micaiah the son of Gemariah, the son of Shaphan, had heard out of the book all the LORD’s words,	JER
Jer	36	12	he went down into the king’s house, into the scribe’s room; and behold, all the princes were sitting there, Elishama the scribe, Delaiah the son of Shemaiah, Elnathan the son of Achbor, Gemariah the son of Shaphan, Zedekiah the son of Hananiah, and all the princes.	JER
Jer	36	13	Then Micaiah declared to them all the words that he had heard, when Baruch read the book in the ears of the people.	JER
Jer	36	14	Therefore all the princes sent Jehudi the son of Nethaniah, the son of Shelemiah, the son of Cushi, to Baruch, saying, “Take in your hand the scroll in which you have read in the ears of the people, and come.” So Baruch the son of Neriah took the scroll in his hand, and came to them.	JER
Jer	36	15	They said to him, “Sit down now, and read it in our hearing.” So Baruch read it in their hearing.	JER
Jer	36	16	Now when they had heard all the words, they turned in fear one toward another, and said to Baruch, “We will surely tell the king of all these words.”	JER
Jer	36	17	They asked Baruch, saying, “Tell us now, how did you write all these words at his mouth?”	JER
Jer	36	18	Then Baruch answered them, “He dictated all these words to me with his mouth, and I wrote them with ink in the book.”	JER
Jer	36	19	Then the princes said to Baruch, “You and Jeremiah go hide. Don’t let anyone know where you are.”	JER
Jer	36	20	They went in to the king into the court, but they had laid up the scroll in the room of Elishama the scribe. Then they told all the words in the hearing of the king.	JER
Jer	36	21	So the king sent Jehudi to get the scroll, and he took it out of the room of Elishama the scribe. Jehudi read it in the hearing of the king, and in the hearing of all the princes who stood beside the king.	JER
Jer	36	22	Now the king was sitting in the winter house in the ninth month, and there was a fire in the brazier burning before him.	JER
Jer	36	23	When Jehudi had read three or four columns, the king cut it with the penknife, and cast it into the fire that was in the brazier, until all the scroll was consumed in the fire that was in the brazier.	JER
Jer	36	24	The king and his servants who heard all these words were not afraid, and didn’t tear their garments.	JER
Jer	36	25	Moreover Elnathan and Delaiah and Gemariah had made intercession to the king that he would not burn the scroll; but he would not listen to them.	JER
Jer	36	26	The king commanded Jerahmeel the king’s son, and Seraiah the son of Azriel, and Shelemiah the son of Abdeel, to arrest Baruch the scribe and Jeremiah the prophet; but the LORD hid them.	JER
Jer	36	27	Then the LORD’s word came to Jeremiah, after the king had burned the scroll, and the words which Baruch wrote at the mouth of Jeremiah, saying,	JER
Jer	36	28	“Take again another scroll, and write in it all the former words that were in the first scroll, which Jehoiakim the king of Judah has burned.	JER
Jer	36	29	Concerning Jehoiakim king of Judah you shall say, ‘The LORD says: “You have burned this scroll, saying, ‘Why have you written therein, saying, “The king of Babylon will certainly come and destroy this land, and will cause to cease from there man and animal”?’”	JER
Jer	36	30	Therefore the LORD says concerning Jehoiakim king of Judah: “He will have no one to sit on David’s throne. His dead body will be cast out in the day to the heat, and in the night to the frost.	JER
Jer	36	31	I will punish him, his offspring, and his servants for their iniquity. I will bring on them, on the inhabitants of Jerusalem, and on the men of Judah, all the evil that I have pronounced against them, but they didn’t listen.”’”	JER
Jer	36	32	Then Jeremiah took another scroll, and gave it to Baruch the scribe, the son of Neriah, who wrote therein from the mouth of Jeremiah all the words of the book which Jehoiakim king of Judah had burned in the fire; and many similar words were added to them.	JER
Jer	37	1	Zedekiah the son of Josiah reigned as king instead of Coniah the son of Jehoiakim, whom Nebuchadnezzar king of Babylon made king in the land of Judah.	JER
Jer	37	2	But neither he, nor his servants, nor the people of the land, listened to the LORD’s words, which he spoke by the prophet Jeremiah.	JER
Jer	37	3	Zedekiah the king sent Jehucal the son of Shelemiah and Zephaniah the son of Maaseiah, the priest, to the prophet Jeremiah, saying, “Pray now to the LORD our God for us.”	JER
Jer	37	4	Now Jeremiah came in and went out among the people, for they had not put him into prison.	JER
Jer	37	5	Pharaoh’s army had come out of Egypt; and when the Chaldeans who were besieging Jerusalem heard news of them, they withdrew from Jerusalem.	JER
Jer	37	6	Then the LORD’s word came to the prophet Jeremiah, saying,	JER
Jer	37	7	“The LORD, the God of Israel, says, ‘You shall tell the king of Judah, who sent you to me to inquire of me: “Behold, Pharaoh’s army, which has come out to help you, will return to Egypt into their own land.	JER
Jer	37	8	The Chaldeans will come again, and fight against this city. They will take it and burn it with fire.”’	JER
Jer	37	9	“The LORD says, ‘Don’t deceive yourselves, saying, “The Chaldeans will surely depart from us;” for they will not depart.	JER
Jer	37	10	For though you had struck the whole army of the Chaldeans who fight against you, and only wounded men remained among them, they would each rise up in his tent and burn this city with fire.’”	JER
Jer	37	11	When the army of the Chaldeans had withdrawn from Jerusalem for fear of Pharaoh’s army,	JER
Jer	37	12	then Jeremiah went out of Jerusalem to go into the land of Benjamin, to receive his portion there, in the middle of the people.	JER
Jer	37	13	When he was in Benjamin’s gate, a captain of the guard was there, whose name was Irijah, the son of Shelemiah, the son of Hananiah; and he seized Jeremiah the prophet, saying, “You are defecting to the Chaldeans!”	JER
Jer	37	14	Then Jeremiah said, “That is false! I am not defecting to the Chaldeans.” But he didn’t listen to him; so Irijah seized Jeremiah, and brought him to the princes.	JER
Jer	37	15	The princes were angry with Jeremiah, and struck him, and put him in prison in the house of Jonathan the scribe; for they had made that the prison.	JER
Jer	37	16	When Jeremiah had come into the dungeon house and into the cells, and Jeremiah had remained there many days,	JER
Jer	37	17	then Zedekiah the king sent and had him brought out. The king asked him secretly in his house, “Is there any word from the LORD?” Jeremiah said, “There is.” He also said, “You will be delivered into the hand of the king of Babylon.”	JER
Jer	37	18	Moreover Jeremiah said to King Zedekiah, “How have I sinned against you, against your servants, or against this people, that you have put me in prison?	JER
Jer	37	19	Now where are your prophets who prophesied to you, saying, ‘The king of Babylon will not come against you, nor against this land’?	JER
Jer	37	20	Now please hear, my lord the king: please let my supplication be presented before you, that you not cause me to return to the house of Jonathan the scribe, lest I die there.”	JER
Jer	37	21	Then Zedekiah the king commanded, and they committed Jeremiah into the court of the guard. They gave him daily a loaf of bread out of the bakers’ street, until all the bread in the city was gone. Thus Jeremiah remained in the court of the guard.	JER
Jer	38	1	Shephatiah the son of Mattan, Gedaliah the son of Pashhur, Jucal the son of Shelemiah, and Pashhur the son of Malchijah heard the words that Jeremiah spoke to all the people, saying,	JER
Jer	38	2	“The LORD says, ‘He who remains in this city will die by the sword, by the famine, and by the pestilence, but he who goes out to the Chaldeans will live. He will escape with his life and he will live.’	JER
Jer	38	3	The LORD says, ‘This city will surely be given into the hand of the army of the king of Babylon, and he will take it.’”	JER
Jer	38	4	Then the princes said to the king, “Please let this man be put to death, because he weakens the hands of the men of war who remain in this city, and the hands of all the people, in speaking such words to them; for this man doesn’t seek the welfare of this people, but harm.”	JER
Jer	38	5	Zedekiah the king said, “Behold, he is in your hand; for the king can’t do anything to oppose you.”	JER
Jer	38	6	Then they took Jeremiah and threw him into the dungeon of Malchijah the king’s son, that was in the court of the guard. They let down Jeremiah with cords. In the dungeon there was no water, but mire; and Jeremiah sank in the mire.	JER
Jer	38	7	Now when Ebedmelech the Ethiopian, a eunuch, who was in the king’s house, heard that they had put Jeremiah in the dungeon (the king was then sitting in Benjamin’s gate),	JER
Jer	38	8	Ebedmelech went out of the king’s house, and spoke to the king, saying,	JER
Jer	38	9	“My lord the king, these men have done evil in all that they have done to Jeremiah the prophet, whom they have cast into the dungeon. He is likely to die in the place where he is, because of the famine; for there is no more bread in the city.”	JER
Jer	38	10	Then the king commanded Ebedmelech the Ethiopian, saying, “Take from here thirty men with you, and take up Jeremiah the prophet out of the dungeon, before he dies.”	JER
Jer	38	11	So Ebedmelech took the men with him, and went into the house of the king under the treasury, and took from there rags and worn-out garments, and let them down by cords into the dungeon to Jeremiah.	JER
Jer	38	12	Ebedmelech the Ethiopian said to Jeremiah, “Now put these rags and worn-out garments under your armpits under the cords.” Jeremiah did so.	JER
Jer	38	13	So they lifted Jeremiah up with the cords, and took him up out of the dungeon; and Jeremiah remained in the court of the guard.	JER
Jer	38	14	Then Zedekiah the king sent and took Jeremiah the prophet to himself into the third entry that is in the LORD’s house. Then the king said to Jeremiah, “I will ask you something. Hide nothing from me.”	JER
Jer	38	15	Then Jeremiah said to Zedekiah, “If I declare it to you, will you not surely put me to death? If I give you counsel, you will not listen to me.”	JER
Jer	38	16	So Zedekiah the king swore secretly to Jeremiah, saying, “As the LORD lives, who made our souls, I will not put you to death, neither will I give you into the hand of these men who seek your life.”	JER
Jer	38	17	Then Jeremiah said to Zedekiah, “The LORD, the God of Armies, the God of Israel, says: ‘If you will go out to the king of Babylon’s princes, then your soul will live, and this city will not be burned with fire. You will live, along with your house.	JER
Jer	38	18	But if you will not go out to the king of Babylon’s princes, then this city will be given into the hand of the Chaldeans, and they will burn it with fire, and you won’t escape out of their hand.’”	JER
Jer	38	19	Zedekiah the king said to Jeremiah, “I am afraid of the Jews who have defected to the Chaldeans, lest they deliver me into their hand, and they mock me.”	JER
Jer	38	20	But Jeremiah said, “They won’t deliver you. Obey, I beg you, the LORD’s voice, in that which I speak to you; so it will be well with you, and your soul will live.	JER
Jer	38	21	But if you refuse to go out, this is the word that the LORD has shown me:	JER
Jer	38	22	‘Behold, all the women who are left in the king of Judah’s house will be brought out to the king of Babylon’s princes, and those women will say, “Your familiar friends have turned on you, and have prevailed over you. Your feet are sunk in the mire, they have turned away from you.”	JER
Jer	38	23	They will bring out all your wives and your children to the Chaldeans. You won’t escape out of their hand, but will be taken by the hand of the king of Babylon. You will cause this city to be burned with fire.’”	JER
Jer	38	24	Then Zedekiah said to Jeremiah, “Let no man know of these words, and you won’t die.	JER
Jer	38	25	But if the princes hear that I have talked with you, and they come to you, and tell you, ‘Declare to us now what you have said to the king; don’t hide it from us, and we will not put you to death; also tell us what the king said to you;’	JER
Jer	38	26	then you shall tell them, ‘I presented my supplication before the king, that he would not cause me to return to Jonathan’s house, to die there.’”	JER
Jer	38	27	Then all the princes came to Jeremiah, and asked him; and he told them according to all these words that the king had commanded. So they stopped speaking with him, for the matter was not perceived.	JER
Jer	38	28	So Jeremiah stayed in the court of the guard until the day that Jerusalem was taken.	JER
Jer	39	1	In the ninth year of Zedekiah king of Judah, in the tenth month, Nebuchadnezzar king of Babylon and all his army came against Jerusalem, and besieged it.	JER
Jer	39	2	In the eleventh year of Zedekiah, in the fourth month, the ninth day of the month, a breach was made in the city.	JER
Jer	39	3	All the princes of the king of Babylon came in, and sat in the middle gate: Nergal Sharezer, Samgarnebo, Sarsechim the Rabsaris, Nergal Sharezer the Rabmag, with all the rest of the princes of the king of Babylon.	JER
Jer	39	4	When Zedekiah the king of Judah and all the men of war saw them, then they fled and went out of the city by night, by the way of the king’s garden, through the gate between the two walls; and he went out toward the Arabah.	JER
Jer	39	5	But the army of the Chaldeans pursued them, and overtook Zedekiah in the plains of Jericho. When they had taken him, they brought him up to Nebuchadnezzar king of Babylon to Riblah in the land of Hamath; and he pronounced judgment on him.	JER
Jer	39	6	Then the king of Babylon killed Zedekiah’s sons in Riblah before his eyes. The king of Babylon also killed all the nobles of Judah.	JER
Jer	39	7	Moreover he put out Zedekiah’s eyes and bound him in fetters, to carry him to Babylon.	JER
Jer	39	8	The Chaldeans burned the king’s house and the people’s houses with fire and broke down the walls of Jerusalem.	JER
Jer	39	9	Then Nebuzaradan the captain of the guard carried away captive into Babylon the rest of the people who remained in the city, the deserters also who fell away to him, and the rest of the people who remained.	JER
Jer	39	10	But Nebuzaradan the captain of the guard left of the poor of the people, who had nothing, in the land of Judah, and gave them vineyards and fields at the same time.	JER
Jer	39	11	Now Nebuchadnezzar king of Babylon commanded Nebuzaradan the captain of the guard concerning Jeremiah, saying,	JER
Jer	39	12	“Take him and take care of him. Do him no harm; but do to him even as he tells you.”	JER
Jer	39	13	So Nebuzaradan the captain of the guard, Nebushazban, Rabsaris, and Nergal Sharezer, Rabmag, and all the chief officers of the king of Babylon	JER
Jer	39	14	sent and took Jeremiah out of the court of the guard, and committed him to Gedaliah the son of Ahikam, the son of Shaphan, that he should bring him home. So he lived among the people.	JER
Jer	39	15	Now the LORD’s word came to Jeremiah while he was shut up in the court of the guard, saying,	JER
Jer	39	16	“Go, and speak to Ebedmelech the Ethiopian, saying, ‘The LORD of Armies, the God of Israel, says: “Behold, I will bring my words on this city for evil, and not for good; and they will be accomplished before you in that day.	JER
Jer	39	17	But I will deliver you in that day,” says the LORD; “and you will not be given into the hand of the men of whom you are afraid.	JER
Jer	39	18	For I will surely save you. You won’t fall by the sword, but you will escape with your life, because you have put your trust in me,” says the LORD.’”	JER
Jer	40	1	The word which came to Jeremiah from the LORD, after Nebuzaradan the captain of the guard had let him go from Ramah, when he had taken him being bound in chains among all the captives of Jerusalem and Judah who were carried away captive to Babylon.	JER
Jer	40	2	The captain of the guard took Jeremiah and said to him, “The LORD your God pronounced this evil on this place;	JER
Jer	40	3	and the LORD has brought it, and done according as he spoke. Because you have sinned against the LORD, and have not obeyed his voice, therefore this thing has come on you.	JER
Jer	40	4	Now, behold, I release you today from the chains which are on your hand. If it seems good to you to come with me into Babylon, come, and I will take care of you; but if it seems bad to you to come with me into Babylon, don’t. Behold, all the land is before you. Where it seems good and right to you to go, go there.”	JER
Jer	40	5	Now while he had not yet gone back, “Go back then,” he said, “to Gedaliah the son of Ahikam, the son of Shaphan, whom the king of Babylon has made governor over the cities of Judah, and dwell with him among the people; or go wherever it seems right to you to go.” So the captain of the guard gave him food and a present, and let him go.	JER
Jer	40	6	Then Jeremiah went to Gedaliah the son of Ahikam to Mizpah, and lived with him among the people who were left in the land.	JER
Jer	40	7	Now when all the captains of the forces who were in the fields, even they and their men, heard that the king of Babylon had made Gedaliah the son of Ahikam governor in the land, and had committed to him men, women, children, and of the poorest of the land, of those who were not carried away captive to Babylon,	JER
Jer	40	8	then Ishmael the son of Nethaniah, and Johanan and Jonathan the sons of Kareah, and Seraiah the son of Tanhumeth, and the sons of Ephai the Netophathite, and Jezaniah the son of the Maacathite, they and their men came to Gedaliah to Mizpah.	JER
Jer	40	9	Gedaliah the son of Ahikam the son of Shaphan swore to them and to their men, saying, “Don’t be afraid to serve the Chaldeans. Dwell in the land, and serve the king of Babylon, and it will be well with you.	JER
Jer	40	10	As for me, behold, I will dwell at Mizpah, to stand before the Chaldeans who will come to us; but you, gather wine and summer fruits and oil, and put them in your vessels, and dwell in your cities that you have taken.”	JER
Jer	40	11	Likewise when all the Jews who were in Moab, and among the children of Ammon, and in Edom, and who were in all the countries, heard that the king of Babylon had left a remnant of Judah, and that he had set over them Gedaliah the son of Ahikam, the son of Shaphan,	JER
Jer	40	12	then all the Jews returned out of all places where they were driven, and came to the land of Judah, to Gedaliah, to Mizpah, and gathered very much wine and summer fruits.	JER
Jer	40	13	Moreover Johanan the son of Kareah, and all the captains of the forces who were in the fields, came to Gedaliah to Mizpah,	JER
Jer	40	14	and said to him, “Do you know that Baalis the king of the children of Ammon has sent Ishmael the son of Nethaniah to take your life?” But Gedaliah the son of Ahikam didn’t believe them.	JER
Jer	40	15	Then Johanan the son of Kareah spoke to Gedaliah in Mizpah secretly, saying, “Please let me go, and I will kill Ishmael the son of Nethaniah, and no man will know it. Why should he take your life, that all the Jews who are gathered to you should be scattered, and the remnant of Judah perish?”	JER
Jer	40	16	But Gedaliah the son of Ahikam said to Johanan the son of Kareah, “You shall not do this thing, for you speak falsely of Ishmael.”	JER
Jer	41	1	Now in the seventh month, Ishmael the son of Nethaniah, the son of Elishama, of the royal offspring and one of the chief officers of the king, and ten men with him, came to Gedaliah the son of Ahikam to Mizpah; and there they ate bread together in Mizpah.	JER
Jer	41	2	Then Ishmael the son of Nethaniah arose, and the ten men who were with him, and struck Gedaliah the son of Ahikam the son of Shaphan with the sword and killed him, whom the king of Babylon had made governor over the land.	JER
Jer	41	3	Ishmael also killed all the Jews who were with Gedaliah at Mizpah, and the Chaldean men of war who were found there.	JER
Jer	41	4	The second day after he had killed Gedaliah, and no man knew it,	JER
Jer	41	5	men came from Shechem, from Shiloh, and from Samaria, even eighty men, having their beards shaved and their clothes torn, and having cut themselves, with meal offerings and frankincense in their hand, to bring them to the LORD’s house.	JER
Jer	41	6	Ishmael the son of Nethaniah went out from Mizpah to meet them, weeping all along as he went, and as he met them, he said to them, “Come to Gedaliah the son of Ahikam.”	JER
Jer	41	7	It was so, when they came into the middle of the city, that Ishmael the son of Nethaniah killed them, and cast them into the middle of the pit, he, and the men who were with him.	JER
Jer	41	8	But ten men were found among those who said to Ishmael, “Don’t kill us; for we have stores hidden in the field, of wheat, and of barley, and of oil, and of honey.” So he stopped, and didn’t kill them among their brothers.	JER
Jer	41	9	Now the pit in which Ishmael cast all the dead bodies of the men whom he had killed, by the side of Gedaliah (this was that which Asa the king had made for fear of Baasha king of Israel), Ishmael the son of Nethaniah filled it with those who were killed.	JER
Jer	41	10	Then Ishmael carried away captive all of the people who were left in Mizpah, even the king’s daughters, and all the people who remained in Mizpah, whom Nebuzaradan the captain of the guard had committed to Gedaliah the son of Ahikam. Ishmael the son of Nethaniah carried them away captive, and departed to go over to the children of Ammon.	JER
Jer	41	11	But when Johanan the son of Kareah, and all the captains of the forces who were with him, heard of all the evil that Ishmael the son of Nethaniah had done,	JER
Jer	41	12	then they took all the men, and went to fight with Ishmael the son of Nethaniah, and found him by the great waters that are in Gibeon.	JER
Jer	41	13	Now when all the people who were with Ishmael saw Johanan the son of Kareah, and all the captains of the forces who were with him, then they were glad.	JER
Jer	41	14	So all the people who Ishmael had carried away captive from Mizpah turned about and came back, and went to Johanan the son of Kareah.	JER
Jer	41	15	But Ishmael the son of Nethaniah escaped from Johanan with eight men, and went to the children of Ammon.	JER
Jer	41	16	Then Johanan the son of Kareah and all the captains of the forces who were with him took all the remnant of the people whom he had recovered from Ishmael the son of Nethaniah, from Mizpah, after he had killed Gedaliah the son of Ahikam—the men of war, with the women, the children, and the eunuchs, whom he had brought back from Gibeon.	JER
Jer	41	17	They departed and lived in Geruth Chimham, which is by Bethlehem, to go to enter into Egypt	JER
Jer	41	18	because of the Chaldeans; for they were afraid of them, because Ishmael the son of Nethaniah had killed Gedaliah the son of Ahikam, whom the king of Babylon made governor over the land.	JER
Jer	42	1	Then all the captains of the forces, and Johanan the son of Kareah, and Jezaniah the son of Hoshaiah, and all the people from the least even to the greatest, came near,	JER
Jer	42	2	and said to Jeremiah the prophet, “Please let our supplication be presented before you, and pray for us to the LORD your God, even for all this remnant, for we are left but a few of many, as your eyes see us,	JER
Jer	42	3	that the LORD your God may show us the way in which we should walk, and the things that we should do.”	JER
Jer	42	4	Then Jeremiah the prophet said to them, “I have heard you. Behold, I will pray to the LORD your God according to your words; and it will happen that whatever thing the LORD answers you, I will declare it to you. I will keep nothing back from you.”	JER
Jer	42	5	Then they said to Jeremiah, “May the LORD be a true and faithful witness among us, if we don’t do according to all the word with which the LORD your God sends you to tell us.	JER
Jer	42	6	Whether it is good, or whether it is bad, we will obey the voice of the LORD our God, to whom we send you; that it may be well with us, when we obey the voice of the LORD our God.”	JER
Jer	42	7	After ten days, the LORD’s word came to Jeremiah.	JER
Jer	42	8	Then he called Johanan the son of Kareah, and all the captains of the forces who were with him, and all the people from the least even to the greatest,	JER
Jer	42	9	and said to them, “The LORD, the God of Israel, to whom you sent me to present your supplication before him, says:	JER
Jer	42	10	‘If you will still live in this land, then I will build you, and not pull you down, and I will plant you, and not pluck you up; for I grieve over the distress that I have brought on you.	JER
Jer	42	11	Don’t be afraid of the king of Babylon, of whom you are afraid. Don’t be afraid of him,’ says the LORD, ‘for I am with you to save you, and to deliver you from his hand.	JER
Jer	42	12	I will grant you mercy, that he may have mercy on you, and cause you to return to your own land.	JER
Jer	42	13	“‘But if you say, “We will not dwell in this land,” so that you don’t obey the LORD your God’s voice,	JER
Jer	42	14	saying, “No, but we will go into the land of Egypt, where we will see no war, nor hear the sound of the trumpet, nor have hunger of bread; and there we will dwell;”’	JER
Jer	42	15	now therefore hear the LORD’s word, O remnant of Judah! The LORD of Armies, the God of Israel, says, ‘If you indeed set your faces to enter into Egypt, and go to live there,	JER
Jer	42	16	then it will happen that the sword, which you fear, will overtake you there in the land of Egypt; and the famine, about which you are afraid, will follow close behind you there in Egypt; and you will die there.	JER
Jer	42	17	So will it be with all the men who set their faces to go into Egypt to live there. They will die by the sword, by the famine, and by the pestilence. None of them will remain or escape from the evil that I will bring on them.’	JER
Jer	42	18	For the LORD of Armies, the God of Israel, says: ‘As my anger and my wrath has been poured out on the inhabitants of Jerusalem, so my wrath will be poured out on you, when you enter into Egypt; and you will be an object of horror, an astonishment, a curse, and a reproach; and you will see this place no more.’	JER
Jer	42	19	“The LORD has spoken concerning you, remnant of Judah, ‘Don’t go into Egypt!’ Know certainly that I have testified to you today.	JER
Jer	42	20	For you have dealt deceitfully against your own souls; for you sent me to the LORD your God, saying, ‘Pray for us to the LORD our God; and according to all that the LORD our God says, so declare to us, and we will do it.’	JER
Jer	42	21	I have declared it to you today; but you have not obeyed the LORD your God’s voice in anything for which he has sent me to you.	JER
Jer	42	22	Now therefore know certainly that you will die by the sword, by the famine, and by the pestilence in the place where you desire to go to live.”	JER
Jer	43	1	When Jeremiah had finished speaking to all the people all the words of the LORD their God, with which the LORD their God had sent him to them, even all these words,	JER
Jer	43	2	then Azariah the son of Hoshaiah, Johanan the son of Kareah, and all the proud men spoke, saying to Jeremiah, “You speak falsely. The LORD our God has not sent you to say, ‘You shall not go into Egypt to live there;’	JER
Jer	43	3	but Baruch the son of Neriah has turned you against us, to deliver us into the hand of the Chaldeans, that they may put us to death or carry us away captive to Babylon.”	JER
Jer	43	4	So Johanan the son of Kareah, and all the captains of the forces, and all the people, didn’t obey the LORD’s voice, to dwell in the land of Judah.	JER
Jer	43	5	But Johanan the son of Kareah and all the captains of the forces took all the remnant of Judah, who had returned from all the nations where they had been driven, to live in the land of Judah—	JER
Jer	43	6	the men, the women, the children, the king’s daughters, and every person who Nebuzaradan the captain of the guard had left with Gedaliah the son of Ahikam, the son of Shaphan; and Jeremiah the prophet, and Baruch the son of Neriah.	JER
Jer	43	7	They came into the land of Egypt, for they didn’t obey the LORD’s voice; and they came to Tahpanhes.	JER
Jer	43	8	Then the LORD’s word came to Jeremiah in Tahpanhes, saying,	JER
Jer	43	9	“Take great stones in your hand and hide them in mortar in the brick work which is at the entry of Pharaoh’s house in Tahpanhes, in the sight of the men of Judah.	JER
Jer	43	10	Tell them, the LORD of Armies, the God of Israel, says: ‘Behold, I will send and take Nebuchadnezzar the king of Babylon, my servant, and will set his throne on these stones that I have hidden; and he will spread his royal pavilion over them.	JER
Jer	43	11	He will come, and will strike the land of Egypt; such as are for death will be put to death, and such as are for captivity to captivity, and such as are for the sword to the sword.	JER
Jer	43	12	I will kindle a fire in the houses of the gods of Egypt. He will burn them, and carry them away captive. He will array himself with the land of Egypt, as a shepherd puts on his garment; and he will go out from there in peace.	JER
Jer	43	13	He will also break the pillars of Beth Shemesh that is in the land of Egypt; and he will burn the houses of the gods of Egypt with fire.’”	JER
Jer	44	1	The word that came to Jeremiah concerning all the Jews who lived in the land of Egypt, who lived at Migdol, and at Tahpanhes, and at Memphis, and in the country of Pathros, saying,	JER
Jer	44	2	“The LORD of Armies, the God of Israel, says: ‘You have seen all the evil that I have brought on Jerusalem, and on all the cities of Judah. Behold, today they are a desolation, and no man dwells in them,	JER
Jer	44	3	because of their wickedness which they have committed to provoke me to anger, in that they went to burn incense, to serve other gods that they didn’t know, neither they, nor you, nor your fathers.	JER
Jer	44	4	However I sent to you all my servants the prophets, rising up early and sending them, saying, “Oh, don’t do this abominable thing that I hate.”	JER
Jer	44	5	But they didn’t listen and didn’t incline their ear. They didn’t turn from their wickedness, to stop burning incense to other gods.	JER
Jer	44	6	Therefore my wrath and my anger was poured out, and was kindled in the cities of Judah and in the streets of Jerusalem; and they are wasted and desolate, as it is today.’	JER
Jer	44	7	“Therefore now the LORD, the God of Armies, the God of Israel, says: ‘Why do you commit great evil against your own souls, to cut off from yourselves man and woman, infant and nursing child out of the middle of Judah, to leave yourselves no one remaining,	JER
Jer	44	8	in that you provoke me to anger with the works of your hands, burning incense to other gods in the land of Egypt where you have gone to live, that you may be cut off, and that you may be a curse and a reproach among all the nations of the earth?	JER
Jer	44	9	Have you forgotten the wickedness of your fathers, the wickedness of the kings of Judah, the wickedness of their wives, your own wickedness, and the wickedness of your wives which they committed in the land of Judah and in the streets of Jerusalem?	JER
Jer	44	10	They are not humbled even to this day, neither have they feared, nor walked in my law, nor in my statutes, that I set before you and before your fathers.’	JER
Jer	44	11	“Therefore the LORD of Armies, the God of Israel, says: ‘Behold, I will set my face against you for evil, even to cut off all Judah.	JER
Jer	44	12	I will take the remnant of Judah that have set their faces to go into the land of Egypt to live there, and they will all be consumed. They will fall in the land of Egypt. They will be consumed by the sword and by the famine. They will die, from the least even to the greatest, by the sword and by the famine. They will be an object of horror, an astonishment, a curse, and a reproach.	JER
Jer	44	13	For I will punish those who dwell in the land of Egypt, as I have punished Jerusalem, by the sword, by the famine, and by the pestilence;	JER
Jer	44	14	so that none of the remnant of Judah, who have gone into the land of Egypt to live there, will escape or be left to return into the land of Judah, to which they have a desire to return to dwell there; for no one will return except those who will escape.’”	JER
Jer	44	15	Then all the men who knew that their wives burned incense to other gods, and all the women who stood by, a great assembly, even all the people who lived in the land of Egypt, in Pathros, answered Jeremiah, saying,	JER
Jer	44	16	“As for the word that you have spoken to us in the LORD’s name, we will not listen to you.	JER
Jer	44	17	But we will certainly perform every word that has gone out of our mouth, to burn incense to the queen of the sky and to pour out drink offerings to her, as we have done, we and our fathers, our kings and our princes, in the cities of Judah and in the streets of Jerusalem; for then we had plenty of food, and were well, and saw no evil.	JER
Jer	44	18	But since we stopped burning incense to the queen of the sky, and pouring out drink offerings to her, we have lacked all things, and have been consumed by the sword and by the famine.”	JER
Jer	44	19	The women said, “When we burned incense to the queen of the sky and poured out drink offerings to her, did we make her cakes to worship her, and pour out drink offerings to her, without our husbands?”	JER
Jer	44	20	Then Jeremiah said to all the people—to the men and to the women, even to all the people who had given him an answer, saying,	JER
Jer	44	21	“The incense that you burned in the cities of Judah, and in the streets of Jerusalem, you and your fathers, your kings and your princes, and the people of the land, didn’t the LORD remember them, and didn’t it come into his mind?	JER
Jer	44	22	Thus the LORD could no longer bear it, because of the evil of your doings and because of the abominations which you have committed. Therefore your land has become a desolation, an astonishment, and a curse, without inhabitant, as it is today.	JER
Jer	44	23	Because you have burned incense and because you have sinned against the LORD, and have not obeyed the LORD’s voice, nor walked in his law, nor in his statutes, nor in his testimonies; therefore this evil has happened to you, as it is today.”	JER
Jer	44	24	Moreover Jeremiah said to all the people, including all the women, “Hear the LORD’s word, all Judah who are in the land of Egypt!	JER
Jer	44	25	The LORD of Armies, the God of Israel, says, ‘You and your wives have both spoken with your mouths, and with your hands have fulfilled it, saying, “We will surely perform our vows that we have vowed, to burn incense to the queen of the sky, and to pour out drink offerings to her.” “‘Establish then your vows, and perform your vows.’	JER
Jer	44	26	“Therefore hear the LORD’s word, all Judah who dwell in the land of Egypt: ‘Behold, I have sworn by my great name,’ says the LORD, ‘that my name will no more be named in the mouth of any man of Judah in all the land of Egypt, saying, “As the Lord GOD lives.”	JER
Jer	44	27	Behold, I watch over them for evil, and not for good; and all the men of Judah who are in the land of Egypt will be consumed by the sword and by the famine, until they are all gone.	JER
Jer	44	28	Those who escape the sword will return out of the land of Egypt into the land of Judah few in number. All the remnant of Judah, who have gone into the land of Egypt to live there, will know whose word will stand, mine or theirs.	JER
Jer	44	29	“‘This will be the sign to you,’ says the LORD, ‘that I will punish you in this place, that you may know that my words will surely stand against you for evil.’	JER
Jer	44	30	The LORD says, ‘Behold, I will give Pharaoh Hophra king of Egypt into the hand of his enemies and into the hand of those who seek his life, just as I gave Zedekiah king of Judah into the hand of Nebuchadnezzar king of Babylon, who was his enemy and sought his life.’”	JER
Jer	45	1	The message that Jeremiah the prophet spoke to Baruch the son of Neriah, when he wrote these words in a book at the mouth of Jeremiah, in the fourth year of Jehoiakim the son of Josiah, king of Judah, saying,	JER
Jer	45	2	“The LORD, the God of Israel, says to you, Baruch:	JER
Jer	45	3	‘You said, “Woe is me now! For the LORD has added sorrow to my pain! I am weary with my groaning, and I find no rest.”’	JER
Jer	45	4	“You shall tell him, the LORD says: ‘Behold, that which I have built, I will break down, and that which I have planted I will pluck up; and this in the whole land.	JER
Jer	45	5	Do you seek great things for yourself? Don’t seek them; for, behold, I will bring evil on all flesh,’ says the LORD, ‘but I will let you escape with your life wherever you go.’”	JER
Jer	46	1	The LORD’s word which came to Jeremiah the prophet concerning the nations.	JER
Jer	46	2	Of Egypt: concerning the army of Pharaoh Necoh king of Egypt, which was by the river Euphrates in Carchemish, which Nebuchadnezzar king of Babylon struck in the fourth year of Jehoiakim the son of Josiah, king of Judah.	JER
Jer	46	3	“Prepare the buckler and shield, and draw near to battle!	JER
Jer	46	4	Harness the horses, and get up, you horsemen, and stand up with your helmets. Polish the spears, put on the coats of mail.	JER
Jer	46	5	Why have I seen it? They are dismayed and are turned backward. Their mighty ones are beaten down, have fled in haste, and don’t look back. Terror is on every side,” says the LORD.	JER
Jer	46	6	“Don’t let the swift flee away, nor the mighty man escape. In the north by the river Euphrates they have stumbled and fallen.	JER
Jer	46	7	“Who is this who rises up like the Nile, like rivers whose waters surge?	JER
Jer	46	8	Egypt rises up like the Nile, like rivers whose waters surge. He says, ‘I will rise up. I will cover the earth. I will destroy cities and its inhabitants.’	JER
Jer	46	9	Go up, you horses! Rage, you chariots! Let the mighty men go out: Cush and Put, who handle the shield; and the Ludim, who handle and bend the bow.	JER
Jer	46	10	For that day is of the Lord, GOD of Armies, a day of vengeance, that he may avenge himself of his adversaries. The sword will devour and be satiated, and will drink its fill of their blood; for the Lord, GOD of Armies, has a sacrifice in the north country by the river Euphrates.	JER
Jer	46	11	Go up into Gilead, and take balm, virgin daughter of Egypt. You use many medicines in vain. There is no healing for you.	JER
Jer	46	12	The nations have heard of your shame, and the earth is full of your cry; for the mighty man has stumbled against the mighty, they both fall together.”	JER
Jer	46	13	The word that the LORD spoke to Jeremiah the prophet, how that Nebuchadnezzar king of Babylon should come and strike the land of Egypt:	JER
Jer	46	14	“Declare in Egypt, publish in Migdol, and publish in Memphis and in Tahpanhes; say, ‘Stand up, and prepare, for the sword has devoured around you.’	JER
Jer	46	15	Why are your strong ones swept away? They didn’t stand, because the LORD pushed them.	JER
Jer	46	16	He made many to stumble. Yes, they fell on one another. They said, ‘Arise! Let’s go again to our own people, and to the land of our birth, from the oppressing sword.’	JER
Jer	46	17	They cried there, ‘Pharaoh king of Egypt is but a noise; he has let the appointed time pass by.’	JER
Jer	46	18	“As I live,” says the King, whose name is the LORD of Armies, “surely like Tabor among the mountains, and like Carmel by the sea, so he will come.	JER
Jer	46	19	You daughter who dwells in Egypt, furnish yourself to go into captivity; for Memphis will become a desolation, and will be burned up, without inhabitant.	JER
Jer	46	20	“Egypt is a very beautiful heifer; but destruction out of the north has come. It has come.	JER
Jer	46	21	Also her hired men in the middle of her are like calves of the stall, for they also are turned back. They have fled away together. They didn’t stand, for the day of their calamity has come on them, the time of their visitation.	JER
Jer	46	22	Its sound will go like the serpent, for they will march with an army, and come against her with axes, as wood cutters.	JER
Jer	46	23	They will cut down her forest,” says the LORD, “though it can’t be searched; because they are more than the locusts, and are innumerable.	JER
Jer	46	24	The daughter of Egypt will be disappointed; she will be delivered into the hand of the people of the north.”	JER
Jer	46	25	The LORD of Armies, the God of Israel, says: “Behold, I will punish Amon of No, and Pharaoh, and Egypt, with her gods and her kings, even Pharaoh, and those who trust in him.	JER
Jer	46	26	I will deliver them into the hand of those who seek their lives, and into the hand of Nebuchadnezzar king of Babylon, and into the hand of his servants. Afterwards it will be inhabited, as in the days of old,” says the LORD.	JER
Jer	46	27	“But don’t you be afraid, Jacob my servant. Don’t be dismayed, Israel; for, behold, I will save you from afar, and your offspring from the land of their captivity. Jacob will return, and will be quiet and at ease. No one will make him afraid.	JER
Jer	46	28	Don’t be afraid, O Jacob my servant,” says the LORD, “for I am with you; for I will make a full end of all the nations where I have driven you, but I will not make a full end of you, but I will correct you in measure, and will in no way leave you unpunished.”	JER
Jer	47	1	The LORD’s word that came to Jeremiah the prophet concerning the Philistines, before Pharaoh struck Gaza.	JER
Jer	47	2	The LORD says: “Behold, waters rise up out of the north, and will become an overflowing stream, and will overflow the land and all that is therein, the city and those who dwell therein. The men will cry, and all the inhabitants of the land will wail.	JER
Jer	47	3	At the noise of the stamping of the hoofs of his strong ones, at the rushing of his chariots, at the rumbling of his wheels, the fathers don’t look back for their children because their hands are so feeble,	JER
Jer	47	4	because of the day that comes to destroy all the Philistines, to cut off from Tyre and Sidon every helper who remains; for the LORD will destroy the Philistines, the remnant of the isle of Caphtor.	JER
Jer	47	5	Baldness has come on Gaza; Ashkelon is brought to nothing. You remnant of their valley, how long will you cut yourself?	JER
Jer	47	6	“‘You sword of the LORD, how long will it be before you are quiet? Put yourself back into your scabbard; rest, and be still.’	JER
Jer	47	7	“How can you be quiet, since the LORD has given you a command? Against Ashkelon, and against the seashore, there he has appointed it.”	JER
Jer	48	1	Of Moab. The LORD of Armies, the God of Israel, says: “Woe to Nebo! For it is laid waste. Kiriathaim is disappointed. It is taken. Misgab is put to shame and broken down.	JER
Jer	48	2	The praise of Moab is no more. In Heshbon they have devised evil against her: ‘Come! Let’s cut her off from being a nation.’ You also, Madmen, will be brought to silence. The sword will pursue you.	JER
Jer	48	3	The sound of a cry from Horonaim, desolation and great destruction!	JER
Jer	48	4	Moab is destroyed. Her little ones have caused a cry to be heard.	JER
Jer	48	5	For they will go up by the ascent of Luhith with continual weeping. For at the descent of Horonaim they have heard the distress of the cry of destruction.	JER
Jer	48	6	Flee! Save your lives! Be like the juniper bush in the wilderness.	JER
Jer	48	7	For, because you have trusted in your works and in your treasures, you also will be taken. Chemosh will go out into captivity, his priests and his princes together.	JER
Jer	48	8	The destroyer will come on every city, and no city will escape; the valley also will perish, and the plain will be destroyed, as the LORD has spoken.	JER
Jer	48	9	Give wings to Moab, that she may fly and get herself away: and her cities will become a desolation, without anyone to dwell in them.	JER
Jer	48	10	“Cursed is he who does the work of the LORD negligently; and cursed is he who keeps back his sword from blood.	JER
Jer	48	11	“Moab has been at ease from his youth, and he has settled on his dregs, and has not been emptied from vessel to vessel, neither has he gone into captivity; therefore his taste remains in him, and his scent is not changed.	JER
Jer	48	12	Therefore behold, the days come,” says the LORD, “that I will send to him those who pour off, and they will pour him off; and they will empty his vessels, and break their containers in pieces.	JER
Jer	48	13	Moab will be ashamed of Chemosh, as the house of Israel was ashamed of Bethel, their confidence.	JER
Jer	48	14	“How do you say, ‘We are mighty men, and valiant men for the war’?	JER
Jer	48	15	Moab is laid waste, and they have gone up into his cities, and his chosen young men have gone down to the slaughter,” says the King, whose name is the LORD of Armies.	JER
Jer	48	16	“The calamity of Moab is near to come, and his affliction hurries fast.	JER
Jer	48	17	All you who are around him, bemoan him; and all you who know his name, say, ‘How the strong staff is broken, the beautiful rod!’	JER
Jer	48	18	“You daughter who dwells in Dibon, come down from your glory, and sit in thirst; for the destroyer of Moab has come up against you. He has destroyed your strongholds.	JER
Jer	48	19	Inhabitant of Aroer, stand by the way and watch. Ask him who flees, and her who escapes; say, ‘What has been done?’	JER
Jer	48	20	Moab is disappointed; for it is broken down. Wail and cry! Tell it by the Arnon, that Moab is laid waste.	JER
Jer	48	21	Judgment has come on the plain country— on Holon, on Jahzah, on Mephaath,	JER
Jer	48	22	on Dibon, on Nebo, on Beth Diblathaim,	JER
Jer	48	23	on Kiriathaim, on Beth Gamul, on Beth Meon,	JER
Jer	48	24	on Kerioth, on Bozrah, and on all the cities of the land of Moab, far or near.	JER
Jer	48	25	The horn of Moab is cut off, and his arm is broken,” says the LORD.	JER
Jer	48	26	“Make him drunk, for he magnified himself against the LORD. Moab will wallow in his vomit, and he also will be in derision.	JER
Jer	48	27	For wasn’t Israel a derision to you? Was he found among thieves? For as often as you speak of him, you shake your head.	JER
Jer	48	28	You inhabitants of Moab, leave the cities, and dwell in the rock. Be like the dove that makes her nest over the mouth of the abyss.	JER
Jer	48	29	“We have heard of the pride of Moab. He is very proud in his loftiness, his pride, his arrogance, and the arrogance of his heart.	JER
Jer	48	30	I know his wrath,” says the LORD, “that it is nothing; his boastings have done nothing.	JER
Jer	48	31	Therefore I will wail for Moab. Yes, I will cry out for all Moab. They will mourn for the men of Kir Heres.	JER
Jer	48	32	With more than the weeping of Jazer I will weep for you, vine of Sibmah. Your branches passed over the sea. They reached even to the sea of Jazer. The destroyer has fallen on your summer fruits and on your vintage.	JER
Jer	48	33	Gladness and joy is taken away from the fruitful field and from the land of Moab. I have caused wine to cease from the wine presses. No one will tread with shouting. The shouting will be no shouting.	JER
Jer	48	34	From the cry of Heshbon even to Elealeh, even to Jahaz they have uttered their voice, from Zoar even to Horonaim, to Eglath Shelishiyah; for the waters of Nimrim will also become desolate.	JER
Jer	48	35	Moreover I will cause to cease in Moab,” says the LORD, “him who offers in the high place, and him who burns incense to his gods.	JER
Jer	48	36	Therefore my heart sounds for Moab like flutes, and my heart sounds like flutes for the men of Kir Heres. Therefore the abundance that he has gotten has perished.	JER
Jer	48	37	For every head is bald, and every beard clipped. There are cuttings on all the hands, and sackcloth on the waist.	JER
Jer	48	38	On all the housetops of Moab, and in its streets, there is lamentation everywhere; for I have broken Moab like a vessel in which no one delights,” says the LORD.	JER
Jer	48	39	“How it is broken down! How they wail! How Moab has turned the back with shame! So will Moab become a derision and a terror to all who are around him.”	JER
Jer	48	40	For the LORD says: “Behold, he will fly as an eagle, and will spread out his wings against Moab.	JER
Jer	48	41	Kerioth is taken, and the strongholds are seized. The heart of the mighty men of Moab at that day will be as the heart of a woman in her pangs.	JER
Jer	48	42	Moab will be destroyed from being a people, because he has magnified himself against the LORD.	JER
Jer	48	43	Terror, the pit, and the snare are on you, inhabitant of Moab,” says the LORD.	JER
Jer	48	44	“He who flees from the terror will fall into the pit; and he who gets up out of the pit will be taken in the snare, for I will bring on him, even on Moab, the year of their visitation,” says the LORD.	JER
Jer	48	45	“Those who fled stand without strength under the shadow of Heshbon; for a fire has gone out of Heshbon, and a flame from the middle of Sihon, and has devoured the corner of Moab, and the crown of the head of the tumultuous ones.	JER
Jer	48	46	Woe to you, O Moab! The people of Chemosh are undone; for your sons are taken away captive, and your daughters into captivity.	JER
Jer	48	47	“Yet I will reverse the captivity of Moab in the latter days,” says the LORD. Thus far is the judgment of Moab.	JER
Jer	49	1	Of the children of Ammon. The LORD says: “Has Israel no sons? Has he no heir? Why then does Malcam possess Gad, and his people dwell in its cities?	JER
Jer	49	2	Therefore behold, the days come,” says the LORD, “that I will cause an alarm of war to be heard against Rabbah of the children of Ammon, and it will become a desolate heap, and her daughters will be burned with fire; then Israel will possess those who possessed him,” says the LORD.	JER
Jer	49	3	“Wail, Heshbon, for Ai is laid waste! Cry, you daughters of Rabbah! Clothe yourself in sackcloth. Lament, and run back and forth among the fences; for Malcam will go into captivity, his priests and his princes together.	JER
Jer	49	4	Why do you boast in the valleys, your flowing valley, backsliding daughter? You trusted in her treasures, saying, ‘Who will come to me?’	JER
Jer	49	5	Behold, I will bring a terror on you,” says the Lord, GOD of Armies, “from all who are around you. All of you will be driven completely out, and there will be no one to gather together the fugitives.	JER
Jer	49	6	“But afterward I will reverse the captivity of the children of Ammon,” says the LORD.	JER
Jer	49	7	Of Edom, the LORD of Armies says: “Is wisdom no more in Teman? Has counsel perished from the prudent? Has their wisdom vanished?	JER
Jer	49	8	Flee! Turn back! Dwell in the depths, inhabitants of Dedan; for I will bring the calamity of Esau on him when I visit him.	JER
Jer	49	9	If grape gatherers came to you, would they not leave some gleaning grapes? If thieves came by night, wouldn’t they steal until they had enough?	JER
Jer	49	10	But I have made Esau bare, I have uncovered his secret places, and he will not be able to hide himself. His offspring is destroyed, with his brothers and his neighbors; and he is no more.	JER
Jer	49	11	Leave your fatherless children. I will preserve them alive. Let your widows trust in me.”	JER
Jer	49	12	For the LORD says: “Behold, they to whom it didn’t pertain to drink of the cup will certainly drink; and are you he who will altogether go unpunished? You won’t go unpunished, but you will surely drink.	JER
Jer	49	13	For I have sworn by myself,” says the LORD, “that Bozrah will become an astonishment, a reproach, a waste, and a curse. All its cities will be perpetual wastes.”	JER
Jer	49	14	I have heard news from the LORD, and an ambassador is sent among the nations, saying, “Gather yourselves together! Come against her! Rise up to the battle!”	JER
Jer	49	15	“For, behold, I have made you small among the nations, and despised among men.	JER
Jer	49	16	As for your terror, the pride of your heart has deceived you, O you who dwell in the clefts of the rock, who hold the height of the hill, though you should make your nest as high as the eagle, I will bring you down from there,” says the LORD.	JER
Jer	49	17	“Edom will become an astonishment. Everyone who passes by it will be astonished, and will hiss at all its plagues.	JER
Jer	49	18	As in the overthrow of Sodom and Gomorrah and its neighbor cities,” says the LORD, “no man will dwell there, neither will any son of man live therein.	JER
Jer	49	19	“Behold, he will come up like a lion from the pride of the Jordan against the strong habitation; for I will suddenly make them run away from it, and whoever is chosen, I will appoint him over it. For who is like me? Who will appoint me a time? Who is the shepherd who will stand before me?”	JER
Jer	49	20	Therefore hear the counsel of the LORD, that he has taken against Edom, and his purposes that he has purposed against the inhabitants of Teman: Surely they will drag them away, the little ones of the flock. Surely he will make their habitation desolate over them.	JER
Jer	49	21	The earth trembles at the noise of their fall; there is a cry, the noise which is heard in the Red Sea.	JER
Jer	49	22	Behold, he will come up and fly as the eagle, and spread out his wings against Bozrah. The heart of the mighty men of Edom at that day will be as the heart of a woman in her pangs.	JER
Jer	49	23	Of Damascus: “Hamath and Arpad are confounded, for they have heard evil news. They have melted away. There is sorrow on the sea. It can’t be quiet.	JER
Jer	49	24	Damascus has grown feeble, she turns herself to flee, and trembling has seized her. Anguish and sorrows have taken hold of her, as of a woman in travail.	JER
Jer	49	25	How is the city of praise not forsaken, the city of my joy?	JER
Jer	49	26	Therefore her young men will fall in her streets, and all the men of war will be brought to silence in that day,” says the LORD of Armies.	JER
Jer	49	27	“I will kindle a fire in the wall of Damascus, and it will devour the palaces of Ben Hadad.”	JER
Jer	49	28	Of Kedar, and of the kingdoms of Hazor, which Nebuchadnezzar king of Babylon struck, The LORD says: “Arise, go up to Kedar, and destroy the children of the east.	JER
Jer	49	29	They will take their tents and their flocks. they will carry away for themselves their curtains, all their vessels, and their camels; and they will cry to them, ‘Terror on every side!’	JER
Jer	49	30	Flee! Wander far off! Dwell in the depths, you inhabitants of Hazor,” says the LORD; “for Nebuchadnezzar king of Babylon has taken counsel against you, and has conceived a purpose against you.	JER
Jer	49	31	Arise! Go up to a nation that is at ease, that dwells without care,” says the LORD; “that has neither gates nor bars, that dwells alone.	JER
Jer	49	32	Their camels will be a booty, and the multitude of their livestock a plunder. I will scatter to all winds those who have the corners of their beards cut off; and I will bring their calamity from every side of them,” says the LORD.	JER
Jer	49	33	Hazor will be a dwelling place of jackals, a desolation forever. No man will dwell there, neither will any son of man live therein.”	JER
Jer	49	34	The LORD’s word that came to Jeremiah the prophet concerning Elam, in the beginning of the reign of Zedekiah king of Judah, saying,	JER
Jer	49	35	“The LORD of Armies says: ‘Behold, I will break the bow of Elam, the chief of their might.	JER
Jer	49	36	I will bring on Elam the four winds from the four quarters of the sky, and will scatter them toward all those winds. There will be no nation where the outcasts of Elam will not come.	JER
Jer	49	37	I will cause Elam to be dismayed before their enemies, and before those who seek their life. I will bring evil on them, even my fierce anger,’ says the LORD; ‘and I will send the sword after them, until I have consumed them.	JER
Jer	49	38	I will set my throne in Elam, and will destroy from there king and princes,’ says the LORD.	JER
Jer	49	39	‘But it will happen in the latter days that I will reverse the captivity of Elam,’ says the LORD.”	JER
Jer	50	1	The word that the LORD spoke concerning Babylon, concerning the land of the Chaldeans, by Jeremiah the prophet.	JER
Jer	50	2	“Declare among the nations and publish, and set up a standard; publish, and don’t conceal; say, ‘Babylon has been taken, Bel is disappointed, Merodach is dismayed! Her images are disappointed. Her idols are dismayed.’	JER
Jer	50	3	For a nation comes up out of the north against her, which will make her land desolate, and no one will dwell in it. They have fled. They are gone, both man and animal.	JER
Jer	50	4	“In those days, and in that time,” says the LORD, “the children of Israel will come, they and the children of Judah together; they will go on their way weeping, and will seek the LORD their God.	JER
Jer	50	5	They will inquire concerning Zion with their faces turned toward it, saying, ‘Come, and join yourselves to the LORD in an everlasting covenant that will not be forgotten.’	JER
Jer	50	6	My people have been lost sheep. Their shepherds have caused them to go astray. They have turned them away on the mountains. They have gone from mountain to hill. They have forgotten their resting place.	JER
Jer	50	7	All who found them have devoured them. Their adversaries said, ‘We are not guilty, because they have sinned against the LORD, the habitation of righteousness, even the LORD, the hope of their fathers.’	JER
Jer	50	8	“Flee out of the middle of Babylon! Go out of the land of the Chaldeans, and be as the male goats before the flocks.	JER
Jer	50	9	For, behold, I will stir up and cause to come up against Babylon a company of great nations from the north country; and they will set themselves in array against her. She will be taken from there. Their arrows will be as of an expert mighty man. None of them will return in vain.	JER
Jer	50	10	Chaldea will be a prey. All who prey on her will be satisfied,” says the LORD.	JER
Jer	50	11	“Because you are glad, because you rejoice, O you who plunder my heritage, because you are wanton as a heifer that treads out the grain, and neigh as strong horses,	JER
Jer	50	12	your mother will be utterly disappointed. She who bore you will be confounded. Behold, she will be the least of the nations, a wilderness, a dry land, and a desert.	JER
Jer	50	13	Because of the LORD’s wrath she won’t be inhabited, but she will be wholly desolate. Everyone who goes by Babylon will be astonished, and hiss at all her plagues.	JER
Jer	50	14	Set yourselves in array against Babylon all around, all you who bend the bow; shoot at her. Spare no arrows, for she has sinned against the LORD.	JER
Jer	50	15	Shout against her all around. She has submitted herself. Her bulwarks have fallen. Her walls have been thrown down, for it is the vengeance of the LORD. Take vengeance on her. As she has done, do to her.	JER
Jer	50	16	Cut off the sower from Babylon, and him who handles the sickle in the time of harvest. For fear of the oppressing sword, they will each return to their own people, and they will each flee to their own land.	JER
Jer	50	17	“Israel is a hunted sheep. The lions have driven him away. First, the king of Assyria devoured him, and now at last Nebuchadnezzar king of Babylon has broken his bones.”	JER
Jer	50	18	Therefore the LORD of Armies, the God of Israel, says: “Behold, I will punish the king of Babylon and his land, as I have punished the king of Assyria.	JER
Jer	50	19	I will bring Israel again to his pasture, and he will feed on Carmel and Bashan. His soul will be satisfied on the hills of Ephraim and in Gilead.	JER
Jer	50	20	In those days, and in that time,” says the LORD, “the iniquity of Israel will be sought for, and there will be none, also the sins of Judah, and they won’t be found; for I will pardon them whom I leave as a remnant.	JER
Jer	50	21	“Go up against the land of Merathaim, even against it, and against the inhabitants of Pekod. Kill and utterly destroy after them,” says the LORD, “and do according to all that I have commanded you.	JER
Jer	50	22	A sound of battle is in the land, and of great destruction.	JER
Jer	50	23	How the hammer of the whole earth is cut apart and broken! How Babylon has become a desolation among the nations!	JER
Jer	50	24	I have laid a snare for you, and you are also taken, Babylon, and you weren’t aware. You are found, and also caught, because you have fought against the LORD.	JER
Jer	50	25	The LORD has opened his armory, and has brought out the weapons of his indignation; for the Lord, GOD of Armies, has a work to do in the land of the Chaldeans.	JER
Jer	50	26	Come against her from the farthest border. Open her storehouses. Cast her up as heaps. Destroy her utterly. Let nothing of her be left.	JER
Jer	50	27	Kill all her bulls. Let them go down to the slaughter. Woe to them! For their day has come, the time of their visitation.	JER
Jer	50	28	Listen to those who flee and escape out of the land of Babylon, to declare in Zion the vengeance of the LORD our God, the vengeance of his temple.	JER
Jer	50	29	“Call together the archers against Babylon, all those who bend the bow. Encamp against her all around. Let none of it escape. Pay her back according to her work. According to all that she has done, do to her; for she has been proud against the LORD, against the Holy One of Israel.	JER
Jer	50	30	Therefore her young men will fall in her streets. All her men of war will be brought to silence in that day,” says the LORD.	JER
Jer	50	31	“Behold, I am against you, you proud one,” says the Lord, GOD of Armies; “for your day has come, the time that I will visit you.	JER
Jer	50	32	The proud one will stumble and fall, and no one will raise him up. I will kindle a fire in his cities, and it will devour all who are around him.”	JER
Jer	50	33	The LORD of Armies says: “The children of Israel and the children of Judah are oppressed together. All who took them captive hold them fast. They refuse to let them go.	JER
Jer	50	34	Their Redeemer is strong. The LORD of Armies is his name. He will thoroughly plead their cause, that he may give rest to the earth, and disquiet the inhabitants of Babylon.	JER
Jer	50	35	“A sword is on the Chaldeans,” says the LORD, “and on the inhabitants of Babylon, on her princes, and on her wise men.	JER
Jer	50	36	A sword is on the boasters, and they will become fools. A sword is on her mighty men, and they will be dismayed.	JER
Jer	50	37	A sword is on their horses, on their chariots, and on all the mixed people who are in the middle of her; and they will become as women. A sword is on her treasures, and they will be robbed.	JER
Jer	50	38	A drought is on her waters, and they will be dried up; for it is a land of engraved images, and they are mad over idols.	JER
Jer	50	39	Therefore the wild animals of the desert with the wolves will dwell there. The ostriches will dwell therein. It will be inhabited no more forever, neither will it be lived in from generation to generation.	JER
Jer	50	40	As when God overthrew Sodom and Gomorrah and its neighbor cities,” says the LORD, “so no man will dwell there, neither will any son of man live therein.	JER
Jer	50	41	“Behold, a people comes from the north. A great nation and many kings will be stirred up from the uttermost parts of the earth.	JER
Jer	50	42	They take up bow and spear. They are cruel, and have no mercy. Their voice roars like the sea. They ride on horses, everyone set in array, as a man to the battle, against you, daughter of Babylon.	JER
Jer	50	43	The king of Babylon has heard the news of them, and his hands become feeble. Anguish has taken hold of him, pains as of a woman in labor.	JER
Jer	50	44	Behold, the enemy will come up like a lion from the thickets of the Jordan against the strong habitation; for I will suddenly make them run away from it. Whoever is chosen, I will appoint him over it, for who is like me? Who will appoint me a time? Who is the shepherd who can stand before me?”	JER
Jer	50	45	Therefore hear the counsel of the LORD that he has taken against Babylon; and his purposes that he has purposed against the land of the Chaldeans: Surely they will drag them away, even the little ones of the flock. Surely he will make their habitation desolate over them.	JER
Jer	50	46	The earth trembles at the noise of the taking of Babylon. The cry is heard among the nations.	JER
Jer	51	1	The LORD says: “Behold, I will raise up against Babylon, and against those who dwell in Lebkamai, a destroying wind.	JER
Jer	51	2	I will send to Babylon strangers, who will winnow her. They will empty her land; for in the day of trouble they will be against her all around.	JER
Jer	51	3	Against him who bends, let the archer bend his bow, also against him who lifts himself up in his coat of mail. Don’t spare her young men! Utterly destroy all her army!	JER
Jer	51	4	They will fall down slain in the land of the Chaldeans, and thrust through in her streets.	JER
Jer	51	5	For Israel is not forsaken, nor Judah, by his God, by the LORD of Armies; though their land is full of guilt against the Holy One of Israel.	JER
Jer	51	6	“Flee out of the middle of Babylon! Everyone save his own life! Don’t be cut off in her iniquity, for it is the time of the LORD’s vengeance. He will give to her a recompense.	JER
Jer	51	7	Babylon has been a golden cup in the LORD’s hand, who made all the earth drunk. The nations have drunk of her wine; therefore the nations have gone mad.	JER
Jer	51	8	Babylon has suddenly fallen and been destroyed! Wail for her! Take balm for her pain. Perhaps she may be healed.	JER
Jer	51	9	“We would have healed Babylon, but she is not healed. Forsake her, and let’s each go into his own country; for her judgment reaches to heaven, and is lifted up even to the skies.	JER
Jer	51	10	‘The LORD has produced our righteousness. Come, and let’s declare in Zion the work of the LORD our God.’	JER
Jer	51	11	“Make the arrows sharp! Hold the shields firmly! The LORD has stirred up the spirit of the kings of the Medes, because his purpose is against Babylon, to destroy it; for it is the vengeance of the LORD, the vengeance of his temple.	JER
Jer	51	12	Set up a standard against the walls of Babylon! Make the watch strong! Set the watchmen, and prepare the ambushes; for the LORD has both purposed and done that which he spoke concerning the inhabitants of Babylon.	JER
Jer	51	13	You who dwell on many waters, abundant in treasures, your end has come, the measure of your covetousness.	JER
Jer	51	14	The LORD of Armies has sworn by himself, saying, ‘Surely I will fill you with men, as with locusts, and they will lift up a shout against you.’	JER
Jer	51	15	“He has made the earth by his power. He has established the world by his wisdom. By his understanding he has stretched out the heavens.	JER
Jer	51	16	When he utters his voice, there is a roar of waters in the heavens, and he causes the vapors to ascend from the ends of the earth. He makes lightning for the rain, and brings the wind out of his treasuries.	JER
Jer	51	17	“Every man has become stupid and without knowledge. Every goldsmith is disappointed by his image, for his molten images are falsehood, and there is no breath in them.	JER
Jer	51	18	They are vanity, a work of delusion. In the time of their visitation, they will perish.	JER
Jer	51	19	The portion of Jacob is not like these, for he formed all things, including the tribe of his inheritance. The LORD of Armies is his name.	JER
Jer	51	20	“You are my battle ax and weapons of war. With you I will break the nations into pieces. With you I will destroy kingdoms.	JER
Jer	51	21	With you I will break in pieces the horse and his rider.	JER
Jer	51	22	With you I will break in pieces the chariot and him who rides therein. With you I will break in pieces man and woman. With you I will break in pieces the old man and the youth. With you I will break in pieces the young man and the virgin.	JER
Jer	51	23	With you I will break in pieces the shepherd and his flock. With you I will break in pieces the farmer and his yoke. With you I will break in pieces governors and deputies.	JER
Jer	51	24	“I will give to Babylon and to all the inhabitants of Chaldea all their evil that they have done in Zion in your sight,” says the LORD.	JER
Jer	51	25	“Behold, I am against you, destroying mountain,” says the LORD, “which destroys all the earth. I will stretch out my hand on you, roll you down from the rocks, and will make you a burned mountain.	JER
Jer	51	26	They won’t take a cornerstone from you, nor a stone for foundations; but you will be desolate forever,” says the LORD.	JER
Jer	51	27	“Set up a standard in the land! Blow the trumpet among the nations! Prepare the nations against her! Call together against her the kingdoms of Ararat, Minni, and Ashkenaz! Appoint a marshal against her! Cause the horses to come up as the swarming locusts!	JER
Jer	51	28	Prepare against her the nations, the kings of the Medes, its governors, and all its deputies, and all the land of their dominion!	JER
Jer	51	29	The land trembles and is in pain; for the purposes of the LORD against Babylon stand, to make the land of Babylon a desolation, without inhabitant.	JER
Jer	51	30	The mighty men of Babylon have stopped fighting, they remain in their strongholds. Their might has failed. They have become as women. Her dwelling places are set on fire. Her bars are broken.	JER
Jer	51	31	One runner will run to meet another, and one messenger to meet another, to show the king of Babylon that his city is taken on every quarter.	JER
Jer	51	32	So the passages are seized. They have burned the reeds with fire. The men of war are frightened.”	JER
Jer	51	33	For the LORD of Armies, the God of Israel says: “The daughter of Babylon is like a threshing floor at the time when it is trodden. Yet a little while, and the time of harvest comes for her.”	JER
Jer	51	34	“Nebuchadnezzar the king of Babylon has devoured me. He has crushed me. He has made me an empty vessel. He has, like a monster, swallowed me up. He has filled his mouth with my delicacies. He has cast me out.	JER
Jer	51	35	May the violence done to me and to my flesh be on Babylon!” the inhabitant of Zion will say; and, “May my blood be on the inhabitants of Chaldea!” will Jerusalem say.	JER
Jer	51	36	Therefore the LORD says: “Behold, I will plead your cause, and take vengeance for you. I will dry up her sea, and make her fountain dry.	JER
Jer	51	37	Babylon will become heaps, a dwelling place for jackals, an astonishment, and a hissing, without inhabitant.	JER
Jer	51	38	They will roar together like young lions. They will growl as lions’ cubs.	JER
Jer	51	39	When they are inflamed, I will make their feast, and I will make them drunk, that they may rejoice, and sleep a perpetual sleep, and not wake up,” says the LORD.	JER
Jer	51	40	“I will bring them down like lambs to the slaughter, like rams with male goats.	JER
Jer	51	41	“How Sheshach is taken! How the praise of the whole earth is seized! How Babylon has become a desolation among the nations!	JER
Jer	51	42	The sea has come up on Babylon. She is covered with the multitude of its waves.	JER
Jer	51	43	Her cities have become a desolation, a dry land, and a desert, a land in which no man dwells. No son of man passes by it.	JER
Jer	51	44	I will execute judgment on Bel in Babylon, and I will bring out of his mouth that which he has swallowed up. The nations will not flow any more to him. Yes, the wall of Babylon will fall.	JER
Jer	51	45	“My people, go away from the middle of her, and each of you save yourselves from the LORD’s fierce anger.	JER
Jer	51	46	Don’t let your heart faint. Don’t fear for the news that will be heard in the land. For news will come one year, and after that in another year news will come, and violence in the land, ruler against ruler.	JER
Jer	51	47	Therefore behold, the days come that I will execute judgment on the engraved images of Babylon; and her whole land will be confounded. All her slain will fall in the middle of her.	JER
Jer	51	48	Then the heavens and the earth, and all that is therein, will sing for joy over Babylon; for the destroyers will come to her from the north,” says the LORD.	JER
Jer	51	49	“As Babylon has caused the slain of Israel to fall, so the slain of all the land will fall at Babylon.	JER
Jer	51	50	You who have escaped the sword, go! Don’t stand still! Remember the LORD from afar, and let Jerusalem come into your mind.”	JER
Jer	51	51	“We are confounded because we have heard reproach. Confusion has covered our faces, for strangers have come into the sanctuaries of the LORD’s house.”	JER
Jer	51	52	“Therefore behold, the days come,” says the LORD, “that I will execute judgment on her engraved images; and through all her land the wounded will groan.	JER
Jer	51	53	Though Babylon should mount up to the sky, and though she should fortify the height of her strength, yet destroyers will come to her from me,” says the LORD.	JER
Jer	51	54	“The sound of a cry comes from Babylon, and of great destruction from the land of the Chaldeans!	JER
Jer	51	55	For the LORD lays Babylon waste, and destroys out of her the great voice! Their waves roar like many waters. The noise of their voice is uttered.	JER
Jer	51	56	For the destroyer has come on her, even on Babylon. Her mighty men are taken. Their bows are broken in pieces, for the LORD is a God of retribution. He will surely repay.	JER
Jer	51	57	I will make her princes, her wise men, her governors, her deputies, and her mighty men drunk. They will sleep a perpetual sleep, and not wake up,” says the King, whose name is the LORD of Armies.	JER
Jer	51	58	The LORD of Armies says: “The wide walls of Babylon will be utterly overthrown. Her high gates will be burned with fire. The peoples will labor for vanity, and the nations for the fire; and they will be weary.”	JER
Jer	51	59	The word which Jeremiah the prophet commanded Seraiah the son of Neriah, the son of Mahseiah, when he went with Zedekiah the king of Judah to Babylon in the fourth year of his reign. Now Seraiah was chief quartermaster.	JER
Jer	51	60	Jeremiah wrote in a book all the evil that should come on Babylon, even all these words that are written concerning Babylon.	JER
Jer	51	61	Jeremiah said to Seraiah, “When you come to Babylon, then see that you read all these words,	JER
Jer	51	62	and say, ‘LORD, you have spoken concerning this place, to cut it off, that no one will dwell in it, neither man nor animal, but that it will be desolate forever.’	JER
Jer	51	63	It will be, when you have finished reading this book, that you shall bind a stone to it, and cast it into the middle of the Euphrates.	JER
Jer	51	64	Then you shall say, ‘Thus will Babylon sink, and will not rise again because of the evil that I will bring on her; and they will be weary.’” Thus far are the words of Jeremiah.	JER
Jer	52	1	Zedekiah was twenty-one years old when he began to reign. He reigned eleven years in Jerusalem. His mother’s name was Hamutal the daughter of Jeremiah of Libnah.	JER
Jer	52	2	He did that which was evil in the LORD’s sight, according to all that Jehoiakim had done.	JER
Jer	52	3	For through the LORD’s anger this happened in Jerusalem and Judah, until he had cast them out from his presence. Zedekiah rebelled against the king of Babylon.	JER
Jer	52	4	In the ninth year of his reign, in the tenth month, in the tenth day of the month, Nebuchadnezzar king of Babylon came, he and all his army, against Jerusalem, and encamped against it; and they built forts against it round about.	JER
Jer	52	5	So the city was besieged to the eleventh year of King Zedekiah.	JER
Jer	52	6	In the fourth month, in the ninth day of the month, the famine was severe in the city, so that there was no bread for the people of the land.	JER
Jer	52	7	Then a breach was made in the city, and all the men of war fled, and went out of the city by night by the way of the gate between the two walls, which was by the king’s garden. Now the Chaldeans were against the city all around. The men of war went toward the Arabah,	JER
Jer	52	8	but the army of the Chaldeans pursued the king, and overtook Zedekiah in the plains of Jericho; and all his army was scattered from him.	JER
Jer	52	9	Then they took the king, and carried him up to the king of Babylon to Riblah in the land of Hamath; and he pronounced judgment on him.	JER
Jer	52	10	The king of Babylon killed the sons of Zedekiah before his eyes. He also killed all the princes of Judah in Riblah.	JER
Jer	52	11	He put out the eyes of Zedekiah; and the king of Babylon bound him in fetters, and carried him to Babylon, and put him in prison until the day of his death.	JER
Jer	52	12	Now in the fifth month, in the tenth day of the month, which was the nineteenth year of King Nebuchadnezzar, king of Babylon, Nebuzaradan the captain of the guard, who stood before the king of Babylon, came into Jerusalem.	JER
Jer	52	13	He burned the LORD’s house, and the king’s house; and all the houses of Jerusalem, even every great house, he burned with fire.	JER
Jer	52	14	All the army of the Chaldeans, who were with the captain of the guard, broke down all the walls of Jerusalem all around.	JER
Jer	52	15	Then Nebuzaradan the captain of the guard carried away captive of the poorest of the people, and the rest of the people who were left in the city, and those who fell away, who defected to the king of Babylon, and the rest of the multitude.	JER
Jer	52	16	But Nebuzaradan the captain of the guard left of the poorest of the land to be vineyard keepers and farmers.	JER
Jer	52	17	The Chaldeans broke the pillars of bronze that were in the LORD’s house and the bases and the bronze sea that were in the LORD’s house in pieces, and carried all of their bronze to Babylon.	JER
Jer	52	18	They also took away the pots, the shovels, the snuffers, the basins, the spoons, and all the vessels of bronze with which they ministered.	JER
Jer	52	19	The captain of the guard took away the cups, the fire pans, the basins, the pots, the lamp stands, the spoons, and the bowls; that which was of gold, as gold, and that which was of silver, as silver.	JER
Jer	52	20	They took the two pillars, the one sea, and the twelve bronze bulls that were under the bases, which King Solomon had made for the LORD’s house. The bronze of all these vessels was without weight.	JER
Jer	52	21	As for the pillars, the height of the one pillar was eighteen cubits; and a line of twelve cubits encircled it; and its thickness was four fingers. It was hollow.	JER
Jer	52	22	A capital of bronze was on it; and the height of the one capital was five cubits, with network and pomegranates on the capital all around, all of bronze. The second pillar also had the same, with pomegranates.	JER
Jer	52	23	There were ninety-six pomegranates on the sides; all the pomegranates were one hundred on the network all around.	JER
Jer	52	24	The captain of the guard took Seraiah the chief priest, and Zephaniah the second priest, and the three keepers of the threshold,	JER
Jer	52	25	and out of the city he took an officer who was set over the men of war; and seven men of those who saw the king’s face, who were found in the city; and the scribe of the captain of the army, who mustered the people of the land; and sixty men of the people of the land, who were found in the middle of the city.	JER
Jer	52	26	Nebuzaradan the captain of the guard took them, and brought them to the king of Babylon to Riblah.	JER
Jer	52	27	The king of Babylon struck them, and put them to death at Riblah in the land of Hamath. So Judah was carried away captive out of his land.	JER
Jer	52	28	This is the number of the people whom Nebuchadnezzar carried away captive: in the seventh year, three thousand twenty-three Jews;	JER
Jer	52	29	in the eighteenth year of Nebuchadnezzar, he carried away captive from Jerusalem eight hundred thirty-two persons;	JER
Jer	52	30	in the twenty-third year of Nebuchadnezzar, Nebuzaradan the captain of the guard carried away captive of the Jews seven hundred forty-five people. All the people numbered four thousand six hundred.	JER
Jer	52	31	In the thirty-seventh year of the captivity of Jehoiachin king of Judah, in the twelfth month, in the twenty-fifth day of the month, Evilmerodach king of Babylon, in the first year of his reign, lifted up the head of Jehoiachin king of Judah, and released him from prison.	JER
Jer	52	32	He spoke kindly to him, and set his throne above the throne of the kings who were with him in Babylon,	JER
Jer	52	33	and changed his prison garments. Jehoiachin ate bread before him continually all the days of his life.	JER
Jer	52	34	For his allowance, there was a continual allowance given him by the king of Babylon, every day a portion until the day of his death, all the days of his life.	JER
