book	chapter	verse	text	usfm
Matt	1	1	The book of the genealogy of Jesus Christ, the son of David, the son of Abraham.	MAT
Matt	1	2	Abraham became the father of Isaac. Isaac became the father of Jacob. Jacob became the father of Judah and his brothers.	MAT
Matt	1	3	Judah became the father of Perez and Zerah by Tamar. Perez became the father of Hezron. Hezron became the father of Ram.	MAT
Matt	1	4	Ram became the father of Amminadab. Amminadab became the father of Nahshon. Nahshon became the father of Salmon.	MAT
Matt	1	5	Salmon became the father of Boaz by Rahab. Boaz became the father of Obed by Ruth. Obed became the father of Jesse.	MAT
Matt	1	6	Jesse became the father of King David. David the king became the father of Solomon by her who had been Uriah’s wife.	MAT
Matt	1	7	Solomon became the father of Rehoboam. Rehoboam became the father of Abijah. Abijah became the father of Asa.	MAT
Matt	1	8	Asa became the father of Jehoshaphat. Jehoshaphat became the father of Joram. Joram became the father of Uzziah.	MAT
Matt	1	9	Uzziah became the father of Jotham. Jotham became the father of Ahaz. Ahaz became the father of Hezekiah.	MAT
Matt	1	10	Hezekiah became the father of Manasseh. Manasseh became the father of Amon. Amon became the father of Josiah.	MAT
Matt	1	11	Josiah became the father of Jechoniah and his brothers at the time of the exile to Babylon.	MAT
Matt	1	12	After the exile to Babylon, Jechoniah became the father of Shealtiel. Shealtiel became the father of Zerubbabel.	MAT
Matt	1	13	Zerubbabel became the father of Abiud. Abiud became the father of Eliakim. Eliakim became the father of Azor.	MAT
Matt	1	14	Azor became the father of Zadok. Zadok became the father of Achim. Achim became the father of Eliud.	MAT
Matt	1	15	Eliud became the father of Eleazar. Eleazar became the father of Matthan. Matthan became the father of Jacob.	MAT
Matt	1	16	Jacob became the father of Joseph, the husband of Mary, from whom was born Jesus, who is called Christ.	MAT
Matt	1	17	So all the generations from Abraham to David are fourteen generations; from David to the exile to Babylon fourteen generations; and from the carrying away to Babylon to the Christ, fourteen generations.	MAT
Matt	1	18	Now the birth of Jesus Christ was like this: After his mother, Mary, was engaged to Joseph, before they came together, she was found pregnant by the Holy Spirit.	MAT
Matt	1	19	Joseph, her husband, being a righteous man, and not willing to make her a public example, intended to put her away secretly.	MAT
Matt	1	20	But when he thought about these things, behold, an angel of the Lord appeared to him in a dream, saying, “Joseph, son of David, don’t be afraid to take to yourself Mary as your wife, for that which is conceived in her is of the Holy Spirit.	MAT
Matt	1	21	She shall give birth to a son. You shall name him Jesus, for it is he who shall save his people from their sins.”	MAT
Matt	1	22	Now all this has happened that it might be fulfilled which was spoken by the Lord through the prophet, saying,	MAT
Matt	1	23	“Behold, the virgin shall be with child, and shall give birth to a son. They shall call his name Immanuel,” which is, being interpreted, “God with us.”	MAT
Matt	1	24	Joseph arose from his sleep, and did as the angel of the Lord commanded him, and took his wife to himself;	MAT
Matt	1	25	and didn’t know her sexually until she had given birth to her firstborn son. He named him Jesus.	MAT
Matt	2	1	Now when Jesus was born in Bethlehem of Judea in the days of King Herod, behold, wise men from the east came to Jerusalem, saying,	MAT
Matt	2	2	“Where is he who is born King of the Jews? For we saw his star in the east, and have come to worship him.”	MAT
Matt	2	3	When King Herod heard it, he was troubled, and all Jerusalem with him.	MAT
Matt	2	4	Gathering together all the chief priests and scribes of the people, he asked them where the Christ would be born.	MAT
Matt	2	5	They said to him, “In Bethlehem of Judea, for this is written through the prophet,	MAT
Matt	2	6	‘You Bethlehem, land of Judah, are in no way least among the princes of Judah; for out of you shall come a governor who shall shepherd my people, Israel.’”	MAT
Matt	2	7	Then Herod secretly called the wise men, and learned from them exactly what time the star appeared.	MAT
Matt	2	8	He sent them to Bethlehem, and said, “Go and search diligently for the young child. When you have found him, bring me word, so that I also may come and worship him.”	MAT
Matt	2	9	They, having heard the king, went their way; and behold, the star, which they saw in the east, went before them until it came and stood over where the young child was.	MAT
Matt	2	10	When they saw the star, they rejoiced with exceedingly great joy.	MAT
Matt	2	11	They came into the house and saw the young child with Mary, his mother, and they fell down and worshiped him. Opening their treasures, they offered to him gifts: gold, frankincense, and myrrh.	MAT
Matt	2	12	Being warned in a dream not to return to Herod, they went back to their own country another way.	MAT
Matt	2	13	Now when they had departed, behold, an angel of the Lord appeared to Joseph in a dream, saying, “Arise and take the young child and his mother, and flee into Egypt, and stay there until I tell you, for Herod will seek the young child to destroy him.”	MAT
Matt	2	14	He arose and took the young child and his mother by night and departed into Egypt,	MAT
Matt	2	15	and was there until the death of Herod, that it might be fulfilled which was spoken by the Lord through the prophet, saying, “Out of Egypt I called my son.”	MAT
Matt	2	16	Then Herod, when he saw that he was mocked by the wise men, was exceedingly angry, and sent out and killed all the male children who were in Bethlehem and in all the surrounding countryside, from two years old and under, according to the exact time which he had learned from the wise men.	MAT
Matt	2	17	Then that which was spoken by Jeremiah the prophet was fulfilled, saying,	MAT
Matt	2	18	“A voice was heard in Ramah, lamentation, weeping and great mourning, Rachel weeping for her children; she wouldn’t be comforted, because they are no more.”	MAT
Matt	2	19	But when Herod was dead, behold, an angel of the Lord appeared in a dream to Joseph in Egypt, saying,	MAT
Matt	2	20	“Arise and take the young child and his mother, and go into the land of Israel, for those who sought the young child’s life are dead.”	MAT
Matt	2	21	He arose and took the young child and his mother, and came into the land of Israel.	MAT
Matt	2	22	But when he heard that Archelaus was reigning over Judea in the place of his father, Herod, he was afraid to go there. Being warned in a dream, he withdrew into the region of Galilee,	MAT
Matt	2	23	and came and lived in a city called Nazareth; that it might be fulfilled which was spoken through the prophets that he will be called a Nazarene.	MAT
Matt	3	1	In those days, John the Baptizer came, preaching in the wilderness of Judea, saying,	MAT
Matt	3	2	“Repent, for the Kingdom of Heaven is at hand!”	MAT
Matt	3	3	For this is he who was spoken of by Isaiah the prophet, saying, “The voice of one crying in the wilderness, make the way of the Lord ready! Make his paths straight!”	MAT
Matt	3	4	Now John himself wore clothing made of camel’s hair with a leather belt around his waist. His food was locusts and wild honey.	MAT
Matt	3	5	Then people from Jerusalem, all of Judea, and all the region around the Jordan went out to him.	MAT
Matt	3	6	They were baptized by him in the Jordan, confessing their sins.	MAT
Matt	3	7	But when he saw many of the Pharisees and Sadducees coming for his baptism, he said to them, “You offspring of vipers, who warned you to flee from the wrath to come?	MAT
Matt	3	8	Therefore produce fruit worthy of repentance!	MAT
Matt	3	9	Don’t think to yourselves, ‘We have Abraham for our father,’ for I tell you that God is able to raise up children to Abraham from these stones.	MAT
Matt	3	10	Even now the ax lies at the root of the trees. Therefore every tree that doesn’t produce good fruit is cut down, and cast into the fire.	MAT
Matt	3	11	“I indeed baptize you in water for repentance, but he who comes after me is mightier than I, whose sandals I am not worthy to carry. He will baptize you in the Holy Spirit.	MAT
Matt	3	12	His winnowing fork is in his hand, and he will thoroughly cleanse his threshing floor. He will gather his wheat into the barn, but the chaff he will burn up with unquenchable fire.”	MAT
Matt	3	13	Then Jesus came from Galilee to the Jordan to John, to be baptized by him.	MAT
Matt	3	14	But John would have hindered him, saying, “I need to be baptized by you, and you come to me?”	MAT
Matt	3	15	But Jesus, answering, said to him, “Allow it now, for this is the fitting way for us to fulfill all righteousness.” Then he allowed him.	MAT
Matt	3	16	Jesus, when he was baptized, went up directly from the water: and behold, the heavens were opened to him. He saw the Spirit of God descending as a dove, and coming on him.	MAT
Matt	3	17	Behold, a voice out of the heavens said, “This is my beloved Son, with whom I am well pleased.”	MAT
Matt	4	1	Then Jesus was led up by the Spirit into the wilderness to be tempted by the devil.	MAT
Matt	4	2	When he had fasted forty days and forty nights, he was hungry afterward.	MAT
Matt	4	3	The tempter came and said to him, “If you are the Son of God, command that these stones become bread.”	MAT
Matt	4	4	But he answered, “It is written, ‘Man shall not live by bread alone, but by every word that proceeds out of God’s mouth.’”	MAT
Matt	4	5	Then the devil took him into the holy city. He set him on the pinnacle of the temple,	MAT
Matt	4	6	and said to him, “If you are the Son of God, throw yourself down, for it is written, ‘He will command his angels concerning you,’ and, ‘On their hands they will bear you up, so that you don’t dash your foot against a stone.’”	MAT
Matt	4	7	Jesus said to him, “Again, it is written, ‘You shall not test the Lord, your God.’”	MAT
Matt	4	8	Again, the devil took him to an exceedingly high mountain, and showed him all the kingdoms of the world and their glory.	MAT
Matt	4	9	He said to him, “I will give you all of these things, if you will fall down and worship me.”	MAT
Matt	4	10	Then Jesus said to him, “Get behind me, Satan! For it is written, ‘You shall worship the Lord your God, and you shall serve him only.’”	MAT
Matt	4	11	Then the devil left him, and behold, angels came and served him.	MAT
Matt	4	12	Now when Jesus heard that John was delivered up, he withdrew into Galilee.	MAT
Matt	4	13	Leaving Nazareth, he came and lived in Capernaum, which is by the sea, in the region of Zebulun and Naphtali,	MAT
Matt	4	14	that it might be fulfilled which was spoken through Isaiah the prophet, saying,	MAT
Matt	4	15	“The land of Zebulun and the land of Naphtali, toward the sea, beyond the Jordan, Galilee of the Gentiles,	MAT
Matt	4	16	the people who sat in darkness saw a great light; to those who sat in the region and shadow of death, to them light has dawned.”	MAT
Matt	4	17	From that time, Jesus began to preach, and to say, “Repent! For the Kingdom of Heaven is at hand.”	MAT
Matt	4	18	Walking by the sea of Galilee, he saw two brothers: Simon, who is called Peter, and Andrew, his brother, casting a net into the sea; for they were fishermen.	MAT
Matt	4	19	He said to them, “Come after me, and I will make you fishers for men.”	MAT
Matt	4	20	They immediately left their nets and followed him.	MAT
Matt	4	21	Going on from there, he saw two other brothers, James the son of Zebedee, and John his brother, in the boat with Zebedee their father, mending their nets. He called them.	MAT
Matt	4	22	They immediately left the boat and their father, and followed him.	MAT
Matt	4	23	Jesus went about in all Galilee, teaching in their synagogues, preaching the Good News of the Kingdom, and healing every disease and every sickness among the people.	MAT
Matt	4	24	The report about him went out into all Syria. They brought to him all who were sick, afflicted with various diseases and torments, possessed with demons, epileptics, and paralytics; and he healed them.	MAT
Matt	4	25	Great multitudes from Galilee, Decapolis, Jerusalem, Judea, and from beyond the Jordan followed him.	MAT
Matt	5	1	Seeing the multitudes, he went up onto the mountain. When he had sat down, his disciples came to him.	MAT
Matt	5	2	He opened his mouth and taught them, saying,	MAT
Matt	5	3	“Blessed are the poor in spirit, for theirs is the Kingdom of Heaven.	MAT
Matt	5	4	Blessed are those who mourn, for they shall be comforted.	MAT
Matt	5	5	Blessed are the gentle, for they shall inherit the earth.	MAT
Matt	5	6	Blessed are those who hunger and thirst for righteousness, for they shall be filled.	MAT
Matt	5	7	Blessed are the merciful, for they shall obtain mercy.	MAT
Matt	5	8	Blessed are the pure in heart, for they shall see God.	MAT
Matt	5	9	Blessed are the peacemakers, for they shall be called children of God.	MAT
Matt	5	10	Blessed are those who have been persecuted for righteousness’ sake, for theirs is the Kingdom of Heaven.	MAT
Matt	5	11	“Blessed are you when people reproach you, persecute you, and say all kinds of evil against you falsely, for my sake.	MAT
Matt	5	12	Rejoice, and be exceedingly glad, for great is your reward in heaven. For that is how they persecuted the prophets who were before you.	MAT
Matt	5	13	“You are the salt of the earth, but if the salt has lost its flavor, with what will it be salted? It is then good for nothing, but to be cast out and trodden under the feet of men.	MAT
Matt	5	14	“You are the light of the world. A city located on a hill can’t be hidden.	MAT
Matt	5	15	Neither do you light a lamp and put it under a measuring basket, but on a stand; and it shines to all who are in the house.	MAT
Matt	5	16	Even so, let your light shine before men, that they may see your good works and glorify your Father who is in heaven.	MAT
Matt	5	17	“Don’t think that I came to destroy the law or the prophets. I didn’t come to destroy, but to fulfill.	MAT
Matt	5	18	For most certainly, I tell you, until heaven and earth pass away, not even one smallest letter or one tiny pen stroke shall in any way pass away from the law, until all things are accomplished.	MAT
Matt	5	19	Therefore, whoever shall break one of these least commandments and teach others to do so, shall be called least in the Kingdom of Heaven; but whoever shall do and teach them shall be called great in the Kingdom of Heaven.	MAT
Matt	5	20	For I tell you that unless your righteousness exceeds that of the scribes and Pharisees, there is no way you will enter into the Kingdom of Heaven.	MAT
Matt	5	21	“You have heard that it was said to the ancient ones, ‘You shall not murder;’ and ‘Whoever murders will be in danger of the judgment.’	MAT
Matt	5	22	But I tell you that everyone who is angry with his brother without a cause will be in danger of the judgment. Whoever says to his brother, ‘Raca!’ will be in danger of the council. Whoever says, ‘You fool!’ will be in danger of the fire of Gehenna.	MAT
Matt	5	23	“If therefore you are offering your gift at the altar, and there remember that your brother has anything against you,	MAT
Matt	5	24	leave your gift there before the altar, and go your way. First be reconciled to your brother, and then come and offer your gift.	MAT
Matt	5	25	Agree with your adversary quickly while you are with him on the way; lest perhaps the prosecutor deliver you to the judge, and the judge deliver you to the officer, and you be cast into prison.	MAT
Matt	5	26	Most certainly I tell you, you shall by no means get out of there until you have paid the last penny.	MAT
Matt	5	27	“You have heard that it was said, ‘You shall not commit adultery;’	MAT
Matt	5	28	but I tell you that everyone who gazes at a woman to lust after her has committed adultery with her already in his heart.	MAT
Matt	5	29	If your right eye causes you to stumble, pluck it out and throw it away from you. For it is more profitable for you that one of your members should perish than for your whole body to be cast into Gehenna.	MAT
Matt	5	30	If your right hand causes you to stumble, cut it off, and throw it away from you. For it is more profitable for you that one of your members should perish, than for your whole body to be cast into Gehenna.	MAT
Matt	5	31	“It was also said, ‘Whoever shall put away his wife, let him give her a writing of divorce,’	MAT
Matt	5	32	but I tell you that whoever puts away his wife, except for the cause of sexual immorality, makes her an adulteress; and whoever marries her when she is put away commits adultery.	MAT
Matt	5	33	“Again you have heard that it was said to the ancient ones, ‘You shall not make false vows, but shall perform to the Lord your vows,’	MAT
Matt	5	34	but I tell you, don’t swear at all: neither by heaven, for it is the throne of God;	MAT
Matt	5	35	nor by the earth, for it is the footstool of his feet; nor by Jerusalem, for it is the city of the great King.	MAT
Matt	5	36	Neither shall you swear by your head, for you can’t make one hair white or black.	MAT
Matt	5	37	But let your ‘Yes’ be ‘Yes’ and your ‘No’ be ‘No.’ Whatever is more than these is of the evil one.	MAT
Matt	5	38	“You have heard that it was said, ‘An eye for an eye, and a tooth for a tooth.’	MAT
Matt	5	39	But I tell you, don’t resist him who is evil; but whoever strikes you on your right cheek, turn to him the other also.	MAT
Matt	5	40	If anyone sues you to take away your coat, let him have your cloak also.	MAT
Matt	5	41	Whoever compels you to go one mile, go with him two.	MAT
Matt	5	42	Give to him who asks you, and don’t turn away him who desires to borrow from you.	MAT
Matt	5	43	“You have heard that it was said, ‘You shall love your neighbor and hate your enemy.’	MAT
Matt	5	44	But I tell you, love your enemies, bless those who curse you, do good to those who hate you, and pray for those who mistreat you and persecute you,	MAT
Matt	5	45	that you may be children of your Father who is in heaven. For he makes his sun to rise on the evil and the good, and sends rain on the just and the unjust.	MAT
Matt	5	46	For if you love those who love you, what reward do you have? Don’t even the tax collectors do the same?	MAT
Matt	5	47	If you only greet your friends, what more do you do than others? Don’t even the tax collectors do the same?	MAT
Matt	5	48	Therefore you shall be perfect, just as your Father in heaven is perfect.	MAT
Matt	6	1	“Be careful that you don’t do your charitable giving before men, to be seen by them, or else you have no reward from your Father who is in heaven.	MAT
Matt	6	2	Therefore, when you do merciful deeds, don’t sound a trumpet before yourself, as the hypocrites do in the synagogues and in the streets, that they may get glory from men. Most certainly I tell you, they have received their reward.	MAT
Matt	6	3	But when you do merciful deeds, don’t let your left hand know what your right hand does,	MAT
Matt	6	4	so that your merciful deeds may be in secret, then your Father who sees in secret will reward you openly.	MAT
Matt	6	5	“When you pray, you shall not be as the hypocrites, for they love to stand and pray in the synagogues and in the corners of the streets, that they may be seen by men. Most certainly, I tell you, they have received their reward.	MAT
Matt	6	6	But you, when you pray, enter into your inner room, and having shut your door, pray to your Father who is in secret; and your Father who sees in secret will reward you openly.	MAT
Matt	6	7	In praying, don’t use vain repetitions as the Gentiles do; for they think that they will be heard for their much speaking.	MAT
Matt	6	8	Therefore don’t be like them, for your Father knows what things you need before you ask him.	MAT
Matt	6	9	Pray like this: “‘Our Father in heaven, may your name be kept holy.	MAT
Matt	6	10	Let your Kingdom come. Let your will be done on earth as it is in heaven.	MAT
Matt	6	11	Give us today our daily bread.	MAT
Matt	6	12	Forgive us our debts, as we also forgive our debtors.	MAT
Matt	6	13	Bring us not into temptation, but deliver us from the evil one. For yours is the Kingdom, the power, and the glory forever. Amen.’	MAT
Matt	6	14	“For if you forgive men their trespasses, your heavenly Father will also forgive you.	MAT
Matt	6	15	But if you don’t forgive men their trespasses, neither will your Father forgive your trespasses.	MAT
Matt	6	16	“Moreover when you fast, don’t be like the hypocrites, with sad faces. For they disfigure their faces that they may be seen by men to be fasting. Most certainly I tell you, they have received their reward.	MAT
Matt	6	17	But you, when you fast, anoint your head and wash your face,	MAT
Matt	6	18	so that you are not seen by men to be fasting, but by your Father who is in secret; and your Father, who sees in secret, will reward you.	MAT
Matt	6	19	“Don’t lay up treasures for yourselves on the earth, where moth and rust consume, and where thieves break through and steal;	MAT
Matt	6	20	but lay up for yourselves treasures in heaven, where neither moth nor rust consume, and where thieves don’t break through and steal;	MAT
Matt	6	21	for where your treasure is, there your heart will be also.	MAT
Matt	6	22	“The lamp of the body is the eye. If therefore your eye is sound, your whole body will be full of light.	MAT
Matt	6	23	But if your eye is evil, your whole body will be full of darkness. If therefore the light that is in you is darkness, how great is the darkness!	MAT
Matt	6	24	“No one can serve two masters, for either he will hate the one and love the other, or else he will be devoted to one and despise the other. You can’t serve both God and Mammon.	MAT
Matt	6	25	Therefore I tell you, don’t be anxious for your life: what you will eat, or what you will drink; nor yet for your body, what you will wear. Isn’t life more than food, and the body more than clothing?	MAT
Matt	6	26	See the birds of the sky, that they don’t sow, neither do they reap, nor gather into barns. Your heavenly Father feeds them. Aren’t you of much more value than they?	MAT
Matt	6	27	“Which of you by being anxious, can add one moment to his lifespan?	MAT
Matt	6	28	Why are you anxious about clothing? Consider the lilies of the field, how they grow. They don’t toil, neither do they spin,	MAT
Matt	6	29	yet I tell you that even Solomon in all his glory was not dressed like one of these.	MAT
Matt	6	30	But if God so clothes the grass of the field, which today exists and tomorrow is thrown into the oven, won’t he much more clothe you, you of little faith?	MAT
Matt	6	31	“Therefore don’t be anxious, saying, ‘What will we eat?’, ‘What will we drink?’ or, ‘With what will we be clothed?’	MAT
Matt	6	32	For the Gentiles seek after all these things; for your heavenly Father knows that you need all these things.	MAT
Matt	6	33	But seek first God’s Kingdom and his righteousness; and all these things will be given to you as well.	MAT
Matt	6	34	Therefore don’t be anxious for tomorrow, for tomorrow will be anxious for itself. Each day’s own evil is sufficient.	MAT
Matt	7	1	“Don’t judge, so that you won’t be judged.	MAT
Matt	7	2	For with whatever judgment you judge, you will be judged; and with whatever measure you measure, it will be measured to you.	MAT
Matt	7	3	Why do you see the speck that is in your brother’s eye, but don’t consider the beam that is in your own eye?	MAT
Matt	7	4	Or how will you tell your brother, ‘Let me remove the speck from your eye,’ and behold, the beam is in your own eye?	MAT
Matt	7	5	You hypocrite! First remove the beam out of your own eye, and then you can see clearly to remove the speck out of your brother’s eye.	MAT
Matt	7	6	“Don’t give that which is holy to the dogs, neither throw your pearls before the pigs, lest perhaps they trample them under their feet, and turn and tear you to pieces.	MAT
Matt	7	7	“Ask, and it will be given you. Seek, and you will find. Knock, and it will be opened for you.	MAT
Matt	7	8	For everyone who asks receives. He who seeks finds. To him who knocks it will be opened.	MAT
Matt	7	9	Or who is there among you who, if his son asks him for bread, will give him a stone?	MAT
Matt	7	10	Or if he asks for a fish, who will give him a serpent?	MAT
Matt	7	11	If you then, being evil, know how to give good gifts to your children, how much more will your Father who is in heaven give good things to those who ask him!	MAT
Matt	7	12	Therefore, whatever you desire for men to do to you, you shall also do to them; for this is the law and the prophets.	MAT
Matt	7	13	“Enter in by the narrow gate; for the gate is wide and the way is broad that leads to destruction, and there are many who enter in by it.	MAT
Matt	7	14	How narrow is the gate and the way is restricted that leads to life! There are few who find it.	MAT
Matt	7	15	“Beware of false prophets, who come to you in sheep’s clothing, but inwardly are ravening wolves.	MAT
Matt	7	16	By their fruits you will know them. Do you gather grapes from thorns or figs from thistles?	MAT
Matt	7	17	Even so, every good tree produces good fruit, but the corrupt tree produces evil fruit.	MAT
Matt	7	18	A good tree can’t produce evil fruit, neither can a corrupt tree produce good fruit.	MAT
Matt	7	19	Every tree that doesn’t grow good fruit is cut down and thrown into the fire.	MAT
Matt	7	20	Therefore by their fruits you will know them.	MAT
Matt	7	21	“Not everyone who says to me, ‘Lord, Lord,’ will enter into the Kingdom of Heaven, but he who does the will of my Father who is in heaven.	MAT
Matt	7	22	Many will tell me in that day, ‘Lord, Lord, didn’t we prophesy in your name, in your name cast out demons, and in your name do many mighty works?’	MAT
Matt	7	23	Then I will tell them, ‘I never knew you. Depart from me, you who work iniquity.’	MAT
Matt	7	24	“Everyone therefore who hears these words of mine and does them, I will liken him to a wise man who built his house on the rock.	MAT
Matt	7	25	The rain came down, the floods came, and the winds blew and beat on that house; and it didn’t fall, for it was founded on the rock.	MAT
Matt	7	26	Everyone who hears these words of mine and doesn’t do them will be like a foolish man who built his house on the sand.	MAT
Matt	7	27	The rain came down, the floods came, and the winds blew and beat on that house; and it fell—and its fall was great.”	MAT
Matt	7	28	When Jesus had finished saying these things, the multitudes were astonished at his teaching,	MAT
Matt	7	29	for he taught them with authority, and not like the scribes.	MAT
Matt	8	1	When he came down from the mountain, great multitudes followed him.	MAT
Matt	8	2	Behold, a leper came to him and worshiped him, saying, “Lord, if you want to, you can make me clean.”	MAT
Matt	8	3	Jesus stretched out his hand and touched him, saying, “I want to. Be made clean.” Immediately his leprosy was cleansed.	MAT
Matt	8	4	Jesus said to him, “See that you tell nobody; but go, show yourself to the priest, and offer the gift that Moses commanded, as a testimony to them.”	MAT
Matt	8	5	When he came into Capernaum, a centurion came to him, asking him for help,	MAT
Matt	8	6	saying, “Lord, my servant lies in the house paralyzed, grievously tormented.”	MAT
Matt	8	7	Jesus said to him, “I will come and heal him.”	MAT
Matt	8	8	The centurion answered, “Lord, I’m not worthy for you to come under my roof. Just say the word, and my servant will be healed.	MAT
Matt	8	9	For I am also a man under authority, having under myself soldiers. I tell this one, ‘Go,’ and he goes; and tell another, ‘Come,’ and he comes; and tell my servant, ‘Do this,’ and he does it.”	MAT
Matt	8	10	When Jesus heard it, he marveled and said to those who followed, “Most certainly I tell you, I haven’t found so great a faith, not even in Israel.	MAT
Matt	8	11	I tell you that many will come from the east and the west, and will sit down with Abraham, Isaac, and Jacob in the Kingdom of Heaven,	MAT
Matt	8	12	but the children of the Kingdom will be thrown out into the outer darkness. There will be weeping and gnashing of teeth.”	MAT
Matt	8	13	Jesus said to the centurion, “Go your way. Let it be done for you as you have believed.” His servant was healed in that hour.	MAT
Matt	8	14	When Jesus came into Peter’s house, he saw his wife’s mother lying sick with a fever.	MAT
Matt	8	15	He touched her hand, and the fever left her. So she got up and served him.	MAT
Matt	8	16	When evening came, they brought to him many possessed with demons. He cast out the spirits with a word, and healed all who were sick,	MAT
Matt	8	17	that it might be fulfilled which was spoken through Isaiah the prophet, saying, “He took our infirmities and bore our diseases.”	MAT
Matt	8	18	Now when Jesus saw great multitudes around him, he gave the order to depart to the other side.	MAT
Matt	8	19	A scribe came and said to him, “Teacher, I will follow you wherever you go.”	MAT
Matt	8	20	Jesus said to him, “The foxes have holes and the birds of the sky have nests, but the Son of Man has nowhere to lay his head.”	MAT
Matt	8	21	Another of his disciples said to him, “Lord, allow me first to go and bury my father.”	MAT
Matt	8	22	But Jesus said to him, “Follow me, and leave the dead to bury their own dead.”	MAT
Matt	8	23	When he got into a boat, his disciples followed him.	MAT
Matt	8	24	Behold, a violent storm came up on the sea, so much that the boat was covered with the waves; but he was asleep.	MAT
Matt	8	25	The disciples came to him and woke him up, saying, “Save us, Lord! We are dying!”	MAT
Matt	8	26	He said to them, “Why are you fearful, O you of little faith?” Then he got up, rebuked the wind and the sea, and there was a great calm.	MAT
Matt	8	27	The men marveled, saying, “What kind of man is this, that even the wind and the sea obey him?”	MAT
Matt	8	28	When he came to the other side, into the country of the Gergesenes, two people possessed by demons met him there, coming out of the tombs, exceedingly fierce, so that nobody could pass that way.	MAT
Matt	8	29	Behold, they cried out, saying, “What do we have to do with you, Jesus, Son of God? Have you come here to torment us before the time?”	MAT
Matt	8	30	Now there was a herd of many pigs feeding far away from them.	MAT
Matt	8	31	The demons begged him, saying, “If you cast us out, permit us to go away into the herd of pigs.”	MAT
Matt	8	32	He said to them, “Go!” They came out and went into the herd of pigs; and behold, the whole herd of pigs rushed down the cliff into the sea and died in the water.	MAT
Matt	8	33	Those who fed them fled and went away into the city and told everything, including what happened to those who were possessed with demons.	MAT
Matt	8	34	Behold, all the city came out to meet Jesus. When they saw him, they begged that he would depart from their borders.	MAT
Matt	9	1	He entered into a boat and crossed over, and came into his own city.	MAT
Matt	9	2	Behold, they brought to him a man who was paralyzed, lying on a bed. Jesus, seeing their faith, said to the paralytic, “Son, cheer up! Your sins are forgiven you.”	MAT
Matt	9	3	Behold, some of the scribes said to themselves, “This man blasphemes.”	MAT
Matt	9	4	Jesus, knowing their thoughts, said, “Why do you think evil in your hearts?	MAT
Matt	9	5	For which is easier, to say, ‘Your sins are forgiven;’ or to say, ‘Get up, and walk’?	MAT
Matt	9	6	But that you may know that the Son of Man has authority on earth to forgive sins—” (then he said to the paralytic), “Get up, and take up your mat, and go to your house.”	MAT
Matt	9	7	He arose and departed to his house.	MAT
Matt	9	8	But when the multitudes saw it, they marveled and glorified God, who had given such authority to men.	MAT
Matt	9	9	As Jesus passed by from there, he saw a man called Matthew sitting at the tax collection office. He said to him, “Follow me.” He got up and followed him.	MAT
Matt	9	10	As he sat in the house, behold, many tax collectors and sinners came and sat down with Jesus and his disciples.	MAT
Matt	9	11	When the Pharisees saw it, they said to his disciples, “Why does your teacher eat with tax collectors and sinners?”	MAT
Matt	9	12	When Jesus heard it, he said to them, “Those who are healthy have no need for a physician, but those who are sick do.	MAT
Matt	9	13	But you go and learn what this means: ‘I desire mercy, and not sacrifice,’ for I came not to call the righteous, but sinners to repentance.”	MAT
Matt	9	14	Then John’s disciples came to him, saying, “Why do we and the Pharisees fast often, but your disciples don’t fast?”	MAT
Matt	9	15	Jesus said to them, “Can the friends of the bridegroom mourn as long as the bridegroom is with them? But the days will come when the bridegroom will be taken away from them, and then they will fast.	MAT
Matt	9	16	No one puts a piece of unshrunk cloth on an old garment; for the patch would tear away from the garment, and a worse hole is made.	MAT
Matt	9	17	Neither do people put new wine into old wineskins, or else the skins would burst, and the wine be spilled, and the skins ruined. No, they put new wine into fresh wineskins, and both are preserved.”	MAT
Matt	9	18	While he told these things to them, behold, a ruler came and worshiped him, saying, “My daughter has just died, but come and lay your hand on her, and she will live.”	MAT
Matt	9	19	Jesus got up and followed him, as did his disciples.	MAT
Matt	9	20	Behold, a woman who had a discharge of blood for twelve years came behind him, and touched the fringe of his garment;	MAT
Matt	9	21	for she said within herself, “If I just touch his garment, I will be made well.”	MAT
Matt	9	22	But Jesus, turning around and seeing her, said, “Daughter, cheer up! Your faith has made you well.” And the woman was made well from that hour.	MAT
Matt	9	23	When Jesus came into the ruler’s house and saw the flute players and the crowd in noisy disorder,	MAT
Matt	9	24	he said to them, “Make room, because the girl isn’t dead, but sleeping.” They were ridiculing him.	MAT
Matt	9	25	But when the crowd was sent out, he entered in, took her by the hand, and the girl arose.	MAT
Matt	9	26	The report of this went out into all that land.	MAT
Matt	9	27	As Jesus passed by from there, two blind men followed him, calling out and saying, “Have mercy on us, son of David!”	MAT
Matt	9	28	When he had come into the house, the blind men came to him. Jesus said to them, “Do you believe that I am able to do this?” They told him, “Yes, Lord.”	MAT
Matt	9	29	Then he touched their eyes, saying, “According to your faith be it done to you.”	MAT
Matt	9	30	Then their eyes were opened. Jesus strictly commanded them, saying, “See that no one knows about this.”	MAT
Matt	9	31	But they went out and spread abroad his fame in all that land.	MAT
Matt	9	32	As they went out, behold, a mute man who was demon possessed was brought to him.	MAT
Matt	9	33	When the demon was cast out, the mute man spoke. The multitudes marveled, saying, “Nothing like this has ever been seen in Israel!”	MAT
Matt	9	34	But the Pharisees said, “By the prince of the demons, he casts out demons.”	MAT
Matt	9	35	Jesus went about all the cities and the villages, teaching in their synagogues and preaching the Good News of the Kingdom, and healing every disease and every sickness among the people.	MAT
Matt	9	36	But when he saw the multitudes, he was moved with compassion for them because they were harassed and scattered, like sheep without a shepherd.	MAT
Matt	9	37	Then he said to his disciples, “The harvest indeed is plentiful, but the laborers are few.	MAT
Matt	9	38	Pray therefore that the Lord of the harvest will send out laborers into his harvest.”	MAT
Matt	10	1	He called to himself his twelve disciples, and gave them authority over unclean spirits, to cast them out, and to heal every disease and every sickness.	MAT
Matt	10	2	Now the names of the twelve apostles are these. The first, Simon, who is called Peter; Andrew, his brother; James the son of Zebedee; John, his brother;	MAT
Matt	10	3	Philip; Bartholomew; Thomas; Matthew the tax collector; James the son of Alphaeus; Lebbaeus, who was also called Thaddaeus;	MAT
Matt	10	4	Simon the Zealot; and Judas Iscariot, who also betrayed him.	MAT
Matt	10	5	Jesus sent these twelve out and commanded them, saying, “Don’t go among the Gentiles, and don’t enter into any city of the Samaritans.	MAT
Matt	10	6	Rather, go to the lost sheep of the house of Israel.	MAT
Matt	10	7	As you go, preach, saying, ‘The Kingdom of Heaven is at hand!’	MAT
Matt	10	8	Heal the sick, cleanse the lepers, and cast out demons. Freely you received, so freely give.	MAT
Matt	10	9	Don’t take any gold, silver, or brass in your money belts.	MAT
Matt	10	10	Take no bag for your journey, neither two coats, nor sandals, nor staff: for the laborer is worthy of his food.	MAT
Matt	10	11	Into whatever city or village you enter, find out who in it is worthy, and stay there until you go on.	MAT
Matt	10	12	As you enter into the household, greet it.	MAT
Matt	10	13	If the household is worthy, let your peace come on it, but if it isn’t worthy, let your peace return to you.	MAT
Matt	10	14	Whoever doesn’t receive you or hear your words, as you go out of that house or that city, shake the dust off your feet.	MAT
Matt	10	15	Most certainly I tell you, it will be more tolerable for the land of Sodom and Gomorrah in the day of judgment than for that city.	MAT
Matt	10	16	“Behold, I send you out as sheep among wolves. Therefore be wise as serpents and harmless as doves.	MAT
Matt	10	17	But beware of men, for they will deliver you up to councils, and in their synagogues they will scourge you.	MAT
Matt	10	18	Yes, and you will be brought before governors and kings for my sake, for a testimony to them and to the nations.	MAT
Matt	10	19	But when they deliver you up, don’t be anxious how or what you will say, for it will be given you in that hour what you will say.	MAT
Matt	10	20	For it is not you who speak, but the Spirit of your Father who speaks in you.	MAT
Matt	10	21	“Brother will deliver up brother to death, and the father his child. Children will rise up against parents and cause them to be put to death.	MAT
Matt	10	22	You will be hated by all men for my name’s sake, but he who endures to the end will be saved.	MAT
Matt	10	23	But when they persecute you in this city, flee into the next, for most certainly I tell you, you will not have gone through the cities of Israel until the Son of Man has come.	MAT
Matt	10	24	“A disciple is not above his teacher, nor a servant above his lord.	MAT
Matt	10	25	It is enough for the disciple that he be like his teacher, and the servant like his lord. If they have called the master of the house Beelzebul, how much more those of his household!	MAT
Matt	10	26	Therefore don’t be afraid of them, for there is nothing covered that will not be revealed, or hidden that will not be known.	MAT
Matt	10	27	What I tell you in the darkness, speak in the light; and what you hear whispered in the ear, proclaim on the housetops.	MAT
Matt	10	28	Don’t be afraid of those who kill the body, but are not able to kill the soul. Rather, fear him who is able to destroy both soul and body in Gehenna.	MAT
Matt	10	29	“Aren’t two sparrows sold for an assarion coin? Not one of them falls to the ground apart from your Father’s will.	MAT
Matt	10	30	But the very hairs of your head are all numbered.	MAT
Matt	10	31	Therefore don’t be afraid. You are of more value than many sparrows.	MAT
Matt	10	32	Everyone therefore who confesses me before men, I will also confess him before my Father who is in heaven.	MAT
Matt	10	33	But whoever denies me before men, I will also deny him before my Father who is in heaven.	MAT
Matt	10	34	“Don’t think that I came to send peace on the earth. I didn’t come to send peace, but a sword.	MAT
Matt	10	35	For I came to set a man at odds against his father, and a daughter against her mother, and a daughter-in-law against her mother-in-law.	MAT
Matt	10	36	A man’s foes will be those of his own household.	MAT
Matt	10	37	He who loves father or mother more than me is not worthy of me; and he who loves son or daughter more than me isn’t worthy of me.	MAT
Matt	10	38	He who doesn’t take his cross and follow after me isn’t worthy of me.	MAT
Matt	10	39	He who seeks his life will lose it; and he who loses his life for my sake will find it.	MAT
Matt	10	40	“He who receives you receives me, and he who receives me receives him who sent me.	MAT
Matt	10	41	He who receives a prophet in the name of a prophet will receive a prophet’s reward. He who receives a righteous man in the name of a righteous man will receive a righteous man’s reward.	MAT
Matt	10	42	Whoever gives one of these little ones just a cup of cold water to drink in the name of a disciple, most certainly I tell you, he will in no way lose his reward.”	MAT
Matt	11	1	When Jesus had finished directing his twelve disciples, he departed from there to teach and preach in their cities.	MAT
Matt	11	2	Now when John heard in the prison the works of Christ, he sent two of his disciples	MAT
Matt	11	3	and said to him, “Are you he who comes, or should we look for another?”	MAT
Matt	11	4	Jesus answered them, “Go and tell John the things which you hear and see:	MAT
Matt	11	5	the blind receive their sight, the lame walk, the lepers are cleansed, the deaf hear, the dead are raised up, and the poor have good news preached to them.	MAT
Matt	11	6	Blessed is he who finds no occasion for stumbling in me.”	MAT
Matt	11	7	As these went their way, Jesus began to say to the multitudes concerning John, “What did you go out into the wilderness to see? A reed shaken by the wind?	MAT
Matt	11	8	But what did you go out to see? A man in soft clothing? Behold, those who wear soft clothing are in kings’ houses.	MAT
Matt	11	9	But why did you go out? To see a prophet? Yes, I tell you, and much more than a prophet.	MAT
Matt	11	10	For this is he, of whom it is written, ‘Behold, I send my messenger before your face, who will prepare your way before you.’	MAT
Matt	11	11	Most certainly I tell you, among those who are born of women there has not arisen anyone greater than John the Baptizer; yet he who is least in the Kingdom of Heaven is greater than he.	MAT
Matt	11	12	From the days of John the Baptizer until now, the Kingdom of Heaven suffers violence, and the violent take it by force.	MAT
Matt	11	13	For all the prophets and the law prophesied until John.	MAT
Matt	11	14	If you are willing to receive it, this is Elijah, who is to come.	MAT
Matt	11	15	He who has ears to hear, let him hear.	MAT
Matt	11	16	“But to what shall I compare this generation? It is like children sitting in the marketplaces, who call to their companions	MAT
Matt	11	17	and say, ‘We played the flute for you, and you didn’t dance. We mourned for you, and you didn’t lament.’	MAT
Matt	11	18	For John came neither eating nor drinking, and they say, ‘He has a demon.’	MAT
Matt	11	19	The Son of Man came eating and drinking, and they say, ‘Behold, a gluttonous man and a drunkard, a friend of tax collectors and sinners!’ But wisdom is justified by her children.”	MAT
Matt	11	20	Then he began to denounce the cities in which most of his mighty works had been done, because they didn’t repent.	MAT
Matt	11	21	“Woe to you, Chorazin! Woe to you, Bethsaida! For if the mighty works had been done in Tyre and Sidon which were done in you, they would have repented long ago in sackcloth and ashes.	MAT
Matt	11	22	But I tell you, it will be more tolerable for Tyre and Sidon on the day of judgment than for you.	MAT
Matt	11	23	You, Capernaum, who are exalted to heaven, you will go down to Hades. For if the mighty works had been done in Sodom which were done in you, it would have remained until today.	MAT
Matt	11	24	But I tell you that it will be more tolerable for the land of Sodom on the day of judgment, than for you.”	MAT
Matt	11	25	At that time, Jesus answered, “I thank you, Father, Lord of heaven and earth, that you hid these things from the wise and understanding, and revealed them to infants.	MAT
Matt	11	26	Yes, Father, for so it was well-pleasing in your sight.	MAT
Matt	11	27	All things have been delivered to me by my Father. No one knows the Son, except the Father; neither does anyone know the Father, except the Son and he to whom the Son desires to reveal him.	MAT
Matt	11	28	“Come to me, all you who labor and are heavily burdened, and I will give you rest.	MAT
Matt	11	29	Take my yoke upon you and learn from me, for I am gentle and humble in heart; and you will find rest for your souls.	MAT
Matt	11	30	For my yoke is easy, and my burden is light.”	MAT
Matt	12	1	At that time, Jesus went on the Sabbath day through the grain fields. His disciples were hungry and began to pluck heads of grain and to eat.	MAT
Matt	12	2	But the Pharisees, when they saw it, said to him, “Behold, your disciples do what is not lawful to do on the Sabbath.”	MAT
Matt	12	3	But he said to them, “Haven’t you read what David did when he was hungry, and those who were with him:	MAT
Matt	12	4	how he entered into God’s house and ate the show bread, which was not lawful for him to eat, nor for those who were with him, but only for the priests?	MAT
Matt	12	5	Or have you not read in the law that on the Sabbath day the priests in the temple profane the Sabbath and are guiltless?	MAT
Matt	12	6	But I tell you that one greater than the temple is here.	MAT
Matt	12	7	But if you had known what this means, ‘I desire mercy, and not sacrifice,’ you wouldn’t have condemned the guiltless.	MAT
Matt	12	8	For the Son of Man is Lord of the Sabbath.”	MAT
Matt	12	9	He departed from there and went into their synagogue.	MAT
Matt	12	10	And behold, there was a man with a withered hand. They asked him, “Is it lawful to heal on the Sabbath day?” so that they might accuse him.	MAT
Matt	12	11	He said to them, “What man is there among you who has one sheep, and if this one falls into a pit on the Sabbath day, won’t he grab on to it and lift it out?	MAT
Matt	12	12	Of how much more value then is a man than a sheep! Therefore it is lawful to do good on the Sabbath day.”	MAT
Matt	12	13	Then he told the man, “Stretch out your hand.” He stretched it out; and it was restored whole, just like the other.	MAT
Matt	12	14	But the Pharisees went out and conspired against him, how they might destroy him.	MAT
Matt	12	15	Jesus, perceiving that, withdrew from there. Great multitudes followed him; and he healed them all,	MAT
Matt	12	16	and commanded them that they should not make him known,	MAT
Matt	12	17	that it might be fulfilled which was spoken through Isaiah the prophet, saying,	MAT
Matt	12	18	“Behold, my servant whom I have chosen, my beloved in whom my soul is well pleased. I will put my Spirit on him. He will proclaim justice to the nations.	MAT
Matt	12	19	He will not strive, nor shout, neither will anyone hear his voice in the streets.	MAT
Matt	12	20	He won’t break a bruised reed. He won’t quench a smoking flax, until he leads justice to victory.	MAT
Matt	12	21	In his name, the nations will hope.”	MAT
Matt	12	22	Then one possessed by a demon, blind and mute, was brought to him; and he healed him, so that the blind and mute man both spoke and saw.	MAT
Matt	12	23	All the multitudes were amazed, and said, “Can this be the son of David?”	MAT
Matt	12	24	But when the Pharisees heard it, they said, “This man does not cast out demons except by Beelzebul, the prince of the demons.”	MAT
Matt	12	25	Knowing their thoughts, Jesus said to them, “Every kingdom divided against itself is brought to desolation, and every city or house divided against itself will not stand.	MAT
Matt	12	26	If Satan casts out Satan, he is divided against himself. How then will his kingdom stand?	MAT
Matt	12	27	If I by Beelzebul cast out demons, by whom do your children cast them out? Therefore they will be your judges.	MAT
Matt	12	28	But if I by the Spirit of God cast out demons, then God’s Kingdom has come upon you.	MAT
Matt	12	29	Or how can one enter into the house of the strong man and plunder his goods, unless he first bind the strong man? Then he will plunder his house.	MAT
Matt	12	30	“He who is not with me is against me, and he who doesn’t gather with me, scatters.	MAT
Matt	12	31	Therefore I tell you, every sin and blasphemy will be forgiven men, but the blasphemy against the Spirit will not be forgiven men.	MAT
Matt	12	32	Whoever speaks a word against the Son of Man, it will be forgiven him; but whoever speaks against the Holy Spirit, it will not be forgiven him, either in this age, or in that which is to come.	MAT
Matt	12	33	“Either make the tree good and its fruit good, or make the tree corrupt and its fruit corrupt; for the tree is known by its fruit.	MAT
Matt	12	34	You offspring of vipers, how can you, being evil, speak good things? For out of the abundance of the heart, the mouth speaks.	MAT
Matt	12	35	The good man out of his good treasure brings out good things, and the evil man out of his evil treasure brings out evil things.	MAT
Matt	12	36	I tell you that every idle word that men speak, they will give account of it in the day of judgment.	MAT
Matt	12	37	For by your words you will be justified, and by your words you will be condemned.”	MAT
Matt	12	38	Then certain of the scribes and Pharisees answered, “Teacher, we want to see a sign from you.”	MAT
Matt	12	39	But he answered them, “An evil and adulterous generation seeks after a sign, but no sign will be given to it but the sign of Jonah the prophet.	MAT
Matt	12	40	For as Jonah was three days and three nights in the belly of the huge fish, so will the Son of Man be three days and three nights in the heart of the earth.	MAT
Matt	12	41	The men of Nineveh will stand up in the judgment with this generation and will condemn it, for they repented at the preaching of Jonah; and behold, someone greater than Jonah is here.	MAT
Matt	12	42	The Queen of the South will rise up in the judgment with this generation and will condemn it, for she came from the ends of the earth to hear the wisdom of Solomon; and behold, someone greater than Solomon is here.	MAT
Matt	12	43	“When an unclean spirit has gone out of a man, he passes through waterless places seeking rest, and doesn’t find it.	MAT
Matt	12	44	Then he says, ‘I will return into my house from which I came;’ and when he has come back, he finds it empty, swept, and put in order.	MAT
Matt	12	45	Then he goes and takes with himself seven other spirits more evil than he is, and they enter in and dwell there. The last state of that man becomes worse than the first. Even so will it be also to this evil generation.”	MAT
Matt	12	46	While he was yet speaking to the multitudes, behold, his mother and his brothers stood outside, seeking to speak to him.	MAT
Matt	12	47	One said to him, “Behold, your mother and your brothers stand outside, seeking to speak to you.”	MAT
Matt	12	48	But he answered him who spoke to him, “Who is my mother? Who are my brothers?”	MAT
Matt	12	49	He stretched out his hand toward his disciples, and said, “Behold, my mother and my brothers!	MAT
Matt	12	50	For whoever does the will of my Father who is in heaven, he is my brother, and sister, and mother.”	MAT
Matt	13	1	On that day Jesus went out of the house and sat by the seaside.	MAT
Matt	13	2	Great multitudes gathered to him, so that he entered into a boat and sat; and all the multitude stood on the beach.	MAT
Matt	13	3	He spoke to them many things in parables, saying, “Behold, a farmer went out to sow.	MAT
Matt	13	4	As he sowed, some seeds fell by the roadside, and the birds came and devoured them.	MAT
Matt	13	5	Others fell on rocky ground, where they didn’t have much soil, and immediately they sprang up, because they had no depth of earth.	MAT
Matt	13	6	When the sun had risen, they were scorched. Because they had no root, they withered away.	MAT
Matt	13	7	Others fell among thorns. The thorns grew up and choked them.	MAT
Matt	13	8	Others fell on good soil and yielded fruit: some one hundred times as much, some sixty, and some thirty.	MAT
Matt	13	9	He who has ears to hear, let him hear.”	MAT
Matt	13	10	The disciples came, and said to him, “Why do you speak to them in parables?”	MAT
Matt	13	11	He answered them, “To you it is given to know the mysteries of the Kingdom of Heaven, but it is not given to them.	MAT
Matt	13	12	For whoever has, to him will be given, and he will have abundance; but whoever doesn’t have, from him will be taken away even that which he has.	MAT
Matt	13	13	Therefore I speak to them in parables, because seeing they don’t see, and hearing, they don’t hear, neither do they understand.	MAT
Matt	13	14	In them the prophecy of Isaiah is fulfilled, which says, ‘By hearing you will hear, and will in no way understand; Seeing you will see, and will in no way perceive;	MAT
Matt	13	15	for this people’s heart has grown callous, their ears are dull of hearing, and they have closed their eyes; or else perhaps they might perceive with their eyes, hear with their ears, understand with their heart, and would turn again, and I would heal them.’	MAT
Matt	13	16	“But blessed are your eyes, for they see; and your ears, for they hear.	MAT
Matt	13	17	For most certainly I tell you that many prophets and righteous men desired to see the things which you see, and didn’t see them; and to hear the things which you hear, and didn’t hear them.	MAT
Matt	13	18	“Hear, then, the parable of the farmer.	MAT
Matt	13	19	When anyone hears the word of the Kingdom and doesn’t understand it, the evil one comes and snatches away that which has been sown in his heart. This is what was sown by the roadside.	MAT
Matt	13	20	What was sown on the rocky places, this is he who hears the word and immediately with joy receives it;	MAT
Matt	13	21	yet he has no root in himself, but endures for a while. When oppression or persecution arises because of the word, immediately he stumbles.	MAT
Matt	13	22	What was sown among the thorns, this is he who hears the word, but the cares of this age and the deceitfulness of riches choke the word, and he becomes unfruitful.	MAT
Matt	13	23	What was sown on the good ground, this is he who hears the word and understands it, who most certainly bears fruit and produces, some one hundred times as much, some sixty, and some thirty.”	MAT
Matt	13	24	He set another parable before them, saying, “The Kingdom of Heaven is like a man who sowed good seed in his field,	MAT
Matt	13	25	but while people slept, his enemy came and sowed darnel weeds also among the wheat, and went away.	MAT
Matt	13	26	But when the blade sprang up and produced grain, then the darnel weeds appeared also.	MAT
Matt	13	27	The servants of the householder came and said to him, ‘Sir, didn’t you sow good seed in your field? Where did these darnel weeds come from?’	MAT
Matt	13	28	“He said to them, ‘An enemy has done this.’ “The servants asked him, ‘Do you want us to go and gather them up?’	MAT
Matt	13	29	“But he said, ‘No, lest perhaps while you gather up the darnel weeds, you root up the wheat with them.	MAT
Matt	13	30	Let both grow together until the harvest, and in the harvest time I will tell the reapers, “First, gather up the darnel weeds, and bind them in bundles to burn them; but gather the wheat into my barn.”’”	MAT
Matt	13	31	He set another parable before them, saying, “The Kingdom of Heaven is like a grain of mustard seed which a man took, and sowed in his field,	MAT
Matt	13	32	which indeed is smaller than all seeds. But when it is grown, it is greater than the herbs and becomes a tree, so that the birds of the air come and lodge in its branches.”	MAT
Matt	13	33	He spoke another parable to them. “The Kingdom of Heaven is like yeast which a woman took and hid in three measures of meal, until it was all leavened.”	MAT
Matt	13	34	Jesus spoke all these things in parables to the multitudes; and without a parable, he didn’t speak to them,	MAT
Matt	13	35	that it might be fulfilled which was spoken through the prophet, saying, “I will open my mouth in parables; I will utter things hidden from the foundation of the world.”	MAT
Matt	13	36	Then Jesus sent the multitudes away, and went into the house. His disciples came to him, saying, “Explain to us the parable of the darnel weeds of the field.”	MAT
Matt	13	37	He answered them, “He who sows the good seed is the Son of Man,	MAT
Matt	13	38	the field is the world, the good seeds are the children of the Kingdom, and the darnel weeds are the children of the evil one.	MAT
Matt	13	39	The enemy who sowed them is the devil. The harvest is the end of the age, and the reapers are angels.	MAT
Matt	13	40	As therefore the darnel weeds are gathered up and burned with fire; so will it be at the end of this age.	MAT
Matt	13	41	The Son of Man will send out his angels, and they will gather out of his Kingdom all things that cause stumbling and those who do iniquity,	MAT
Matt	13	42	and will cast them into the furnace of fire. There will be weeping and gnashing of teeth.	MAT
Matt	13	43	Then the righteous will shine like the sun in the Kingdom of their Father. He who has ears to hear, let him hear.	MAT
Matt	13	44	“Again, the Kingdom of Heaven is like treasure hidden in the field, which a man found and hid. In his joy, he goes and sells all that he has and buys that field.	MAT
Matt	13	45	“Again, the Kingdom of Heaven is like a man who is a merchant seeking fine pearls,	MAT
Matt	13	46	who having found one pearl of great price, he went and sold all that he had and bought it.	MAT
Matt	13	47	“Again, the Kingdom of Heaven is like a dragnet that was cast into the sea and gathered some fish of every kind,	MAT
Matt	13	48	which, when it was filled, fishermen drew up on the beach. They sat down and gathered the good into containers, but the bad they threw away.	MAT
Matt	13	49	So it will be in the end of the world. The angels will come and separate the wicked from among the righteous,	MAT
Matt	13	50	and will cast them into the furnace of fire. There will be weeping and gnashing of teeth.”	MAT
Matt	13	51	Jesus said to them, “Have you understood all these things?” They answered him, “Yes, Lord.”	MAT
Matt	13	52	He said to them, “Therefore every scribe who has been made a disciple in the Kingdom of Heaven is like a man who is a householder, who brings out of his treasure new and old things.”	MAT
Matt	13	53	When Jesus had finished these parables, he departed from there.	MAT
Matt	13	54	Coming into his own country, he taught them in their synagogue, so that they were astonished and said, “Where did this man get this wisdom and these mighty works?	MAT
Matt	13	55	Isn’t this the carpenter’s son? Isn’t his mother called Mary, and his brothers James, Joses, Simon, and Judas?	MAT
Matt	13	56	Aren’t all of his sisters with us? Where then did this man get all of these things?”	MAT
Matt	13	57	They were offended by him. But Jesus said to them, “A prophet is not without honor, except in his own country and in his own house.”	MAT
Matt	13	58	He didn’t do many mighty works there because of their unbelief.	MAT
Matt	14	1	At that time, Herod the tetrarch heard the report concerning Jesus,	MAT
Matt	14	2	and said to his servants, “This is John the Baptizer. He is risen from the dead. That is why these powers work in him.”	MAT
Matt	14	3	For Herod had arrested John, bound him, and put him in prison for the sake of Herodias, his brother Philip’s wife.	MAT
Matt	14	4	For John said to him, “It is not lawful for you to have her.”	MAT
Matt	14	5	When he would have put him to death, he feared the multitude, because they counted him as a prophet.	MAT
Matt	14	6	But when Herod’s birthday came, the daughter of Herodias danced among them and pleased Herod.	MAT
Matt	14	7	Therefore he promised with an oath to give her whatever she should ask.	MAT
Matt	14	8	She, being prompted by her mother, said, “Give me here on a platter the head of John the Baptizer.”	MAT
Matt	14	9	The king was grieved, but for the sake of his oaths and of those who sat at the table with him, he commanded it to be given,	MAT
Matt	14	10	and he sent and beheaded John in the prison.	MAT
Matt	14	11	His head was brought on a platter and given to the young lady; and she brought it to her mother.	MAT
Matt	14	12	His disciples came, took the body, and buried it. Then they went and told Jesus.	MAT
Matt	14	13	Now when Jesus heard this, he withdrew from there in a boat to a deserted place apart. When the multitudes heard it, they followed him on foot from the cities.	MAT
Matt	14	14	Jesus went out, and he saw a great multitude. He had compassion on them and healed their sick.	MAT
Matt	14	15	When evening had come, his disciples came to him, saying, “This place is deserted, and the hour is already late. Send the multitudes away, that they may go into the villages, and buy themselves food.”	MAT
Matt	14	16	But Jesus said to them, “They don’t need to go away. You give them something to eat.”	MAT
Matt	14	17	They told him, “We only have here five loaves and two fish.”	MAT
Matt	14	18	He said, “Bring them here to me.”	MAT
Matt	14	19	He commanded the multitudes to sit down on the grass; and he took the five loaves and the two fish, and looking up to heaven, he blessed, broke and gave the loaves to the disciples; and the disciples gave to the multitudes.	MAT
Matt	14	20	They all ate and were filled. They took up twelve baskets full of that which remained left over from the broken pieces.	MAT
Matt	14	21	Those who ate were about five thousand men, in addition to women and children.	MAT
Matt	14	22	Immediately Jesus made the disciples get into the boat and go ahead of him to the other side, while he sent the multitudes away.	MAT
Matt	14	23	After he had sent the multitudes away, he went up into the mountain by himself to pray. When evening had come, he was there alone.	MAT
Matt	14	24	But the boat was now in the middle of the sea, distressed by the waves, for the wind was contrary.	MAT
Matt	14	25	In the fourth watch of the night, Jesus came to them, walking on the sea.	MAT
Matt	14	26	When the disciples saw him walking on the sea, they were troubled, saying, “It’s a ghost!” and they cried out for fear.	MAT
Matt	14	27	But immediately Jesus spoke to them, saying, “Cheer up! It is I! Don’t be afraid.”	MAT
Matt	14	28	Peter answered him and said, “Lord, if it is you, command me to come to you on the waters.”	MAT
Matt	14	29	He said, “Come!” Peter stepped down from the boat and walked on the waters to come to Jesus.	MAT
Matt	14	30	But when he saw that the wind was strong, he was afraid, and beginning to sink, he cried out, saying, “Lord, save me!”	MAT
Matt	14	31	Immediately Jesus stretched out his hand, took hold of him, and said to him, “You of little faith, why did you doubt?”	MAT
Matt	14	32	When they got up into the boat, the wind ceased.	MAT
Matt	14	33	Those who were in the boat came and worshiped him, saying, “You are truly the Son of God!”	MAT
Matt	14	34	When they had crossed over, they came to the land of Gennesaret.	MAT
Matt	14	35	When the people of that place recognized him, they sent into all that surrounding region and brought to him all who were sick;	MAT
Matt	14	36	and they begged him that they might just touch the fringe of his garment. As many as touched it were made whole.	MAT
Matt	15	1	Then Pharisees and scribes came to Jesus from Jerusalem, saying,	MAT
Matt	15	2	“Why do your disciples disobey the tradition of the elders? For they don’t wash their hands when they eat bread.”	MAT
Matt	15	3	He answered them, “Why do you also disobey the commandment of God because of your tradition?	MAT
Matt	15	4	For God commanded, ‘Honor your father and your mother,’ and, ‘He who speaks evil of father or mother, let him be put to death.’	MAT
Matt	15	5	But you say, ‘Whoever may tell his father or his mother, “Whatever help you might otherwise have gotten from me is a gift devoted to God,”	MAT
Matt	15	6	he shall not honor his father or mother.’ You have made the commandment of God void because of your tradition.	MAT
Matt	15	7	You hypocrites! Well did Isaiah prophesy of you, saying,	MAT
Matt	15	8	‘These people draw near to me with their mouth, and honor me with their lips; but their heart is far from me.	MAT
Matt	15	9	And they worship me in vain, teaching as doctrine rules made by men.’”	MAT
Matt	15	10	He summoned the multitude, and said to them, “Hear, and understand.	MAT
Matt	15	11	That which enters into the mouth doesn’t defile the man; but that which proceeds out of the mouth, this defiles the man.”	MAT
Matt	15	12	Then the disciples came and said to him, “Do you know that the Pharisees were offended when they heard this saying?”	MAT
Matt	15	13	But he answered, “Every plant which my heavenly Father didn’t plant will be uprooted.	MAT
Matt	15	14	Leave them alone. They are blind guides of the blind. If the blind guide the blind, both will fall into a pit.”	MAT
Matt	15	15	Peter answered him, “Explain the parable to us.”	MAT
Matt	15	16	So Jesus said, “Do you also still not understand?	MAT
Matt	15	17	Don’t you understand that whatever goes into the mouth passes into the belly and then out of the body?	MAT
Matt	15	18	But the things which proceed out of the mouth come out of the heart, and they defile the man.	MAT
Matt	15	19	For out of the heart come evil thoughts, murders, adulteries, sexual sins, thefts, false testimony, and blasphemies.	MAT
Matt	15	20	These are the things which defile the man; but to eat with unwashed hands doesn’t defile the man.”	MAT
Matt	15	21	Jesus went out from there and withdrew into the region of Tyre and Sidon.	MAT
Matt	15	22	Behold, a Canaanite woman came out from those borders and cried, saying, “Have mercy on me, Lord, you son of David! My daughter is severely possessed by a demon!”	MAT
Matt	15	23	But he answered her not a word. His disciples came and begged him, saying, “Send her away; for she cries after us.”	MAT
Matt	15	24	But he answered, “I wasn’t sent to anyone but the lost sheep of the house of Israel.”	MAT
Matt	15	25	But she came and worshiped him, saying, “Lord, help me.”	MAT
Matt	15	26	But he answered, “It is not appropriate to take the children’s bread and throw it to the dogs.”	MAT
Matt	15	27	But she said, “Yes, Lord, but even the dogs eat the crumbs which fall from their masters’ table.”	MAT
Matt	15	28	Then Jesus answered her, “Woman, great is your faith! Be it done to you even as you desire.” And her daughter was healed from that hour.	MAT
Matt	15	29	Jesus departed from there and came near to the sea of Galilee; and he went up on the mountain and sat there.	MAT
Matt	15	30	Great multitudes came to him, having with them the lame, blind, mute, maimed, and many others, and they put them down at his feet. He healed them,	MAT
Matt	15	31	so that the multitude wondered when they saw the mute speaking, the injured healed, the lame walking, and the blind seeing—and they glorified the God of Israel.	MAT
Matt	15	32	Jesus summoned his disciples and said, “I have compassion on the multitude, because they have continued with me now three days and have nothing to eat. I don’t want to send them away fasting, or they might faint on the way.”	MAT
Matt	15	33	The disciples said to him, “Where could we get so many loaves in a deserted place as to satisfy so great a multitude?”	MAT
Matt	15	34	Jesus said to them, “How many loaves do you have?” They said, “Seven, and a few small fish.”	MAT
Matt	15	35	He commanded the multitude to sit down on the ground;	MAT
Matt	15	36	and he took the seven loaves and the fish. He gave thanks and broke them, and gave to the disciples, and the disciples to the multitudes.	MAT
Matt	15	37	They all ate and were filled. They took up seven baskets full of the broken pieces that were left over.	MAT
Matt	15	38	Those who ate were four thousand men, in addition to women and children.	MAT
Matt	15	39	Then he sent away the multitudes, got into the boat, and came into the borders of Magdala.	MAT
Matt	16	1	The Pharisees and Sadducees came, and testing him, asked him to show them a sign from heaven.	MAT
Matt	16	2	But he answered them, “When it is evening, you say, ‘It will be fair weather, for the sky is red.’	MAT
Matt	16	3	In the morning, ‘It will be foul weather today, for the sky is red and threatening.’ Hypocrites! You know how to discern the appearance of the sky, but you can’t discern the signs of the times!	MAT
Matt	16	4	An evil and adulterous generation seeks after a sign, and there will be no sign given to it, except the sign of the prophet Jonah.” He left them and departed.	MAT
Matt	16	5	The disciples came to the other side and had forgotten to take bread.	MAT
Matt	16	6	Jesus said to them, “Take heed and beware of the yeast of the Pharisees and Sadducees.”	MAT
Matt	16	7	They reasoned among themselves, saying, “We brought no bread.”	MAT
Matt	16	8	Jesus, perceiving it, said, “Why do you reason among yourselves, you of little faith, because you have brought no bread?	MAT
Matt	16	9	Don’t you yet perceive or remember the five loaves for the five thousand, and how many baskets you took up,	MAT
Matt	16	10	or the seven loaves for the four thousand, and how many baskets you took up?	MAT
Matt	16	11	How is it that you don’t perceive that I didn’t speak to you concerning bread? But beware of the yeast of the Pharisees and Sadducees.”	MAT
Matt	16	12	Then they understood that he didn’t tell them to beware of the yeast of bread, but of the teaching of the Pharisees and Sadducees.	MAT
Matt	16	13	Now when Jesus came into the parts of Caesarea Philippi, he asked his disciples, saying, “Who do men say that I, the Son of Man, am?”	MAT
Matt	16	14	They said, “Some say John the Baptizer, some, Elijah, and others, Jeremiah or one of the prophets.”	MAT
Matt	16	15	He said to them, “But who do you say that I am?”	MAT
Matt	16	16	Simon Peter answered, “You are the Christ, the Son of the living God.”	MAT
Matt	16	17	Jesus answered him, “Blessed are you, Simon Bar Jonah, for flesh and blood has not revealed this to you, but my Father who is in heaven.	MAT
Matt	16	18	I also tell you that you are Peter, and on this rock I will build my assembly, and the gates of Hades will not prevail against it.	MAT
Matt	16	19	I will give to you the keys of the Kingdom of Heaven, and whatever you bind on earth will have been bound in heaven; and whatever you release on earth will have been released in heaven.”	MAT
Matt	16	20	Then he commanded the disciples that they should tell no one that he was Jesus the Christ.	MAT
Matt	16	21	From that time, Jesus began to show his disciples that he must go to Jerusalem and suffer many things from the elders, chief priests, and scribes, and be killed, and the third day be raised up.	MAT
Matt	16	22	Peter took him aside and began to rebuke him, saying, “Far be it from you, Lord! This will never be done to you.”	MAT
Matt	16	23	But he turned and said to Peter, “Get behind me, Satan! You are a stumbling block to me, for you are not setting your mind on the things of God, but on the things of men.”	MAT
Matt	16	24	Then Jesus said to his disciples, “If anyone desires to come after me, let him deny himself, take up his cross, and follow me.	MAT
Matt	16	25	For whoever desires to save his life will lose it, and whoever will lose his life for my sake will find it.	MAT
Matt	16	26	For what will it profit a man if he gains the whole world and forfeits his life? Or what will a man give in exchange for his life?	MAT
Matt	16	27	For the Son of Man will come in the glory of his Father with his angels, and then he will give to everyone according to his deeds.	MAT
Matt	16	28	Most certainly I tell you, there are some standing here who will in no way taste of death until they see the Son of Man coming in his Kingdom.”	MAT
Matt	17	1	After six days, Jesus took with him Peter, James, and John his brother, and brought them up into a high mountain by themselves.	MAT
Matt	17	2	He was changed before them. His face shone like the sun, and his garments became as white as the light.	MAT
Matt	17	3	Behold, Moses and Elijah appeared to them talking with him.	MAT
Matt	17	4	Peter answered and said to Jesus, “Lord, it is good for us to be here. If you want, let’s make three tents here: one for you, one for Moses, and one for Elijah.”	MAT
Matt	17	5	While he was still speaking, behold, a bright cloud overshadowed them. Behold, a voice came out of the cloud, saying, “This is my beloved Son, in whom I am well pleased. Listen to him.”	MAT
Matt	17	6	When the disciples heard it, they fell on their faces, and were very afraid.	MAT
Matt	17	7	Jesus came and touched them and said, “Get up, and don’t be afraid.”	MAT
Matt	17	8	Lifting up their eyes, they saw no one, except Jesus alone.	MAT
Matt	17	9	As they were coming down from the mountain, Jesus commanded them, saying, “Don’t tell anyone what you saw, until the Son of Man has risen from the dead.”	MAT
Matt	17	10	His disciples asked him, saying, “Then why do the scribes say that Elijah must come first?”	MAT
Matt	17	11	Jesus answered them, “Elijah indeed comes first, and will restore all things;	MAT
Matt	17	12	but I tell you that Elijah has come already, and they didn’t recognize him, but did to him whatever they wanted to. Even so the Son of Man will also suffer by them.”	MAT
Matt	17	13	Then the disciples understood that he spoke to them of John the Baptizer.	MAT
Matt	17	14	When they came to the multitude, a man came to him, kneeling down to him and saying,	MAT
Matt	17	15	“Lord, have mercy on my son, for he is epileptic and suffers grievously; for he often falls into the fire, and often into the water.	MAT
Matt	17	16	So I brought him to your disciples, and they could not cure him.”	MAT
Matt	17	17	Jesus answered, “Faithless and perverse generation! How long will I be with you? How long will I bear with you? Bring him here to me.”	MAT
Matt	17	18	Jesus rebuked the demon, and it went out of him, and the boy was cured from that hour.	MAT
Matt	17	19	Then the disciples came to Jesus privately, and said, “Why weren’t we able to cast it out?”	MAT
Matt	17	20	He said to them, “Because of your unbelief. For most certainly I tell you, if you have faith as a grain of mustard seed, you will tell this mountain, ‘Move from here to there,’ and it will move; and nothing will be impossible for you.	MAT
Matt	17	21	But this kind doesn’t go out except by prayer and fasting.”	MAT
Matt	17	22	While they were staying in Galilee, Jesus said to them, “The Son of Man is about to be delivered up into the hands of men,	MAT
Matt	17	23	and they will kill him, and the third day he will be raised up.” They were exceedingly sorry.	MAT
Matt	17	24	When they had come to Capernaum, those who collected the didrachma coins came to Peter, and said, “Doesn’t your teacher pay the didrachma?”	MAT
Matt	17	25	He said, “Yes.” When he came into the house, Jesus anticipated him, saying, “What do you think, Simon? From whom do the kings of the earth receive toll or tribute? From their children, or from strangers?”	MAT
Matt	17	26	Peter said to him, “From strangers.” Jesus said to him, “Therefore the children are exempt.	MAT
Matt	17	27	But, lest we cause them to stumble, go to the sea, cast a hook, and take up the first fish that comes up. When you have opened its mouth, you will find a stater coin. Take that, and give it to them for me and you.”	MAT
Matt	18	1	In that hour the disciples came to Jesus, saying, “Who then is greatest in the Kingdom of Heaven?”	MAT
Matt	18	2	Jesus called a little child to himself, and set him in the middle of them	MAT
Matt	18	3	and said, “Most certainly I tell you, unless you turn and become as little children, you will in no way enter into the Kingdom of Heaven.	MAT
Matt	18	4	Whoever therefore humbles himself as this little child is the greatest in the Kingdom of Heaven.	MAT
Matt	18	5	Whoever receives one such little child in my name receives me,	MAT
Matt	18	6	but whoever causes one of these little ones who believe in me to stumble, it would be better for him if a huge millstone were hung around his neck and that he were sunk in the depths of the sea.	MAT
Matt	18	7	“Woe to the world because of occasions of stumbling! For it must be that the occasions come, but woe to that person through whom the occasion comes!	MAT
Matt	18	8	If your hand or your foot causes you to stumble, cut it off and cast it from you. It is better for you to enter into life maimed or crippled, rather than having two hands or two feet to be cast into the eternal fire.	MAT
Matt	18	9	If your eye causes you to stumble, pluck it out and cast it from you. It is better for you to enter into life with one eye, rather than having two eyes to be cast into the Gehenna of fire.	MAT
Matt	18	10	See that you don’t despise one of these little ones, for I tell you that in heaven their angels always see the face of my Father who is in heaven.	MAT
Matt	18	11	For the Son of Man came to save that which was lost.	MAT
Matt	18	12	“What do you think? If a man has one hundred sheep, and one of them goes astray, doesn’t he leave the ninety-nine, go to the mountains, and seek that which has gone astray?	MAT
Matt	18	13	If he finds it, most certainly I tell you, he rejoices over it more than over the ninety-nine which have not gone astray.	MAT
Matt	18	14	Even so it is not the will of your Father who is in heaven that one of these little ones should perish.	MAT
Matt	18	15	“If your brother sins against you, go, show him his fault between you and him alone. If he listens to you, you have gained back your brother.	MAT
Matt	18	16	But if he doesn’t listen, take one or two more with you, that at the mouth of two or three witnesses every word may be established.	MAT
Matt	18	17	If he refuses to listen to them, tell it to the assembly. If he refuses to hear the assembly also, let him be to you as a Gentile or a tax collector.	MAT
Matt	18	18	Most certainly I tell you, whatever things you bind on earth will have been bound in heaven, and whatever things you release on earth will have been released in heaven.	MAT
Matt	18	19	Again, assuredly I tell you, that if two of you will agree on earth concerning anything that they will ask, it will be done for them by my Father who is in heaven.	MAT
Matt	18	20	For where two or three are gathered together in my name, there I am in the middle of them.”	MAT
Matt	18	21	Then Peter came and said to him, “Lord, how often shall my brother sin against me, and I forgive him? Until seven times?”	MAT
Matt	18	22	Jesus said to him, “I don’t tell you until seven times, but, until seventy times seven.	MAT
Matt	18	23	Therefore the Kingdom of Heaven is like a certain king who wanted to settle accounts with his servants.	MAT
Matt	18	24	When he had begun to settle, one was brought to him who owed him ten thousand talents.	MAT
Matt	18	25	But because he couldn’t pay, his lord commanded him to be sold, with his wife, his children, and all that he had, and payment to be made.	MAT
Matt	18	26	The servant therefore fell down and knelt before him, saying, ‘Lord, have patience with me, and I will repay you all!’	MAT
Matt	18	27	The lord of that servant, being moved with compassion, released him and forgave him the debt.	MAT
Matt	18	28	“But that servant went out and found one of his fellow servants who owed him one hundred denarii, and he grabbed him and took him by the throat, saying, ‘Pay me what you owe!’	MAT
Matt	18	29	“So his fellow servant fell down at his feet and begged him, saying, ‘Have patience with me, and I will repay you!’	MAT
Matt	18	30	He would not, but went and cast him into prison until he should pay back that which was due.	MAT
Matt	18	31	So when his fellow servants saw what was done, they were exceedingly sorry, and came and told their lord all that was done.	MAT
Matt	18	32	Then his lord called him in and said to him, ‘You wicked servant! I forgave you all that debt because you begged me.	MAT
Matt	18	33	Shouldn’t you also have had mercy on your fellow servant, even as I had mercy on you?’	MAT
Matt	18	34	His lord was angry, and delivered him to the tormentors until he should pay all that was due to him.	MAT
Matt	18	35	So my heavenly Father will also do to you, if you don’t each forgive your brother from your hearts for his misdeeds.”	MAT
Matt	19	1	When Jesus had finished these words, he departed from Galilee and came into the borders of Judea beyond the Jordan.	MAT
Matt	19	2	Great multitudes followed him, and he healed them there.	MAT
Matt	19	3	Pharisees came to him, testing him and saying, “Is it lawful for a man to divorce his wife for any reason?”	MAT
Matt	19	4	He answered, “Haven’t you read that he who made them from the beginning made them male and female,	MAT
Matt	19	5	and said, ‘For this cause a man shall leave his father and mother, and shall be joined to his wife; and the two shall become one flesh’?	MAT
Matt	19	6	So that they are no more two, but one flesh. What therefore God has joined together, don’t let man tear apart.”	MAT
Matt	19	7	They asked him, “Why then did Moses command us to give her a certificate of divorce and divorce her?”	MAT
Matt	19	8	He said to them, “Moses, because of the hardness of your hearts, allowed you to divorce your wives, but from the beginning it has not been so.	MAT
Matt	19	9	I tell you that whoever divorces his wife, except for sexual immorality, and marries another, commits adultery; and he who marries her when she is divorced commits adultery.”	MAT
Matt	19	10	His disciples said to him, “If this is the case of the man with his wife, it is not expedient to marry.”	MAT
Matt	19	11	But he said to them, “Not all men can receive this saying, but those to whom it is given.	MAT
Matt	19	12	For there are eunuchs who were born that way from their mother’s womb, and there are eunuchs who were made eunuchs by men; and there are eunuchs who made themselves eunuchs for the Kingdom of Heaven’s sake. He who is able to receive it, let him receive it.”	MAT
Matt	19	13	Then little children were brought to him that he should lay his hands on them and pray; and the disciples rebuked them.	MAT
Matt	19	14	But Jesus said, “Allow the little children, and don’t forbid them to come to me; for the Kingdom of Heaven belongs to ones like these.”	MAT
Matt	19	15	He laid his hands on them, and departed from there.	MAT
Matt	19	16	Behold, one came to him and said, “Good teacher, what good thing shall I do, that I may have eternal life?”	MAT
Matt	19	17	He said to him, “Why do you call me good? No one is good but one, that is, God. But if you want to enter into life, keep the commandments.”	MAT
Matt	19	18	He said to him, “Which ones?” Jesus said, “‘You shall not murder.’ ‘You shall not commit adultery.’ ‘You shall not steal.’ ‘You shall not offer false testimony.’	MAT
Matt	19	19	‘Honor your father and your mother.’ And, ‘You shall love your neighbor as yourself.’”	MAT
Matt	19	20	The young man said to him, “All these things I have observed from my youth. What do I still lack?”	MAT
Matt	19	21	Jesus said to him, “If you want to be perfect, go, sell what you have, and give to the poor, and you will have treasure in heaven; and come, follow me.”	MAT
Matt	19	22	But when the young man heard this, he went away sad, for he was one who had great possessions.	MAT
Matt	19	23	Jesus said to his disciples, “Most certainly I say to you, a rich man will enter into the Kingdom of Heaven with difficulty.	MAT
Matt	19	24	Again I tell you, it is easier for a camel to go through a needle’s eye than for a rich man to enter into God’s Kingdom.”	MAT
Matt	19	25	When the disciples heard it, they were exceedingly astonished, saying, “Who then can be saved?”	MAT
Matt	19	26	Looking at them, Jesus said, “With men this is impossible, but with God all things are possible.”	MAT
Matt	19	27	Then Peter answered, “Behold, we have left everything and followed you. What then will we have?”	MAT
Matt	19	28	Jesus said to them, “Most certainly I tell you that you who have followed me, in the regeneration when the Son of Man will sit on the throne of his glory, you also will sit on twelve thrones, judging the twelve tribes of Israel.	MAT
Matt	19	29	Everyone who has left houses, or brothers, or sisters, or father, or mother, or wife, or children, or lands, for my name’s sake, will receive one hundred times, and will inherit eternal life.	MAT
Matt	19	30	But many will be last who are first, and first who are last.	MAT
Matt	20	1	“For the Kingdom of Heaven is like a man who was the master of a household, who went out early in the morning to hire laborers for his vineyard.	MAT
Matt	20	2	When he had agreed with the laborers for a denarius a day, he sent them into his vineyard.	MAT
Matt	20	3	He went out about the third hour, and saw others standing idle in the marketplace.	MAT
Matt	20	4	He said to them, ‘You also go into the vineyard, and whatever is right I will give you.’ So they went their way.	MAT
Matt	20	5	Again he went out about the sixth and the ninth hour, and did likewise.	MAT
Matt	20	6	About the eleventh hour he went out and found others standing idle. He said to them, ‘Why do you stand here all day idle?’	MAT
Matt	20	7	“They said to him, ‘Because no one has hired us.’ “He said to them, ‘You also go into the vineyard, and you will receive whatever is right.’	MAT
Matt	20	8	“When evening had come, the lord of the vineyard said to his manager, ‘Call the laborers and pay them their wages, beginning from the last to the first.’	MAT
Matt	20	9	“When those who were hired at about the eleventh hour came, they each received a denarius.	MAT
Matt	20	10	When the first came, they supposed that they would receive more; and they likewise each received a denarius.	MAT
Matt	20	11	When they received it, they murmured against the master of the household,	MAT
Matt	20	12	saying, ‘These last have spent one hour, and you have made them equal to us who have borne the burden of the day and the scorching heat!’	MAT
Matt	20	13	“But he answered one of them, ‘Friend, I am doing you no wrong. Didn’t you agree with me for a denarius?	MAT
Matt	20	14	Take that which is yours, and go your way. It is my desire to give to this last just as much as to you.	MAT
Matt	20	15	Isn’t it lawful for me to do what I want to with what I own? Or is your eye evil, because I am good?’	MAT
Matt	20	16	So the last will be first, and the first last. For many are called, but few are chosen.”	MAT
Matt	20	17	As Jesus was going up to Jerusalem, he took the twelve disciples aside, and on the way he said to them,	MAT
Matt	20	18	“Behold, we are going up to Jerusalem, and the Son of Man will be delivered to the chief priests and scribes, and they will condemn him to death,	MAT
Matt	20	19	and will hand him over to the Gentiles to mock, to scourge, and to crucify; and the third day he will be raised up.”	MAT
Matt	20	20	Then the mother of the sons of Zebedee came to him with her sons, kneeling and asking a certain thing of him.	MAT
Matt	20	21	He said to her, “What do you want?” She said to him, “Command that these, my two sons, may sit, one on your right hand and one on your left hand, in your Kingdom.”	MAT
Matt	20	22	But Jesus answered, “You don’t know what you are asking. Are you able to drink the cup that I am about to drink, and be baptized with the baptism that I am baptized with?” They said to him, “We are able.”	MAT
Matt	20	23	He said to them, “You will indeed drink my cup, and be baptized with the baptism that I am baptized with; but to sit on my right hand and on my left hand is not mine to give, but it is for whom it has been prepared by my Father.”	MAT
Matt	20	24	When the ten heard it, they were indignant with the two brothers.	MAT
Matt	20	25	But Jesus summoned them, and said, “You know that the rulers of the nations lord it over them, and their great ones exercise authority over them.	MAT
Matt	20	26	It shall not be so among you; but whoever desires to become great among you shall be your servant.	MAT
Matt	20	27	Whoever desires to be first among you shall be your bondservant,	MAT
Matt	20	28	even as the Son of Man came not to be served, but to serve, and to give his life as a ransom for many.”	MAT
Matt	20	29	As they went out from Jericho, a great multitude followed him.	MAT
Matt	20	30	Behold, two blind men sitting by the road, when they heard that Jesus was passing by, cried out, “Lord, have mercy on us, you son of David!”	MAT
Matt	20	31	The multitude rebuked them, telling them that they should be quiet, but they cried out even more, “Lord, have mercy on us, you son of David!”	MAT
Matt	20	32	Jesus stood still and called them, and asked, “What do you want me to do for you?”	MAT
Matt	20	33	They told him, “Lord, that our eyes may be opened.”	MAT
Matt	20	34	Jesus, being moved with compassion, touched their eyes; and immediately their eyes received their sight, and they followed him.	MAT
Matt	21	1	When they came near to Jerusalem and came to Bethsphage, to the Mount of Olives, then Jesus sent two disciples,	MAT
Matt	21	2	saying to them, “Go into the village that is opposite you, and immediately you will find a donkey tied, and a colt with her. Untie them and bring them to me.	MAT
Matt	21	3	If anyone says anything to you, you shall say, ‘The Lord needs them,’ and immediately he will send them.”	MAT
Matt	21	4	All this was done that it might be fulfilled which was spoken through the prophet, saying,	MAT
Matt	21	5	“Tell the daughter of Zion, behold, your King comes to you, humble, and riding on a donkey, on a colt, the foal of a donkey.”	MAT
Matt	21	6	The disciples went and did just as Jesus commanded them,	MAT
Matt	21	7	and brought the donkey and the colt and laid their clothes on them; and he sat on them.	MAT
Matt	21	8	A very great multitude spread their clothes on the road. Others cut branches from the trees and spread them on the road.	MAT
Matt	21	9	The multitudes who went in front of him, and those who followed, kept shouting, “Hosanna to the son of David! Blessed is he who comes in the name of the Lord! Hosanna in the highest!”	MAT
Matt	21	10	When he had come into Jerusalem, all the city was stirred up, saying, “Who is this?”	MAT
Matt	21	11	The multitudes said, “This is the prophet, Jesus, from Nazareth of Galilee.”	MAT
Matt	21	12	Jesus entered into the temple of God and drove out all of those who sold and bought in the temple, and overthrew the money changers’ tables and the seats of those who sold the doves.	MAT
Matt	21	13	He said to them, “It is written, ‘My house shall be called a house of prayer,’ but you have made it a den of robbers!”	MAT
Matt	21	14	The lame and the blind came to him in the temple, and he healed them.	MAT
Matt	21	15	But when the chief priests and the scribes saw the wonderful things that he did, and the children who were crying in the temple and saying, “Hosanna to the son of David!” they were indignant,	MAT
Matt	21	16	and said to him, “Do you hear what these are saying?” Jesus said to them, “Yes. Did you never read, ‘Out of the mouth of children and nursing babies, you have perfected praise’?”	MAT
Matt	21	17	He left them and went out of the city to Bethany, and camped there.	MAT
Matt	21	18	Now in the morning, as he returned to the city, he was hungry.	MAT
Matt	21	19	Seeing a fig tree by the road, he came to it and found nothing on it but leaves. He said to it, “Let there be no fruit from you forever!” Immediately the fig tree withered away.	MAT
Matt	21	20	When the disciples saw it, they marveled, saying, “How did the fig tree immediately wither away?”	MAT
Matt	21	21	Jesus answered them, “Most certainly I tell you, if you have faith and don’t doubt, you will not only do what was done to the fig tree, but even if you told this mountain, ‘Be taken up and cast into the sea,’ it would be done.	MAT
Matt	21	22	All things, whatever you ask in prayer, believing, you will receive.”	MAT
Matt	21	23	When he had come into the temple, the chief priests and the elders of the people came to him as he was teaching, and said, “By what authority do you do these things? Who gave you this authority?”	MAT
Matt	21	24	Jesus answered them, “I also will ask you one question, which if you tell me, I likewise will tell you by what authority I do these things.	MAT
Matt	21	25	The baptism of John, where was it from? From heaven or from men?” They reasoned with themselves, saying, “If we say, ‘From heaven,’ he will ask us, ‘Why then did you not believe him?’	MAT
Matt	21	26	But if we say, ‘From men,’ we fear the multitude, for all hold John as a prophet.”	MAT
Matt	21	27	They answered Jesus, and said, “We don’t know.” He also said to them, “Neither will I tell you by what authority I do these things.	MAT
Matt	21	28	But what do you think? A man had two sons, and he came to the first, and said, ‘Son, go work today in my vineyard.’	MAT
Matt	21	29	He answered, ‘I will not,’ but afterward he changed his mind, and went.	MAT
Matt	21	30	He came to the second, and said the same thing. He answered, ‘I’m going, sir,’ but he didn’t go.	MAT
Matt	21	31	Which of the two did the will of his father?” They said to him, “The first.” Jesus said to them, “Most certainly I tell you that the tax collectors and the prostitutes are entering into God’s Kingdom before you.	MAT
Matt	21	32	For John came to you in the way of righteousness, and you didn’t believe him; but the tax collectors and the prostitutes believed him. When you saw it, you didn’t even repent afterward, that you might believe him.	MAT
Matt	21	33	“Hear another parable. There was a man who was a master of a household who planted a vineyard, set a hedge about it, dug a wine press in it, built a tower, leased it out to farmers, and went into another country.	MAT
Matt	21	34	When the season for the fruit came near, he sent his servants to the farmers to receive his fruit.	MAT
Matt	21	35	The farmers took his servants, beat one, killed another, and stoned another.	MAT
Matt	21	36	Again, he sent other servants more than the first; and they treated them the same way.	MAT
Matt	21	37	But afterward he sent to them his son, saying, ‘They will respect my son.’	MAT
Matt	21	38	But the farmers, when they saw the son, said among themselves, ‘This is the heir. Come, let’s kill him and seize his inheritance.’	MAT
Matt	21	39	So they took him and threw him out of the vineyard, then killed him.	MAT
Matt	21	40	When therefore the lord of the vineyard comes, what will he do to those farmers?”	MAT
Matt	21	41	They told him, “He will miserably destroy those miserable men, and will lease out the vineyard to other farmers who will give him the fruit in its season.”	MAT
Matt	21	42	Jesus said to them, “Did you never read in the Scriptures, ‘The stone which the builders rejected was made the head of the corner. This was from the Lord. It is marvelous in our eyes’?	MAT
Matt	21	43	“Therefore I tell you, God’s Kingdom will be taken away from you and will be given to a nation producing its fruit.	MAT
Matt	21	44	He who falls on this stone will be broken to pieces, but on whomever it will fall, it will scatter him as dust.”	MAT
Matt	21	45	When the chief priests and the Pharisees heard his parables, they perceived that he spoke about them.	MAT
Matt	21	46	When they sought to seize him, they feared the multitudes, because they considered him to be a prophet.	MAT
Matt	22	1	Jesus answered and spoke to them again in parables, saying,	MAT
Matt	22	2	“The Kingdom of Heaven is like a certain king, who made a wedding feast for his son,	MAT
Matt	22	3	and sent out his servants to call those who were invited to the wedding feast, but they would not come.	MAT
Matt	22	4	Again he sent out other servants, saying, ‘Tell those who are invited, “Behold, I have prepared my dinner. My cattle and my fatlings are killed, and all things are ready. Come to the wedding feast!”’	MAT
Matt	22	5	But they made light of it, and went their ways, one to his own farm, another to his merchandise;	MAT
Matt	22	6	and the rest grabbed his servants, treated them shamefully, and killed them.	MAT
Matt	22	7	When the king heard that, he was angry, and sent his armies, destroyed those murderers, and burned their city.	MAT
Matt	22	8	“Then he said to his servants, ‘The wedding is ready, but those who were invited weren’t worthy.	MAT
Matt	22	9	Go therefore to the intersections of the highways, and as many as you may find, invite to the wedding feast.’	MAT
Matt	22	10	Those servants went out into the highways and gathered together as many as they found, both bad and good. The wedding was filled with guests.	MAT
Matt	22	11	“But when the king came in to see the guests, he saw there a man who didn’t have on wedding clothing,	MAT
Matt	22	12	and he said to him, ‘Friend, how did you come in here not wearing wedding clothing?’ He was speechless.	MAT
Matt	22	13	Then the king said to the servants, ‘Bind him hand and foot, take him away, and throw him into the outer darkness. That is where the weeping and grinding of teeth will be.’	MAT
Matt	22	14	For many are called, but few chosen.”	MAT
Matt	22	15	Then the Pharisees went and took counsel how they might entrap him in his talk.	MAT
Matt	22	16	They sent their disciples to him, along with the Herodians, saying, “Teacher, we know that you are honest, and teach the way of God in truth, no matter whom you teach; for you aren’t partial to anyone.	MAT
Matt	22	17	Tell us therefore, what do you think? Is it lawful to pay taxes to Caesar, or not?”	MAT
Matt	22	18	But Jesus perceived their wickedness, and said, “Why do you test me, you hypocrites?	MAT
Matt	22	19	Show me the tax money.” They brought to him a denarius.	MAT
Matt	22	20	He asked them, “Whose is this image and inscription?”	MAT
Matt	22	21	They said to him, “Caesar’s.” Then he said to them, “Give therefore to Caesar the things that are Caesar’s, and to God the things that are God’s.”	MAT
Matt	22	22	When they heard it, they marveled, and left him and went away.	MAT
Matt	22	23	On that day Sadducees (those who say that there is no resurrection) came to him. They asked him,	MAT
Matt	22	24	saying, “Teacher, Moses said, ‘If a man dies, having no children, his brother shall marry his wife and raise up offspring for his brother.’	MAT
Matt	22	25	Now there were with us seven brothers. The first married and died, and having no offspring left his wife to his brother.	MAT
Matt	22	26	In the same way, the second also, and the third, to the seventh.	MAT
Matt	22	27	After them all, the woman died.	MAT
Matt	22	28	In the resurrection therefore, whose wife will she be of the seven? For they all had her.”	MAT
Matt	22	29	But Jesus answered them, “You are mistaken, not knowing the Scriptures, nor the power of God.	MAT
Matt	22	30	For in the resurrection they neither marry nor are given in marriage, but are like God’s angels in heaven.	MAT
Matt	22	31	But concerning the resurrection of the dead, haven’t you read that which was spoken to you by God, saying,	MAT
Matt	22	32	‘I am the God of Abraham, and the God of Isaac, and the God of Jacob’? God is not the God of the dead, but of the living.”	MAT
Matt	22	33	When the multitudes heard it, they were astonished at his teaching.	MAT
Matt	22	34	But the Pharisees, when they heard that he had silenced the Sadducees, gathered themselves together.	MAT
Matt	22	35	One of them, a lawyer, asked him a question, testing him.	MAT
Matt	22	36	“Teacher, which is the greatest commandment in the law?”	MAT
Matt	22	37	Jesus said to him, “‘You shall love the Lord your God with all your heart, with all your soul, and with all your mind.’	MAT
Matt	22	38	This is the first and great commandment.	MAT
Matt	22	39	A second likewise is this, ‘You shall love your neighbor as yourself.’	MAT
Matt	22	40	The whole law and the prophets depend on these two commandments.”	MAT
Matt	22	41	Now while the Pharisees were gathered together, Jesus asked them a question,	MAT
Matt	22	42	saying, “What do you think of the Christ? Whose son is he?” They said to him, “Of David.”	MAT
Matt	22	43	He said to them, “How then does David in the Spirit call him Lord, saying,	MAT
Matt	22	44	‘The Lord said to my Lord, sit on my right hand, until I make your enemies a footstool for your feet’?	MAT
Matt	22	45	“If then David calls him Lord, how is he his son?”	MAT
Matt	22	46	No one was able to answer him a word, neither did any man dare ask him any more questions from that day forward.	MAT
Matt	23	1	Then Jesus spoke to the multitudes and to his disciples,	MAT
Matt	23	2	saying, “The scribes and the Pharisees sit on Moses’ seat.	MAT
Matt	23	3	All things therefore whatever they tell you to observe, observe and do, but don’t do their works; for they say, and don’t do.	MAT
Matt	23	4	For they bind heavy burdens that are grievous to be borne, and lay them on men’s shoulders; but they themselves will not lift a finger to help them.	MAT
Matt	23	5	But they do all their works to be seen by men. They make their phylacteries broad and enlarge the fringes of their garments,	MAT
Matt	23	6	and love the place of honor at feasts, the best seats in the synagogues,	MAT
Matt	23	7	the salutations in the marketplaces, and to be called ‘Rabbi, Rabbi’ by men.	MAT
Matt	23	8	But you are not to be called ‘Rabbi’, for one is your teacher, the Christ, and all of you are brothers.	MAT
Matt	23	9	Call no man on the earth your father, for one is your Father, he who is in heaven.	MAT
Matt	23	10	Neither be called masters, for one is your master, the Christ.	MAT
Matt	23	11	But he who is greatest among you will be your servant.	MAT
Matt	23	12	Whoever exalts himself will be humbled, and whoever humbles himself will be exalted.	MAT
Matt	23	13	“Woe to you, scribes and Pharisees, hypocrites! For you devour widows’ houses, and as a pretense you make long prayers. Therefore you will receive greater condemnation.	MAT
Matt	23	14	“But woe to you, scribes and Pharisees, hypocrites! Because you shut up the Kingdom of Heaven against men; for you don’t enter in yourselves, neither do you allow those who are entering in to enter.	MAT
Matt	23	15	Woe to you, scribes and Pharisees, hypocrites! For you travel around by sea and land to make one proselyte; and when he becomes one, you make him twice as much a son of Gehenna as yourselves.	MAT
Matt	23	16	“Woe to you, you blind guides, who say, ‘Whoever swears by the temple, it is nothing; but whoever swears by the gold of the temple, he is obligated.’	MAT
Matt	23	17	You blind fools! For which is greater, the gold or the temple that sanctifies the gold?	MAT
Matt	23	18	And, ‘Whoever swears by the altar, it is nothing; but whoever swears by the gift that is on it, he is obligated.’	MAT
Matt	23	19	You blind fools! For which is greater, the gift, or the altar that sanctifies the gift?	MAT
Matt	23	20	He therefore who swears by the altar, swears by it and by everything on it.	MAT
Matt	23	21	He who swears by the temple, swears by it and by him who has been living in it.	MAT
Matt	23	22	He who swears by heaven, swears by the throne of God and by him who sits on it.	MAT
Matt	23	23	“Woe to you, scribes and Pharisees, hypocrites! For you tithe mint, dill, and cumin, and have left undone the weightier matters of the law: justice, mercy, and faith. But you ought to have done these, and not to have left the other undone.	MAT
Matt	23	24	You blind guides, who strain out a gnat, and swallow a camel!	MAT
Matt	23	25	“Woe to you, scribes and Pharisees, hypocrites! For you clean the outside of the cup and of the platter, but within they are full of extortion and unrighteousness.	MAT
Matt	23	26	You blind Pharisee, first clean the inside of the cup and of the platter, that its outside may become clean also.	MAT
Matt	23	27	“Woe to you, scribes and Pharisees, hypocrites! For you are like whitened tombs, which outwardly appear beautiful, but inwardly are full of dead men’s bones and of all uncleanness.	MAT
Matt	23	28	Even so you also outwardly appear righteous to men, but inwardly you are full of hypocrisy and iniquity.	MAT
Matt	23	29	“Woe to you, scribes and Pharisees, hypocrites! For you build the tombs of the prophets and decorate the tombs of the righteous,	MAT
Matt	23	30	and say, ‘If we had lived in the days of our fathers, we wouldn’t have been partakers with them in the blood of the prophets.’	MAT
Matt	23	31	Therefore you testify to yourselves that you are children of those who killed the prophets.	MAT
Matt	23	32	Fill up, then, the measure of your fathers.	MAT
Matt	23	33	You serpents, you offspring of vipers, how will you escape the judgment of Gehenna?	MAT
Matt	23	34	Therefore, behold, I send to you prophets, wise men, and scribes. Some of them you will kill and crucify; and some of them you will scourge in your synagogues and persecute from city to city,	MAT
Matt	23	35	that on you may come all the righteous blood shed on the earth, from the blood of righteous Abel to the blood of Zachariah son of Barachiah, whom you killed between the sanctuary and the altar.	MAT
Matt	23	36	Most certainly I tell you, all these things will come upon this generation.	MAT
Matt	23	37	“Jerusalem, Jerusalem, who kills the prophets and stones those who are sent to her! How often I would have gathered your children together, even as a hen gathers her chicks under her wings, and you would not!	MAT
Matt	23	38	Behold, your house is left to you desolate.	MAT
Matt	23	39	For I tell you, you will not see me from now on, until you say, ‘Blessed is he who comes in the name of the Lord!’”	MAT
Matt	24	1	Jesus went out from the temple, and was going on his way. His disciples came to him to show him the buildings of the temple.	MAT
Matt	24	2	But he answered them, “You see all of these things, don’t you? Most certainly I tell you, there will not be left here one stone on another, that will not be thrown down.”	MAT
Matt	24	3	As he sat on the Mount of Olives, the disciples came to him privately, saying, “Tell us, when will these things be? What is the sign of your coming, and of the end of the age?”	MAT
Matt	24	4	Jesus answered them, “Be careful that no one leads you astray.	MAT
Matt	24	5	For many will come in my name, saying, ‘I am the Christ,’ and will lead many astray.	MAT
Matt	24	6	You will hear of wars and rumors of wars. See that you aren’t troubled, for all this must happen, but the end is not yet.	MAT
Matt	24	7	For nation will rise against nation, and kingdom against kingdom; and there will be famines, plagues, and earthquakes in various places.	MAT
Matt	24	8	But all these things are the beginning of birth pains.	MAT
Matt	24	9	“Then they will deliver you up to oppression and will kill you. You will be hated by all of the nations for my name’s sake.	MAT
Matt	24	10	Then many will stumble, and will deliver up one another, and will hate one another.	MAT
Matt	24	11	Many false prophets will arise and will lead many astray.	MAT
Matt	24	12	Because iniquity will be multiplied, the love of many will grow cold.	MAT
Matt	24	13	But he who endures to the end will be saved.	MAT
Matt	24	14	This Good News of the Kingdom will be preached in the whole world for a testimony to all the nations, and then the end will come.	MAT
Matt	24	15	“When, therefore, you see the abomination of desolation, which was spoken of through Daniel the prophet, standing in the holy place (let the reader understand),	MAT
Matt	24	16	then let those who are in Judea flee to the mountains.	MAT
Matt	24	17	Let him who is on the housetop not go down to take out the things that are in his house.	MAT
Matt	24	18	Let him who is in the field not return back to get his clothes.	MAT
Matt	24	19	But woe to those who are with child and to nursing mothers in those days!	MAT
Matt	24	20	Pray that your flight will not be in the winter nor on a Sabbath,	MAT
Matt	24	21	for then there will be great suffering, such as has not been from the beginning of the world until now, no, nor ever will be.	MAT
Matt	24	22	Unless those days had been shortened, no flesh would have been saved. But for the sake of the chosen ones, those days will be shortened.	MAT
Matt	24	23	“Then if any man tells you, ‘Behold, here is the Christ!’ or, ‘There!’ don’t believe it.	MAT
Matt	24	24	For false christs and false prophets will arise, and they will show great signs and wonders, so as to lead astray, if possible, even the chosen ones.	MAT
Matt	24	25	“Behold, I have told you beforehand.	MAT
Matt	24	26	“If therefore they tell you, ‘Behold, he is in the wilderness,’ don’t go out; or ‘Behold, he is in the inner rooms,’ don’t believe it.	MAT
Matt	24	27	For as the lightning flashes from the east, and is seen even to the west, so will the coming of the Son of Man be.	MAT
Matt	24	28	For wherever the carcass is, that is where the vultures gather together.	MAT
Matt	24	29	“But immediately after the suffering of those days, the sun will be darkened, the moon will not give its light, the stars will fall from the sky, and the powers of the heavens will be shaken;	MAT
Matt	24	30	and then the sign of the Son of Man will appear in the sky. Then all the tribes of the earth will mourn, and they will see the Son of Man coming on the clouds of the sky with power and great glory.	MAT
Matt	24	31	He will send out his angels with a great sound of a trumpet, and they will gather together his chosen ones from the four winds, from one end of the sky to the other.	MAT
Matt	24	32	“Now from the fig tree learn this parable: When its branch has now become tender and produces its leaves, you know that the summer is near.	MAT
Matt	24	33	Even so you also, when you see all these things, know that he is near, even at the doors.	MAT
Matt	24	34	Most certainly I tell you, this generation will not pass away until all these things are accomplished.	MAT
Matt	24	35	Heaven and earth will pass away, but my words will not pass away.	MAT
Matt	24	36	“But no one knows of that day and hour, not even the angels of heaven, but my Father only.	MAT
Matt	24	37	As the days of Noah were, so will the coming of the Son of Man be.	MAT
Matt	24	38	For as in those days which were before the flood they were eating and drinking, marrying and giving in marriage, until the day that Noah entered into the ship,	MAT
Matt	24	39	and they didn’t know until the flood came and took them all away, so will the coming of the Son of Man be.	MAT
Matt	24	40	Then two men will be in the field: one will be taken and one will be left.	MAT
Matt	24	41	Two women will be grinding at the mill: one will be taken and one will be left.	MAT
Matt	24	42	Watch therefore, for you don’t know in what hour your Lord comes.	MAT
Matt	24	43	But know this, that if the master of the house had known in what watch of the night the thief was coming, he would have watched, and would not have allowed his house to be broken into.	MAT
Matt	24	44	Therefore also be ready, for in an hour that you don’t expect, the Son of Man will come.	MAT
Matt	24	45	“Who then is the faithful and wise servant, whom his lord has set over his household, to give them their food in due season?	MAT
Matt	24	46	Blessed is that servant whom his lord finds doing so when he comes.	MAT
Matt	24	47	Most certainly I tell you that he will set him over all that he has.	MAT
Matt	24	48	But if that evil servant should say in his heart, ‘My lord is delaying his coming,’	MAT
Matt	24	49	and begins to beat his fellow servants, and eat and drink with the drunkards,	MAT
Matt	24	50	the lord of that servant will come in a day when he doesn’t expect it and in an hour when he doesn’t know it,	MAT
Matt	24	51	and will cut him in pieces and appoint his portion with the hypocrites. That is where the weeping and grinding of teeth will be.	MAT
Matt	25	1	“Then the Kingdom of Heaven will be like ten virgins who took their lamps and went out to meet the bridegroom.	MAT
Matt	25	2	Five of them were foolish, and five were wise.	MAT
Matt	25	3	Those who were foolish, when they took their lamps, took no oil with them,	MAT
Matt	25	4	but the wise took oil in their vessels with their lamps.	MAT
Matt	25	5	Now while the bridegroom delayed, they all slumbered and slept.	MAT
Matt	25	6	But at midnight there was a cry, ‘Behold! The bridegroom is coming! Come out to meet him!’	MAT
Matt	25	7	Then all those virgins arose, and trimmed their lamps.	MAT
Matt	25	8	The foolish said to the wise, ‘Give us some of your oil, for our lamps are going out.’	MAT
Matt	25	9	But the wise answered, saying, ‘What if there isn’t enough for us and you? You go rather to those who sell, and buy for yourselves.’	MAT
Matt	25	10	While they went away to buy, the bridegroom came, and those who were ready went in with him to the wedding feast, and the door was shut.	MAT
Matt	25	11	Afterward the other virgins also came, saying, ‘Lord, Lord, open to us.’	MAT
Matt	25	12	But he answered, ‘Most certainly I tell you, I don’t know you.’	MAT
Matt	25	13	Watch therefore, for you don’t know the day nor the hour in which the Son of Man is coming.	MAT
Matt	25	14	“For it is like a man going into another country, who called his own servants and entrusted his goods to them.	MAT
Matt	25	15	To one he gave five talents, to another two, to another one, to each according to his own ability. Then he went on his journey.	MAT
Matt	25	16	Immediately he who received the five talents went and traded with them, and made another five talents.	MAT
Matt	25	17	In the same way, he also who got the two gained another two.	MAT
Matt	25	18	But he who received the one talent went away and dug in the earth and hid his lord’s money.	MAT
Matt	25	19	“Now after a long time the lord of those servants came, and settled accounts with them.	MAT
Matt	25	20	He who received the five talents came and brought another five talents, saying, ‘Lord, you delivered to me five talents. Behold, I have gained another five talents in addition to them.’	MAT
Matt	25	21	“His lord said to him, ‘Well done, good and faithful servant. You have been faithful over a few things, I will set you over many things. Enter into the joy of your lord.’	MAT
Matt	25	22	“He also who got the two talents came and said, ‘Lord, you delivered to me two talents. Behold, I have gained another two talents in addition to them.’	MAT
Matt	25	23	“His lord said to him, ‘Well done, good and faithful servant. You have been faithful over a few things. I will set you over many things. Enter into the joy of your lord.’	MAT
Matt	25	24	“He also who had received the one talent came and said, ‘Lord, I knew you that you are a hard man, reaping where you didn’t sow, and gathering where you didn’t scatter.	MAT
Matt	25	25	I was afraid, and went away and hid your talent in the earth. Behold, you have what is yours.’	MAT
Matt	25	26	“But his lord answered him, ‘You wicked and slothful servant. You knew that I reap where I didn’t sow, and gather where I didn’t scatter.	MAT
Matt	25	27	You ought therefore to have deposited my money with the bankers, and at my coming I should have received back my own with interest.	MAT
Matt	25	28	Take away therefore the talent from him and give it to him who has the ten talents.	MAT
Matt	25	29	For to everyone who has will be given, and he will have abundance, but from him who doesn’t have, even that which he has will be taken away.	MAT
Matt	25	30	Throw out the unprofitable servant into the outer darkness, where there will be weeping and gnashing of teeth.’	MAT
Matt	25	31	“But when the Son of Man comes in his glory, and all the holy angels with him, then he will sit on the throne of his glory.	MAT
Matt	25	32	Before him all the nations will be gathered, and he will separate them one from another, as a shepherd separates the sheep from the goats.	MAT
Matt	25	33	He will set the sheep on his right hand, but the goats on the left.	MAT
Matt	25	34	Then the King will tell those on his right hand, ‘Come, blessed of my Father, inherit the Kingdom prepared for you from the foundation of the world;	MAT
Matt	25	35	for I was hungry and you gave me food to eat. I was thirsty and you gave me drink. I was a stranger and you took me in.	MAT
Matt	25	36	I was naked and you clothed me. I was sick and you visited me. I was in prison and you came to me.’	MAT
Matt	25	37	“Then the righteous will answer him, saying, ‘Lord, when did we see you hungry and feed you, or thirsty and give you a drink?	MAT
Matt	25	38	When did we see you as a stranger and take you in, or naked and clothe you?	MAT
Matt	25	39	When did we see you sick or in prison and come to you?’	MAT
Matt	25	40	“The King will answer them, ‘Most certainly I tell you, because you did it to one of the least of these my brothers, you did it to me.’	MAT
Matt	25	41	Then he will say also to those on the left hand, ‘Depart from me, you cursed, into the eternal fire which is prepared for the devil and his angels;	MAT
Matt	25	42	for I was hungry, and you didn’t give me food to eat; I was thirsty, and you gave me no drink;	MAT
Matt	25	43	I was a stranger, and you didn’t take me in; naked, and you didn’t clothe me; sick, and in prison, and you didn’t visit me.’	MAT
Matt	25	44	“Then they will also answer, saying, ‘Lord, when did we see you hungry, or thirsty, or a stranger, or naked, or sick, or in prison, and didn’t help you?’	MAT
Matt	25	45	“Then he will answer them, saying, ‘Most certainly I tell you, because you didn’t do it to one of the least of these, you didn’t do it to me.’	MAT
Matt	25	46	These will go away into eternal punishment, but the righteous into eternal life.”	MAT
Matt	26	1	When Jesus had finished all these words, he said to his disciples,	MAT
Matt	26	2	“You know that after two days the Passover is coming, and the Son of Man will be delivered up to be crucified.”	MAT
Matt	26	3	Then the chief priests, the scribes, and the elders of the people were gathered together in the court of the high priest, who was called Caiaphas.	MAT
Matt	26	4	They took counsel together that they might take Jesus by deceit and kill him.	MAT
Matt	26	5	But they said, “Not during the feast, lest a riot occur among the people.”	MAT
Matt	26	6	Now when Jesus was in Bethany, in the house of Simon the leper,	MAT
Matt	26	7	a woman came to him having an alabaster jar of very expensive ointment, and she poured it on his head as he sat at the table.	MAT
Matt	26	8	But when his disciples saw this, they were indignant, saying, “Why this waste?	MAT
Matt	26	9	For this ointment might have been sold for much and given to the poor.”	MAT
Matt	26	10	However, knowing this, Jesus said to them, “Why do you trouble the woman? She has done a good work for me.	MAT
Matt	26	11	For you always have the poor with you, but you don’t always have me.	MAT
Matt	26	12	For in pouring this ointment on my body, she did it to prepare me for burial.	MAT
Matt	26	13	Most certainly I tell you, wherever this Good News is preached in the whole world, what this woman has done will also be spoken of as a memorial of her.”	MAT
Matt	26	14	Then one of the twelve, who was called Judas Iscariot, went to the chief priests	MAT
Matt	26	15	and said, “What are you willing to give me if I deliver him to you?” So they weighed out for him thirty pieces of silver.	MAT
Matt	26	16	From that time he sought opportunity to betray him.	MAT
Matt	26	17	Now on the first day of unleavened bread, the disciples came to Jesus, saying to him, “Where do you want us to prepare for you to eat the Passover?”	MAT
Matt	26	18	He said, “Go into the city to a certain person, and tell him, ‘The Teacher says, “My time is at hand. I will keep the Passover at your house with my disciples.”’”	MAT
Matt	26	19	The disciples did as Jesus commanded them, and they prepared the Passover.	MAT
Matt	26	20	Now when evening had come, he was reclining at the table with the twelve disciples.	MAT
Matt	26	21	As they were eating, he said, “Most certainly I tell you that one of you will betray me.”	MAT
Matt	26	22	They were exceedingly sorrowful, and each began to ask him, “It isn’t me, is it, Lord?”	MAT
Matt	26	23	He answered, “He who dipped his hand with me in the dish will betray me.	MAT
Matt	26	24	The Son of Man goes even as it is written of him, but woe to that man through whom the Son of Man is betrayed! It would be better for that man if he had not been born.”	MAT
Matt	26	25	Judas, who betrayed him, answered, “It isn’t me, is it, Rabbi?” He said to him, “You said it.”	MAT
Matt	26	26	As they were eating, Jesus took bread, gave thanks for it, and broke it. He gave to the disciples and said, “Take, eat; this is my body.”	MAT
Matt	26	27	He took the cup, gave thanks, and gave to them, saying, “All of you drink it,	MAT
Matt	26	28	for this is my blood of the new covenant, which is poured out for many for the remission of sins.	MAT
Matt	26	29	But I tell you that I will not drink of this fruit of the vine from now on, until that day when I drink it anew with you in my Father’s Kingdom.”	MAT
Matt	26	30	When they had sung a hymn, they went out to the Mount of Olives.	MAT
Matt	26	31	Then Jesus said to them, “All of you will be made to stumble because of me tonight, for it is written, ‘I will strike the shepherd, and the sheep of the flock will be scattered.’	MAT
Matt	26	32	But after I am raised up, I will go before you into Galilee.”	MAT
Matt	26	33	But Peter answered him, “Even if all will be made to stumble because of you, I will never be made to stumble.”	MAT
Matt	26	34	Jesus said to him, “Most certainly I tell you that tonight, before the rooster crows, you will deny me three times.”	MAT
Matt	26	35	Peter said to him, “Even if I must die with you, I will not deny you.” All of the disciples also said likewise.	MAT
Matt	26	36	Then Jesus came with them to a place called Gethsemane, and said to his disciples, “Sit here, while I go there and pray.”	MAT
Matt	26	37	He took with him Peter and the two sons of Zebedee, and began to be sorrowful and severely troubled.	MAT
Matt	26	38	Then Jesus said to them, “My soul is exceedingly sorrowful, even to death. Stay here and watch with me.”	MAT
Matt	26	39	He went forward a little, fell on his face, and prayed, saying, “My Father, if it is possible, let this cup pass away from me; nevertheless, not what I desire, but what you desire.”	MAT
Matt	26	40	He came to the disciples and found them sleeping, and said to Peter, “What, couldn’t you watch with me for one hour?	MAT
Matt	26	41	Watch and pray, that you don’t enter into temptation. The spirit indeed is willing, but the flesh is weak.”	MAT
Matt	26	42	Again, a second time he went away and prayed, saying, “My Father, if this cup can’t pass away from me unless I drink it, your desire be done.”	MAT
Matt	26	43	He came again and found them sleeping, for their eyes were heavy.	MAT
Matt	26	44	He left them again, went away, and prayed a third time, saying the same words.	MAT
Matt	26	45	Then he came to his disciples and said to them, “Are you still sleeping and resting? Behold, the hour is at hand, and the Son of Man is betrayed into the hands of sinners.	MAT
Matt	26	46	Arise, let’s be going. Behold, he who betrays me is at hand.”	MAT
Matt	26	47	While he was still speaking, behold, Judas, one of the twelve, came, and with him a great multitude with swords and clubs, from the chief priests and elders of the people.	MAT
Matt	26	48	Now he who betrayed him had given them a sign, saying, “Whoever I kiss, he is the one. Seize him.”	MAT
Matt	26	49	Immediately he came to Jesus, and said, “Greetings, Rabbi!” and kissed him.	MAT
Matt	26	50	Jesus said to him, “Friend, why are you here?” Then they came and laid hands on Jesus, and took him.	MAT
Matt	26	51	Behold, one of those who were with Jesus stretched out his hand and drew his sword, and struck the servant of the high priest, and cut off his ear.	MAT
Matt	26	52	Then Jesus said to him, “Put your sword back into its place, for all those who take the sword will die by the sword.	MAT
Matt	26	53	Or do you think that I couldn’t ask my Father, and he would even now send me more than twelve legions of angels?	MAT
Matt	26	54	How then would the Scriptures be fulfilled that it must be so?”	MAT
Matt	26	55	In that hour Jesus said to the multitudes, “Have you come out as against a robber with swords and clubs to seize me? I sat daily in the temple teaching, and you didn’t arrest me.	MAT
Matt	26	56	But all this has happened that the Scriptures of the prophets might be fulfilled.” Then all the disciples left him and fled.	MAT
Matt	26	57	Those who had taken Jesus led him away to Caiaphas the high priest, where the scribes and the elders were gathered together.	MAT
Matt	26	58	But Peter followed him from a distance to the court of the high priest, and entered in and sat with the officers, to see the end.	MAT
Matt	26	59	Now the chief priests, the elders, and the whole council sought false testimony against Jesus, that they might put him to death,	MAT
Matt	26	60	and they found none. Even though many false witnesses came forward, they found none. But at last two false witnesses came forward	MAT
Matt	26	61	and said, “This man said, ‘I am able to destroy the temple of God, and to build it in three days.’”	MAT
Matt	26	62	The high priest stood up and said to him, “Have you no answer? What is this that these testify against you?”	MAT
Matt	26	63	But Jesus stayed silent. The high priest answered him, “I adjure you by the living God that you tell us whether you are the Christ, the Son of God.”	MAT
Matt	26	64	Jesus said to him, “You have said so. Nevertheless, I tell you, after this you will see the Son of Man sitting at the right hand of Power, and coming on the clouds of the sky.”	MAT
Matt	26	65	Then the high priest tore his clothing, saying, “He has spoken blasphemy! Why do we need any more witnesses? Behold, now you have heard his blasphemy.	MAT
Matt	26	66	What do you think?” They answered, “He is worthy of death!”	MAT
Matt	26	67	Then they spat in his face and beat him with their fists, and some slapped him,	MAT
Matt	26	68	saying, “Prophesy to us, you Christ! Who hit you?”	MAT
Matt	26	69	Now Peter was sitting outside in the court, and a maid came to him, saying, “You were also with Jesus, the Galilean!”	MAT
Matt	26	70	But he denied it before them all, saying, “I don’t know what you are talking about.”	MAT
Matt	26	71	When he had gone out onto the porch, someone else saw him and said to those who were there, “This man also was with Jesus of Nazareth.”	MAT
Matt	26	72	Again he denied it with an oath, “I don’t know the man.”	MAT
Matt	26	73	After a little while those who stood by came and said to Peter, “Surely you are also one of them, for your speech makes you known.”	MAT
Matt	26	74	Then he began to curse and to swear, “I don’t know the man!” Immediately the rooster crowed.	MAT
Matt	26	75	Peter remembered the word which Jesus had said to him, “Before the rooster crows, you will deny me three times.” Then he went out and wept bitterly.	MAT
Matt	27	1	Now when morning had come, all the chief priests and the elders of the people took counsel against Jesus to put him to death.	MAT
Matt	27	2	They bound him, led him away, and delivered him up to Pontius Pilate, the governor.	MAT
Matt	27	3	Then Judas, who betrayed him, when he saw that Jesus was condemned, felt remorse, and brought back the thirty pieces of silver to the chief priests and elders,	MAT
Matt	27	4	saying, “I have sinned in that I betrayed innocent blood.” But they said, “What is that to us? You see to it.”	MAT
Matt	27	5	He threw down the pieces of silver in the sanctuary and departed. Then he went away and hanged himself.	MAT
Matt	27	6	The chief priests took the pieces of silver and said, “It’s not lawful to put them into the treasury, since it is the price of blood.”	MAT
Matt	27	7	They took counsel, and bought the potter’s field with them to bury strangers in.	MAT
Matt	27	8	Therefore that field has been called “The Field of Blood” to this day.	MAT
Matt	27	9	Then that which was spoken through Jeremiah the prophet was fulfilled, saying, “They took the thirty pieces of silver, the price of him upon whom a price had been set, whom some of the children of Israel priced,	MAT
Matt	27	10	and they gave them for the potter’s field, as the Lord commanded me.”	MAT
Matt	27	11	Now Jesus stood before the governor; and the governor asked him, saying, “Are you the King of the Jews?” Jesus said to him, “So you say.”	MAT
Matt	27	12	When he was accused by the chief priests and elders, he answered nothing.	MAT
Matt	27	13	Then Pilate said to him, “Don’t you hear how many things they testify against you?”	MAT
Matt	27	14	He gave him no answer, not even one word, so that the governor marveled greatly.	MAT
Matt	27	15	Now at the feast the governor was accustomed to release to the multitude one prisoner whom they desired.	MAT
Matt	27	16	They had then a notable prisoner called Barabbas.	MAT
Matt	27	17	When therefore they were gathered together, Pilate said to them, “Whom do you want me to release to you? Barabbas, or Jesus who is called Christ?”	MAT
Matt	27	18	For he knew that because of envy they had delivered him up.	MAT
Matt	27	19	While he was sitting on the judgment seat, his wife sent to him, saying, “Have nothing to do with that righteous man, for I have suffered many things today in a dream because of him.”	MAT
Matt	27	20	Now the chief priests and the elders persuaded the multitudes to ask for Barabbas and destroy Jesus.	MAT
Matt	27	21	But the governor answered them, “Which of the two do you want me to release to you?” They said, “Barabbas!”	MAT
Matt	27	22	Pilate said to them, “What then shall I do to Jesus who is called Christ?” They all said to him, “Let him be crucified!”	MAT
Matt	27	23	But the governor said, “Why? What evil has he done?” But they cried out exceedingly, saying, “Let him be crucified!”	MAT
Matt	27	24	So when Pilate saw that nothing was being gained, but rather that a disturbance was starting, he took water and washed his hands before the multitude, saying, “I am innocent of the blood of this righteous person. You see to it.”	MAT
Matt	27	25	All the people answered, “May his blood be on us and on our children!”	MAT
Matt	27	26	Then he released Barabbas to them, but Jesus he flogged and delivered to be crucified.	MAT
Matt	27	27	Then the governor’s soldiers took Jesus into the Praetorium, and gathered the whole garrison together against him.	MAT
Matt	27	28	They stripped him and put a scarlet robe on him.	MAT
Matt	27	29	They braided a crown of thorns and put it on his head, and a reed in his right hand; and they kneeled down before him and mocked him, saying, “Hail, King of the Jews!”	MAT
Matt	27	30	They spat on him, and took the reed and struck him on the head.	MAT
Matt	27	31	When they had mocked him, they took the robe off him, and put his clothes on him, and led him away to crucify him.	MAT
Matt	27	32	As they came out, they found a man of Cyrene, Simon by name, and they compelled him to go with them, that he might carry his cross.	MAT
Matt	27	33	When they came to a place called “Golgotha”, that is to say, “The place of a skull,”	MAT
Matt	27	34	they gave him sour wine to drink mixed with gall. When he had tasted it, he would not drink.	MAT
Matt	27	35	When they had crucified him, they divided his clothing among them, casting lots,	MAT
Matt	27	36	and they sat and watched him there.	MAT
Matt	27	37	They set up over his head the accusation against him written, “THIS IS JESUS, THE KING OF THE JEWS.”	MAT
Matt	27	38	Then there were two robbers crucified with him, one on his right hand and one on the left.	MAT
Matt	27	39	Those who passed by blasphemed him, wagging their heads	MAT
Matt	27	40	and saying, “You who destroy the temple and build it in three days, save yourself! If you are the Son of God, come down from the cross!”	MAT
Matt	27	41	Likewise the chief priests also mocking with the scribes, the Pharisees, and the elders, said,	MAT
Matt	27	42	“He saved others, but he can’t save himself. If he is the King of Israel, let him come down from the cross now, and we will believe in him.	MAT
Matt	27	43	He trusts in God. Let God deliver him now, if he wants him; for he said, ‘I am the Son of God.’”	MAT
Matt	27	44	The robbers also who were crucified with him cast on him the same reproach.	MAT
Matt	27	45	Now from the sixth hour there was darkness over all the land until the ninth hour.	MAT
Matt	27	46	About the ninth hour Jesus cried with a loud voice, saying, “Eli, Eli, lima sabachthani?” That is, “My God, my God, why have you forsaken me?”	MAT
Matt	27	47	Some of them who stood there, when they heard it, said, “This man is calling Elijah.”	MAT
Matt	27	48	Immediately one of them ran and took a sponge, filled it with vinegar, put it on a reed, and gave him a drink.	MAT
Matt	27	49	The rest said, “Let him be. Let’s see whether Elijah comes to save him.”	MAT
Matt	27	50	Jesus cried again with a loud voice, and yielded up his spirit.	MAT
Matt	27	51	Behold, the veil of the temple was torn in two from the top to the bottom. The earth quaked and the rocks were split.	MAT
Matt	27	52	The tombs were opened, and many bodies of the saints who had fallen asleep were raised;	MAT
Matt	27	53	and coming out of the tombs after his resurrection, they entered into the holy city and appeared to many.	MAT
Matt	27	54	Now the centurion and those who were with him watching Jesus, when they saw the earthquake and the things that were done, were terrified, saying, “Truly this was the Son of God!”	MAT
Matt	27	55	Many women were there watching from afar, who had followed Jesus from Galilee, serving him.	MAT
Matt	27	56	Among them were Mary Magdalene, Mary the mother of James and Joses, and the mother of the sons of Zebedee.	MAT
Matt	27	57	When evening had come, a rich man from Arimathaea named Joseph, who himself was also Jesus’ disciple, came.	MAT
Matt	27	58	This man went to Pilate and asked for Jesus’ body. Then Pilate commanded the body to be given up.	MAT
Matt	27	59	Joseph took the body and wrapped it in a clean linen cloth	MAT
Matt	27	60	and laid it in his own new tomb, which he had cut out in the rock. Then he rolled a large stone against the door of the tomb, and departed.	MAT
Matt	27	61	Mary Magdalene was there, and the other Mary, sitting opposite the tomb.	MAT
Matt	27	62	Now on the next day, which was the day after the Preparation Day, the chief priests and the Pharisees were gathered together to Pilate,	MAT
Matt	27	63	saying, “Sir, we remember what that deceiver said while he was still alive: ‘After three days I will rise again.’	MAT
Matt	27	64	Command therefore that the tomb be made secure until the third day, lest perhaps his disciples come at night and steal him away, and tell the people, ‘He is risen from the dead;’ and the last deception will be worse than the first.”	MAT
Matt	27	65	Pilate said to them, “You have a guard. Go, make it as secure as you can.”	MAT
Matt	27	66	So they went with the guard and made the tomb secure, sealing the stone.	MAT
Matt	28	1	Now after the Sabbath, as it began to dawn on the first day of the week, Mary Magdalene and the other Mary came to see the tomb.	MAT
Matt	28	2	Behold, there was a great earthquake, for an angel of the Lord descended from the sky and came and rolled away the stone from the door and sat on it.	MAT
Matt	28	3	His appearance was like lightning, and his clothing white as snow.	MAT
Matt	28	4	For fear of him, the guards shook, and became like dead men.	MAT
Matt	28	5	The angel answered the women, “Don’t be afraid, for I know that you seek Jesus, who has been crucified.	MAT
Matt	28	6	He is not here, for he has risen, just like he said. Come, see the place where the Lord was lying.	MAT
Matt	28	7	Go quickly and tell his disciples, ‘He has risen from the dead, and behold, he goes before you into Galilee; there you will see him.’ Behold, I have told you.”	MAT
Matt	28	8	They departed quickly from the tomb with fear and great joy, and ran to bring his disciples word.	MAT
Matt	28	9	As they went to tell his disciples, behold, Jesus met them, saying, “Rejoice!” They came and took hold of his feet, and worshiped him.	MAT
Matt	28	10	Then Jesus said to them, “Don’t be afraid. Go tell my brothers that they should go into Galilee, and there they will see me.”	MAT
Matt	28	11	Now while they were going, behold, some of the guards came into the city and told the chief priests all the things that had happened.	MAT
Matt	28	12	When they were assembled with the elders and had taken counsel, they gave a large amount of silver to the soldiers,	MAT
Matt	28	13	saying, “Say that his disciples came by night and stole him away while we slept.	MAT
Matt	28	14	If this comes to the governor’s ears, we will persuade him and make you free of worry.”	MAT
Matt	28	15	So they took the money and did as they were told. This saying was spread abroad among the Jews, and continues until today.	MAT
Matt	28	16	But the eleven disciples went into Galilee, to the mountain where Jesus had sent them.	MAT
Matt	28	17	When they saw him, they bowed down to him; but some doubted.	MAT
Matt	28	18	Jesus came to them and spoke to them, saying, “All authority has been given to me in heaven and on earth.	MAT
Matt	28	19	Go and make disciples of all nations, baptizing them in the name of the Father and of the Son and of the Holy Spirit,	MAT
Matt	28	20	teaching them to observe all things that I commanded you. Behold, I am with you always, even to the end of the age.” Amen.	MAT
