book	chapter	verse	text	usfm
Deut	1	1	These be the words which Moses spake unto all Israel beyond Jordan in the wilderness, in the Arabah over against Suph, between Paran, and Tophel, and Laban, and Hazeroth, and Di-zahab.	DEU
Deut	1	2	It is eleven days’ journey from Horeb by the way of mount Seir unto Kadesh-barnea.	DEU
Deut	1	3	And it came to pass in the fortieth year, in the eleventh month, on the first day of the month, that Moses spake unto the children of Israel, according unto all that the LORD had given him in commandment unto them;	DEU
Deut	1	4	after he had smitten Sihon the king of the Amorites, which dwelt in Heshbon, and Og the king of Bashan, which dwelt in Ashtaroth, at Edrei:	DEU
Deut	1	5	beyond Jordan, in the land of Moab, began Moses to declare this law, saying,	DEU
Deut	1	6	The LORD our God spake unto us in Horeb, saying, Ye have dwelt long enough in this mountain:	DEU
Deut	1	7	turn you, and take your journey, and go to the hill country of the Amorites, and unto all the places nigh thereunto, in the Arabah, in the hill country, and in the lowland, and in the South, and by the sea shore, the land of the Canaanites, and Lebanon, as far as the great river, the river Euphrates.	DEU
Deut	1	8	Behold, I have set the land before you: go in and possess the land which the LORD sware unto your fathers, to Abraham, to Isaac, and to Jacob, to give unto them and to their seed after them.	DEU
Deut	1	9	And I spake unto you at that time, saying, I am not able to bear you myself alone:	DEU
Deut	1	10	The LORD your God hath multiplied you, and, behold, ye are this day as the stars of heaven for multitude.	DEU
Deut	1	11	The LORD, the God of your fathers, make you a thousand times so many more as ye are, and bless you, as he hath promised you!	DEU
Deut	1	12	How can I myself alone bear your cumbrance, and your burden, and your strife?	DEU
Deut	1	13	Take you wise men, and understanding, and known, according to your tribes, and I will make them heads over you.	DEU
Deut	1	14	And ye answered me, and said, The thing which thou hast spoken is good for us to do.	DEU
Deut	1	15	So I took the heads of your tribes, wise men, and known, and made them heads over you, captains of thousands, and captains of hundreds, and captains of fifties, and captains of tens, and officers, according to your tribes.	DEU
Deut	1	16	And I charged your judges at that time, saying, Hear the causes between your brethren, and judge righteously between a man and his brother, and the stranger that is with him.	DEU
Deut	1	17	Ye shall not respect persons in judgment; ye shall hear the small and the great alike; ye shall not be afraid of the face of man; for the judgment is God’s: and the cause that is too hard for you ye shall bring unto me, and I will hear it.	DEU
Deut	1	18	And I commanded you at that time all the things which ye should do.	DEU
Deut	1	19	And we journeyed from Horeb, and went through all that great and terrible wilderness which ye saw, by the way to the hill country of the Amorites, as the LORD our God commanded us; and we came to Kadesh-barnea.	DEU
Deut	1	20	And I said unto you, Ye are come unto the hill country of the Amorites, which the LORD our God giveth unto us.	DEU
Deut	1	21	Behold, the LORD thy God hath set the land before thee: go up, take possession, as the LORD, the God of thy fathers, hath spoken unto thee; fear not, neither be dismayed.	DEU
Deut	1	22	And ye came near unto me every one of you, and said, Let us send men before us, that they may search the land for us, and bring us word again of the way by which we must go up, and the cities unto which we shall come.	DEU
Deut	1	23	And the thing pleased me well: and I took twelve men of you, one man for every tribe:	DEU
Deut	1	24	and they turned and went up into the mountain, and came unto the valley of Eshcol, and spied it out.	DEU
Deut	1	25	And they took of the fruit of the land in their hands, and brought it down unto us, and brought us word again, and said, It is a good land which the LORD our God giveth unto us.	DEU
Deut	1	26	Yet ye would not go up, but rebelled against the commandment of the LORD your God:	DEU
Deut	1	27	and ye murmured in your tents, and said, Because the LORD hated us, he hath brought us forth out of the land of Egypt, to deliver us into the hand of the Amorites, to destroy us.	DEU
Deut	1	28	Whither are we going up? our brethren have made our heart to melt, saying, The people is greater and taller than we; the cities are great and fenced up to heaven; and moreover we have seen the sons of the Anakim there.	DEU
Deut	1	29	Then I said unto you, Dread not, neither be afraid of them.	DEU
Deut	1	30	The LORD your God who goeth before you, he shall fight for you, according to all that he did for you in Egypt before your eyes;	DEU
Deut	1	31	and in the wilderness, where thou hast seen how that the LORD thy God bare thee, as a man doth bear his son, in all the way that ye went, until ye came unto this place.	DEU
Deut	1	32	Yet in this thing ye did not believe the LORD your God,	DEU
Deut	1	33	who went before you in the way, to seek you out a place to pitch your tents in, in fire by night, to shew you by what way ye should go, and in the cloud by day.	DEU
Deut	1	34	And the LORD heard the voice of your words, and was wroth, and sware, saying,	DEU
Deut	1	35	Surely there shall not one of these men of this evil generation see the good land, which I sware to give unto your fathers,	DEU
Deut	1	36	save Caleb the son of Jephunneh, he shall see it; and to him will I give the land that he hath trodden upon, and to his children: because he hath wholly followed the LORD.	DEU
Deut	1	37	Also the LORD was angry with me for your sakes, saying, Thou also shalt not go in thither:	DEU
Deut	1	38	Joshua the son of Nun, which standeth before thee, he shall go in thither: encourage thou him; for he shall cause Israel to inherit it.	DEU
Deut	1	39	Moreover your little ones, which ye said should be a prey, and your children, which this day have no knowledge of good or evil, they shall go in thither, and unto them will I give it, and they shall possess it.	DEU
Deut	1	40	But as for you, turn you, and take your journey into the wilderness by the way to the Red Sea.	DEU
Deut	1	41	Then ye answered and said unto me, We have sinned against the LORD, we will go up and fight, according to all that the LORD our God commanded us. And ye girded on every man his weapons of war, and were forward to go up into the mountain.	DEU
Deut	1	42	And the LORD said unto me, Say unto them, Go not up, neither fight; for I am not among you; lest ye be smitten before your enemies.	DEU
Deut	1	43	So I spake unto you, and ye hearkened not; but ye rebelled against the commandment of the LORD, and were presumptuous, and went up into the mountain.	DEU
Deut	1	44	And the Amorites, which dwelt in that mountain, came out against you, and chased you, as bees do, and beat you down in Seir, even unto Hormah.	DEU
Deut	1	45	And ye returned and wept before the LORD; but the LORD hearkened not to your voice, nor gave ear unto you.	DEU
Deut	1	46	So ye abode in Kadesh many days, according unto the days that ye abode there.	DEU
Deut	2	1	Then we turned, and took our journey into the wilderness by the way to the Red Sea, as the LORD spake unto me: and we compassed mount Seir many days.	DEU
Deut	2	2	And the LORD spake unto me, saying,	DEU
Deut	2	3	Ye have compassed this mountain long enough: turn you northward.	DEU
Deut	2	4	And command thou the people, saying, Ye are to pass through the border of your brethren the children of Esau, which dwell in Seir; and they shall be afraid of you: take ye good heed unto yourselves therefore:	DEU
Deut	2	5	contend not with them; for I will not give you of their land, no, not so much as for the sole of the foot to tread on: because I have given mount Seir unto Esau for a possession.	DEU
Deut	2	6	Ye shall purchase food of them for money, that ye may eat; and ye shall also buy water of them for money, that ye may drink.	DEU
Deut	2	7	For the LORD thy God hath blessed thee in all the work of thy hand: he hath known thy walking through this great wilderness: these forty years the LORD thy God hath been with thee; thou hast lacked nothing.	DEU
Deut	2	8	So we passed by from our brethren the children of Esau, which dwell in Seir, from the way of the Arabah from Elath and from Ezion-geber. And we turned and passed by the way of the wilderness of Moab.	DEU
Deut	2	9	And the LORD said unto me, Vex not Moab, neither contend with them in battle: for I will not give thee of his land for a possession; because I have given Ar unto the children of Lot for a possession.	DEU
Deut	2	10	(The Emim dwelt therein aforetime, a people great, and many, and tall, as the Anakim:	DEU
Deut	2	11	these also are accounted Rephaim, as the Anakim; but the Moabites call them Emim.	DEU
Deut	2	12	The Horites also dwelt in Seir aforetime, but the children of Esau succeeded them; and they destroyed them from before them, and dwelt in their stead; as Israel did unto the land of his possession, which the LORD gave unto them.)	DEU
Deut	2	13	Now rise up, and get you over the brook Zered. And we went over the brook Zered.	DEU
Deut	2	14	And the days in which we came from Kadesh-barnea, until we were come over the brook Zered, were thirty and eight years; until all the generation of the men of war were consumed from the midst of the camp, as the LORD sware unto them.	DEU
Deut	2	15	Moreover the hand of the LORD was against them, to destroy them from the midst of the camp, until they were consumed.	DEU
Deut	2	16	So it came to pass, when all the men of war were consumed and dead from among the people,	DEU
Deut	2	17	that the LORD spake unto me, saying,	DEU
Deut	2	18	Thou art this day to pass over Ar, the border of Moab:	DEU
Deut	2	19	and when thou comest nigh over against the children of Ammon, vex them not, nor contend with them: for I will not give thee of the land of the children of Ammon for a possession: because I have given it unto the children of Lot for a possession.	DEU
Deut	2	20	(That also is accounted a land of Rephaim: Rephaim dwelt therein aforetime; but the Ammonites call them Zamzummim;	DEU
Deut	2	21	a people great, and many, and tall, as the Anakim; but the LORD destroyed them before them; and they succeeded them, and dwelt in their stead:	DEU
Deut	2	22	as he did for the children of Esau, which dwell in Seir, when he destroyed the Horites from before them; and they succeeded them, and dwelt in their stead even unto this day:	DEU
Deut	2	23	and the Avvim which dwelt in villages as far as Gaza, the Caphtorim, which came forth out of Caphtor, destroyed them, and dwelt in their stead.)	DEU
Deut	2	24	Rise ye up, take your journey, and pass over the valley of Arnon: behold, I have given into thine hand Sihon the Amorite, king of Heshbon, and his land: begin to possess it, and contend with him in battle.	DEU
Deut	2	25	This day will I begin to put the dread of thee and the fear of thee upon the peoples that are under the whole heaven, who shall hear the report of thee, and shall tremble, and be in anguish because of thee.	DEU
Deut	2	26	And I sent messengers out of the wilderness of Kedemoth unto Sihon king of Heshbon with words of peace, saying,	DEU
Deut	2	27	Let me pass through thy land: I will go along by the highway, I will neither turn unto the right hand nor to the left.	DEU
Deut	2	28	Thou shalt sell me food for money, that I may eat; and give me water for money, that I may drink: only let me pass through on my feet;	DEU
Deut	2	29	as the children of Esau which dwell in Seir, and the Moabites which dwell in Ar, did unto me; until I shall pass over Jordan into the land which the LORD our God giveth us.	DEU
Deut	2	30	But Sihon king of Heshbon would not let us pass by him: for the LORD thy God hardened his spirit, and made his heart obstinate, that he might deliver him into thy hand, as at this day.	DEU
Deut	2	31	And the LORD said unto me, Behold, I have begun to deliver up Sihon and his land before thee: begin to possess, that thou mayest inherit his land.	DEU
Deut	2	32	Then Sihon came out against us, he and all his people, unto battle at Jahaz.	DEU
Deut	2	33	And the LORD our God delivered him up before us; and we smote him, and his sons, and all his people.	DEU
Deut	2	34	And we took all his cities at that time, and utterly destroyed every inhabited city, with the women and the little ones; we left none remaining:	DEU
Deut	2	35	only the cattle we took for a prey unto ourselves, with the spoil of the cities which we had taken.	DEU
Deut	2	36	From Aroer, which is on the edge of the valley of Arnon, and from the city that is in the valley, even unto Gilead, there was not a city too high for us: the LORD our God delivered up all before us:	DEU
Deut	2	37	only to the land of the children of Ammon thou camest not near; all the side of the river Jabbok, and the cities of the hill country, and wheresoever the LORD our God forbade us.	DEU
Deut	3	1	Then we turned, and went up the way to Bashan: and Og the king of Bashan came out against us, he and all his people, unto battle at Edrei.	DEU
Deut	3	2	And the LORD said unto me, Fear him not: for I have delivered him, and all his people, and his land, into thy hand; and thou shalt do unto him as thou didst unto Sihon king of the Amorites, which dwelt at Heshbon.	DEU
Deut	3	3	So the LORD our God delivered into our hand Og also, the king of Bashan, and all his people: and we smote him until none was left to him remaining.	DEU
Deut	3	4	And we took all his cities at that time; there was not a city which we took not from them; threescore cities, all the region of Argob, the kingdom of Og in Bashan.	DEU
Deut	3	5	All these were cities fenced with high walls, gates, and bars; beside the unwalled towns a great many.	DEU
Deut	3	6	And we utterly destroyed them, as we did unto Sihon king of Heshbon, utterly destroying every inhabited city, with the women and the little ones.	DEU
Deut	3	7	But all the cattle, and the spoil of the cities, we took for a prey unto ourselves.	DEU
Deut	3	8	And we took the land at that time out of the hand of the two kings of the Amorites that were beyond Jordan, from the valley of Arnon unto mount Hermon;	DEU
Deut	3	9	(which Hermon the Sidonians call Sirion, and the Amorites call it Senir;)	DEU
Deut	3	10	all the cities of the plain, and all Gilead, and all Bashan, unto Salecah and Edrei, cities of the kingdom of Og in Bashan.	DEU
Deut	3	11	(For only Og king of Bashan remained of the remnant of the Rephaim; behold, his bedstead was a bedstead of iron; is it not in Rabbah of the children of Ammon? nine cubits was the length thereof, and four cubits the breadth of it, after the cubit of a man.)	DEU
Deut	3	12	And this land we took in possession at that time: from Aroer, which is by the valley of Arnon, and half the hill country of Gilead, and the cities thereof, gave I unto the Reubenites and to the Gadites:	DEU
Deut	3	13	and the rest of Gilead, and all Bashan, the kingdom of Og, gave I unto the half tribe of Manasseh; all the region of Argob, even all Bashan. (The same is called the land of Rephaim.	DEU
Deut	3	14	Jair the son of Manasseh took all the region of Argob, unto the border of the Geshurites and the Maacathites; and called them, even Bashan, after his own name, Havvoth-jair, unto this day.)	DEU
Deut	3	15	And I gave Gilead unto Machir.	DEU
Deut	3	16	And unto the Reubenites and unto the Gadites I gave from Gilead even unto the valley of Arnon, the middle of the valley, and the border thereof; even unto the river Jabbok, which is the border of the children of Ammon;	DEU
Deut	3	17	the Arabah also, and Jordan and the border thereof, from Chinnereth even unto the sea of the Arabah, the Salt Sea, under the slopes of Pisgah eastward.	DEU
Deut	3	18	And I commanded you at that time, saying, The LORD your God hath given you this land to possess it: ye shall pass over armed before your brethren the children of Israel, all the men of valour.	DEU
Deut	3	19	But your wives, and your little ones, and your cattle, (I know that ye have much cattle,) shall abide in your cities which I have given you;	DEU
Deut	3	20	until the LORD give rest unto your brethren, as unto you, and they also possess the land which the LORD your God giveth them beyond Jordan: then shall ye return every man unto his possession, which I have given you.	DEU
Deut	3	21	And I commanded Joshua at that time, saying, Thine eyes have seen all that the LORD your God hath done unto these two kings: so shall the LORD do unto all the kingdoms whither thou goest over.	DEU
Deut	3	22	Ye shall not fear them: for the LORD your God, he it is that fighteth for you.	DEU
Deut	3	23	And I besought the LORD at that time, saying,	DEU
Deut	3	24	O Lord GOD, thou hast begun to shew thy servant thy greatness, and thy strong hand: for what god is there in heaven or in earth, that can do according to thy works, and according to thy mighty acts?	DEU
Deut	3	25	Let me go over, I pray thee, and see the good land that is beyond Jordan, that goodly mountain, and Lebanon.	DEU
Deut	3	26	But the LORD was wroth with me for your sakes, and hearkened not unto me: and the LORD said unto me, Let it suffice thee; speak no more unto me of this matter.	DEU
Deut	3	27	Get thee up into the top of Pisgah, and lift up thine eyes westward, and northward, and southward, and eastward, and behold with thine eyes: for thou shalt not go over this Jordan.	DEU
Deut	3	28	But charge Joshua, and encourage him, and strengthen him: for he shall go over before this people, and he shall cause them to inherit the land which thou shalt see.	DEU
Deut	3	29	So we abode in the valley over against Beth-peor.	DEU
Deut	4	1	And now, O Israel, hearken unto the statutes and unto the judgments, which I teach you, for to do them; that ye may live, and go in and possess the land which the LORD, the God of your fathers, giveth you.	DEU
Deut	4	2	Ye shall not add unto the word which I command you, neither shall ye diminish from it, that ye may keep the commandments of the LORD your God which I command you.	DEU
Deut	4	3	Your eyes have seen what the LORD did because of Baal-peor: for all the men that followed Baal-peor, the LORD thy God hath destroyed them from the midst of thee.	DEU
Deut	4	4	But ye that did cleave unto the LORD your God are alive every one of you this day.	DEU
Deut	4	5	Behold, I have taught you statutes and judgments, even as the LORD my God commanded me, that ye should do so in the midst of the land whither ye go in to possess it.	DEU
Deut	4	6	Keep therefore and do them; for this is your wisdom and your understanding in the sight of the peoples, which shall hear all these statutes, and say, Surely this great nation is a wise and understanding people.	DEU
Deut	4	7	For what great nation is there, that hath a god so nigh unto them, as the LORD our God is whensoever we call upon him?	DEU
Deut	4	8	And what great nation is there, that hath statutes and judgments so righteous as all this law, which I set before you this day?	DEU
Deut	4	9	Only take heed to thyself, and keep thy soul diligently, lest thou forget the things which thine eyes saw, and lest they depart from thy heart all the days of thy life; but make them known unto thy children and thy children’s children;	DEU
Deut	4	10	the day that thou stoodest before the LORD thy God in Horeb, when the LORD said unto me, Assemble me the people, and I will make them hear my words, that they may learn to fear me all the days that they live upon the earth, and that they may teach their children.	DEU
Deut	4	11	And ye came near and stood under the mountain; and the mountain burned with fire unto the heart of heaven, with darkness, cloud, and thick darkness.	DEU
Deut	4	12	And the LORD spake unto you out of the midst of the fire: ye heard the voice of words, but ye saw no form; only ye heard a voice.	DEU
Deut	4	13	And he declared unto you his covenant, which he commanded you to perform, even the ten commandments; and he wrote them upon two tables of stone.	DEU
Deut	4	14	And the LORD commanded me at that time to teach you statutes and judgments, that ye might do them in the land whither ye go over to possess it.	DEU
Deut	4	15	Take ye therefore good heed unto yourselves; for ye saw no manner of form on the day that the LORD spake unto you in Horeb out of the midst of the fire:	DEU
Deut	4	16	lest ye corrupt yourselves, and make you a graven image in the form of any figure, the likeness of male or female,	DEU
Deut	4	17	the likeness of any beast that is on the earth, the likeness of any winged fowl that flieth in the heaven,	DEU
Deut	4	18	the likeness of any thing that creepeth on the ground, the likeness of any fish that is in the water under the earth:	DEU
Deut	4	19	and lest thou lift up thine eyes unto heaven, and when thou seest the sun and the moon and the stars, even all the host of heaven, thou be drawn away and worship them, and serve them, which the LORD thy God hath divided unto all the peoples under the whole heaven.	DEU
Deut	4	20	But the LORD hath taken you, and brought you forth out of the iron furnace, out of Egypt, to be unto him a people of inheritance, as at this day.	DEU
Deut	4	21	Furthermore the LORD was angry with me for your sakes, and sware that I should not go over Jordan, and that I should not go in unto that good land, which the LORD thy God giveth thee for an inheritance:	DEU
Deut	4	22	but I must die in this land, I must not go over Jordan: but ye shall go over, and possess that good land.	DEU
Deut	4	23	Take heed unto yourselves, lest ye forget the covenant of the LORD your God, which he made with you, and make you a graven image in the form of any thing which the LORD thy God hath forbidden thee.	DEU
Deut	4	24	For the LORD thy God is a devouring fire, a jealous God.	DEU
Deut	4	25	When thou shalt beget children, and children’s children, and ye shall have been long in the land, and shall corrupt yourselves, and make a graven image in the form of any thing, and shall do that which is evil in the sight of the LORD thy God, to provoke him to anger:	DEU
Deut	4	26	I call heaven and earth to witness against you this day, that ye shall soon utterly perish from off the land whereunto ye go over Jordan to possess it; ye shall not prolong your days upon it, but shall utterly be destroyed.	DEU
Deut	4	27	And the LORD shall scatter you among the peoples, and ye shall be left few in number among the nations, whither the LORD shall lead you away.	DEU
Deut	4	28	And there ye shall serve gods, the work of men’s hands, wood and stone, which neither see, nor hear, nor eat, nor smell.	DEU
Deut	4	29	But if from thence ye shall seek the LORD thy God, thou shalt find him, if thou search after him with all thy heart and with all thy soul.	DEU
Deut	4	30	When thou art in tribulation, and all these things are come upon thee, in the latter days thou shalt return to the LORD thy God, and hearken unto his voice:	DEU
Deut	4	31	for the LORD thy God is a merciful God; he will not fail thee, neither destroy thee, nor forget the covenant of thy fathers which he sware unto them.	DEU
Deut	4	32	For ask now of the days that are past, which were before thee, since the day that God created man upon the earth, and from the one end of heaven unto the other, whether there hath been any such thing as this great thing is, or hath been heard like it?	DEU
Deut	4	33	Did ever people hear the voice of God speaking out of the midst of the fire, as thou hast heard, and live?	DEU
Deut	4	34	Or hath God assayed to go and take him a nation from the midst of another nation, by temptations, by signs, and by wonders, and by war, and by a mighty hand, and by a stretched out arm, and by great terrors, according to all that the LORD your God did for you in Egypt before your eyes?	DEU
Deut	4	35	Unto thee it was shewed, that thou mightest know that the LORD he is God; there is none else beside him.	DEU
Deut	4	36	Out of heaven he made thee to hear his voice, that he might instruct thee: and upon earth he made thee to see his great fire; and thou heardest his words out of the midst of the fire.	DEU
Deut	4	37	And because he loved thy fathers, therefore he chose their seed after them, and brought thee out with his presence, with his great power, out of Egypt;	DEU
Deut	4	38	to drive out nations from before thee greater and mightier than thou, to bring thee in, to give thee their land for an inheritance, as at this day.	DEU
Deut	4	39	Know therefore this day, and lay it to thine heart, that the LORD he is God in heaven above and upon the earth beneath: there is none else.	DEU
Deut	4	40	And thou shalt keep his statutes, and his commandments, which I command thee this day, that it may go well with thee, and with thy children after thee, and that thou mayest prolong thy days upon the land, which the LORD thy God giveth thee, for ever.	DEU
Deut	4	41	Then Moses separated three cities beyond Jordan toward the sunrising;	DEU
Deut	4	42	that the manslayer might flee thither, which slayeth his neighbour unawares, and hated him not in time past; and that fleeing unto one of these cities he might live:	DEU
Deut	4	43	namely, Bezer in the wilderness, in the plain country, for the Reubenites; and Ramoth in Gilead, for the Gadites; and Golan in Bashan, for the Manassites.	DEU
Deut	4	44	And this is the law which Moses set before the children of Israel:	DEU
Deut	4	45	these are the testimonies, and the statutes, and the judgments, which Moses spake unto the children of Israel, when they came forth out of Egypt;	DEU
Deut	4	46	beyond Jordan, in the valley over against Beth-peor, in the land of Sihon king of the Amorites, who dwelt at Heshbon, whom Moses and the children of Israel smote, when they came forth out of Egypt:	DEU
Deut	4	47	and they took his land in possession, and the land of Og king of Bashan, the two kings of the Amorites, which were beyond Jordan toward the sunrising;	DEU
Deut	4	48	from Aroer, which is on the edge of the valley of Arnon, even unto mount Sion (the same is Hermon),	DEU
Deut	4	49	and all the Arabah beyond Jordan eastward, even unto the sea of the Arabah, under the slopes of Pisgah.	DEU
Deut	5	1	And Moses called unto all Israel, and said unto them, Hear, O Israel, the statutes and the judgments which I speak in your ears this day, that ye may learn them, and observe to do them.	DEU
Deut	5	2	The LORD our God made a covenant with us in Horeb.	DEU
Deut	5	3	The LORD made not this covenant with our fathers, but with us, even us, who are all of us here alive this day.	DEU
Deut	5	4	The LORD spake with you face to face in the mount out of the midst of the fire,	DEU
Deut	5	5	(I stood between the LORD and you at that time, to shew you the word of the LORD: for ye were afraid because of the fire, and went not up into the mount;) saying,	DEU
Deut	5	6	I am the LORD thy God, which brought thee out of the land of Egypt, out of the house of bondage.	DEU
Deut	5	7	Thou shalt have none other gods before me.	DEU
Deut	5	8	Thou shalt not make unto thee a graven image, the likeness of any form that is in heaven above, or that is in the earth beneath, or that is in the water under the earth:	DEU
Deut	5	9	thou shalt not bow down thyself unto them, nor serve them: for I the LORD thy God am a jealous God, visiting the iniquity of the fathers upon the children, and upon the third and upon the fourth generation of them that hate me;	DEU
Deut	5	10	and shewing mercy unto thousands, of them that love me and keep my commandments.	DEU
Deut	5	11	Thou shalt not take the name of the LORD thy God in vain: for the LORD will not hold him guiltless that taketh his name in vain.	DEU
Deut	5	12	Observe the sabbath day, to keep it holy, as the LORD thy God commanded thee.	DEU
Deut	5	13	Six days shalt thou labour, and do all thy work:	DEU
Deut	5	14	but the seventh day is a sabbath unto the LORD thy God: in it thou shalt not do any work, thou, nor thy son, nor thy daughter, nor thy manservant nor thy maidservant, nor thine ox, nor thine ass, nor any of thy cattle, nor thy stranger that is within thy gates; that thy manservant and thy maidservant may rest as well as thou.	DEU
Deut	5	15	And thou shalt remember that thou wast a servant in the land of Egypt, and the LORD thy God brought thee out thence by a mighty hand and by a stretched out arm: therefore the LORD thy God commanded thee to keep the sabbath day.	DEU
Deut	5	16	Honour thy father and thy mother, as the LORD thy God commanded thee: that thy days may be long, and that it may go well with thee, upon the land which the LORD thy God giveth thee.	DEU
Deut	5	17	Thou shalt do no murder.	DEU
Deut	5	18	Neither shalt thou commit adultery.	DEU
Deut	5	19	Neither shalt thou steal.	DEU
Deut	5	20	Neither shalt thou bear false witness against thy neighbour.	DEU
Deut	5	21	Neither shalt thou covet thy neighbour’s wife; neither shalt thou desire thy neighbour’s house, his field, or his manservant, or his maidservant, his ox, or his ass, or any thing that is thy neighbour’s.	DEU
Deut	5	22	These words the LORD spake unto all your assembly in the mount out of the midst of the fire, of the cloud, and of the thick darkness, with a great voice: and he added no more. And he wrote them upon two tables of stone, and gave them unto me.	DEU
Deut	5	23	And it came to pass, when ye heard the voice out of the midst of the darkness, while the mountain did burn with fire, that ye came near unto me, even all the heads of your tribes, and your elders;	DEU
Deut	5	24	and ye said, Behold, the LORD our God hath shewed us his glory and his greatness, and we have heard his voice out of the midst of the fire: we have seen this day that God doth speak with man, and he liveth.	DEU
Deut	5	25	Now therefore why should we die? for this great fire will consume us: if we hear the voice of the LORD our God any more, then we shall die.	DEU
Deut	5	26	For who is there of all flesh, that hath heard the voice of the living God speaking out of the midst of the fire, as we have, and lived?	DEU
Deut	5	27	Go thou near, and hear all that the LORD our God shall say: and speak thou unto us all that the LORD our God shall speak unto thee; and we will hear it, and do it.	DEU
Deut	5	28	And the LORD heard the voice of your words, when ye spake unto me; and the LORD said unto me, I have heard the voice of the words of this people, which they have spoken unto thee: they have well said all that they have spoken.	DEU
Deut	5	29	Oh that there were such an heart in them, that they would fear me, and keep all my commandments always, that it might be well with them, and with their children for ever!	DEU
Deut	5	30	Go say to them, Return ye to your tents.	DEU
Deut	5	31	But as for thee, stand thou here by me, and I will speak unto thee all the commandment, and the statutes, and the judgments, which thou shalt teach them, that they may do them in the land which I give them to possess it.	DEU
Deut	5	32	Ye shall observe to do therefore as the LORD your God hath commanded you: ye shall not turn aside to the right hand or to the left.	DEU
Deut	5	33	Ye shall walk in all the way which the LORD your God hath commanded you, that ye may live, and that it may be well with you, and that ye may prolong your days in the land which ye shall possess.	DEU
Deut	6	1	Now this is the commandment, the statutes, and the judgments, which the LORD your God commanded to teach you, that ye might do them in the land whither ye go over to possess it:	DEU
Deut	6	2	that thou mightest fear the LORD thy God, to keep all his statutes and his commandments, which I command thee, thou, and thy son, and thy son’s son, all the days of thy life; and that thy days may be prolonged.	DEU
Deut	6	3	Hear therefore, O Israel, and observe to do it; that it may be well with thee, and that ye may increase mightily, as the LORD, the God of thy fathers, hath promised unto thee, in a land flowing with milk and honey.	DEU
Deut	6	4	Hear, O Israel: the LORD our God is one LORD:	DEU
Deut	6	5	and thou shalt love the LORD thy God with all thine heart, and with all thy soul, and with all thy might.	DEU
Deut	6	6	And these words, which I command thee this day, shall be upon thine heart:	DEU
Deut	6	7	and thou shalt teach them diligently unto thy children, and shalt talk of them when thou sittest in thine house, and when thou walkest by the way, and when thou liest down, and when thou risest up.	DEU
Deut	6	8	And thou shalt bind them for a sign upon thine hand, and they shall be for frontlets between thine eyes.	DEU
Deut	6	9	And thou shalt write them upon the door posts of thy house, and upon thy gates.	DEU
Deut	6	10	And it shall be, when the LORD thy God shall bring thee into the land which he sware unto thy fathers, to Abraham, to Isaac, and to Jacob, to give thee; great and goodly cities, which thou buildedst not,	DEU
Deut	6	11	and houses full of all good things, which thou filledst not, and cisterns hewn out, which thou hewedst not, vineyards and olive trees, which thou plantedst not, and thou shalt eat and be full;	DEU
Deut	6	12	then beware lest thou forget the LORD, which brought thee forth out of the land of Egypt, out of the house of bondage.	DEU
Deut	6	13	Thou shalt fear the LORD thy God; and him shalt thou serve, and shalt swear by his name.	DEU
Deut	6	14	Ye shall not go after other gods, of the gods of the peoples which are round about you;	DEU
Deut	6	15	for the LORD thy God in the midst of thee is a jealous God; lest the anger of the LORD thy God be kindled against thee, and he destroy thee from off the face of the earth.	DEU
Deut	6	16	Ye shall not tempt the LORD your God, as ye tempted him in Massah.	DEU
Deut	6	17	Ye shall diligently keep the commandments of the LORD your God, and his testimonies, and his statutes, which he hath commanded thee.	DEU
Deut	6	18	And thou shalt do that which is right and good in the sight of the LORD: that it may be well with thee, and that thou mayest go in and possess the good land which the LORD sware unto thy fathers,	DEU
Deut	6	19	to thrust out all thine enemies from before thee, as the LORD hath spoken.	DEU
Deut	6	20	When thy son asketh thee in time to come, saying, What mean the testimonies, and the statutes, and the judgments, which the LORD our God hath commanded you?	DEU
Deut	6	21	then thou shalt say unto thy son, We were Pharaoh’s bondmen in Egypt; and the LORD brought us out of Egypt with a mighty hand:	DEU
Deut	6	22	and the LORD shewed signs and wonders, great and sore, upon Egypt, upon Pharaoh, and upon all his house, before our eyes:	DEU
Deut	6	23	and he brought us out from thence, that he might bring us in, to give us the land which he sware unto our fathers.	DEU
Deut	6	24	And the LORD commanded us to do all these statutes, to fear the LORD our God, for our good always, that he might preserve us alive, as at this day.	DEU
Deut	6	25	And it shall be righteousness unto us, if we observe to do all this commandment before the LORD our God, as he hath commanded us.	DEU
Deut	7	1	When the LORD thy God shall bring thee into the land whither thou goest to possess it, and shall cast out many nations before thee, the Hittite, and the Girgashite, and the Amorite, and the Canaanite, and the Perizzite, and the Hivite, and the Jebusite, seven nations greater and mightier than thou;	DEU
Deut	7	2	and when the LORD thy God shall deliver them up before thee, and thou shalt smite them; then thou shalt utterly destroy them; thou shalt make no covenant with them, nor shew mercy unto them:	DEU
Deut	7	3	neither shalt thou make marriages with them; thy daughter thou shalt not give unto his son, nor his daughter shalt thou take unto thy son.	DEU
Deut	7	4	For he will turn away thy son from following me, that they may serve other gods: so will the anger of the LORD be kindled against you, and he will destroy thee quickly.	DEU
Deut	7	5	But thus shall ye deal with them; ye shall break down their altars, and dash in pieces their pillars, and hew down their Asherim, and burn their graven images with fire.	DEU
Deut	7	6	For thou art an holy people unto the LORD thy God: the LORD thy God hath chosen thee to be a peculiar people unto himself, above all peoples that are upon the face of the earth.	DEU
Deut	7	7	The LORD did not set his love upon you, nor choose you, because ye were more in number than any people; for ye were the fewest of all peoples:	DEU
Deut	7	8	but because the LORD loveth you, and because he would keep the oath which he sware unto your fathers, hath the LORD brought you out with a mighty hand, and redeemed you out of the house of bondage, from the hand of Pharaoh king of Egypt.	DEU
Deut	7	9	Know therefore that the LORD thy God, he is God; the faithful God, which keepeth covenant and mercy with them that love him and keep his commandments to a thousand generations;	DEU
Deut	7	10	and repayeth them that hate him to their face, to destroy them: he will not be slack to him that hateth him, he will repay him to his face.	DEU
Deut	7	11	Thou shalt therefore keep the commandment, and the statutes, and the judgments, which I command thee this day, to do them.	DEU
Deut	7	12	And it shall come to pass, because ye hearken to these judgments, and keep, and do them, that the LORD thy God shall keep with thee the covenant and the mercy which he sware unto thy fathers:	DEU
Deut	7	13	and he will love thee, and bless thee, and multiply thee: he will also bless the fruit of thy body and the fruit of thy ground, thy corn and thy wine and thine oil, the increase of thy kine and the young of thy flock, in the land which he sware unto thy fathers to give thee.	DEU
Deut	7	14	Thou shalt be blessed above all peoples: there shall not be male or female barren among you, or among your cattle.	DEU
Deut	7	15	And the LORD will take away from thee all sickness; and he will put none of the evil diseases of Egypt, which thou knowest, upon thee, but will lay them upon all them that hate thee.	DEU
Deut	7	16	And thou shalt consume all the peoples which the LORD thy God shall deliver unto thee; thine eye shall not pity them: neither shalt thou serve their gods; for that will be a snare unto thee.	DEU
Deut	7	17	If thou shalt say in thine heart, These nations are more than I; how can I dispossess them?	DEU
Deut	7	18	thou shalt not be afraid of them: thou shalt well remember what the LORD thy God did unto Pharaoh, and unto all Egypt;	DEU
Deut	7	19	the great temptations which thine eyes saw, and the signs, and the wonders, and the mighty hand, and the stretched out arm, whereby the LORD thy God brought thee out: so shall the LORD thy God do unto all the peoples of whom thou art afraid.	DEU
Deut	7	20	Moreover the LORD thy God will send the hornet among them, until they that are left, and hide themselves, perish from before thee.	DEU
Deut	7	21	Thou shalt not be affrighted at them: for the LORD thy God is in the midst of thee, a great God and a terrible.	DEU
Deut	7	22	And the LORD thy God will cast out those nations before thee by little and little: thou mayest not consume them at once, lest the beasts of the field increase upon thee.	DEU
Deut	7	23	But the LORD thy God shall deliver them up before thee, and shall discomfit them with a great discomfiture, until they be destroyed.	DEU
Deut	7	24	And he shall deliver their kings into thine hand, and thou shalt make their name to perish from under heaven: there shall no man be able to stand before thee, until thou have destroyed them.	DEU
Deut	7	25	The graven images of their gods shall ye burn with fire: thou shalt not covet the silver or the gold that is on them, nor take it unto thee, lest thou be snared therein: for it is an abomination to the LORD thy God:	DEU
Deut	7	26	and thou shalt not bring an abomination into thine house, and become a devoted thing like unto it: thou shalt utterly detest it, and thou shalt utterly abhor it; for it is a devoted thing.	DEU
Deut	8	1	All the commandment which I command thee this day shall ye observe to do, that ye may live, and multiply, and go in and possess the land which the LORD sware unto your fathers.	DEU
Deut	8	2	And thou shalt remember all the way which the LORD thy God hath led thee these forty years in the wilderness, that he might humble thee, to prove thee, to know what was in thine heart, whether thou wouldest keep his commandments, or no.	DEU
Deut	8	3	And he humbled thee, and suffered thee to hunger, and fed thee with manna, which thou knewest not, neither did thy fathers know; that he might make thee know that man doth not live by bread only, but by every thing that proceedeth out of the mouth of the LORD doth man live.	DEU
Deut	8	4	Thy raiment waxed not old upon thee, neither did thy foot swell, these forty years.	DEU
Deut	8	5	And thou shalt consider in thine heart, that, as a man chasteneth his son, so the LORD thy God chasteneth thee.	DEU
Deut	8	6	And thou shalt keep the commandments of the LORD thy God, to walk in his ways, and to fear him.	DEU
Deut	8	7	For the LORD thy God bringeth thee into a good land, a land of brooks of water, of fountains and depths, springing forth in valleys and hills;	DEU
Deut	8	8	a land of wheat and barley, and vines and fig trees and pomegranates; a land of oil olives and honey;	DEU
Deut	8	9	a land wherein thou shalt eat bread without scarceness, thou shalt not lack any thing in it; a land whose stones are iron, and out of whose hills thou mayest dig brass.	DEU
Deut	8	10	And thou shalt eat and be full, and thou shalt bless the LORD thy God for the good land which he hath given thee.	DEU
Deut	8	11	Beware lest thou forget the LORD thy God, in not keeping his commandments, and his judgments, and his statutes, which I command thee this day:	DEU
Deut	8	12	lest when thou hast eaten and art full, and hast built goodly houses, and dwelt therein;	DEU
Deut	8	13	and when thy herds and thy flocks multiply, and thy silver and thy gold is multiplied, and all that thou hast is multiplied;	DEU
Deut	8	14	then thine heart be lifted up, and thou forget the LORD thy God, which brought thee forth out of the land of Egypt, out of the house of bondage;	DEU
Deut	8	15	who led thee through the great and terrible wilderness, wherein were fiery serpents and scorpions, and thirsty ground where was no water; who brought thee forth water out of the rock of flint;	DEU
Deut	8	16	who fed thee in the wilderness with manna, which thy fathers knew not; that he might humble thee, and that he might prove thee, to do thee good at thy latter end:	DEU
Deut	8	17	and thou say in thine heart, My power and the might of mine hand hath gotten me this wealth.	DEU
Deut	8	18	But thou shalt remember the LORD thy God, for it is he that giveth thee power to get wealth; that he may establish his covenant which he sware unto thy fathers, as at this day.	DEU
Deut	8	19	And it shall be, if thou shalt forget the LORD thy God, and walk after other gods, and serve them, and worship them, I testify against you this day that ye shall surely perish.	DEU
Deut	8	20	As the nations which the LORD maketh to perish before you, so shall ye perish; because ye would not hearken unto the voice of the LORD your God.	DEU
Deut	9	1	Hear, O Israel: thou art to pass over Jordan this day, to go in to possess nations greater and mightier than thyself, cities great and fenced up to heaven,	DEU
Deut	9	2	a people great and tall, the sons of the Anakim, whom thou knowest, and of whom thou hast heard say, Who can stand before the sons of Anak?	DEU
Deut	9	3	Know therefore this day, that the LORD thy God is he which goeth over before thee as a devouring fire; he shall destroy them, and he shall bring them down before thee: so shalt thou drive them out, and make them to perish quickly, as the LORD hath spoken unto thee.	DEU
Deut	9	4	Speak not thou in thine heart, after that the LORD thy God hath thrust them out from before thee, saying, For my righteousness the LORD hath brought me in to possess this land: whereas for the wickedness of these nations the LORD doth drive them out from before thee.	DEU
Deut	9	5	Not for thy righteousness, or for the uprightness of thine heart, dost thou go in to possess their land: but for the wickedness of these nations the LORD thy God doth drive them out from before thee, and that he may establish the word which the LORD sware unto thy fathers, to Abraham, to Isaac, and to Jacob.	DEU
Deut	9	6	Know therefore, that the LORD thy God giveth thee not this good land to possess it for thy righteousness; for thou art a stiffnecked people.	DEU
Deut	9	7	Remember, forget thou not, how thou provokedst the LORD thy God to wrath in the wilderness: from the day that thou wentest forth out of the land of Egypt, until ye came unto this place, ye have been rebellious against the LORD.	DEU
Deut	9	8	Also in Horeb ye provoked the LORD to wrath, and the LORD was angry with you to have destroyed you.	DEU
Deut	9	9	When I was gone up into the mount to receive the tables of stone, even the tables of the covenant which the LORD made with you, then I abode in the mount forty days and forty nights; I did neither eat bread nor drink water.	DEU
Deut	9	10	And the LORD delivered unto me the two tables of stone written with the finger of God; and on them was written according to all the words, which the LORD spake with you in the mount out of the midst of the fire in the day of the assembly.	DEU
Deut	9	11	And it came to pass at the end of forty days and forty nights, that the LORD gave me the two tables of stone, even the tables of the covenant.	DEU
Deut	9	12	And the LORD said unto me, Arise, get thee down quickly from hence; for thy people which thou hast brought forth out of Egypt have corrupted themselves; they are quickly turned aside out of the way which I commanded them; they have made them a molten image.	DEU
Deut	9	13	Furthermore the LORD spake unto me, saying, I have seen this people, and, behold, it is a stiffnecked people:	DEU
Deut	9	14	let me alone, that I may destroy them, and blot out their name from under heaven: and I will make of thee a nation mightier and greater than they.	DEU
Deut	9	15	So I turned and came down from the mount, and the mount burned with fire: and the two tables of the covenant were in my two hands.	DEU
Deut	9	16	And I looked, and, behold, ye had sinned against the LORD your God; ye had made you a molten calf: ye had turned aside quickly out of the way which the LORD had commanded you.	DEU
Deut	9	17	And I took hold of the two tables, and cast them out of my two hands, and brake them before your eyes.	DEU
Deut	9	18	And I fell down before the LORD, as at the first, forty days and forty nights; I did neither eat bread nor drink water; because of all your sin which ye sinned, in doing that which was evil in the sight of the LORD, to provoke him to anger.	DEU
Deut	9	19	For I was afraid of the anger and hot displeasure, wherewith the LORD was wroth against you to destroy you. But the LORD hearkened unto me that time also.	DEU
Deut	9	20	And the LORD was very angry with Aaron to have destroyed him: and I prayed for Aaron also the same time.	DEU
Deut	9	21	And I took your sin, the calf which ye had made, and burnt it with fire, and stamped it, grinding it very small, until it was as fine as dust: and I cast the dust thereof into the brook that descended out of the mount.	DEU
Deut	9	22	And at Taberah, and at Massah, and at Kibroth-hattaavah, ye provoked the LORD to wrath.	DEU
Deut	9	23	And when the LORD sent you from Kadesh-barnea, saying, Go up and possess the land which I have given you; then ye rebelled against the commandment of the LORD your God, and ye believed him not, nor hearkened to his voice.	DEU
Deut	9	24	Ye have been rebellious against the LORD from the day that I knew you.	DEU
Deut	9	25	So I fell down before the LORD the forty days and forty nights that I fell down; because the LORD had said he would destroy you.	DEU
Deut	9	26	And I prayed unto the LORD, and said, O Lord GOD, destroy not thy people and thine inheritance, which thou hast redeemed through thy greatness, which thou hast brought forth out of Egypt with a mighty hand.	DEU
Deut	9	27	Remember thy servants, Abraham, Isaac, and Jacob; look not unto the stubbornness of this people, nor to their wickedness, nor to their sin:	DEU
Deut	9	28	lest the land whence thou broughtest us out say, Because the LORD was not able to bring them into the land which he promised unto them, and because he hated them, he hath brought them out to slay them in the wilderness.	DEU
Deut	9	29	Yet they are thy people and thine inheritance, which thou broughtest out by thy great power and by thy stretched out arm.	DEU
Deut	10	1	At that time the LORD said unto me, Hew thee two tables of stone like unto the first, and come up unto me into the mount, and make thee an ark of wood.	DEU
Deut	10	2	And I will write on the tables the words that were on the first tables which thou brakest, and thou shalt put them in the ark.	DEU
Deut	10	3	So I made an ark of acacia wood, and hewed two tables of stone like unto the first, and went up into the mount, having the two tables in mine hand.	DEU
Deut	10	4	And he wrote on the tables, according to the first writing, the ten commandments, which the LORD spake unto you in the mount out of the midst of the fire in the day of the assembly: and the LORD gave them unto me.	DEU
Deut	10	5	And I turned and came down from the mount, and put the tables in the ark which I had made; and there they be, as the LORD commanded me.	DEU
Deut	10	6	(And the children of Israel journeyed from Beeroth Bene-jaakan to Moserah: there Aaron died, and there he was buried; and Eleazar his son ministered in the priest’s office in his stead.	DEU
Deut	10	7	From thence they journeyed unto Gudgodah; and from Gudgodah to Jotbathah, a land of brooks of water.	DEU
Deut	10	8	At that time the LORD separated the tribe of Levi, to bear the ark of the covenant of the LORD, to stand before the LORD to minister unto him, and to bless in his name, unto this day.	DEU
Deut	10	9	Wherefore Levi hath no portion nor inheritance with his brethren; the LORD is his inheritance, according as the LORD thy God spake unto him.)	DEU
Deut	10	10	And I stayed in the mount, as at the first time, forty days and forty nights: and the LORD hearkened unto me that time also; the LORD would not destroy thee.	DEU
Deut	10	11	And the LORD said unto me, Arise, take thy journey before the people; and they shall go in and possess the land, which I sware unto their fathers to give unto them.	DEU
Deut	10	12	And now, Israel, what doth the LORD thy God require of thee, but to fear the LORD thy God, to walk in all his ways, and to love him, and to serve the LORD thy God with all thy heart and with all thy soul,	DEU
Deut	10	13	to keep the commandments of the LORD, and his statutes, which I command thee this day for thy good?	DEU
Deut	10	14	Behold, unto the LORD thy God belongeth the heaven, and the heaven of heavens, the earth, with all that therein is.	DEU
Deut	10	15	Only the LORD had a delight in thy fathers to love them, and he chose their seed after them, even you above all peoples, as at this day.	DEU
Deut	10	16	Circumcise therefore the foreskin of your heart, and be no more stiffnecked.	DEU
Deut	10	17	For the LORD your God, he is God of gods, and Lord of lords, the great God, the mighty, and the terrible, which regardeth not persons, nor taketh reward.	DEU
Deut	10	18	He doth execute the judgment of the fatherless and widow, and loveth the stranger, in giving him food and raiment.	DEU
Deut	10	19	Love ye therefore the stranger: for ye were strangers in the land of Egypt.	DEU
Deut	10	20	Thou shalt fear the LORD thy God; him shalt thou serve; and to him shalt thou cleave, and by his name shalt thou swear.	DEU
Deut	10	21	He is thy praise, and he is thy God, that hath done for thee these great and terrible things, which thine eyes have seen.	DEU
Deut	10	22	Thy fathers went down into Egypt with threescore and ten persons; and now the LORD thy God hath made thee as the stars of heaven for multitude.	DEU
Deut	11	1	Therefore thou shalt love the LORD thy God, and keep his charge, and his statutes, and his judgments, and his commandments, alway.	DEU
Deut	11	2	And know ye this day: for I speak not with your children which have not known, and which have not seen the chastisement of the LORD your God, his greatness, his mighty hand, and his stretched out arm,	DEU
Deut	11	3	and his signs, and his works, which he did in the midst of Egypt unto Pharaoh the king of Egypt, and unto all his land;	DEU
Deut	11	4	and what he did unto the army of Egypt, unto their horses, and to their chariots; how he made the water of the Red Sea to overflow them as they pursued after you, and how the LORD hath destroyed them unto this day;	DEU
Deut	11	5	and what he did unto you in the wilderness, until ye came unto this place;	DEU
Deut	11	6	and what he did unto Dathan and Abiram, the sons of Eliab, the son of Reuben; how the earth opened her mouth, and swallowed them up, and their households, and their tents, and every living thing that followed them, in the midst of all Israel:	DEU
Deut	11	7	but your eyes have seen all the great work of the LORD which he did.	DEU
Deut	11	8	Therefore shall ye keep all the commandment which I command thee this day, that ye may be strong, and go in and possess the land, whither ye go over to possess it;	DEU
Deut	11	9	and that ye may prolong your days upon the land, which the LORD sware unto your fathers to give unto them and to their seed, a land flowing with milk and honey.	DEU
Deut	11	10	For the land, whither thou goest in to possess it, is not as the land of Egypt, from whence ye came out, where thou sowedst thy seed, and wateredst it with thy foot, as a garden of herbs:	DEU
Deut	11	11	but the land, whither ye go over to possess it, is a land of hills and valleys, and drinketh water of the rain of heaven:	DEU
Deut	11	12	a land which the LORD thy God careth for; the eyes of the LORD thy God are always upon it, from the beginning of the year even unto the end of the year.	DEU
Deut	11	13	And it shall come to pass, if ye shall hearken diligently unto my commandments which I command you this day, to love the LORD your God, and to serve him with all your heart and with all your soul,	DEU
Deut	11	14	that I will give the rain of your land in its season, the former rain and the latter rain, that thou mayest gather in thy corn, and thy wine, and thine oil.	DEU
Deut	11	15	And I will give grass in thy fields for thy cattle, and thou shalt eat and be full.	DEU
Deut	11	16	Take heed to yourselves, lest your heart be deceived, and ye turn aside, and serve other gods, and worship them;	DEU
Deut	11	17	and the anger of the LORD be kindled against you, and he shut up the heaven, that there be no rain, and that the land yield not her fruit; and ye perish quickly from off the good land which the LORD giveth you.	DEU
Deut	11	18	Therefore shall ye lay up these my words in your heart and in your soul; and ye shall bind them for a sign upon your hand, and they shall be for frontlets between your eyes.	DEU
Deut	11	19	And ye shall teach them your children, talking of them, when thou sittest in thine house, and when thou walkest by the way, and when thou liest down, and when thou risest up.	DEU
Deut	11	20	And thou shalt write them upon the door posts of thine house, and upon thy gates:	DEU
Deut	11	21	that your days may be multiplied, and the days of your children, upon the land which the LORD sware unto your fathers to give them, as the days of the heavens above the earth.	DEU
Deut	11	22	For if ye shall diligently keep all this commandment which I command you, to do it; to love the LORD your God, to walk in all his ways, and to cleave unto him;	DEU
Deut	11	23	then will the LORD drive out all these nations from before you, and ye shall possess nations greater and mightier than yourselves.	DEU
Deut	11	24	Every place whereon the sole of your foot shall tread shall be yours: from the wilderness, and Lebanon, from the river, the river Euphrates, even unto the hinder sea shall be your border.	DEU
Deut	11	25	There shall no man be able to stand before you: the LORD your God shall lay the fear of you and the dread of you upon all the land that ye shall tread upon, as he hath spoken unto you.	DEU
Deut	11	26	Behold, I set before you this day a blessing and a curse;	DEU
Deut	11	27	the blessing, if ye shall hearken unto the commandments of the LORD your God, which I command you this day:	DEU
Deut	11	28	and the curse, if ye shall not hearken unto the commandments of the LORD your God, but turn aside out of the way which I command you this day, to go after other gods, which ye have not known.	DEU
Deut	11	29	And it shall come to pass, when the LORD thy God shall bring thee into the land whither thou goest to possess it, that thou shalt set the blessing upon mount Gerizim, and the curse upon mount Ebal.	DEU
Deut	11	30	Are they not beyond Jordan, behind the way of the going down of the sun, in the land of the Canaanites which dwell in the Arabah, over against Gilgal, beside the oaks of Moreh?	DEU
Deut	11	31	For ye are to pass over Jordan to go in to possess the land which the LORD your God giveth you, and ye shall possess it, and dwell therein.	DEU
Deut	11	32	And ye shall observe to do all the statutes and the judgments which I set before you this day.	DEU
Deut	12	1	These are the statutes and the judgments, which ye shall observe to do in the land which the LORD, the God of thy fathers, hath given thee to possess it, all the days that ye live upon the earth.	DEU
Deut	12	2	Ye shall surely destroy all the places, wherein the nations which ye shall possess served their gods, upon the high mountains, and upon the hills, and under every green tree:	DEU
Deut	12	3	and ye shall break down their altars, and dash in pieces their pillars, and burn their Asherim with fire; and ye shall hew down the graven images of their gods; and ye shall destroy their name out of that place.	DEU
Deut	12	4	Ye shall not do so unto the LORD your God.	DEU
Deut	12	5	But unto the place which the LORD your God shall choose out of all your tribes to put his name there, even unto his habitation shall ye seek, and thither thou shalt come:	DEU
Deut	12	6	and thither ye shall bring your burnt offerings, and your sacrifices, and your tithes, and the heave offering of your hand, and your vows, and your freewill offerings, and the firstlings of your herd and of your flock:	DEU
Deut	12	7	and there ye shall eat before the LORD your God, and ye shall rejoice in all that ye put your hand unto, ye and your households, wherein the LORD thy God hath blessed thee.	DEU
Deut	12	8	Ye shall not do after all the things that we do here this day, every man whatsoever is right in his own eyes:	DEU
Deut	12	9	for ye are not as yet come to the rest and to the inheritance, which the LORD thy God giveth thee.	DEU
Deut	12	10	But when ye go over Jordan, and dwell in the land which the LORD your God causeth you to inherit, and he giveth you rest from all your enemies round about, so that ye dwell in safety;	DEU
Deut	12	11	then it shall come to pass that the place which the LORD your God shall choose to cause his name to dwell there, thither shall ye bring all that I command you; your burnt offerings, and your sacrifices, your tithes, and the heave offering of your hand, and all your choice vows which ye vow unto the LORD:	DEU
Deut	12	12	and ye shall rejoice before the LORD your God, ye, and your sons, and your daughters, and your menservants, and your maidservants, and the Levite that is within your gates, forasmuch as he hath no portion nor inheritance with you.	DEU
Deut	12	13	Take heed to thyself that thou offer not thy burnt offerings in every place that thou seest:	DEU
Deut	12	14	but in the place which the LORD shall choose in one of thy tribes, there thou shalt offer thy burnt offerings, and there thou shalt do all that I command thee.	DEU
Deut	12	15	Notwithstanding thou mayest kill and eat flesh within all thy gates, after all the desire of thy soul, according to the blessing of the LORD thy God which he hath given thee: the unclean and the clean may eat thereof, as of the gazelle, and as of the hart.	DEU
Deut	12	16	Only ye shall not eat the blood; thou shalt pour it out upon the earth as water.	DEU
Deut	12	17	Thou mayest not eat within thy gates the tithe of thy corn, or of thy wine, or of thine oil, or the firstlings of thy herd or of thy flock, nor any of thy vows which thou vowest, nor thy freewill offerings, nor the heave offering of thine hand:	DEU
Deut	12	18	but thou shalt eat them before the LORD thy God in the place which the LORD thy God shall choose, thou, and thy son, and thy daughter, and thy manservant, and thy maidservant, and the Levite that is within thy gates: and thou shalt rejoice before the LORD thy God in all that thou puttest thine hand unto.	DEU
Deut	12	19	Take heed to thyself that thou forsake not the Levite as long as thou livest upon thy land.	DEU
Deut	12	20	When the LORD thy God shall enlarge thy border, as he hath promised thee, and thou shalt say, I will eat flesh, because thy soul desireth to eat flesh; thou mayest eat flesh, after all the desire of thy soul.	DEU
Deut	12	21	If the place which the LORD thy God shall choose to put his name there be too far from thee, then thou shalt kill of thy herd and of thy flock, which the LORD hath given thee, as I have commanded thee, and thou shalt eat within thy gates, after all the desire of thy soul.	DEU
Deut	12	22	Even as the gazelle and as the hart is eaten, so thou shalt eat thereof: the unclean and the clean shall eat thereof alike.	DEU
Deut	12	23	Only be sure that thou eat not the blood: for the blood is the life; and thou shalt not eat the life with the flesh.	DEU
Deut	12	24	Thou shalt not eat it; thou shalt pour it out upon the earth as water.	DEU
Deut	12	25	Thou shalt not eat it; that it may go well with thee, and with thy children after thee, when thou shalt do that which is right in the eyes of the LORD.	DEU
Deut	12	26	Only thy holy things which thou hast, and thy vows, thou shalt take, and go unto the place which the LORD shall choose:	DEU
Deut	12	27	and thou shalt offer thy burnt offerings, the flesh and the blood, upon the altar of the LORD thy God: and the blood of thy sacrifices shall be poured out upon the altar of the LORD thy God, and thou shalt eat the flesh.	DEU
Deut	12	28	Observe and hear all these words which I command thee, that it may go well with thee, and with thy children after thee for ever, when thou doest that which is good and right in the eyes of the LORD thy God.	DEU
Deut	12	29	When the LORD thy God shall cut off the nations from before thee, whither thou goest in to possess them, and thou possessest them, and dwellest in their land;	DEU
Deut	12	30	take heed to thyself that thou be not ensnared to follow them, after that they be destroyed from before thee; and that thou inquire not after their gods, saying, How do these nations serve their gods? even so will I do likewise.	DEU
Deut	12	31	Thou shalt not do so unto the LORD thy God: for every abomination to the LORD, which he hateth, have they done unto their gods; for even their sons and their daughters do they burn in the fire to their gods.	DEU
Deut	12	32	What thing soever I command you, that shall ye observe to do: thou shalt not add thereto, nor diminish from it.	DEU
Deut	13	1	If there arise in the midst of thee a prophet, or a dreamer of dreams, and he give thee a sign or a wonder,	DEU
Deut	13	2	and the sign or the wonder come to pass, whereof he spake unto thee, saying, Let us go after other gods, which thou hast not known, and let us serve them;	DEU
Deut	13	3	thou shalt not hearken unto the words of that prophet, or unto that dreamer of dreams: for the LORD your God proveth you, to know whether ye love the LORD your God with all your heart and with all your soul.	DEU
Deut	13	4	Ye shall walk after the LORD your God, and fear him, and keep his commandments, and obey his voice, and ye shall serve him, and cleave unto him.	DEU
Deut	13	5	And that prophet, or that dreamer of dreams, shall be put to death; because he hath spoken rebellion against the LORD your God, which brought you out of the land of Egypt, and redeemed thee out of the house of bondage, to draw thee aside out of the way which the LORD thy God commanded thee to walk in. So shalt thou put away the evil from the midst of thee.	DEU
Deut	13	6	If thy brother, the son of thy mother, or thy son, or thy daughter, or the wife of thy bosom, or thy friend, which is as thine own soul, entice thee secretly, saying, Let us go and serve other gods, which thou hast not known, thou, nor thy fathers;	DEU
Deut	13	7	of the gods of the peoples which are round about you, nigh unto thee, or far off from thee, from the one end of the earth even unto the other end of the earth;	DEU
Deut	13	8	thou shalt not consent unto him, nor hearken unto him; neither shall thine eye pity him, neither shalt thou spare, neither shalt thou conceal him:	DEU
Deut	13	9	but thou shalt surely kill him; thine hand shall be first upon him to put him to death, and afterwards the hand of all the people.	DEU
Deut	13	10	And thou shalt stone him with stones, that he die; because he hath sought to draw thee away from the LORD thy God, which brought thee out of the land of Egypt, out of the house of bondage.	DEU
Deut	13	11	And all Israel shall hear, and fear, and shall do no more any such wickedness as this is in the midst of thee.	DEU
Deut	13	12	If thou shalt hear tell concerning one of thy cities, which the LORD thy God giveth thee to dwell there, saying,	DEU
Deut	13	13	Certain base fellows are gone out from the midst of thee, and have drawn away the inhabitants of their city, saying, Let us go and serve other gods, which ye have not known;	DEU
Deut	13	14	then shalt thou inquire, and make search, and ask diligently; and, behold, if it be truth, and the thing certain, that such abomination is wrought in the midst of thee;	DEU
Deut	13	15	thou shalt surely smite the inhabitants of that city with the edge of the sword, destroying it utterly, and all that is therein and the cattle thereof, with the edge of the sword.	DEU
Deut	13	16	And thou shalt gather all the spoil of it into the midst of the street thereof, and shalt burn with fire the city, and all the spoil thereof every whit, unto the LORD thy God: and it shall be an heap for ever; it shall not be built again.	DEU
Deut	13	17	And there shall cleave nought of the devoted thing to thine hand: that the LORD may turn from the fierceness of his anger, and shew thee mercy, and have compassion upon thee, and multiply thee, as he hath sworn unto thy fathers;	DEU
Deut	13	18	when thou shalt hearken to the voice of the LORD thy God, to keep all his commandments which I command thee this day, to do that which is right in the eyes of the LORD thy God.	DEU
Deut	14	1	Ye are the children of the LORD your God: ye shall not cut yourselves, nor make any baldness between your eyes for the dead.	DEU
Deut	14	2	For thou art an holy people unto the LORD thy God, and the LORD hath chosen thee to be a peculiar people unto himself, above all peoples that are upon the face of the earth.	DEU
Deut	14	3	Thou shalt not eat any abominable thing.	DEU
Deut	14	4	These are the beasts which ye shall eat: the ox, the sheep, and the goat,	DEU
Deut	14	5	the hart, and the gazelle, and the roebuck, and the wild goat, and the pygarg, and the antelope, and the chamois.	DEU
Deut	14	6	And every beast that parteth the hoof, and hath the hoof cloven in two, and cheweth the cud, among the beasts, that ye shall eat.	DEU
Deut	14	7	Nevertheless these ye shall not eat of them that chew the cud, or of them that have the hoof cloven: the camel, and the hare, and the coney, because they chew the cud but part not the hoof, they are unclean unto you:	DEU
Deut	14	8	and the swine, because he parteth the hoof but cheweth not the cud, he is unclean unto you: of their flesh ye shall not eat, and their carcases ye shall not touch.	DEU
Deut	14	9	These ye shall eat of all that are in the waters: whatsoever hath fins and scales shall ye eat:	DEU
Deut	14	10	and whatsoever hath not fins and scales ye shall not eat; it is unclean unto you.	DEU
Deut	14	11	Of all clean birds ye may eat.	DEU
Deut	14	12	But these are they of which ye shall not eat: the eagle, and the gier eagle, and the ospray;	DEU
Deut	14	13	and the glede, and the falcon, and the kite after its kind;	DEU
Deut	14	14	and every raven after its kind;	DEU
Deut	14	15	and the ostrich, and the night hawk, and the seamew, and the hawk after its kind;	DEU
Deut	14	16	the little owl, and the great owl, and the horned owl;	DEU
Deut	14	17	and the pelican, and the vulture, and the cormorant;	DEU
Deut	14	18	and the stork, and the heron after its kind, and the hoopoe, and the bat.	DEU
Deut	14	19	And all winged creeping things are unclean unto you: they shall not be eaten.	DEU
Deut	14	20	Of all clean fowls ye may eat.	DEU
Deut	14	21	Ye shall not eat of any thing that dieth of itself: thou mayest give it unto the stranger that is within thy gates, that he may eat it; or thou mayest sell it unto a foreigner: for thou art an holy people unto the LORD thy God. Thou shalt not seethe a kid in its mother’s milk.	DEU
Deut	14	22	Thou shalt surely tithe all the increase of thy seed, that which cometh forth of the field year by year.	DEU
Deut	14	23	And thou shalt eat before the LORD thy God, in the place which he shall choose to cause his name to dwell there, the tithe of thy corn, of thy wine, and of thine oil, and the firstlings of thy herd and of thy flock; that thou mayest learn to fear the LORD thy God always.	DEU
Deut	14	24	And if the way be too long for thee, so that thou art not able to carry it, because the place is too far from thee, which the LORD thy God shall choose to set his name there, when the LORD thy God shall bless thee:	DEU
Deut	14	25	then shalt thou turn it into money, and bind up the money in thine hand, and shalt go unto the place which the LORD thy God shall choose:	DEU
Deut	14	26	and thou shalt bestow the money for whatsoever thy soul desireth, for oxen, or for sheep, or for wine, or for strong drink, or for whatsoever thy soul asketh of thee: and thou shalt eat there before the LORD thy God, and thou shalt rejoice, thou and thine household:	DEU
Deut	14	27	and the Levite that is within thy gates, thou shalt not forsake him; for he hath no portion nor inheritance with thee.	DEU
Deut	14	28	At the end of every three years thou shalt bring forth all the tithe of thine increase in the same year, and shalt lay it up within thy gates:	DEU
Deut	14	29	and the Levite, because he hath no portion nor inheritance with thee, and the stranger, and the fatherless, and the widow, which are within thy gates, shall come, and shall eat and be satisfied; that the LORD thy God may bless thee in all the work of thine hand which thou doest.	DEU
Deut	15	1	At the end of every seven years thou shalt make a release.	DEU
Deut	15	2	And this is the manner of the release: every creditor shall release that which he hath lent unto his neighbour; he shall not exact it of his neighbour and his brother; because the LORD’S release hath been proclaimed.	DEU
Deut	15	3	Of a foreigner thou mayest exact it: but whatsoever of thine is with thy brother thine hand shall release.	DEU
Deut	15	4	Howbeit there shall be no poor with thee; (for the LORD will surely bless thee in the land which the LORD thy God giveth thee for an inheritance to possess it;)	DEU
Deut	15	5	if only thou diligently hearken unto the voice of the LORD thy God, to observe to do all this commandment which I command thee this day.	DEU
Deut	15	6	For the LORD thy God will bless thee, as he promised thee: and thou shalt lend unto many nations, but thou shalt not borrow; and thou shalt rule over many nations, but they shall not rule over thee.	DEU
Deut	15	7	If there be with thee a poor man, one of thy brethren, within any of thy gates in thy land which the LORD thy God giveth thee, thou shalt not harden thine heart, nor shut thine hand from thy poor brother:	DEU
Deut	15	8	but thou shalt surely open thine hand unto him, and shalt surely lend him sufficient for his need in that which he wanteth.	DEU
Deut	15	9	Beware that there be not a base thought in thine heart, saying, The seventh year, the year of release, is at hand; and thine eye be evil against thy poor brother, and thou give him nought; and he cry unto the LORD against thee, and it be sin unto thee.	DEU
Deut	15	10	Thou shalt surely give him, and thine heart shall not be grieved when thou givest unto him: because that for this thing the LORD thy God shall bless thee in all thy work, and in all that thou puttest thine hand unto.	DEU
Deut	15	11	For the poor shall never cease out of the land: therefore I command thee, saying, Thou shalt surely open thine hand unto thy brother, to thy needy, and to thy poor, in thy land.	DEU
Deut	15	12	If thy brother, an Hebrew man, or an Hebrew woman, be sold unto thee, and serve thee six years; then in the seventh year thou shalt let him go free from thee.	DEU
Deut	15	13	And when thou lettest him go free from thee, thou shalt not let him go empty:	DEU
Deut	15	14	thou shalt furnish him liberally out of thy flock, and out of thy threshing-floor, and out of thy winepress: as the LORD thy God hath blessed thee thou shalt give unto him.	DEU
Deut	15	15	And thou shalt remember that thou wast a bondman in the land of Egypt, and the LORD thy God redeemed thee: therefore I command thee this thing today.	DEU
Deut	15	16	And it shall be, if he say unto thee, I will not go out from thee; because he loveth thee and thine house, because he is well with thee;	DEU
Deut	15	17	then thou shalt take an awl, and thrust it through his ear unto the door, and he shall be thy servant for ever. And also unto thy maidservant thou shalt do likewise.	DEU
Deut	15	18	It shall not seem hard unto thee, when thou lettest him go free from thee; for to the double of the hire of an hireling hath he served thee six years: and the LORD thy God shall bless thee in all that thou doest.	DEU
Deut	15	19	All the firstling males that are born of thy herd and of thy flock thou shalt sanctify unto the LORD thy God: thou shalt do no work with the firstling of thine ox, nor shear the firstling of thy flock.	DEU
Deut	15	20	Thou shalt eat it before the LORD thy God year by year in the place which the LORD shall choose, thou and thy household.	DEU
Deut	15	21	And if it have any blemish, as if it be lame or blind, any ill blemish whatsoever, thou shalt not sacrifice it unto the LORD thy God.	DEU
Deut	15	22	Thou shalt eat it within thy gates: the unclean and the clean shall eat it alike, as the gazelle, and as the hart.	DEU
Deut	15	23	Only thou shalt not eat the blood thereof; thou shalt pour it out upon the ground as water.	DEU
Deut	16	1	Observe the month of Abib, and keep the passover unto the LORD thy God: for in the month of Abib the LORD thy God brought thee forth out of Egypt by night.	DEU
Deut	16	2	And thou shalt sacrifice the passover unto the LORD thy God, of the flock and the herd, in the place which the LORD shall choose to cause his name to dwell there.	DEU
Deut	16	3	Thou shalt eat no leavened bread with it; seven days shalt thou eat unleavened bread therewith, even the bread of affliction; for thou camest forth out of the land of Egypt in haste: that thou mayest remember the day when thou camest forth out of the land of Egypt all the days of thy life.	DEU
Deut	16	4	And there shall be no leaven seen with thee in all thy borders seven days; neither shall any of the flesh, which thou sacrificest the first day at even, remain all night until the morning.	DEU
Deut	16	5	Thou mayest not sacrifice the passover within any of thy gates, which the LORD thy God giveth thee:	DEU
Deut	16	6	but at the place which the LORD thy God shall choose to cause his name to dwell in, there thou shalt sacrifice the passover at even, at the going down of the sun, at the season that thou camest forth out of Egypt.	DEU
Deut	16	7	And thou shalt roast and eat it in the place which the LORD thy God shall choose: and thou shalt turn in the morning, and go unto thy tents.	DEU
Deut	16	8	Six days thou shalt eat unleavened bread: and on the seventh day shall be a solemn assembly to the LORD thy God; thou shalt do no work therein.	DEU
Deut	16	9	Seven weeks shalt thou number unto thee: from the time thou beginnest to put the sickle to the standing corn shalt thou begin to number seven weeks.	DEU
Deut	16	10	And thou shalt keep the feast of weeks unto the LORD thy God with a tribute of a freewill offering of thine hand, which thou shalt give, according as the LORD thy God blesseth thee:	DEU
Deut	16	11	and thou shalt rejoice before the LORD thy God, thou, and thy son, and thy daughter, and thy manservant, and thy maidservant, and the Levite that is within thy gates, and the stranger, and the fatherless, and the widow, that are in the midst of thee, in the place which the LORD thy God shall choose to cause his name to dwell there.	DEU
Deut	16	12	And thou shalt remember that thou wast a bondman in Egypt: and thou shalt observe and do these statutes.	DEU
Deut	16	13	Thou shalt keep the feast of tabernacles seven days, after that thou hast gathered in from thy threshing-floor and from thy winepress:	DEU
Deut	16	14	and thou shalt rejoice in thy feast, thou, and thy son, and thy daughter, and thy manservant, and thy maidservant, and the Levite, and the stranger, and the fatherless, and the widow, that are within thy gates.	DEU
Deut	16	15	Seven days shalt thou keep a feast unto the LORD thy God in the place which the LORD shall choose: because the LORD thy God shall bless thee in all thine increase, and in all the work of thine hands, and thou shalt be altogether joyful.	DEU
Deut	16	16	Three times in a year shall all thy males appear before the LORD thy God in the place which he shall choose; in the feast of unleavened bread, and in the feast of weeks, and in the feast of tabernacles: and they shall not appear before the LORD empty:	DEU
Deut	16	17	every man shall give as he is able, according to the blessing of the LORD thy God which he hath given thee.	DEU
Deut	16	18	Judges and officers shalt thou make thee in all thy gates, which the LORD thy God giveth thee, according to thy tribes: and they shall judge the people with righteous judgment.	DEU
Deut	16	19	Thou shalt not wrest judgment; thou shalt not respect persons: neither shalt thou take a gift; for a gift doth blind the eyes of the wise, and pervert the words of the righteous.	DEU
Deut	16	20	That which is altogether just shalt thou follow, that thou mayest live, and inherit the land which the LORD thy God giveth thee.	DEU
Deut	16	21	Thou shalt not plant thee an Asherah of any kind of tree beside the altar of the LORD thy God, which thou shalt make thee.	DEU
Deut	16	22	Neither shalt thou set thee up a pillar; which the LORD thy God hateth.	DEU
Deut	17	1	Thou shalt not sacrifice unto the LORD thy God an ox, or a sheep, wherein is a blemish, or any evil-favouredness: for that is an abomination unto the LORD thy God.	DEU
Deut	17	2	If there be found in the midst of thee, within any of thy gates which the LORD thy God giveth thee, man or woman, that doeth that which is evil in the sight of the LORD thy God, in transgressing his covenant,	DEU
Deut	17	3	and hath gone and served other gods, and worshipped them, or the sun, or the moon, or any of the host of heaven, which I have not commanded;	DEU
Deut	17	4	and it be told thee, and thou hast heard of it, then shalt thou inquire diligently, and, behold, if it be true, and the thing certain, that such abomination is wrought in Israel;	DEU
Deut	17	5	then shalt thou bring forth that man or that woman, which have done this evil thing, unto thy gates, even the man or the woman; and thou shalt stone them with stones, that they die.	DEU
Deut	17	6	At the mouth of two witnesses, or three witnesses, shall he that is to die be put to death; at the mouth of one witness he shall not be put to death.	DEU
Deut	17	7	The hand of the witnesses shall be first upon him to put him to death, and afterward the hand of all the people. So thou shalt put away the evil from the midst of thee.	DEU
Deut	17	8	If there arise a matter too hard for thee in judgment, between blood and blood, between plea and plea, and between stroke and stroke, being matters of controversy within thy gates: then shalt thou arise, and get thee up unto the place which the LORD thy God shall choose;	DEU
Deut	17	9	and thou shalt come unto the priests the Levites, and unto the judge that shall be in those days: and thou shalt inquire; and they shall shew thee the sentence of judgment:	DEU
Deut	17	10	and thou shalt do according to the tenor of the sentence, which they shall shew thee from that place which the LORD shall choose; and thou shalt observe to do according to all that they shall teach thee:	DEU
Deut	17	11	according to the tenor of the law which they shall teach thee, and according to the judgment which they shall tell thee, thou shalt do: thou shalt not turn aside from the sentence which they shall shew thee, to the right hand, nor to the left.	DEU
Deut	17	12	And the man that doeth presumptuously, in not hearkening unto the priest that standeth to minister there before the LORD thy God, or unto the judge, even that man shall die: and thou shalt put away the evil from Israel.	DEU
Deut	17	13	And all the people shall hear, and fear, and do no more presumptuously.	DEU
Deut	17	14	When thou art come unto the land which the LORD thy God giveth thee, and shalt possess it, and shalt dwell therein; and shalt say, I will set a king over me, like as all the nations that are round about me;	DEU
Deut	17	15	thou shalt in any wise set him king over thee, whom the LORD thy God shall choose: one from among thy brethren shalt thou set king over thee: thou mayest not put a foreigner over thee, which is not thy brother.	DEU
Deut	17	16	Only he shall not multiply horses to himself, nor cause the people to return to Egypt, to the end that he should multiply horses: forasmuch as the LORD hath said unto you, Ye shall henceforth return no more that way.	DEU
Deut	17	17	Neither shall he multiply wives to himself, that his heart turn not away: neither shall he greatly multiply to himself silver and gold.	DEU
Deut	17	18	And it shall be, when he sitteth upon the throne of his kingdom, that he shall write him a copy of this law in a book, out of that which is before the priests the Levites:	DEU
Deut	17	19	and it shall be with him, and he shall read therein all the days of his life: that he may learn to fear the LORD his God, to keep all the words of this law and these statutes, to do them:	DEU
Deut	17	20	that his heart be not lifted up above his brethren, and that he turn not aside from the commandment, to the right hand, or to the left: to the end that he may prolong his days in his kingdom, he and his children, in the midst of Israel.	DEU
Deut	18	1	The priests the Levites, even all the tribe of Levi, shall have no portion nor inheritance with Israel: they shall eat the offerings of the LORD made by fire, and his inheritance.	DEU
Deut	18	2	And they shall have no inheritance among their brethren: the LORD is their inheritance, as he hath spoken unto them.	DEU
Deut	18	3	And this shall be the priests’ due from the people, from them that offer a sacrifice, whether it be ox or sheep, that they shall give unto the priest the shoulder, and the two cheeks, and the maw.	DEU
Deut	18	4	The firstfruits of thy corn, of thy wine, and of thine oil, and the first of the fleece of thy sheep, shalt thou give him.	DEU
Deut	18	5	For the LORD thy God hath chosen him out of all thy tribes, to stand to minister in the name of the LORD, him and his sons for ever.	DEU
Deut	18	6	And if a Levite come from any of thy gates out of all Israel, where he sojourneth, and come with all the desire of his soul unto the place which the LORD shall choose;	DEU
Deut	18	7	then he shall minister in the name of the LORD his God, as all his brethren the Levites do, which stand there before the LORD.	DEU
Deut	18	8	They shall have like portions to eat, beside that which cometh of the sale of his patrimony.	DEU
Deut	18	9	When thou art come into the land which the LORD thy God giveth thee, thou shalt not learn to do after the abominations of those nations.	DEU
Deut	18	10	There shall not be found with thee any one that maketh his son or his daughter to pass through the fire, one that useth divination, one that practiseth augury, or an enchanter, or a sorcerer,	DEU
Deut	18	11	or a charmer, or a consulter with a familiar spirit, or a wizard, or a necromancer.	DEU
Deut	18	12	For whosoever doeth these things is an abomination unto the LORD: and because of these abominations the LORD thy God doth drive them out from before thee.	DEU
Deut	18	13	Thou shalt be perfect with the LORD thy God.	DEU
Deut	18	14	For these nations, which thou shalt possess, hearken unto them that practise augury, and unto diviners: but as for thee, the LORD thy God hath not suffered thee so to do.	DEU
Deut	18	15	The LORD thy God will raise up unto thee a prophet from the midst of thee, of thy brethren, like unto me; unto him ye shall hearken;	DEU
Deut	18	16	according to all that thou desiredst of the LORD thy God in Horeb in the day of the assembly, saying, Let me not hear again the voice of the LORD my God, neither let me see this great fire any more, that I die not.	DEU
Deut	18	17	And the LORD said unto me, They have well said that which they have spoken.	DEU
Deut	18	18	I will raise them up a prophet from among their brethren, like unto thee; and I will put my words in his mouth, and he shall speak unto them all that I shall command him.	DEU
Deut	18	19	And it shall come to pass, that whosoever will not hearken unto my words which he shall speak in my name, I will require it of him.	DEU
Deut	18	20	But the prophet, which shall speak a word presumptuously in my name, which I have not commanded him to speak, or that shall speak in the name of other gods, that same prophet shall die.	DEU
Deut	18	21	And if thou say in thine heart, How shall we know the word which the LORD hath not spoken?	DEU
Deut	18	22	when a prophet speaketh in the name of the LORD, if the thing follow not, nor come to pass, that is the thing which the LORD hath not spoken: the prophet hath spoken it presumptuously, thou shalt not be afraid of him.	DEU
Deut	19	1	When the LORD thy God shall cut off the nations, whose land the LORD thy God giveth thee, and thou succeedest them, and dwellest in their cities, and in their houses;	DEU
Deut	19	2	thou shalt separate three cities for thee in the midst of thy land, which the LORD thy God giveth thee to possess it.	DEU
Deut	19	3	Thou shalt prepare thee the way, and divide the borders of thy land, which the LORD thy God causeth thee to inherit, into three parts, that every manslayer may flee thither.	DEU
Deut	19	4	And this is the case of the manslayer, which shall flee thither and live: whoso killeth his neighbour unawares, and hated him not in time past;	DEU
Deut	19	5	as when a man goeth into the forest with his neighbour to hew wood, and his hand fetcheth a stroke with the axe to cut down the tree, and the head slippeth from the helve, and lighteth upon his neighbour, that he die; he shall flee unto one of these cities and live:	DEU
Deut	19	6	lest the avenger of blood pursue the manslayer, while his heart is hot, and overtake him, because the way is long, and smite him mortally; whereas he was not worthy of death, inasmuch as he hated him not in time past.	DEU
Deut	19	7	Wherefore I command thee, saying, Thou shalt separate three cities for thee.	DEU
Deut	19	8	And if the LORD thy God enlarge thy border, as he hath sworn unto thy fathers, and give thee all the land which he promised to give unto thy fathers;	DEU
Deut	19	9	if thou shalt keep all this commandment to do it, which I command thee this day, to love the LORD thy God, and to walk ever in his ways; then shalt thou add three cities more for thee, beside these three:	DEU
Deut	19	10	that innocent blood be not shed in the midst of thy land, which the LORD thy God giveth thee for an inheritance, and so blood be upon thee.	DEU
Deut	19	11	But if any man hate his neighbour, and lie in wait for him, and rise up against him, and smite him mortally that he die; and he flee into one of these cities:	DEU
Deut	19	12	then the elders of his city shall send and fetch him thence, and deliver him into the hand of the avenger of blood, that he may die.	DEU
Deut	19	13	Thine eye shall not pity him, but thou shalt put away the innocent blood from Israel, that it may go well with thee.	DEU
Deut	19	14	Thou shalt not remove thy neighbour’s landmark, which they of old time have set, in thine inheritance which thou shalt inherit, in the land that the LORD thy God giveth thee to possess it.	DEU
Deut	19	15	One witness shall not rise up against a man for any iniquity, or for any sin, in any sin that he sinneth: at the mouth of two witnesses, or at the mouth of three witnesses, shall a matter be established.	DEU
Deut	19	16	If an unrighteous witness rise up against any man to testify against him of wrong-doing;	DEU
Deut	19	17	then both the men, between whom the controversy is, shall stand before the LORD, before the priests and the judges which shall be in those days;	DEU
Deut	19	18	and the judges shall make diligent inquisition: and, behold, if the witness be a false witness, and hath testified falsely against his brother;	DEU
Deut	19	19	then shall ye do unto him, as he had thought to do unto his brother: so shalt thou put away the evil from the midst of thee.	DEU
Deut	19	20	And those which remain shall hear, and fear, and shall henceforth commit no more any such evil in the midst of thee.	DEU
Deut	19	21	And thine eye shall not pity; life shall go for life, eye for eye, tooth for tooth, hand for hand, foot for foot.	DEU
Deut	20	1	When thou goest forth to battle against thine enemies, and seest horses, and chariots, and a people more than thou, thou shalt not be afraid of them: for the LORD thy God is with thee, which brought thee up out of the land of Egypt.	DEU
Deut	20	2	And it shall be, when ye draw nigh unto the battle, that the priest shall approach and speak unto the people,	DEU
Deut	20	3	and shall say unto them, Hear, O Israel, ye draw nigh this day unto battle against your enemies: let not your heart faint; fear not, nor tremble, neither be ye affrighted at them;	DEU
Deut	20	4	for the LORD your God is he that goeth with you, to fight for you against your enemies, to save you.	DEU
Deut	20	5	And the officers shall speak unto the people, saying, What man is there that hath built a new house, and hath not dedicated it? let him go and return to his house, lest he die in the battle, and another man dedicate it.	DEU
Deut	20	6	And what man is there that hath planted a vineyard, and hath not used the fruit thereof? let him go and return unto his house, lest he die in the battle, and another man use the fruit thereof.	DEU
Deut	20	7	And what man is there that hath betrothed a wife, and hath not taken her? let him go and return unto his house, lest he die in the battle, and another man take her.	DEU
Deut	20	8	And the officers shall speak further unto the people, and they shall say, What man is there that is fearful and fainthearted? let him go and return unto his house, lest his brethren’s heart melt as his heart.	DEU
Deut	20	9	And it shall be, when the officers have made an end of speaking unto the people, that they shall appoint captains of hosts at the head of the people.	DEU
Deut	20	10	When thou drawest nigh unto a city to fight against it, then proclaim peace unto it.	DEU
Deut	20	11	And it shall be, if it make thee answer of peace, and open unto thee, then it shall be, that all the people that is found therein shall become tributary unto thee, and shall serve thee.	DEU
Deut	20	12	And if it will make no peace with thee, but will make war against thee, then thou shalt besiege it:	DEU
Deut	20	13	and when the LORD thy God delivereth it into thine hand, thou shalt smite every male thereof with the edge of the sword:	DEU
Deut	20	14	but the women, and the little ones, and the cattle, and all that is in the city, even all the spoil thereof, shalt thou take for a prey unto thyself; and thou shalt eat the spoil of thine enemies, which the LORD thy God hath given thee.	DEU
Deut	20	15	Thus shalt thou do unto all the cities which are very far off from thee, which are not of the cities of these nations.	DEU
Deut	20	16	But of the cities of these peoples, which the LORD thy God giveth thee for an inheritance, thou shalt save alive nothing that breatheth:	DEU
Deut	20	17	but thou shalt utterly destroy them; the Hittite, and the Amorite, the Canaanite, and the Perizzite, the Hivite, and the Jebusite; as the LORD thy God hath commanded thee:	DEU
Deut	20	18	that they teach you not to do after all their abominations, which they have done unto their gods; so should ye sin against the LORD your God.	DEU
Deut	20	19	When thou shalt besiege a city a long time, in making war against it to take it, thou shalt not destroy the trees thereof by wielding an axe against them; for thou mayest eat of them, and thou shalt not cut them down; for is the tree of the field man, that it should be besieged of thee?	DEU
Deut	20	20	Only the trees which thou knowest that they be not trees for meat, thou shalt destroy and cut them down; and thou shalt build bulwarks against the city that maketh war with thee, until it fall.	DEU
Deut	21	1	If one be found slain in the land which the LORD thy God giveth thee to possess it, lying in the field, and it be not known who hath smitten him:	DEU
Deut	21	2	then thy elders and thy judges shall come forth, and they shall measure unto the cities which are round about him that is slain:	DEU
Deut	21	3	and it shall be, that the city which is nearest unto the slain man, even the elders of that city shall take an heifer of the herd, which hath not been wrought with, and which hath not drawn in the yoke;	DEU
Deut	21	4	and the elders of that city shall bring down the heifer unto a valley with running water, which is neither plowed nor sown, and shall break the heifer’s neck there in the valley:	DEU
Deut	21	5	and the priests the sons of Levi shall come near; for them the LORD thy God hath chosen to minister unto him, and to bless in the name of the LORD; and according to their word shall every controversy and every stroke be:	DEU
Deut	21	6	and all the elders of that city, who are nearest unto the slain man, shall wash their hands over the heifer whose neck was broken in the valley:	DEU
Deut	21	7	and they shall answer and say, Our hands have not shed this blood, neither have our eyes seen it.	DEU
Deut	21	8	Forgive, O LORD, thy people Israel, whom thou hast redeemed, and suffer not innocent blood to remain in the midst of thy people Israel. And the blood shall be forgiven them.	DEU
Deut	21	9	So shalt thou put away the innocent blood from the midst of thee, when thou shalt do that which is right in the eyes of the LORD.	DEU
Deut	21	10	When thou goest forth to battle against thine enemies, and the LORD thy God delivereth them into thine hands, and thou carriest them away captive,	DEU
Deut	21	11	and seest among the captives a beautiful woman, and thou hast a desire unto her, and wouldest take her to thee to wife;	DEU
Deut	21	12	then thou shalt bring her home to thine house; and she shall shave her head, and pare her nails;	DEU
Deut	21	13	and she shall put the raiment of her captivity from off her, and shall remain in thine house, and bewail her father and her mother a full month: and after that thou shalt go in unto her, and be her husband, and she shall be thy wife.	DEU
Deut	21	14	And it shall be, if thou have no delight in her, then thou shalt let her go whither she will; but thou shalt not sell her at all for money, thou shalt not deal with her as a slave, because thou hast humbled her.	DEU
Deut	21	15	If a man have two wives, the one beloved, and the other hated, and they have borne him children, both the beloved and the hated; and if the firstborn son be hers that was hated;	DEU
Deut	21	16	then it shall be, in the day that he causeth his sons to inherit that which he hath, that he may not make the son of the beloved the firstborn before the son of the hated, which is the firstborn:	DEU
Deut	21	17	but he shall acknowledge the firstborn, the son of the hated, by giving him a double portion of all that he hath: for he is the beginning of his strength; the right of the firstborn is his.	DEU
Deut	21	18	If a man have a stubborn and rebellious son, which will not obey the voice of his father, or the voice of his mother, and though they chasten him, will not hearken unto them:	DEU
Deut	21	19	then shall his father and his mother lay hold on him, and bring him out unto the elders of his city, and unto the gate of his place;	DEU
Deut	21	20	and they shall say unto the elders of his city, This our son is stubborn and rebellious, he will not obey our voice; he is a riotous liver, and a drunkard.	DEU
Deut	21	21	And all the men of his city shall stone him with stones, that he die: so shalt thou put away the evil from the midst of thee; and all Israel shall hear, and fear.	DEU
Deut	21	22	And if a man have committed a sin worthy of death, and he be put to death, and thou hang him on a tree;	DEU
Deut	21	23	his body shall not remain all night upon the tree, but thou shalt surely bury him the same day; for he that is hanged is accursed of God; that thou defile not thy land which the LORD thy God giveth thee for an inheritance.	DEU
Deut	22	1	Thou shalt not see thy brother’s ox or his sheep go astray, and hide thyself from them: thou shalt surely bring them again unto thy brother.	DEU
Deut	22	2	And if thy brother be not nigh unto thee, or if thou know him not, then thou shalt bring it home to thine house, and it shall be with thee until thy brother seek after it, and thou shalt restore it to him again.	DEU
Deut	22	3	And so shalt thou do with his ass; and so shalt thou do with his garment; and so shalt thou do with every lost thing of thy brother’s, which he hath lost, and thou hast found: thou mayest not hide thyself.	DEU
Deut	22	4	Thou shalt not see thy brother’s ass or his ox fallen down by the way, and hide thyself from them: thou shalt surely help him to lift them up again.	DEU
Deut	22	5	A woman shall not wear that which pertaineth unto a man, neither shall a man put on a woman’s garment: for whosoever doeth these things is an abomination unto the LORD thy God.	DEU
Deut	22	6	If a bird’s nest chance to be before thee in the way, in any tree or on the ground, with young ones or eggs, and the dam sitting upon the young, or upon the eggs, thou shalt not take the dam with the young:	DEU
Deut	22	7	thou shalt in any wise let the dam go, but the young thou mayest take unto thyself; that it may be well with thee, and that thou mayest prolong thy days.	DEU
Deut	22	8	When thou buildest a new house, then thou shalt make a battlement for thy roof, that thou bring not blood upon thine house, if any man fall from thence.	DEU
Deut	22	9	Thou shalt not sow thy vineyard with two kinds of seed: lest the whole fruit be forfeited, the seed which thou hast sown, and the increase of the vineyard.	DEU
Deut	22	10	Thou shalt not plow with an ox and an ass together.	DEU
Deut	22	11	Thou shalt not wear a mingled stuff, wool and linen together.	DEU
Deut	22	12	Thou shalt make thee fringes upon the four borders of thy vesture, wherewith thou coverest thyself.	DEU
Deut	22	13	If any man take a wife, and go in unto her, and hate her,	DEU
Deut	22	14	and lay shameful things to her charge, and bring up an evil name upon her, and say, I took this woman, and when I came nigh to her, I found not in her the tokens of virginity:	DEU
Deut	22	15	then shall the father of the damsel, and her mother, take and bring forth the tokens of the damsel’s virginity unto the elders of the city in the gate:	DEU
Deut	22	16	and the damsel’s father shall say unto the elders, I gave my daughter unto this man to wife, and he hateth her;	DEU
Deut	22	17	and, lo, he hath laid shameful things to her charge, saying, I found not in thy daughter the tokens of virginity; and yet these are the tokens of my daughter’s virginity. And they shall spread the garment before the elders of the city.	DEU
Deut	22	18	And the elders of that city shall take the man and chastise him;	DEU
Deut	22	19	and they shall amerce him in an hundred shekels of silver, and give them unto the father of the damsel, because he hath brought up an evil name upon a virgin of Israel: and she shall be his wife; he may not put her away all his days.	DEU
Deut	22	20	But if this thing be true, that the tokens of virginity were not found in the damsel:	DEU
Deut	22	21	then they shall bring out the damsel to the door of her father’s house, and the men of her city shall stone her with stones that she die: because she hath wrought folly in Israel, to play the harlot in her father’s house: so shalt thou put away the evil from the midst of thee.	DEU
Deut	22	22	If a man be found lying with a woman married to an husband, then they shall both of them die, the man that lay with the woman, and the woman: so shalt thou put away the evil from Israel.	DEU
Deut	22	23	If there be a damsel that is a virgin betrothed unto an husband, and a man find her in the city, and lie with her;	DEU
Deut	22	24	then ye shall bring them both out unto the gate of that city, and ye shall stone them with stones that they die; the damsel, because she cried not, being in the city; and the man, because he hath humbled his neighbour’s wife: so thou shalt put away the evil from the midst of thee.	DEU
Deut	22	25	But if the man find the damsel that is betrothed in the field, and the man force her, and lie with her; then the man only that lay with her shall die:	DEU
Deut	22	26	but unto the damsel thou shalt do nothing; there is in the damsel no sin worthy of death: for as when a man riseth against his neighbour, and slayeth him, even so is this matter:	DEU
Deut	22	27	for he found her in the field; the betrothed damsel cried, and there was none to save her.	DEU
Deut	22	28	If a man find a damsel that is a virgin, which is not betrothed, and lay hold on her, and lie with her, and they be found;	DEU
Deut	22	29	then the man that lay with her shall give unto the damsel’s father fifty shekels of silver, and she shall be his wife, because he hath humbled her; he may not put her away all his days.	DEU
Deut	22	30	A man shall not take his father’s wife, and shall not uncover his father’s skirt.	DEU
Deut	23	1	He that is wounded in the stones, or hath his privy member cut off, shall not enter into the assembly of the LORD.	DEU
Deut	23	2	A bastard shall not enter into the assembly of the LORD; even to the tenth generation shall none of his enter into the assembly of the LORD.	DEU
Deut	23	3	An Ammonite or a Moabite shall not enter into the assembly of the LORD; even to the tenth generation shall none belonging to them enter into the assembly of the LORD for ever:	DEU
Deut	23	4	because they met you not with bread and with water in the way, when ye came forth out of Egypt; and because they hired against thee Balaam the son of Beor from Pethor of Mesopotamia, to curse thee.	DEU
Deut	23	5	Nevertheless the LORD thy God would not hearken unto Balaam; but the LORD thy God turned the curse into a blessing unto thee, because the LORD thy God loved thee.	DEU
Deut	23	6	Thou shalt not seek their peace nor their prosperity all thy days for ever.	DEU
Deut	23	7	Thou shalt not abhor an Edomite; for he is thy brother: thou shalt not abhor an Egyptian; because thou wast a stranger in his land.	DEU
Deut	23	8	The children of the third generation that are born unto them shall enter into the assembly of the LORD.	DEU
Deut	23	9	When thou goest forth in camp against thine enemies, then thou shalt keep thee from every evil thing.	DEU
Deut	23	10	If there be among you any man, that is not clean by reason of that which chanceth him by night, then shall he go abroad out of the camp, he shall not come within the camp:	DEU
Deut	23	11	but it shall be, when evening cometh on, he shall bathe himself in water: and when the sun is down, he shall come within the camp.	DEU
Deut	23	12	Thou shalt have a place also without the camp, whither thou shalt go forth abroad:	DEU
Deut	23	13	and thou shalt have a paddle among thy weapons; and it shall be, when thou sittest down abroad, thou shalt dig therewith, and shalt turn back and cover that which cometh from thee:	DEU
Deut	23	14	for the LORD thy God walketh in the midst of thy camp, to deliver thee, and to give up thine enemies before thee; therefore shall thy camp be holy: that he see no unclean thing in thee, and turn away from thee.	DEU
Deut	23	15	Thou shalt not deliver unto his master a servant which is escaped from his master unto thee:	DEU
Deut	23	16	he shall dwell with thee, in the midst of thee, in the place which he shall choose within one of thy gates, where it liketh him best: thou shalt not oppress him.	DEU
Deut	23	17	There shall be no harlot of the daughters of Israel, neither shall there be a sodomite of the sons of Israel.	DEU
Deut	23	18	Thou shalt not bring the hire of a whore, or the wages of a dog, into the house of the LORD thy God for any vow: for even both these are an abomination unto the LORD thy God.	DEU
Deut	23	19	Thou shalt not lend upon usury to thy brother; usury of money, usury of victuals, usury of any thing that is lent upon usury:	DEU
Deut	23	20	unto a foreigner thou mayest lend upon usury; but unto thy brother thou shalt not lend upon usury: that the LORD thy God may bless thee in all that thou puttest thine hand unto, in the land whither thou goest in to possess it.	DEU
Deut	23	21	When thou shalt vow a vow unto the LORD thy God, thou shalt not be slack to pay it: for the LORD thy God will surely require it of thee; and it would be sin in thee.	DEU
Deut	23	22	But if thou shalt forbear to vow, it shall be no sin in thee.	DEU
Deut	23	23	That which is gone out of thy lips thou shalt observe and do; according as thou hast vowed unto the LORD thy God, a freewill offering, which thou hast promised with thy mouth.	DEU
Deut	23	24	When thou comest into thy neighbour’s vineyard, then thou mayest eat grapes thy fill at thine own pleasure; but thou shalt not put any in thy vessel.	DEU
Deut	23	25	When thou comest into thy neighbour’s standing corn, then thou mayest pluck the ears with thine hand; but thou shalt not move a sickle unto thy neighbour’s standing corn.	DEU
Deut	24	1	When a man taketh a wife, and marrieth her, then it shall be, if she find no favour in his eyes, because he hath found some unseemly thing in her, that he shall write her a bill of divorcement, and give it in her hand, and send her out of his house.	DEU
Deut	24	2	And when she is departed out of his house, she may go and be another man’s wife.	DEU
Deut	24	3	And if the latter husband hate her, and write her a bill of divorcement, and give it in her hand, and send her out of his house; or if the latter husband die, which took her to be his wife;	DEU
Deut	24	4	her former husband, which sent her away, may not take her again to be his wife, after that she is defiled; for that is abomination before the LORD: and thou shalt not cause the land to sin, which the LORD thy God giveth thee for an inheritance.	DEU
Deut	24	5	When a man taketh a new wife, he shall not go out in the host, neither shall he be charged with any business: he shall be free at home one year, and shall cheer his wife which he hath taken.	DEU
Deut	24	6	No man shall take the mill or the upper millstone to pledge: for he taketh a man’s life to pledge.	DEU
Deut	24	7	If a man be found stealing any of his brethren of the children of Israel, and he deal with him as a slave, or sell him; then that thief shall die: so shalt thou put away the evil from the midst of thee.	DEU
Deut	24	8	Take heed in the plague of leprosy, that thou observe diligently, and do according to all that the priests the Levites shall teach you: as I commanded them, so ye shall observe to do.	DEU
Deut	24	9	Remember what the LORD thy God did unto Miriam, by the way as ye came forth out of Egypt.	DEU
Deut	24	10	When thou dost lend thy neighbour any manner of loan, thou shalt not go into his house to fetch his pledge.	DEU
Deut	24	11	Thou shalt stand without, and the man to whom thou dost lend shall bring forth the pledge without unto thee.	DEU
Deut	24	12	And if he be a poor man, thou shalt not sleep with his pledge:	DEU
Deut	24	13	thou shalt surely restore to him the pledge when the sun goeth down, that he may sleep in his garment, and bless thee: and it shall be righteousness unto thee before the LORD thy God.	DEU
Deut	24	14	Thou shalt not oppress an hired servant that is poor and needy, whether he be of thy brethren, or of thy strangers that are in thy land within thy gates:	DEU
Deut	24	15	in his day thou shalt give him his hire, neither shall the sun go down upon it; for he is poor, and setteth his heart upon it: lest he cry against thee unto the LORD, and it be sin unto thee.	DEU
Deut	24	16	The fathers shall not be put to death for the children, neither shall the children be put to death for the fathers: every man shall be put to death for his own sin.	DEU
Deut	24	17	Thou shalt not wrest the judgment of the stranger, nor of the fatherless; nor take the widow’s raiment to pledge:	DEU
Deut	24	18	but thou shalt remember that thou wast a bondman in Egypt, and the LORD thy God redeemed thee thence: therefore I command thee to do this thing.	DEU
Deut	24	19	When thou reapest thine harvest in thy field, and hast forgot a sheaf in the field, thou shalt not go again to fetch it: it shall be for the stranger, for the fatherless, and for the widow: that the LORD thy God may bless thee in all the work of thine hands.	DEU
Deut	24	20	When thou beatest thine olive tree, thou shalt not go over the boughs again: it shall be for the stranger, for the fatherless, and for the widow.	DEU
Deut	24	21	When thou gatherest the grapes of thy vineyard, thou shalt not glean it after thee: it shall be for the stranger, for the fatherless, and for the widow.	DEU
Deut	24	22	And thou shalt remember that thou wast a bondman in the land of Egypt: therefore I command thee to do this thing.	DEU
Deut	25	1	If there be a controversy between men, and they come unto judgment, and the judges judge them; then they shall justify the righteous, and condemn the wicked;	DEU
Deut	25	2	and it shall be, if the wicked man be worthy to be beaten, that the judge shall cause him to lie down, and to be beaten before his face, according to his wickedness, by number.	DEU
Deut	25	3	Forty stripes he may give him, he shall not exceed: lest, if he should exceed, and beat him above these with many stripes, then thy brother should seem vile unto thee.	DEU
Deut	25	4	Thou shalt not muzzle the ox when he treadeth out the corn.	DEU
Deut	25	5	If brethren dwell together, and one of them die, and have no son, the wife of the dead shall not marry without unto a stranger: her husband’s brother shall go in unto her, and take her to him to wife, and perform the duty of an husband’s brother unto her.	DEU
Deut	25	6	And it shall be, that the firstborn which she beareth shall succeed in the name of his brother which is dead, that his name be not blotted out of Israel.	DEU
Deut	25	7	And if the man like not to take his brother’s wife, then his brother’s wife shall go up to the gate unto the elders, and say, My husband’s brother refuseth to raise up unto his brother a name in Israel, he will not perform the duty of an husband’s brother unto me.	DEU
Deut	25	8	Then the elders of his city shall call him, and speak unto him: and if he stand, and say, I like not to take her;	DEU
Deut	25	9	then shall his brother’s wife come unto him in the presence of the elders, and loose his shoe from off his foot, and spit in his face; and she shall answer and say, So shall it be done unto the man that doth not build up his brother’s house.	DEU
Deut	25	10	And his name shall be called in Israel, The house of him that hath his shoe loosed.	DEU
Deut	25	11	When men strive together one with another, and the wife of the one draweth near for to deliver her husband out of the hand of him that smiteth him, and putteth forth her hand, and taketh him by the secrets:	DEU
Deut	25	12	then thou shalt cut off her hand, thine eye shall have no pity.	DEU
Deut	25	13	Thou shalt not have in thy bag divers weights, a great and a small.	DEU
Deut	25	14	Thou shalt not have in thine house divers measures, a great and a small.	DEU
Deut	25	15	A perfect and just weight shalt thou have; a perfect and just measure shalt thou have: that thy days may be long upon the land which the LORD thy God giveth thee.	DEU
Deut	25	16	For all that do such things; even all that do unrighteously, are an abomination unto the LORD thy God.	DEU
Deut	25	17	Remember what Amalek did unto thee by the way as ye came forth out of Egypt;	DEU
Deut	25	18	how he met thee by the way, and smote the hindmost of thee, all that were feeble behind thee, when thou wast faint and weary; and he feared not God.	DEU
Deut	25	19	Therefore it shall be, when the LORD thy God hath given thee rest from all thine enemies round about, in the land which the LORD thy God giveth thee for an inheritance to possess it, that thou shalt blot out the remembrance of Amalek from under heaven; thou shalt not forget.	DEU
Deut	26	1	And it shall be, when thou art come in unto the land which the LORD thy God giveth thee for an inheritance, and possessest it, and dwellest therein;	DEU
Deut	26	2	that thou shalt take of the first of all the fruit of the ground, which thou shalt bring in from thy land that the LORD thy God giveth thee; and thou shalt put it in a basket, and shalt go unto the place which the LORD thy God shall choose to cause his name to dwell there.	DEU
Deut	26	3	And thou shalt come unto the priest that shall be in those days, and say unto him, I profess this day unto the LORD thy God, that I am come unto the land which the LORD sware unto our fathers for to give us.	DEU
Deut	26	4	And the priest shall take the basket out of thine hand, and set it down before the altar of the LORD thy God.	DEU
Deut	26	5	And thou shalt answer and say before the LORD thy God, A Syrian ready to perish was my father, and he went down into Egypt, and sojourned there, few in number; and he became there a nation, great, mighty, and populous:	DEU
Deut	26	6	and the Egyptians evil entreated us, and afflicted us, and laid upon us hard bondage:	DEU
Deut	26	7	and we cried unto the LORD, the God of our fathers, and the LORD heard our voice, and saw our affliction, and our toil, and our oppression:	DEU
Deut	26	8	and the LORD brought us forth out of Egypt with a mighty hand, and with an outstretched arm, and with great terribleness, and with signs, and with wonders:	DEU
Deut	26	9	and he hath brought us into this place, and hath given us this land, a land flowing with milk and honey.	DEU
Deut	26	10	And now, behold, I have brought the first of the fruit of the ground, which thou, O LORD, hast given me. And thou shalt set it down before the LORD thy God, and worship before the LORD thy God:	DEU
Deut	26	11	and thou shalt rejoice in all the good which the LORD thy God hath given unto thee, and unto thine house, thou, and the Levite, and the stranger that is in the midst of thee.	DEU
Deut	26	12	When thou hast made an end of tithing all the tithe of thine increase in the third year, which is the year of tithing, then thou shalt give it unto the Levite, to the stranger, to the fatherless, and to the widow, that they may eat within thy gates, and be filled;	DEU
Deut	26	13	and thou shalt say before the LORD thy God, I have put away the hallowed things out of mine house, and also have given them unto the Levite, and unto the stranger, to the fatherless, and to the widow, according to all thy commandment which thou hast commanded me: I have not transgressed any of thy commandments, neither have I forgotten them:	DEU
Deut	26	14	I have not eaten thereof in my mourning, neither have I put away thereof, being unclean, nor given thereof for the dead: I have hearkened to the voice of the LORD my God, I have done according to all that thou hast commanded me.	DEU
Deut	26	15	Look down from thy holy habitation, from heaven, and bless thy people Israel, and the ground which thou hast given us, as thou swarest unto our fathers, a land flowing with milk and honey.	DEU
Deut	26	16	This day the LORD thy God commandeth thee to do these statutes and judgments: thou shalt therefore keep and do them with all thine heart, and with all thy soul.	DEU
Deut	26	17	Thou hast avouched the LORD this day to be thy God, and that thou shouldest walk in his ways, and keep his statutes, and his commandments, and his judgments, and hearken unto his voice:	DEU
Deut	26	18	and the LORD hath avouched thee this day to be a peculiar people unto himself, as he hath promised thee, and that thou shouldest keep all his commandments;	DEU
Deut	26	19	and to make thee high above all nations which he hath made, in praise, and in name, and in honour; and that thou mayest be an holy people unto the LORD thy God, as he hath spoken.	DEU
Deut	27	1	And Moses and the elders of Israel commanded the people, saying, Keep all the commandment which I command you this day.	DEU
Deut	27	2	And it shall be on the day when ye shall pass over Jordan unto the land which the LORD thy God giveth thee, that thou shalt set thee up great stones, and plaister them with plaister:	DEU
Deut	27	3	and thou shalt write upon them all the words of this law, when thou art passed over; that thou mayest go in unto the land which the LORD thy God giveth thee, a land flowing with milk and honey, as the LORD, the God of thy fathers, hath promised thee.	DEU
Deut	27	4	And it shall be when ye are passed over Jordan, that ye shall set up these stones, which I command you this day, in mount Ebal, and thou shalt plaister them with plaister.	DEU
Deut	27	5	And there shalt thou build an altar unto the LORD thy God, an altar of stones: thou shalt lift up no iron tool upon them.	DEU
Deut	27	6	Thou shalt build the altar of the LORD thy God of unhewn stones: and thou shalt offer burnt offerings thereon unto the LORD thy God:	DEU
Deut	27	7	and thou shalt sacrifice peace offerings, and shalt eat there; and thou shalt rejoice before the LORD thy God.	DEU
Deut	27	8	And thou shalt write upon the stones all the words of this law very plainly.	DEU
Deut	27	9	And Moses and the priests the Levites spake unto all Israel, saying, Keep silence, and hearken, O Israel; this day thou art become the people of the LORD thy God.	DEU
Deut	27	10	Thou shalt therefore obey the voice of the LORD thy God, and do his commandments and his statutes, which I command thee this day.	DEU
Deut	27	11	And Moses charged the people the same day, saying,	DEU
Deut	27	12	These shall stand upon mount Gerizim to bless the people, when ye are passed over Jordan; Simeon, and Levi, and Judah, and Issachar, and Joseph, and Benjamin:	DEU
Deut	27	13	and these shall stand upon mount Ebal for the curse; Reuben, Gad, and Asher, and Zebulun, Dan, and Naphtali.	DEU
Deut	27	14	And the Levites shall answer, and say unto all the men of Israel with a loud voice,	DEU
Deut	27	15	Cursed be the man that maketh a graven or molten image, an abomination unto the LORD, the work of the hands of the craftsman, and setteth it up in secret. And all the people shall answer and say, Amen.	DEU
Deut	27	16	Cursed be he that setteth light by his father or his mother. And all the people shall say, Amen.	DEU
Deut	27	17	Cursed be he that removeth his neighbour’s landmark. And all the people shall say, Amen.	DEU
Deut	27	18	Cursed be he that maketh the blind to wander out of the way. And all the people shall say, Amen.	DEU
Deut	27	19	Cursed be he that wresteth the judgment of the stranger, fatherless, and widow. And all the people shall say, Amen.	DEU
Deut	27	20	Cursed be he that lieth with his father’s wife; because he hath uncovered his father’s skirt. And all the people shall say, Amen.	DEU
Deut	27	21	Cursed be he that lieth with any manner of beast. And all the people shall say, Amen.	DEU
Deut	27	22	Cursed be he that lieth with his sister, the daughter of his father, or the daughter of his mother. And all the people shall say, Amen.	DEU
Deut	27	23	Cursed be he that lieth with his mother in law. And all the people shall say, Amen.	DEU
Deut	27	24	Cursed be he that smiteth his neighbour in secret. And all the people shall say, Amen.	DEU
Deut	27	25	Cursed be he that taketh reward to slay an innocent person. And all the people shall say, Amen.	DEU
Deut	27	26	Cursed be he that confirmeth not the words of this law to do them. And all the people shall say, Amen.	DEU
Deut	28	1	And it shall come to pass, if thou shalt hearken diligently unto the voice of the LORD thy God, to observe to do all his commandments which I command thee this day, that the LORD thy God will set thee on high above all the nations of the earth:	DEU
Deut	28	2	and all these blessings shall come upon thee, and overtake thee, if thou shalt hearken unto the voice of the LORD thy God.	DEU
Deut	28	3	Blessed shalt thou be in the city, and blessed shalt thou be in the field.	DEU
Deut	28	4	Blessed shall be the fruit of thy body, and the fruit of thy ground, and the fruit of thy cattle, the increase of thy kine, and the young of thy flock.	DEU
Deut	28	5	Blessed shall be thy basket and thy kneadingtrough.	DEU
Deut	28	6	Blessed shalt thou be when thou comest in, and blessed shalt thou be when thou goest out.	DEU
Deut	28	7	The LORD shall cause thine enemies that rise up against thee to be smitten before thee: they shall come out against thee one way, and shall flee before thee seven ways.	DEU
Deut	28	8	The LORD shall command the blessing upon thee in thy barns, and in all that thou puttest thine hand unto: and he shall bless thee in the land which the LORD thy God giveth thee.	DEU
Deut	28	9	The LORD shall establish thee for an holy people unto himself, as he hath sworn unto thee; if thou shalt keep the commandments of the LORD thy God, and walk in his ways.	DEU
Deut	28	10	And all the peoples of the earth shall see that thou art called by the name of the LORD; and they shall be afraid of thee.	DEU
Deut	28	11	And the LORD shall make thee plenteous for good, in the fruit of thy body, and in the fruit of thy cattle, and in the fruit of thy ground, in the land which the LORD sware unto thy fathers to give thee.	DEU
Deut	28	12	The LORD shall open unto thee his good treasure the heaven to give the rain of thy land in its season, and to bless all the work of thine hand: and thou shalt lend unto many nations, and thou shalt not borrow.	DEU
Deut	28	13	And the LORD shall make thee the head, and not the tail; and thou shalt be above only, and thou shalt not be beneath; if thou shalt hearken unto the commandments of the LORD thy God, which I command thee this day, to observe and to do them;	DEU
Deut	28	14	and shalt not turn aside from any of the words which I command you this day, to the right hand, or to the left, to go after other gods to serve them.	DEU
Deut	28	15	But it shall come to pass, if thou wilt not hearken unto the voice of the LORD thy God, to observe to do all his commandments and his statutes which I command thee this day; that all these curses shall come upon thee, and overtake thee.	DEU
Deut	28	16	Cursed shalt thou be in the city, and cursed shalt thou be in the field.	DEU
Deut	28	17	Cursed shall be thy basket and thy kneadingtrough.	DEU
Deut	28	18	Cursed shall be the fruit of thy body, and the fruit of thy ground, the increase of thy kine, and the young of thy flock.	DEU
Deut	28	19	Cursed shalt thou be when thou comest in, and cursed shalt thou be when thou goest out.	DEU
Deut	28	20	The LORD shall send upon thee cursing, discomfiture, and rebuke, in all that thou puttest thine hand unto for to do, until thou be destroyed, and until thou perish quickly; because of the evil of thy doings, whereby thou hast forsaken me.	DEU
Deut	28	21	The LORD shall make the pestilence cleave unto thee, until he have consumed thee from off the land, whither thou goest in to possess it.	DEU
Deut	28	22	The LORD shall smite thee with consumption, and with fever, and with inflammation, and with fiery heat, and with the sword, and with blasting, and with mildew; and they shall pursue thee until thou perish.	DEU
Deut	28	23	And thy heaven that is over thy head shall be brass, and the earth that is under thee shall be iron.	DEU
Deut	28	24	The LORD shall make the rain of thy land powder and dust: from heaven shall it come down upon thee, until thou be destroyed.	DEU
Deut	28	25	The LORD shall cause thee to be smitten before thine enemies: thou shalt go out one way against them, and shalt flee seven ways before them: and thou shalt be tossed to and fro among all the kingdoms of the earth.	DEU
Deut	28	26	And thy carcase shall be meat unto all fowls of the air, and unto the beasts of the earth, and there shall be none to fray them away.	DEU
Deut	28	27	The LORD shall smite thee with the boil of Egypt, and with the emerods, and with the scurvy, and with the itch, whereof thou canst not be healed.	DEU
Deut	28	28	The LORD shall smite thee with madness, and with blindness, and with astonishment of heart:	DEU
Deut	28	29	and thou shalt grope at noonday, as the blind gropeth in darkness, and thou shalt not prosper in thy ways: and thou shalt be only oppressed and spoiled alway, and there shall be none to save thee.	DEU
Deut	28	30	Thou shalt betroth a wife, and another man shall lie with her: thou shalt build an house, and thou shalt not dwell therein: thou shalt plant a vineyard, and shalt not use the fruit thereof.	DEU
Deut	28	31	Thine ox shall be slain before thine eyes, and thou shalt not eat thereof: thine ass shall be violently taken away from before thy face, and shall not be restored to thee: thy sheep shall be given unto thine enemies, and thou shalt have none to save thee.	DEU
Deut	28	32	Thy sons and thy daughters shall be given unto another people, and thine eyes shall look, and fail with longing for them all the day: and there shall be nought in the power of thine hand.	DEU
Deut	28	33	The fruit of thy ground, and all thy labours, shall a nation which thou knowest not eat up; and thou shalt be only oppressed and crushed alway:	DEU
Deut	28	34	so that thou shalt be mad for the sight of thine eyes which thou shalt see.	DEU
Deut	28	35	The LORD shall smite thee in the knees, and in the legs, with a sore boil, whereof thou canst not be healed, from the sole of thy foot unto the crown of thy head.	DEU
Deut	28	36	The LORD shall bring thee, and thy king which thou shalt set over thee, unto a nation which thou hast not known, thou nor thy fathers; and there shalt thou serve other gods, wood and stone.	DEU
Deut	28	37	And thou shalt become an astonishment, a proverb, and a byword, among all the peoples whither the LORD shall lead thee away.	DEU
Deut	28	38	Thou shalt carry much seed out into the field, and shalt gather little in; for the locust shall consume it.	DEU
Deut	28	39	Thou shalt plant vineyards and dress them, but thou shalt neither drink of the wine, nor gather the grapes; for the worm shall eat them.	DEU
Deut	28	40	Thou shalt have olive trees throughout all thy borders, but thou shalt not anoint thyself with the oil: for thine olive shall cast its fruit.	DEU
Deut	28	41	Thou shalt beget sons and daughters, but they shall not be thine; for they shall go into captivity.	DEU
Deut	28	42	All thy trees and the fruit of thy ground shall the locust possess.	DEU
Deut	28	43	The stranger that is in the midst of thee shall mount up above thee higher and higher; and thou shalt come down lower and lower.	DEU
Deut	28	44	He shall lend to thee, and thou shalt not lend to him: he shall be the head, and thou shalt be the tail.	DEU
Deut	28	45	And all these curses shall come upon thee, and shall pursue thee, and overtake thee, till thou be destroyed; because thou hearkenedst not unto the voice of the LORD thy God, to keep his commandments and his statutes which he commanded thee:	DEU
Deut	28	46	and they shall be upon thee for a sign and for a wonder, and upon thy seed for ever:	DEU
Deut	28	47	because thou servedst not the LORD thy God with joyfulness, and with gladness of heart, by reason of the abundance of all things:	DEU
Deut	28	48	therefore shalt thou serve thine enemies which the LORD shall send against thee, in hunger, and in thirst, and in nakedness, and in want of all things: and he shall put a yoke of iron upon thy neck, until he have destroyed thee.	DEU
Deut	28	49	The LORD shall bring a nation against thee from far, from the end of the earth, as the eagle flieth; a nation whose tongue thou shalt not understand;	DEU
Deut	28	50	a nation of fierce countenance, which shall not regard the person of the old, nor shew favour to the young:	DEU
Deut	28	51	and he shall eat the fruit of thy cattle, and the fruit of thy ground, until thou be destroyed: which also shall not leave thee corn, wine, or oil, the increase of thy kine, or the young of thy flock, until he have caused thee to perish.	DEU
Deut	28	52	And he shall besiege thee in all thy gates, until thy high and fenced walls come down, wherein thou trustedst, throughout all thy land: and he shall besiege thee in all thy gates throughout all thy land, which the LORD thy God hath given thee.	DEU
Deut	28	53	And thou shalt eat the fruit of thine own body, the flesh of thy sons and of thy daughters which the LORD thy God hath given thee; in the siege and in the straitness, wherewith thine enemies shall straiten thee.	DEU
Deut	28	54	The man that is tender among you, and very delicate, his eye shall be evil toward his brother, and toward the wife of his bosom, and toward the remnant of his children which he hath remaining:	DEU
Deut	28	55	so that he will not give to any of them of the flesh of his children whom he shall eat, because he hath nothing left him; in the siege and in the straitness, wherewith thine enemy shall straiten thee in all thy gates.	DEU
Deut	28	56	The tender and delicate woman among you, which would not adventure to set the sole of her foot upon the ground for delicateness and tenderness, her eye shall be evil toward the husband of her bosom, and toward her son, and toward her daughter;	DEU
Deut	28	57	and toward her young one that cometh out from between her feet, and toward her children which she shall bear; for she shall eat them for want of all things secretly: in the siege and in the straitness, wherewith thine enemy shall straiten thee in thy gates.	DEU
Deut	28	58	If thou wilt not observe to do all the words of this law that are written in this book, that thou mayest fear this glorious and fearful name, THE LORD THY GOD;	DEU
Deut	28	59	then the LORD will make thy plagues wonderful, and the plagues of thy seed, even great plagues, and of long continuance, and sore sicknesses, and of long continuance.	DEU
Deut	28	60	And he will bring upon thee again all the diseases of Egypt, which thou wast afraid of; and they shall cleave unto thee.	DEU
Deut	28	61	Also every sickness, and every plague, which is not written in the book of this law, them will the LORD bring upon thee, until thou be destroyed.	DEU
Deut	28	62	And ye shall be left few in number, whereas ye were as the stars of heaven for multitude; because thou didst not hearken unto the voice of the LORD thy God.	DEU
Deut	28	63	And it shall come to pass, that as the LORD rejoiced over you to do you good, and to multiply you; so the LORD will rejoice over you to cause you to perish, and to destroy you; and ye shall be plucked from off the land whither thou goest in to possess it.	DEU
Deut	28	64	And the LORD shall scatter thee among all peoples, from the one end of the earth even unto the other end of the earth; and there thou shalt serve other gods, which thou hast not known, thou nor thy fathers, even wood and stone.	DEU
Deut	28	65	And among these nations shalt thou find no ease, and there shall be no rest for the sole of thy foot: but the LORD shall give thee there a trembling heart, and failing of eyes, and pining of soul:	DEU
Deut	28	66	and thy life shall hang in doubt before thee; and thou shalt fear night and day, and shalt have none assurance of thy life:	DEU
Deut	28	67	in the morning thou shalt say, Would God it were even! and at even thou shalt say, Would God it were morning! for the fear of thine heart which thou shalt fear, and for the sight of thine eyes which thou shalt see.	DEU
Deut	28	68	And the LORD shall bring thee into Egypt again with ships, by the way whereof I said unto thee, Thou shalt see it no more again: and there ye shall sell yourselves unto your enemies for bondmen and for bondwomen, and no man shall buy you.	DEU
Deut	29	1	These are the words of the covenant which the LORD commanded Moses to make with the children of Israel in the land of Moab, beside the covenant which he made with them in Horeb.	DEU
Deut	29	2	And Moses called unto all Israel, and said unto them, Ye have seen all that the LORD did before your eyes in the land of Egypt unto Pharaoh, and unto all his servants, and unto all his land;	DEU
Deut	29	3	the great temptations which thine eyes saw, the signs, and those great wonders:	DEU
Deut	29	4	but the LORD hath not given you an heart to know, and eyes to see, and ears to hear, unto this day.	DEU
Deut	29	5	And I have led you forty years in the wilderness: your clothes are not waxen old upon you, and thy shoe is not waxen old upon thy foot.	DEU
Deut	29	6	Ye have not eaten bread, neither have ye drunk wine or strong drink: that ye might know that I am the LORD your God.	DEU
Deut	29	7	And when ye came unto this place, Sihon the king of Heshbon, and Og the king of Bashan, came out against us unto battle, and we smote them:	DEU
Deut	29	8	and we took their land, and gave it for an inheritance unto the Reubenites, and to the Gadites, and to the half tribe of the Manassites.	DEU
Deut	29	9	Keep therefore the words of this covenant, and do them, that ye may prosper in all that ye do.	DEU
Deut	29	10	Ye stand this day all of you before the LORD your God; your heads, your tribes, your elders, and your officers, even all the men of Israel,	DEU
Deut	29	11	your little ones, your wives, and thy stranger that is in the midst of thy camps, from the hewer of thy wood unto the drawer of thy water:	DEU
Deut	29	12	that thou shouldest enter into the covenant of the LORD thy God, and into his oath, which the LORD thy God maketh with thee this day:	DEU
Deut	29	13	that he may establish thee this day unto himself for a people, and that he may be unto thee a God, as he spake unto thee, and as he sware unto thy fathers, to Abraham, to Isaac, and to Jacob.	DEU
Deut	29	14	Neither with you only do I make this covenant and this oath;	DEU
Deut	29	15	but with him that standeth here with us this day before the LORD our God, and also with him that is not here with us this day:	DEU
Deut	29	16	(for ye know how we dwelt in the land of Egypt; and how we came through the midst of the nations through which ye passed;	DEU
Deut	29	17	and ye have seen their abominations, and their idols, wood and stone, silver and gold, which were among them:)	DEU
Deut	29	18	lest there should be among you man, or woman, or family, or tribe, whose heart turneth away this day from the LORD our God, to go to serve the gods of those nations; lest there should be among you a root that beareth gall and wormwood;	DEU
Deut	29	19	and it come to pass, when he heareth the words of this curse, that he bless himself in his heart, saying, I shall have peace, though I walk in the stubbornness of mine heart, to destroy the moist with the dry:	DEU
Deut	29	20	the LORD will not pardon him, but then the anger of the LORD and his jealousy shall smoke against that man, and all the curse that is written in this book shall lie upon him, and the LORD shall blot out his name from under heaven.	DEU
Deut	29	21	And the LORD shall separate him unto evil out of all the tribes of Israel, according to all the curses of the covenant that is written in this book of the law.	DEU
Deut	29	22	And the generation to come, your children that shall rise up after you, and the foreigner that shall come from a far land, shall say, when they see the plagues of that land, and the sicknesses wherewith the LORD hath made it sick;	DEU
Deut	29	23	and that the whole land thereof is brimstone, and salt, and a burning, that it is not sown, nor beareth, nor any grass groweth therein, like the overthrow of Sodom and Gomorrah, Admah and Zeboiim, which the LORD overthrew in his anger, and in his wrath:	DEU
Deut	29	24	even all the nations shall say, Wherefore hath the LORD done thus unto this land? what meaneth the heat of this great anger?	DEU
Deut	29	25	Then men shall say, Because they forsook the covenant of the LORD, the God of their fathers, which he made with them when he brought them forth out of the land of Egypt;	DEU
Deut	29	26	and went and served other gods, and worshipped them, gods whom they knew not, and whom he had not given unto them:	DEU
Deut	29	27	therefore the anger of the LORD was kindled against this land, to bring upon it all the curse that is written in this book:	DEU
Deut	29	28	and the LORD rooted them out of their land in anger, and in wrath, and in great indignation, and cast them into another land, as at this day.	DEU
Deut	29	29	The secret things belong unto the LORD our God: but the things that are revealed belong unto us and to our children for ever, that we may do all the words of this law.	DEU
Deut	30	1	And it shall come to pass, when all these things are come upon thee, the blessing and the curse, which I have set before thee, and thou shalt call them to mind among all the nations, whither the LORD thy God hath driven thee,	DEU
Deut	30	2	and shalt return unto the LORD thy God, and shalt obey his voice according to all that I command thee this day, thou and thy children, with all thine heart, and with all thy soul;	DEU
Deut	30	3	that then the LORD thy God will turn thy captivity, and have compassion upon thee, and will return and gather thee from all the peoples, whither the LORD thy God hath scattered thee.	DEU
Deut	30	4	If any of thine outcasts be in the uttermost parts of heaven, from thence will the LORD thy God gather thee, and from thence will he fetch thee:	DEU
Deut	30	5	and the LORD thy God will bring thee into the land which thy fathers possessed, and thou shalt possess it; and he will do thee good, and multiply thee above thy fathers.	DEU
Deut	30	6	And the LORD thy God will circumcise thine heart, and the heart of thy seed, to love the LORD thy God with all thine heart, and with all thy soul, that thou mayest live.	DEU
Deut	30	7	And the LORD thy God will put all these curses upon thine enemies, and on them that hate thee, which persecuted thee.	DEU
Deut	30	8	And thou shalt return and obey the voice of the LORD, and do all his commandments which I command thee this day.	DEU
Deut	30	9	And the LORD thy God will make thee plenteous in all the work of thine hand, in the fruit of thy body, and in the fruit of thy cattle, and in the fruit of thy ground, for good: for the LORD will again rejoice over thee for good, as he rejoiced over thy fathers:	DEU
Deut	30	10	if thou shalt obey the voice of the LORD thy God, to keep his commandments and his statutes which are written in this book of the law; if thou turn unto the LORD thy God with all thine heart, and with all thy soul.	DEU
Deut	30	11	For this commandment which I command thee this day, it is not too hard for thee, neither is it far off.	DEU
Deut	30	12	It is not in heaven, that thou shouldest say, Who shall go up for us to heaven, and bring it unto us, and make us to hear it, that we may do it?	DEU
Deut	30	13	Neither is it beyond the sea, that thou shouldest say, Who shall go over the sea for us, and bring it unto us, and make us to hear it, that we may do it?	DEU
Deut	30	14	But the word is very nigh unto thee, in thy mouth, and in thy heart, that thou mayest do it.	DEU
Deut	30	15	See, I have set before thee this day life and good, and death and evil;	DEU
Deut	30	16	in that I command thee this day to love the LORD thy God, to walk in his ways, and to keep his commandments and his statutes and his judgments, that thou mayest live and multiply, and that the LORD thy God may bless thee in the land whither thou goest in to possess it.	DEU
Deut	30	17	But if thine heart turn away, and thou wilt not hear, but shalt be drawn away, and worship other gods, and serve them;	DEU
Deut	30	18	I denounce unto you this day, that ye shall surely perish; ye shall not prolong your days upon the land, whither thou passest over Jordan to go in to possess it.	DEU
Deut	30	19	I call heaven and earth to witness against you this day, that I have set before thee life and death, the blessing and the curse: therefore choose life, that thou mayest live, thou and thy seed:	DEU
Deut	30	20	to love the LORD thy God, to obey his voice, and to cleave unto him: for he is thy life, and the length of thy days: that thou mayest dwell in the land which the LORD sware unto thy fathers, to Abraham, to Isaac, and to Jacob, to give them.	DEU
Deut	31	1	And Moses went and spake these words unto all Israel.	DEU
Deut	31	2	And he said unto them, I am an hundred and twenty years old this day; I can no more go out and come in: and the LORD hath said unto me, Thou shalt not go over this Jordan.	DEU
Deut	31	3	The LORD thy God, he will go over before thee; he will destroy these nations from before thee, and thou shalt possess them: and Joshua, he shall go over before thee, as the LORD hath spoken.	DEU
Deut	31	4	And the LORD shall do unto them as he did to Sihon and to Og, the kings of the Amorites, and unto their land; whom he destroyed.	DEU
Deut	31	5	And the LORD shall deliver them up before you, and ye shall do unto them according unto all the commandment which I have commanded you.	DEU
Deut	31	6	Be strong and of a good courage, fear not, nor be affrighted at them: for the LORD thy God, he it is that doth go with thee; he will not fail thee, nor forsake thee.	DEU
Deut	31	7	And Moses called unto Joshua, and said unto him in the sight of all Israel, Be strong and of a good courage: for thou shalt go with this people into the land which the LORD hath sworn unto their fathers to give them; and thou shalt cause them to inherit it.	DEU
Deut	31	8	And the LORD, he it is that doth go before thee; he will be with thee, he will not fail thee, neither forsake thee: fear not, neither be dismayed.	DEU
Deut	31	9	And Moses wrote this law, and delivered it unto the priests the sons of Levi, which bare the ark of the covenant of the LORD, and unto all the elders of Israel.	DEU
Deut	31	10	And Moses commanded them, saying, At the end of every seven years, in the set time of the year of release, in the feast of tabernacles,	DEU
Deut	31	11	when all Israel is come to appear before the LORD thy God in the place which he shall choose, thou shalt read this law before all Israel in their hearing.	DEU
Deut	31	12	Assemble the people, the men and the women and the little ones, and thy stranger that is within thy gates, that they may hear, and that they may learn, and fear the LORD your God, and observe to do all the words of this law;	DEU
Deut	31	13	and that their children, which have not known, may hear, and learn to fear the LORD your God, as long as ye live in the land whither ye go over Jordan to possess it.	DEU
Deut	31	14	And the LORD said unto Moses, Behold, thy days approach that thou must die: call Joshua, and present yourselves in the tent of meeting, that I may give him a charge. And Moses and Joshua went, and presented themselves in the tent of meeting.	DEU
Deut	31	15	And the LORD appeared in the Tent in a pillar of cloud: and the pillar of cloud stood over the door of the Tent.	DEU
Deut	31	16	And the LORD said unto Moses, Behold, thou shalt sleep with thy fathers; and this people will rise up, and go a whoring after the strange gods of the land, whither they go to be among them, and will forsake me, and break my covenant which I have made with them.	DEU
Deut	31	17	Then my anger shall be kindled against them in that day, and I will forsake them, and I will hide my face from them, and they shall be devoured, and many evils and troubles shall come upon them; so that they will say in that day, Are not these evils come upon us because our God is not among us?	DEU
Deut	31	18	And I will surely hide my face in that day for all the evil which they shall have wrought, in that they are turned unto other gods.	DEU
Deut	31	19	Now therefore write ye this song for you, and teach thou it the children of Israel: put it in their mouths, that this song may be a witness for me against the children of Israel.	DEU
Deut	31	20	For when I shall have brought them into the land which I sware unto their fathers, flowing with milk and honey; and they shall have eaten and filled themselves, and waxen fat; then will they turn unto other gods, and serve them, and despise me, and break my covenant.	DEU
Deut	31	21	And it shall come to pass, when many evils and troubles are come upon them, that this song shall testify before them as a witness; for it shall not be forgotten out of the mouths of their seed: for I know their imagination which they go about, even now, before I have brought them into the land which I sware.	DEU
Deut	31	22	So Moses wrote this song the same day, and taught it the children of Israel.	DEU
Deut	31	23	And he gave Joshua the son of Nun a charge, and said, Be strong and of a good courage: for thou shalt bring the children of Israel into the land which I sware unto them: and I will be with thee.	DEU
Deut	31	24	And it came to pass, when Moses had made an end of writing the words of this law in a book, until they were finished,	DEU
Deut	31	25	that Moses commanded the Levites, which bare the ark of the covenant of the LORD, saying,	DEU
Deut	31	26	Take this book of the law, and put it by the side of the ark of the covenant of the LORD your God, that it may be there for a witness against thee.	DEU
Deut	31	27	For I know thy rebellion, and thy stiff neck: behold, while I am yet alive with you this day, ye have been rebellious against the LORD; and how much more after my death?	DEU
Deut	31	28	Assemble unto me all the elders of your tribes, and your officers, that I may speak these words in their ears, and call heaven and earth to witness against them.	DEU
Deut	31	29	For I know that after my death ye will utterly corrupt yourselves, and turn aside from the way which I have commanded you; and evil will befall you in the latter days; because ye will do that which is evil in the sight of the LORD, to provoke him to anger through the work of your hands.	DEU
Deut	31	30	And Moses spake in the ears of all the assembly of Israel the words of this song, until they were finished.	DEU
Deut	32	1	Give ear, ye heavens, and I will speak; And let the earth hear the words of my mouth:	DEU
Deut	32	2	My doctrine shall drop as the rain, My speech shall distil as the dew; As the small rain upon the tender grass, And as the showers upon the herb:	DEU
Deut	32	3	For I will proclaim the name of the LORD: Ascribe ye greatness unto our God.	DEU
Deut	32	4	The Rock, his work is perfect; For all his ways are judgment: A God of faithfulness and without iniquity, Just and right is he.	DEU
Deut	32	5	They have dealt corruptly with him, they are not his children, it is their blemish; They are a perverse and crooked generation.	DEU
Deut	32	6	Do ye thus requite the LORD, O foolish people and unwise? Is not he thy father that hath bought thee? He hath made thee, and established thee.	DEU
Deut	32	7	Remember the days of old, Consider the years of many generations: Ask thy father, and he will shew thee; Thine elders, and they will tell thee.	DEU
Deut	32	8	When the Most High gave to the nations their inheritance, When he separated the children of men, He set the bounds of the peoples According to the number of the children of Israel.	DEU
Deut	32	9	For the LORD’S portion is his people; Jacob is the lot of his inheritance.	DEU
Deut	32	10	He found him in a desert land, And in the waste howling wilderness; He compassed him about, he cared for him, He kept him as the apple of his eye:	DEU
Deut	32	11	As an eagle that stirreth up her nest, That fluttereth over her young, He spread abroad his wings, he took them, He bare them on his pinions:	DEU
Deut	32	12	The LORD alone did lead him, And there was no strange god with him.	DEU
Deut	32	13	He made him ride on the high places of the earth, And he did eat the increase of the field; And he made him to suck honey out of the rock, And oil out of the flinty rock;	DEU
Deut	32	14	Butter of kine, and milk of sheep, With fat of lambs, And rams of the breed of Bashan, and goats, With the fat of kidneys of wheat; And of the blood of the grape thou drankest wine.	DEU
Deut	32	15	But Jeshurun waxed fat, and kicked: Thou art waxen fat, thou art grown thick, thou art become sleek: Then he forsook God which made him, And lightly esteemed the Rock of his salvation.	DEU
Deut	32	16	They moved him to jealousy with strange gods, With abominations provoked they him to anger.	DEU
Deut	32	17	They sacrificed unto demons, which were no God, To gods whom they knew not, To new gods that came up of late, Whom your fathers dreaded not.	DEU
Deut	32	18	Of the Rock that begat thee thou art unmindful, And hast forgotten God that gave thee birth.	DEU
Deut	32	19	And the LORD saw it, and abhorred them, Because of the provocation of his sons and his daughters.	DEU
Deut	32	20	And he said, I will hide my face from them, I will see what their end shall be: For they are a very froward generation, Children in whom is no faith.	DEU
Deut	32	21	They have moved me to jealousy with that which is not God; They have provoked me to anger with their vanities: And I will move them to jealousy with those which are not a people; I will provoke them to anger with a foolish nation.	DEU
Deut	32	22	For a fire is kindled in mine anger, And burneth unto the lowest pit, And devoureth the earth with her increase, And setteth on fire the foundations of the mountains.	DEU
Deut	32	23	I will heap mischiefs upon them; I will spend mine arrows upon them:	DEU
Deut	32	24	They shall be wasted with hunger, and devoured with burning heat And bitter destruction; And the teeth of beasts will I send upon them, With the poison of crawling things of the dust.	DEU
Deut	32	25	Without shall the sword bereave, And in the chambers terror; It shall destroy both young man and virgin, The suckling with the man of gray hairs.	DEU
Deut	32	26	I said, I would scatter them afar, I would make the remembrance of them to cease from among men:	DEU
Deut	32	27	Were it not that I feared the provocation of the enemy, Lest their adversaries should misdeem, Lest they should say, Our hand is exalted, And the LORD hath not done all this.	DEU
Deut	32	28	For they are a nation void of counsel, And there is no understanding in them.	DEU
Deut	32	29	Oh that they were wise, that they understood this, That they would consider their latter end!	DEU
Deut	32	30	How should one chase a thousand, And two put ten thousand to flight, Except their Rock had sold them, And the LORD had delivered them up?	DEU
Deut	32	31	For their rock is not as our Rock, Even our enemies themselves being judges.	DEU
Deut	32	32	For their vine is of the vine of Sodom, And of the fields of Gomorrah: Their grapes are grapes of gall, Their clusters are bitter:	DEU
Deut	32	33	Their wine is the poison of dragons, And the cruel venom of asps.	DEU
Deut	32	34	Is not this laid up in store with me, Sealed up among my treasures?	DEU
Deut	32	35	Vengeance is mine, and recompence, At the time when their foot shall slide: For the day of their calamity is at hand, And the things that are to come upon them shall make haste.	DEU
Deut	32	36	For the LORD shall judge his people, And repent himself for his servants; When he seeth that their power is gone, And there is none remaining, shut up or left at large.	DEU
Deut	32	37	And he shall say, Where are their gods, The rock in which they trusted;	DEU
Deut	32	38	Which did eat the fat of their sacrifices, And drank the wine of their drink offering? Let them rise up and help you, Let them be your protection.	DEU
Deut	32	39	See now that I, even I, am he, And there is no god with me: I kill, and I make alive; I have wounded, and I heal: And there is none that can deliver out of my hand.	DEU
Deut	32	40	For I lift up my hand to heaven, And say, As I live for ever,	DEU
Deut	32	41	If I whet my glittering sword, And mine hand take hold on judgment; I will render vengeance to mine adversaries, And will recompense them that hate me.	DEU
Deut	32	42	I will make mine arrows drunk with blood, And my sword shall devour flesh; With the blood of the slain and the captives, From the head of the leaders of the enemy.	DEU
Deut	32	43	Rejoice, O ye nations, with his people: For he will avenge the blood of his servants, And will render vengeance to his adversaries, And will make expiation for his land, for his people.	DEU
Deut	32	44	And Moses came and spake all the words of this song in the ears of the people, he, and Hoshea the son of Nun.	DEU
Deut	32	45	And Moses made an end of speaking all these words to all Israel:	DEU
Deut	32	46	And he said unto them, Set your heart unto all the words which I testify unto you this day; which ye shall command your children, to observe to do all the words of this law.	DEU
Deut	32	47	For it is no vain thing for you; because it is your life, and through this thing ye shall prolong your days upon the land, whither ye go over Jordan to possess it.	DEU
Deut	32	48	And the LORD spake unto Moses that selfsame day, saying,	DEU
Deut	32	49	Get thee up into this mountain of Abarim, unto mount Nebo, which is in the land of Moab, that is over against Jericho; and behold the land of Canaan, which I give unto the children of Israel for a possession:	DEU
Deut	32	50	and die in the mount whither thou goest up, and be gathered unto thy people; as Aaron thy brother died in mount Hor, and was gathered unto his people:	DEU
Deut	32	51	because ye trespassed against me in the midst of the children of Israel at the waters of Meribah of Kadesh, in the wilderness of Zin; because ye sanctified me not in the midst of the children of Israel.	DEU
Deut	32	52	For thou shalt see the land before thee; but thou shalt not go thither into the land which I give the children of Israel.	DEU
Deut	33	1	And this is the blessing, wherewith Moses the man of God blessed the children of Israel before his death.	DEU
Deut	33	2	And he said, The LORD came from Sinai, And rose from Seir unto them; He shined forth from mount Paran, And he came from the ten thousands of holy ones: At his right hand was a fiery law unto them.	DEU
Deut	33	3	Yea, he loveth the peoples; All his saints are in thy hand: And they sat down at thy feet; Every one shall receive of thy words.	DEU
Deut	33	4	Moses commanded us a law, An inheritance for the assembly of Jacob.	DEU
Deut	33	5	And he was king in Jeshurun, When the heads of the people were gathered, All the tribes of Israel together.	DEU
Deut	33	6	Let Reuben live, and not die; Yet let his men be few.	DEU
Deut	33	7	And this is the blessing of Judah: and he said, Hear, LORD, the voice of Judah, And bring him in unto his people: With his hands he contended for himself; And thou shalt be an help against his adversaries.	DEU
Deut	33	8	And of Levi he said, Thy Thummim and thy Urim are with thy godly one, Whom thou didst prove at Massah, With whom thou didst strive at the waters of Meribah;	DEU
Deut	33	9	Who said of his father, and of his mother, I have not seen him; Neither did he acknowledge his brethren, Nor knew he his own children: For they have observed thy word, And keep thy covenant.	DEU
Deut	33	10	They shall teach Jacob thy judgments, And Israel thy law: They shall put incense before thee, And whole burnt offering upon thine altar.	DEU
Deut	33	11	Bless, LORD, his substance, And accept the work of his hands: Smite through the loins of them that rise up against him, And of them that hate him, that they rise not again.	DEU
Deut	33	12	Of Benjamin he said, The beloved of the LORD shall dwell in safety by him; He covereth him all the day long, And he dwelleth between his shoulders.	DEU
Deut	33	13	And of Joseph he said, Blessed of the LORD be his land; For the precious things of heaven, for the dew, And for the deep that coucheth beneath,	DEU
Deut	33	14	And for the precious things of the fruits of the sun, And for the precious things of the growth of the moons,	DEU
Deut	33	15	And for the chief things of the ancient mountains, And for the precious things of the everlasting hills,	DEU
Deut	33	16	And for the precious things of the earth and the fulness thereof, And the good will of him that dwelt in the bush: Let the blessing come upon the head of Joseph, And upon the crown of the head of him that was separate from his brethren.	DEU
Deut	33	17	The firstling of his bullock, majesty is his; And his horns are the horns of the wild-ox: With them he shall push the peoples all of them, even the ends of the earth: And they are the ten thousands of Ephraim, And they are the thousands of Manasseh.	DEU
Deut	33	18	And of Zebulun he said, Rejoice, Zebulun, in thy going out; And, Issachar, in thy tents.	DEU
Deut	33	19	They shall call the peoples unto the mountain; There shall they offer sacrifices of righteousness: For they shall suck the abundance of the seas, And the hidden treasures of the sand.	DEU
Deut	33	20	And of Gad he said, Blessed be he that enlargeth Gad: He dwelleth as a lioness, And teareth the arm, yea, the crown of the head.	DEU
Deut	33	21	And he provided the first part for himself, For there was the lawgiver’s portion reserved; And he came with the heads of the people, He executed the justice of the LORD, And his judgments with Israel.	DEU
Deut	33	22	And of Dan he said, Dan is a lion’s whelp, That leapeth forth from Bashan.	DEU
Deut	33	23	And of Naphtali he said, O Naphtali, satisfied with favour, And full with the blessing of the LORD: Possess thou the west and the south.	DEU
Deut	33	24	And of Asher he said, Blessed be Asher with children; Let him be acceptable unto his brethren, And let him dip his foot in oil.	DEU
Deut	33	25	Thy bars shall be iron and brass; And as thy days, so shall thy strength be.	DEU
Deut	33	26	There is none like unto God, O Jeshurun, Who rideth upon the heaven for thy help, And in his excellency on the skies.	DEU
Deut	33	27	The eternal God is thy dwelling place, And underneath are the everlasting arms: And he thrust out the enemy from before thee, And said, Destroy.	DEU
Deut	33	28	And Israel dwelleth in safety, The fountain of Jacob alone, In a land of corn and wine; Yea, his heavens drop down dew.	DEU
Deut	33	29	Happy art thou, O Israel: Who is like unto thee, a people saved by the LORD, The shield of thy help, And that is the sword of thy excellency! And thine enemies shall submit themselves unto thee; And thou shalt tread upon their high places.	DEU
Deut	34	1	And Moses went up from the plains of Moab unto mount Nebo, to the top of Pisgah, that is over against Jericho. And the LORD shewed him all the land of Gilead, unto Dan;	DEU
Deut	34	2	and all Naphtali, and the land of Ephraim and Manasseh, and all the land of Judah, unto the hinder sea;	DEU
Deut	34	3	and the South, and the Plain of the valley of Jericho the city of palm trees, unto Zoar.	DEU
Deut	34	4	And the LORD said unto him, This is the land which I sware unto Abraham, unto Isaac, and unto Jacob, saying, I will give it unto thy seed: I have caused thee to see it with thine eyes, but thou shalt not go over thither.	DEU
Deut	34	5	So Moses the servant of the LORD died there in the land of Moab, according to the word of the LORD.	DEU
Deut	34	6	And he buried him in the valley in the land of Moab over against Beth-peor: but no man knoweth of his sepulchre unto this day.	DEU
Deut	34	7	And Moses was an hundred and twenty years old when he died: his eye was not dim, nor his natural force abated.	DEU
Deut	34	8	And the children of Israel wept for Moses in the plains of Moab thirty days: so the days of weeping in the mourning for Moses were ended.	DEU
Deut	34	9	And Joshua the son of Nun was full of the spirit of wisdom; for Moses had laid his hands upon him: and the children of Israel hearkened unto him, and did as the LORD commanded Moses.	DEU
Deut	34	10	And there hath not arisen a prophet since in Israel like unto Moses, whom the LORD knew face to face;	DEU
Deut	34	11	in all the signs and the wonders, which the LORD sent him to do in the land of Egypt, to Pharaoh, and to all his servants, and to all his land;	DEU
Deut	34	12	and in all the mighty hand, and in all the great terror, which Moses wrought in the sight of all Israel.	DEU
