locus	vendored_reading	american_edition_reading
Gen.1.11	And he said: let the earth bring forth green herb, and such as may seed, and the fruit tree yielding fruit after its kind, which may have seed in itself upon the earth. And it was so done.	And he said: Let the earth bring forth the green herb, and such as may seed, and the fruit tree yielding fruit after its kind, which may have seed in itself upon the earth. And it was so done.
Gen.4.5	But to Cain and his offerings he had no respect: and Cain was exceeding angry, and his countenance fell.	But to Cain and his offerings he had no respect: and Cain was exceedingly angry, and his countenance fell.
Gen.4.14	Behold thou dost cast me out this day from the face of the earth, and from thy face I shall be hid, and I shall be a vagabond and a fugitive on the earth: every one, therefore, that findeth me, shall kill me.	Behold thou dost cast me out this day from the face of the earth, and I shall be hidden from thy face, and I shall be a vagabond and a fugitive on the earth: every one, therefore, that findeth me, shall kill me.
Gen.4.15	And the Lord said to him: No, it shall not so be: but whosoever shall kill Cain, shall be punished sevenfold. And the Lord set a mark upon Cain, that whosoever found him should not kill him.	And the Lord said to him: No, it shall not be so: but whosoever shall kill Cain, shall be punished sevenfold. And the Lord set a mark upon Cain, that whosoever found him should not kill him.
Gen.5.26	And Mathlusala lived after he begot Lamech, seven hundred and eighty-two years, and begot sons and daughters.	And Mathusala lived after he begot Lamech, seven hundred and eighty-two years, and begot sons and daughters.
Gen.7.11	In the six hundredth year of the life of Noe, in the second month, in the seventeenth day of the month, all the fountains of the great deep were broken up, and the floodgates of heaven were opened:	In the six hundredth year of the life of Noe, in the second month, in the seventeenth day of the month, all the fountains of the great deep were broken up, and the flood gates of heaven were opened:
Gen.8.2	The fountains also of the deep, and the floodgates of heaven, were shut up, and the rain from heaven was restrained.	The fountains also of the deep, and the flood gates of heaven were shut up, and the rain from heaven was restrained.
Gen.10.13	And Mesraim begot Ludim, and Anamim and Laabim, Nephthuim.	And Mesraim begot Ludim, and Anamim, and Laabim, Nepthuim,
Gen.10.17	The Hevite and Aracite: the Sinite,	The Hevite and the Aracite: the Sinite,
Gen.10.23	The sons of Aram: Us, and Hull, and Gether; and Mes.	The sons of Aram: Us and Hull, and Gether, and Mess.
Gen.10.25	And to Heber were born two sons: the name of the one was Phaleg, because in his days was the earth divided: and his brother's name Jectan.	And to Heber were born two sons: the name of the one was Phaleg, because in his days the earth was divided: and his brother's name Jectan.
Gen.10.32	These are the families of Noe, according to their people and nations. By these were the nations divided on the earth after the flood.	These are the families of Noe, according to their peoples and nations. By these were the nations divided on the earth after the flood.
Gen.12.3	I will bless them that bless thee, and curse them that curse thee, and IN THEE shall all the kindreds of the earth be blessed.	I will bless them that bless thee, and curse them that curse thee, and IN THEE shall all the kindred of the earth be blessed:
Gen.12.6	Abram passed through the country unto the place of Sichem, as far as the noble vale: now the Chanaanite was at that time in the land.	Abram passed through the country into the place of Sichem, as far as the noble vale: now the Chanaanite was at that time in the land.
Gen.13.17	Arise and walk through the land in the length, and the breadth thereof: for I will give it to thee.	Arise and walk through the land in the length, and in the breadth thereof: for I will give it to thee.
Gen.14.13	And behold one, that had escaped, told Abram the Hebrew, who dwelt in the vale of Mambre the Amorrhite, the brother of Escol, and the brother of Aner: for these had made a league with Abram.	And behold one that had escaped told Abram the Hebrew, who dwelt in the vale of Mambre the Amorrhite, the brother of Escol, and the brother of Aner: for these had made league with Abram.
Gen.15.9	And the Lord answered, and said: Take me a cow of three years old, and a she-goat of three years, and a ram of three years, a turtle also, and a pigeon.	And the Lord answered, and said: Take me a cow of three years old, and a she goat of three years, and a ram of three years, a turtle also, and a pigeon.
Gen.15.18	That day God made a covenant with Abram, saying: To thy seed will I give this land, from the river to Egypt even to the great river Euphrates.	That day God made a covenant with Abram, saying: To thy seed will I give this land, from the river of Egypt even to the great river Euphrates.
Gen.17.10	This is my covenant which you shall observe between me and you, and thy seed after thee: All the male-kind of you shall be circumcised.	This is my covenant which you shall observe, between me and you, and thy seed after thee: All the male kind of you shall be circumcised:
Gen.17.12	An infant of eight days old shall be circumcised among you, every manchild in your generations: he that is born in the house, as well as the bought servant, shall be circumcised, and whosoever is not of your stock:	An infant of eight days old shall be circumcised among you, every man child in your generations: he that is born in the house, as well as the bought servant shall be circumcised, and whosoever is not of your stock:
Gen.18.2	And when he had lifted up his eyes, there appeared to him three men standing near to him: and as soon as he saw them, he ran to meet them from the door of his tent, and adored down to the ground.	And when he had lifted up his eyes, there appeared to him three men standing near him: and as soon as he saw them he ran to meet them from the door of his tent, and adored down to the ground.
Gen.18.32	I beseech thee, saith he, be not angry, Lord, if I speak yet once more: What if ten shall be found there? And he said: I will not destroy it for the sake of ten.	I beseech thee, saith he, be not angry, Lord, if I speak yet once more: What if ten should be found there? And he said: I will not destroy it for the sake of ten.
Gen.19.15	And when it was morning, the angels pressed him, saying: Arise, take thy wife, and the two daughters that thou hast: lest thou also perish in the wickedness of the city.	And when it was morning, the angels pressed him, saying: Arise, take thy wife, and the two daughters which thou hast: lest thou also perish in the wickedness of the city.
Gen.19.17	And they brought him forth, and set him without the city: and there they spoke to him, saying: Save thy life: look not back, neither stay thou in all the country about: but save thy self in the mountain, lest thou be also consumed.	And they brought him forth, and set him without the city: and there they spoke to him, saying: Save thy life: look not back, neither stay thou in all the country about: but save thyself in the mountain, lest thou be also consumed.
Gen.20.3	And God came to Abimelech in a dream by night, and he said to him: Lo thou shalt die for the woman that thou hast taken: for she hath a husband.	And God came to Abimelech in a dream by night, and he said to him: Lo thou shalt die for the woman thou hast taken: for she hath a husband.
Gen.21.27	Then Abraham took sheep and oxen, and gave them to Abimelech: and both of them made a league.	And Abraham took sheep and oxen and gave them to Abimelech: and both of them made a league.
Gen.21.28	And Abraham set apart seven ewelambs of the flock.	And Abraham set apart seven ewe lambs of the flock.
Gen.21.29	And Abimelech said to him: What mean these seven ewelambs which thou hast set apart?	And Abimelech said to him: What mean these seven ewe lambs which thou hast set apart?
Gen.21.30	But he said: Thou shalt take seven ewelambs at my hand: that they may be a testimony for me, that I dug this well.	But he said: Thou shalt take seven ewe lambs at my hand: that they may be a testimony for me, that I dug this well.
Gen.23.13	And he spoke to Ephron, in the presence of the people: I beseech thee to hear me: I will give money for the field; take it, and so will I bury my dead in it.	And he spoke to Ephron, in the presence of the people: I beseech thee to hear me: I will give money for the field: take it, and so I will bury my dead in it.
Gen.23.19	And so Abraham buried Sara, his wife, in the double cave of the field, that looked towards Mambre, this is Hebron in the land of Chanaan.	And so Abraham buried Sara his wife, in a double cave of the field, that looked towards Mambre, this is Hebron in the land of Chanaan.
Gen.24.9	The servant, therefore, put his hand under the thigh of Abraham, his lord, and swore to him upon his word.	The servant therefore put his hand under the thigh of Abraham his lord, and swore to him upon this word.
Gen.24.32	And he brought him into his lodging; and he unharnessed the camels, and gave straw and hay, and water to wash his feet, and the feet of the men that were come with him.	And he brought him in into his lodging: and he unharnessed the camels and gave straw and hay, and water to wash his feet, and the feet of the men that were come with him.
Gen.25.2	Who bore him Zamram, and Jecsan, and Madan, and Madian, and Jesboc, and Sue.	Who bore him Zamran, and Jecsan, and Madan, and Madian, and Jesboc, and Sue.
Gen.25.3	Jecsan also begot Saba, and Dadan. The children of Dadan were Assurim, and Latusim, and Loomim.	Jecsan also begot Saba and Dadan. The children of Dadan were Assurim, and Latusim, and Loomin.
Gen.25.27	And when they were grown up, Esau became a skilful hunter, and a husbandman: but Jacob, a plain man, dwelt in tents.	And when they were grown up, Esau became a skillful hunter, and a husbandman, but Jacob a plain man dwelt in tents.
Gen.25.34	And so taking bread and the pottage of lentils, he ate, and drank, and went on his way; making little account of having sold his first birthright.	And so taking bread and the pottage of lentils, he ate, and drank, and went his way; making little account of having sold his first birthright.
Gen.26.3	And sojourn in it, and I will be with thee, and will bless thee: for to thee and to thy seed I will give all these countries, to fulfil the oath which I swore to Abraham thy father.	And sojourn in it, and I will be with thee, and will bless thee: for to thee and to thy seed I will give all these countries, to fulfill the oath which I swore to Abraham thy father.
Gen.26.18	And he digged again other wells, which the servants of his father, Abraham, had digged, and which, after his death, the Philistines had of old stopped up: and he called them by the same names, by which his father before had called them.	And he digged again other wells, which the servants of his father Abraham had digged, and which, after his death, the Palestines had of old stopped up: and he called them by the same names by which his father before had called them.
Gen.27.3	Take thy arms, thy quiver, and bow, and go abroad; and when thou hast taken something by hunting,	Take thy arms, thy quiver, and bow, and go abroad: and when thou hast taken some thing by hunting,
Gen.27.4	Make me a savoury meat thereof, as thou knowest I like, and bring it that I may eat: and my soul may bless thee, before I die.	Make me savoury meat thereof, as thou knowest I like, and bring it, that I may eat: and my soul may bless thee before I die.
Gen.27.5	And when Rebecca had heard this, and he was gone into the field to fulfil his father's commandment,	And when Rebecca had heard this, and he was gone into the field to fulfill his father's commandment,
Gen.27.12	If my father should feel me, and perceive it, I fear lest he will think I would have mocked him, and I shall bring upon me a curse instead of a blessing.	If my father shall feel me, and perceive it, I fear lest he will think I would have mocked him, and I shall bring upon me a curse instead of a blessing.
Gen.27.21	And Isaac said: Come hither, that I may feel thee, my son, and may prove whether thou be my son Esau, or no.	And Isaac said: Come hither, that I may feel thee, my son, and may prove whether thou be my son Esau, or not.
Gen.27.28	God give thee of the dew of heaven, and of the fatness of the earth, abundance of corn and wine.	God give thee the dew of heaven, and of the fatness of the earth, abundance of corn and wine.
Gen.27.34	Esau having heard his father's words, roared out with a great cry; and, being in a consternation, said: Bless me also, my father.	Esau having heard his father's words, roared out with a great cry: and being in a great consternation, said: Bless me also, my father.
Gen.27.36	But he said again: Rightly is his name called Jacob; for he hath supplanted me lo this second time: My birthright he took away before, and now this second time he hath stolen away my blessing. And again he said to his father: Hast thou not reserved me also a blessing?	But he said again: Rightly is his name called Jacob; for he hath supplanted me lo this second time: my first birthright he took away before, and now this second time he hath stolen away my blessing. And again he said to his father: Hast thou not reserved me also a blessing?
Gen.27.41	Esau therefore always hated Jacob, for the blessing wherewith his father had blessed him; and he said in his heart: The days will come of the mourning for my father, and I will kill my brother Jacob.	Esau therefore always hated Jacob for the blessing wherewith his father had blessed him: and he said in his heart: The days will come of the mourning of my father, and I will kill my brother Jacob.
Gen.28.4	And give the blessings of Araham to thee, and to thy seed after thee: that thou mayst possess the land of thy sojournment, which he promised to thy grandfather.	And give the blessings of Abraham to thee, and to thy seed after thee: that thou mayst possess the land of thy sojournment, which he promised to thy grandfather.
Gen.29.10	And when Jacob saw her, and knew her to be his cousin german, and that they were the sheep of Laban, his uncle: he removed the stone wherewith the well was closed.	And when Jacob saw her, and knew her to be his cousin-german, and that they were the sheep of Laban, his uncle: he removed the stone wherewith the well was closed.
Gen.29.17	But Lia was blear-eyed: Rachel was well favoured, and of a beautiful countenance.	But Lia was blear eyed: Rachel was well favoured, and of a beautiful countenance.
Gen.29.25	And he said to his father-in-law: What is it that thou didst mean to do? did not I serve thee for Rachel? why hast thou deceived me?	And he said to his father in law: What is it that thou didst mean to do? did not I serve thee for Rachel? why hast thou deceived me?
Gen.30.8	For whom Rachel said: God hath compared me with my sister, and I have prevailed: and she called him Nephthali.	For whom Rachel said: God hath compared me with my sister, and I have prevailed: and she called him Nephtali.
Gen.30.9	Lia perceiving that she had left of bearing, gave Zelpha, her handmaid, to her husband.	Lia, perceiving that she had left off bearing, gave Zelpha her handmaid to her husband.
Gen.30.17	And God heard her prayers; and she conceived: and bore a fifth son:	And God heard her prayers: and she conceived and bore the fifth son,
Gen.30.25	And when Joseph was born, Jacob said to his father-in-law: Send me away, that I may return into my country, and to my land.	And when Joseph was born, Jacob said to his father in law: Send me away that I may return into my country, and to my land.
Gen.30.35	And he separated the same day the she-goats, and the sheep, and the he-goats, and the rams of divers colours, and spotted; and all the flock of one colour, that is, of white and black fleece, he delivered into the hands of his sons.	And he separated the same day the she goats, and the sheep, and the he goats, and the rams of divers colours, and spotted: and all the flock of one colour, that is, of white and black fleece, he delivered into the hands of his sons.
Gen.30.36	And he set the space of three days journey betwixt himself and his son-in-law, who fed the rest of his flock.	And he set the space of three days' journey betwixt himself and his son in law, who fed the rest of his flock.
Gen.30.37	And Jacob took green rods of poplar, and of almond, and of plane-trees, and pilled them in part: so when the bark was taken off, in the parts that were pilled, there appeared whiteness: but the parts that were whole, remained green: and by this means the colour was divers.	And Jacob took green rods of poplar, and of almond, and of plane trees, and pilled them in part: so when the bark was taken off, in the parts that were pilled, there appeared whiteness: but the parts that were whole remained green: and by this means the colour was divers.
Gen.30.42	But when the later coming was, and the last conceiving, he did not put them. And those that were lateward, became Laban's; and they of the first time, Jacob's.	But when the latter coming was, and the last conceiving, he did not put them. And those that were lateward, became Laban's: and they of the first time, Jacob's.
Gen.30.43	And the man was enriched exceedingly, and he had many flocks, maid-servants and men-servants, camels and asses.	And the man was enriched exceedingly, and he had many flocks, maid servants and men servants, camels and asses.
Gen.31.1	But after that he had heard the words of the sons of Laban, saying: Jacob hath taken away all that was our father's, and being enriched by his substance is become great.	But after that he heard the words of the sons of Laban, saying: Jacob hath taken away all that was our father's, and being enriched by his substance is become great:
Gen.31.7	Yea your father hath also overreached me, and hath changed my wages ten times: and yet God hath not suffered him to hurt me.	Yea, your father also hath overreached me, and hath changed my wages ten times: and yet God hath not suffered him to hurt me.
Gen.31.8	If at any time, he said: The speckled shall be thy wages: all the sheep brought forth speckled: but when he said on the contrary: Thou shalt take all the white one for thy wages: all the flocks brought forth white ones.	If at any time he said: The speckled shall be thy wages: all the sheep brought forth speckled: but when he said on the contrary: Thou shalt take all the white ones for thy wages: all the flocks brought forth white ones.
Gen.31.10	For after the time came of the ewes conceiving, I lifted up my eyes, and saw in my sleep, that the males which leaped upon the females were of divers colours, and spotted, and speckled.	For after that time came of the ewes conceiving, I lifted up my eyes, and saw in my sleep that the males which leaped upon the females were of divers colours, and spotted, and speckled.
Gen.31.20	And Jacob would not confess to his father-in-law that he was flying away.	And Jacob would not confess to his father in law that he was flying away.
Gen.32.14	Two hundred she-goats, twenty he-goats, two hundred ewes, and twenty rams,	Two hundred she goats, twenty he goats, two hundred ewes, and twenty rams,
Gen.32.15	Thirty milch camels with their colts, forty kine, and twenty bulls, twenty she-asses, and ten of their foals.	Thirty milch camels with their colts, forty kine, and twenty bulls, twenty she asses, and ten of their foals.
Gen.34.21	These men are peaceable, and are willing to dwell with us: let them trade in the land, and till it, which being large and wide wanteth men to till it: we shall take their daughters for wives, and we will give them ours.	These men are peaceable and willing to dwell with us: let them trade in the land, and till it, which being large and wide wanteth men to till it: we shall take their daughters for wives, and we will give them ours.
Gen.34.28	And they took their sheep, and their herds, and their asses, wasting all they had in their houses and in their fields.	And they took their sheep and their herds and their asses, wasting all they had in their houses and in the fields.
Gen.35.1	In the mean time God said to Jacob: Arise and go up to Bethel, and dwell there, and make there an altar to God, who appeared to thee when thou didst flee from Esau, thy brother.	In the meantime God said to Jacob: Arise, and go up to Bethel, and dwell there, and make there an altar to God, who appeared to thee when thou didst flee from Esau thy brother.
Gen.35.3	Arise, and let us go up to Bethel, that we may make there an altar to God; who heard me in the day of my affliction, and accompained me in my journey.	Arise, and let us go up to Bethel, that we may make there an altar to God: who heard me in the day of my affliction, and accompanied me in my journey.
Gen.35.14	But he set up a monument of stone, in the place where God had spoken to him: pouring drink-offerings upon it, and pouring oil thereon:	But he set up a monument of stone, in the place where God had spoken to him: pouring drink offerings upon it, and pouring oil thereon:
Gen.35.16	And going forth from thence, he came in the spring time to the land which leadeth to Ephrata: wherein when Rachel was in travail,	And going forth from thence, he came in the springtime to the land which leadeth to Ephrata: wherein when Rachel was in travail,
Gen.35.25	The sons of Bala, Rachel's handmaid: Dan and Nephthali.	The sons of Bala, Rachel's handmaid: Dan and Nephtali.
Gen.36.23	And these the sons of Sobal: Alvan, and Manahat, and Ebal, and Sepho, and Onam.	And these the sons of Sobal: Alvan and Manahat, and Ebal, and Sepho, and Oman.
Gen.36.28	And Dison had sons: Hus and Aram.	And Disan had sons: Hus, and Aram.
Gen.37.12	And when his brethren abode in Sechem, feeding their father's flocks,	And when his brethren abode in Sichem feeding their father's flocks,
Gen.37.24	And cast him into an old pit where there was not water.	And cast him into an old pit, where there was no water.
Gen.38.6	And Juda took a wife for Her, his first born, whose name was Thamar.	And Juda took a wife for Her his firstborn, whose name was Thamar.
Gen.38.7	And Her, the first born of Juda, was wicked in the sight of the Lord: and was slain by him.	And Her, the firstborn of Juda, was wicked in the sight of the Lord: and was slain by him.
Gen.38.9	He knowing that the children should not be his, when he went in to his brother's wife, he spilled his seed upon the ground, lest children should be born in his brother's name.	He knowing that the children should not be his, when he went in to his brother's wife, spilled his seed upon the ground, lest children should be born in his brother's name.
Gen.38.11	Wherefore Juda said to Thamar his daughter-in-law: Remain a widow in thy father's house, till Sela my son grow up: for he was afraid lest he also might die, as his brethren did. She went her way, and dwelt in her father's house.	Wherefore Juda said to Thamar his daughter in law: Remain a widow in thy father's house, till Sela my son grow up: for he was afraid lest he also might die, as his brethren did. She went her way and dwelt in her father's house.
Gen.38.13	And it was told Thamar that her father-in-law was come up to Thamnas to shear his sheep.	And it was told Thamar that her father in law was come up to Thamnas to shear his sheep.
Gen.38.16	And going to her, he said: Suffer me to lie with thee: for he knew her not to be his daughter-in-law. And she answered: What wilt thou give me to enjoy my company?	And going to her, he said: Suffer me to lie with thee: for he knew her not to be his daughter in law. And she answered: What wilt thou give me to enjoy my company?
Gen.38.17	He said: I will send thee a kid out of the flock. And when she said again: I will suffer what thou wilt, if thou give me a pledge, till thou send what thou promisest.	He said: I will send thee a kid out of the flock. And when she said again: I will suffer what thou wilt, if thou give a pledge, till thou send what thou promisest,
Gen.38.24	And behold, after three months, they told Juda, saying: Thamar, thy daughter-in-law, hath played the harlot, and she appeareth to have a big belly. And Juda said: Bring her out that she may be burnt.	And behold after three months they told Juda, saying: Thamar, thy daughter in law hath played the harlot, and she appeareth to have a big belly. And Juda said: Bring her out that she may be burnt.
Gen.38.30	Afterwards his brother came out, on whose hand was the scarlet thread: and she called his name Zara.	Afterwards his brother came out, on whose hand was the scarlet thread: and she called him Zara.
Gen.40.6	And when Joseph was come into them in the morning, and saw them sad,	And when Joseph was come in to them in the morning, and saw them sad,
Gen.40.13	After which Pharao will remember thy service, and will restore thee to thy former place: and thou shalt present him the cup according to thy office, as before thou was wont to do.	After which Pharao will remember thy service, and will restore thee to thy former place: and thou shalt present him the cup according to thy office, as before thou wast wont to do.
Gen.41.3	Other seven also came up out of the river, ill-favoured, and lean fleshed: and they fed on the very bank of the river, in green places:	Other seven also came up out of the river, ill favoured, and leanfleshed: and they fed on the very bank of the river, in green places:
Gen.41.19	And behold, there followed these, other seven kine, so very ill-favoured and lean, that I never saw the like in the land of Egypt:	And behold, there followed these, other seven kine, so very ill favoured and lean, that I never saw the like in the land of Egypt:
Gen.41.21	And yet gave no mark of their being full: but were as lean and ill-favoured as before. I awoke, and then fell asleep again,	And yet gave no mark of their being full: but were as lean and ill favoured as before. I awoke, and then fell asleep again,
Gen.41.22	And dreamed a dream: Seven ears of corn grew up upon one stalk, full and very fair.	And dreamed a dream: Seven ears of corn grew upon one stalk, full and very fair.
Gen.41.23	Other seven also thin and blasted, sprung of the stalk:	Other seven also thin and blasted, sprung of the stock:
Gen.41.53	Now when the seven years of plenty that had been in Egypt were passed:	Now when the seven years of the plenty that had been in Egypt were past:
Gen.42.38	But he said: My son shall not go down with you: his brother is dead, and he is left alone: if any mischief befall him in the land to which you go, you will bring down my grey hairs with sorrow to hell.	But he said: My son shall not go down with you: his brother is dead, and he is left alone: if any mischief befall him in the land to which you go, you will bring down my gray hairs with sorrow to hell.
Gen.43.21	And when we had bought, and were come to the inn, we opened our sacks, and found our money in the mouths of the sacks: which we have now brought again in the same weight.	And when we had bought, and come to the inn, we opened our sacks, and found our money in the mouths of the sacks: which we have now brought again in the same weight.
Gen.43.26	Then Joseph came in to his house, and they offered him the presents, holding them in their hands; and they bowed down with their face to the ground.	Then Joseph came into his house, and they offered him the presents holding them in their hands, and they bowed down with their face to the ground.
Gen.44.14	And Juda at the head of his brethren went in to Joseph (for he was not yet gone out of the place) and they all together fell down before him on the ground.	And Juda at the head of his brethren went in to Joseph, (for he was not yet gone out of the place), and they altogether fell down before him on the ground.
Gen.44.29	If you take this also, and any thing befall him in the way, you will bring down my grey hairs with sorrow unto hell.	If you take this also, and any thing befall him in the way you will bring down my gray hairs with sorrow unto hell.
Gen.44.31	And he shall see that he is not with us, he will die, and thy servants shall bring down his grey hairs with sorrow unto hell.	And he shall see that he is not with us, he will die, and thy servants shall bring down his gray hairs with sorrow unto hell.
Gen.45.16	And it was heard, and the fame was spread abroad in the king's court: The brethren of Joseph are come; and Pharao with all his family was glad.	And it was heard, and the fame was abroad in the king's court: The brethren of Joseph are come: and Pharao with all his family was glad.
Gen.45.23	Sending to his father as much money and raiment; adding besides, ten he-asses, to carry off all the riches of Egypt, and as many she-asses, carrying wheat and bread for the journey.	Sending to his father as much money and raiment, adding besides ten he asses to carry off all the riches of Egypt, and as many she asses, carrying wheat and bread for the journey.
Gen.46.16	The sons of Gad: Sephion and Haggi, and Suni and Esebon, and Heri and Arodi, and Areli.	The sons of Gad: Sephian and Haggi and Suni and Esebon and Heri and Arodi and Areli.
Gen.46.21	The sons of Benjamin: Bela and Bechor, and Asbel and Gera, and Naaman and Echi, and Ross and Mophim, and Ophim and Ared.	The sons of Benjamin: Bela and Bechor and Asbel and Gera and Naaman and Echi and Ros and Mophim and Ophim and Ared.
Gen.46.24	The sons of Nephthali: Jaziel and Guni, and Jeser and Sallem.	The sons of Nephtali: Jaziel and Guni and Jeser and Sallem.
Gen.47.6	The land of Egypt is before thee: and make them dwell in the best place, and give them the land of Gessen. And if thou knowest that there are industrious men among them, make them rulers over my cattle.	The land of Egypt is before thee: make them dwell in the best place, and give them the land of Gessen. And if thou knowest that there are industrious men among them, make them rulers over my cattle.
Gen.47.14	Out of which he gathered up all the money for the corn which they bought, and brought it in to the king's treasure.	Out of which he gathered up all the money for the corn which they bought, and brought it into the king's treasure.
Gen.47.26	From that time unto this day, in the whole land of Egypt, the fifth part is paid to the kings, and it is become as a law, except the land of the priests, which was free from this covenant.	From that time unto this day, in the whole land of Egypt, the fifth part is paid to the king, and it is become as a law, except the land of the priests, which was free from this covenant.
Gen.48.4	And said: I will cause thee to increase and multiply, and I will make of thee a multitude of people: and I will give this land to thee, and to thy seed after thee for an everlasting possession.	And he said: I will cause thee to increase and multiply, and I will make of thee a multitude of people: and I will give this land to thee, and to thy seed after thee for an everlasting possession.
Gen.48.7	For, when I came out of Mesopotamia, Rachel died from me in the land of Chanaan in the very journey, and it was spring time: and I was going to Ephrata, and I buried her near the way of Ephrata, which by another name is called Bethlehem.	For, when I came out of Mesopotamia, Rachel died from me in the land of Chanaan in the very journey, and it was springtime: and I was going to Ephrata, and I buried her near the way of Ephrata, which by another name is called Bethlehem.
Gen.48.19	But he refusing, said: I know, my son, I know: and this also shall become a people, and shall be multiplied; but his younger brother shall be greater than he; and his seed shall grow into nations.	But he refusing, said: I know, my son, I know: and this also shall become peoples, and shall be multiplied: but this younger brother shall be greater than he: and his seed shall grow into nations.
Gen.49.8	Juda, thee shall thy brethren praise: thy hand shall be on the necks of thy enemies; the sons of thy father shall bow down to thee.	Juda, thee shall thy brethren praise: thy hands shall be on the necks of thy enemies: the sons of thy father shall bow down to thee.
Gen.49.13	Zabulon shall dwell on the seashore, and in the road of ships, reaching as far as Sidon.	Zabulon shall dwell on the sea shore, and in the road of ships, reaching as far as Sidon.
Gen.49.21	Nephthali, a hart let loose, and giving words of beauty.	Nephtali, a hart let loose, and giving words of beauty.
Gen.50.10	And they came to the threshing floor of Atad, which is situated beyond the Jordan: where celebrating the exequies with a great and vehement lamentation, they spent full seven days.	And they came to the threshingfloor of Atad, which is situated beyond the Jordan: where celebrating the exequies with a great and vehement lamentation, they spent full seven days.
Gen.50.13	And carrying him into the land of Chanaan, they buried him in the double cave, which Abraham had bought together with the field for a possession of a burying place, of Ephron, the Hethite, over against Mambre.	And carrying him into the land of Chanaan, they buried him in the double cave which Abraham had bought together with the field for a possession of a buryingplace, of Ephron the Hethite over against Mambre.
Gen.50.17	That we should say thus much to thee from him: I beseech thee to forget the wickedness of thy brethren, and the sin and malice they practised against thee: we also pray thee, to forgive the servants of the God of thy father this wickedness. And when Joseph heard this, he wept.	That we should say thus much to thee from him: I beseech thee to forget the wickedness of thy brethren, and the sin and malice they practiced against thee: we also pray thee, to forgive the servants of the God of thy father this wickedness. And when Joseph heard this, he wept.
Gen.50.22	And he dwelt in Egypt with all his father's house; and lived a hundred and ten years. And he saw the children of Ephraim to the third generation. The children also of Machir, the sons of Manasses, were born on Joseph's knees.	And he dwelt in Egypt with all his father's house: and lived a hundred and ten years. And he saw the children of Ephraim to the third generation. The children also of Machir the son of Manasses were born on Joseph's knees.
Ex.1.4	Dan, and Nephthali, Gad and Aser.	Dan, and Nephtali, Gad and Aser.
Ex.1.18	And the king called for them and said: What is it that you meant to do, that you would save the men children?	And the king called for them and said: What is that you meant to do, that you would save the men children?
Ex.1.19	They answered: The Hebrew women are not as the Egyptian women: for they themselves are skilful in the office of a midwife; and they are delivered before we come to them.	They answered: The Hebrew women are not as the Egyptian women: for they themselves are skillful in the office of a midwife; and they are delivered before we come to them.
Ex.3.13	Moses said to God: Lo, I shall go to the children of Israel, and say to them: The God of your fathers hath sent me to you. If they shall say to me: What is his name? What shall I say to them?	Moses said to God: Lo, I shall go to the children of Israel, and say to them: The God of your fathers hath sent me to you. If they should say to me: What is his name? what shall I say to them?
Ex.3.16	Go and gather together the ancients of Israel, and thou shalt say to them: The Lord God of your fathers, the God of Abraham, the God of Isaac, and the God of Jacob, hath appeared to me, saying: Visiting I have visited you; and I have seen all that hath befallen you in Egypt.	Go, gather together the ancients of Israel, and thou shalt say to them: The Lord God of your fathers, the God of Abraham, the God of Isaac, and the God of Jacob, hath appeared to me, saying: Visiting I have visited you: and I have seen all that hath befallen you in Egypt.
Ex.3.17	And I have said the word to bring you forth out of the affliction of Egypt, into the land of the Chanaanite, and Hethite, and Amorrhite, and Pherezite, and Hevite, and Jebusite, to a land that floweth with milk and honey.	And I have said the word to bring you forth out of the affliction of Egypt, into the land of the Chanaanite, the Hethite, and the Amorrhite, and Pherezite, and Hevite, and Jebusite, to a land that floweth with milk and honey.
Ex.4.25	Immediately Sephora took a very sharp stone, and circumcised the foreskin of her son, and touched his feet, and said: A bloody spouse art thou to me.	Immediately Sephora took a very sharp stone, and circumcised the fore skin of her son, and touched his feet and said: A bloody spouse art thou to me.
Ex.5.5	And Pharao said: The people of the land are numerous; you see that the multitude is increased; how much more if you give them rest from their works?	And Pharao said: The people of the land is numerous: you see that the multitude is increased: how much more if you give them rest from their works?
Ex.5.9	Let them be oppressed with works, and let them fulfil them; that they may not regard lying words.	Let them be oppressed, with works, and let them fulfill them: that they may not regard lying words.
Ex.5.13	And the overseers of the works pressed them, saying: Fulfil your work every day, as before ye were wont to do, when straw was given you.	And the overseers of the works pressed them, saying: Fulfill your work every day as before you were wont to do when straw was given you.
Ex.5.14	And they that were over the works of the children of Israel, were scourged by Pharao's taskmasters, saying: Why have you not made up the task of bricks, both yesterday and to day, as before?	And they that were over the works of the children of Israel were scourged by Pharao's taskmasters, saying: Why have you not made up the task of bricks both yesterday and today as before?
Ex.6.6	Therefore say to the children of Israel: I am the Lord who will bring you out from the work-prison of the Egyptians, and will deliver you from bondage: and redeem you with a high arm, and great judgments.	Therefore say to the children of Israel: I am the Lord who will bring you out from the work prison of the Egyptians, and will deliver you from bondage: and redeem you with a high arm, and great judgments.
Ex.6.7	And I will take you to myself for my people, I will be your God: and you shall know that I am the Lord your God, who brought you out from the work-prison of the Egyptians:	And I will take you to myself for my people, I will be your God: and you shall know that I am the Lord your God who brought you out from the work prison of the Egyptians.
Ex.6.12	Moses answered before the Lord: Behold the children of Israel do not hearken to me: and how will Pharao hear me, especially as I am of uncircumcised lips?	Moses answered before the Lord Behold the children of Israel do no hearken to me; and how will Pharao hear me, especially as I am of uncircumcised lips?
Ex.6.16	And these are the names of the sons of Levi by their kindreds: Gerson, and Caath, and Merari. And the years of the life of Levi were a hundred and thirty-seven.	And these are the names of the sons of Levi by their kindreds: Gerson, and Caath, and Merari. And the years of the life of Levi were a hundred and thirty seven.
Ex.8.3	And the river shall bring forth an abundance of frogs; which shall come up and enter into thy house, and thy bedchamber, and upon thy bed, and into the houses of thy servants, and to thy people, and into thy ovens, and into the remains of thy meats:	And the river shall bring forth an abundance of frogs: which shall come up, and enter into thy house, and thy bedchamber, and upon thy bed, and in the houses of thy servants, and to thy people, and into thy ovens, and into the remains of thy meats;
Ex.8.10	And he answered: To morrow. But he said: I will do according to thy word; that thou mayest know that there is none like to the Lord our God.	And he answered: Tomorrow. But he said: I will do according to thy word; that thou mayst know that there is none like to the Lord our God.
Ex.8.18	And the magicians with their enchantments practised in like manner, to bring forth sciniphs, and they could not: and there were sciniphs as well on men as on beasts.	And the magicians with their enchantments practiced in like manner, to bring forth sciniphs, and they could not and there were sciniphs as well on men as on beasts.
Ex.8.19	And the magicians said to Pharao: This is the finger of God. And Pharao's heart was hardened, and he hearkened not unto them, as the Lord had commanded.	And the magicians said to Pharao This is the finger of God. And Pharao heart was hardened, and he hearkened not unto them, as the Lord had commanded.
Ex.8.23	And I will put a division between my people and thy people: to morrow shall this sign be.	And I will put a division between my people and thy people: tomorrow shall this sign be.
Ex.8.29	And Moses said: I will go out from thee, and will pray to the Lord: and the flies shall depart from Pharao, and from his servants, and from his people to morrow: but do not deceive any more, in not letting the people go to sacrifice to the Lord.	And Moses said: I will go out from thee, and will pray to the Lord: and the flies shall depart from Pharao, and from his servants, and from his people tomorrow: but do not deceive any more, in not letting the people go to sacrifice to the Lord.
Ex.9.5	And the Lord appointed a time, saying: To morrow will the Lord do this thing in the land.	And the Lord appointed a time, saying: Tomorrow will the Lord do this thing in the land.
Ex.9.14	For I will at this time send all my plagues upon thy heart, and upon thy servants, and upon thy people; that thou mayst know that there is none like me in all the earth.	For I will at this time send all my plagues upon thy heart, and upon thy servants, and upon thy people: that thou mayst know there is none like me in all the earth.
Ex.9.18	Behold I will cause it to rain to morrow at this same hour, an exceeding great hail; such as hath not been in Egypt from the day that it was founded, until this present time.	Behold I will cause it to rain tomorrow at this same hour, an exceeding great hail: such as hath not been in Egypt from the day that it was founded, until this present time.
Ex.9.23	And Moses stretched forth his rod towards heaven, and the Lord sent thunder and hail, and lightnings running along the ground: and the Lord rained hail upon the land of Egypt.	And Moses stretched forth his rod towards heaven, and the Lord sent thunder and hail, and lightning running along the ground: and the Lord rained hail upon the land of Egypt.
Ex.9.24	And the hail and fire mixt with it drove on together: and it was of so great bigness, as never before was seen in the whole land of Egypt since that nation was founded.	And the hail and fire mixed with it drove on together: and it was of so great bigness, as never before was seen in the whole land of Egypt since that nation was founded.
Ex.9.28	Pray ye to the Lord that the thunderings of God and the hail may cease: that I may let you go, and that ye may stay here no longer.	Pray ye to the Lord, that the thunderings of God and the hail may cease: that I may let you go, and that you may stay here no longer.
Ex.9.31	The flax therefore, and the barley were hurt, because the barley was green, and the flax was now bolled;	The flax therefore and the barley were hurt, because the barley was green, and the flax was now boiled:
Ex.10.4	But if thou resist, and wilt not let them go, behold I will bring in to-morrow the locusts into thy coasts;	But if thou resist, and wilt not let them go, behold I will bring in tomorrow the locust into thy coasts:
Ex.10.7	And Pharao's servants said to him: How long shall we endure this scandal? Iet the men go to sacrifice to the Lord their God. Dost thou not see that Egypt is undone?	And Pharao's servants said to him: How long shall we endure this scandal? let the men go to sacrifice to the Lord their God. Dost thou not see that Egypt is undone?
Ex.10.12	And the Lord said to Moses: Stretch forth thy hand upon the land of Egypt unto the locust, that it come upon it, and devour every herb that is left after the hail.	And the Lord said to Moses: Stretch forth thy hand upon the land of Egypt unto the locust, that it may come upon it, and devour every herb that is left after the hail.
Ex.10.25	Moses said: Thou shalt give us also sacrifices and burnt-offerings, to the Lord our God.	Moses said: Thou shalt give us also sacrifices and burnt offerings, to the Lord our God.
Ex.10.29	Moses answered: So shall it be as thou hast spoken, I will not see thy face anymore.	Moses answered: So shall it be as thou hast spoken, I will not see thy face any more.
Ex.11.4	And he said: Thus saith the Lord: At midnight I will enter into Egypt:	And he said: Thus said the Lord: At midnight I will enter into Egypt.
Ex.11.5	And every firstborn in the land of the Egyptians shall die, from the firstborn of Pharao who sitteth on his throne, even to the firstborn of the handmaid that is at the mill, and all the firstborn of beasts.	And every firstborn in the land of the Egyptians shall die, from the firstborn of Pharao who sitteth on his throne, even to the first born of the handmaid that is at the mill, and all the firstborn of beasts.
Ex.12.30	And Pharao arose in the night, and all his servants, and all Egypt: and there arose a great cry in Egypt; for there was not a house wherein there lay not one dead.	And Pharao arose in the night, and all his servants, and all Egypt: for there was not a house wherein there lay not one dead.
Ex.12.39	And they baked the meal, which a little before they had brought out of Egypt in dough: and they made hearth cakes unleavened: for it could not be leavened, the Egyptians pressing them to depart, and not suffering them to make any stay; neither did they think of preparing any meat.	And they baked the meal, which a little before they had brought out of Egypt, in dough: and they made earth cakes unleavened: for it could not be leavened, the Egyptians pressing them to depart, and not suffering them to make any stay: neither did they think of preparing any meat.
Ex.13.14	And when thy son shall ask thee to morrow, saying: What is this? thou shalt answer him: With a strong hand did the Lord bring us forth out of the land of Egypt, out of the house of bondage.	And when thy son shall ask thee tomorrow, saying: What is this? thou shalt answer him: With a strong hand did the Lord bring us forth out of the land of Egypt, out of the house of bondage.
Ex.14.30	And the Lord delivered Israel in that day out of the hands of the Egyptians.	And the Lord delivered Israel on that day out of the hands of the Egyptians.
Ex.15.16	Let fear and dread fall upon them, in the greatness of thy arm: let them become immoveable as a stone, until thy people, O Lord, pass by: until this thy people pass by, which thou hast possessed.	Let fear and dread fall upon them, in the greatness of thy arm: let them become unmoveable as a stone, until thy people, O Lord, pass by: until this thy people pass by, which thou hast possessed.
Ex.16.3	And the children of Israel said to them: Would to God we had died by the hand of the Lord in the land of Egypt, when we sat over the fleshpots, and ate bread to the full: Why have you brought us into this desert, that you might destroy all the multitude with famine?	And the children of Israel said to them: Would to God we had died by the hand of the Lord in the land of Egypt, when we sat over the flesh pots, and ate bread to the full. Why have you brought us into this desert, that you might destroy all the multitude with famine?
Ex.16.23	And he said to them: This is what the Lord hath spoken: To morrow is the rest of the sabbath sanctified to the Lord. Whatsoever work is to be done, do it; and the meats that are to be dressed, dress them; and whatsoever shall remain, lay it up until the morning.	And he said to them: This is what the Lord hath spoken: Tomorrow is the rest of the sabbath sanctified to the Lord. Whatsoever work is to be done, do it: and the meats that are to be dressed, dress them: and whatsoever shall remain, lay it up until the morning.
Ex.16.25	And Moses said: Eat it to day, because it is the sabbath of the Lord: to day it shall not be found in the field.	And Moses said: Eat it today, because it is the sabbath of the Lord: today it shall not be found in the field.
Ex.17.7	And he called the name of that place Temptation, because of the chiding of the children of Israel, and for that they tempted the Lord, saying: Is the Lord amongst us or not?	And he called the name of that place Temptation, because the chiding of the children of Israel, and for that they tempted the Lord, saying: Is the Lord amongst us or not?
Ex.17.12	And Moses's hands were heavy: so they took a stone, and put under him, and he sat on it: and Aaron and Hur stayed up his hands on both sides. And it came to pass, that his hands were not weary until sunset.	And Moses' hands were heavy: so they took a stone, and put under him, and he sat on it: and Aaron and Hur stayed up his hands on both sides. And it came to pass that his hands were not weary until sunset.
Ex.18.10	And he said: Blessed is the Lord, who hath delivered you out of the hand of Pharao, and out of the hand of Egypt.	And he said: Blessed is the Lord, who hath delivered you out of the hand of Pharao, and out of the hand of the Egyptians, who hath delivered his people out of the hand of Egypt.
Ex.18.11	Now I know, that the Lord is great above all gods; because he hath delivered his people out of the hand of the Egyptians, who dealt proudly against them.	Now I know that the Lord is great above all gods: because they dealt proudly against them.
Ex.18.12	So Jethro, the kinsman of Moses, offered holocausts and sacrifices to God: and Aaron and all the ancients of Israel came, to eat bread with him before God.	So Jethro the kinsman of Moses offered holocausts and sacrifices to God: and Aaron and all the ancients of Israel came, to eat bread with them before God.
Ex.18.18	Thou art spent with foolish labour, both thou, and this people that is with thee; the business is above thy strength, thou alone canst not bear it.	Thou are spent with foolish labour, both thou and this people that is with thee: the business is above thy strength, thou alone canst not bear it.
Ex.18.23	If thou dost this, thou shalt fulfil the commandment of God, and shalt be able to bear his precepts: and all this people shall return to their places with peace.	If thou dost this, thou shalt fulfill the commandment of God, and shalt be able to bear his precepts: and all this people shall return to their places with peace.
Ex.19.6	And you shall be to me a priestly kingdom, and a holy nation. These are the words thou shalt speak to the children of Israel.	And you shall be to me a priestly kingdom, and a holy nation. Those are the words thou shalt speak to the children of Israel.
Ex.19.10	And he said to him: Go to the people, and sanctify them to day, and to morrow, and let them wash their garments.	And he said to him: Go to the people, and sanctify them today, and tomorrow, and let them wash their garments.
Ex.19.12	And thou shalt appoint certain limits to the people round about, and thou shalt say to them: Take heed ye go not up into the mount, and that ye touch not the borders thereof: every one that toucheth the mount, dying he shall die.	And thou shalt appoint certain limits to the people round about, and thou shalt say to them: Take heed you go not up into the mount, and that ye touch not the borders thereof: every one that toucheth the mount dying he shall die.
Ex.19.13	No hands shall touch him, but he shall be stoned to death, or he shall be shot through with arrows: whether it be beast, or man, he shall not live. When the trumpet shall begin to sound, then let them go up into the mount.	No hands shall touch him, but he shall be stoned to death, or shall be shot through with arrows: whether it be beast, or man, he shall not live. When the trumpet shall begin to sound, then let them go up into the mount.
Ex.19.23	And Moses said to the Lord: The people cannot come up to Mount Sinai: for thou didst charge, and command, saying: Set limits about the mount, and sanctify it.	And Moses said to the Lord: The people cannot come up to mount Sinai: for thou did charge, and command, saying: Set limits about the mount, and sanctify it.
Ex.20.12	Honour thy father and thy mother, that thou mayst be longlived upon the land which the Lord thy God will give thee.	Honour thy father and thy mother, that thou mayest be longlived upon the land which the Lord thy God will give thee.
Ex.21.16	He that shall steal a man, and sell him, being convicted of the guilt, shall be put to death.	He that shall steal a man, and sell him, being convicted of guilt, shall be put to death.
Ex.21.32	If he assault a bondman or bondwoman, he shall give thirty sicles of silver to their master, and the ox shall be stoned.	If he assault a bondman or a bond woman, he shall give thirty sicles of silver to their master, and the ox shall be stoned.
Ex.24.12	And the Lord said to Moses: Come up to me into the mount, and be there; and I will give thee tables of stone, and the law, and the commandments which I have written; that thou mayest teach them.	And the Lord said to Moses: Come up to me into the mount, and be there: and I will give thee tables of stone, and the law, and the commandments which I have written: that thou mayst teach them.
Ex.25.12	And four golden rings, which thou shalt put at the four corners of the ark: let two rings be on the one side, and two on the other.	And four golden rings, which thou shall put at the four corners of the ark: let two rings be on the one side, and two on the other.
Ex.25.23	Thou shalt make a table also of setim wood, of two cubits in length, and a cubit in breadth, and a cubit and a half in height.	Thou shalt make a table also of setim wood, of two cubits in length, and a cubit in breadth, and a cubit and half in height.
Ex.25.32	Six branches shall come out of the sides, three out of one side, and three out of the other.	Six branches shall come out of the sides, three out of the one side, and three out of the other.
Ex.26.8	The length of one hair-curtain shall be thirty cubits; and the breadth, four: the measure of all the curtains shall be equal.	The length of one hair curtain shall be thirty cubits: and the breadth four: the measure of all the curtains shall be equal.
Ex.26.20	In the second side also of the tabernacle that looketh to the north, there shall be twenty boards,	In the second side also the tabernacle that looketh to the north, there shall be twenty boards,
Ex.26.29	The boards also themselves thou shalt overlay with gold, and shalt cast rings of gold to be set upon them, for places for the bars to hold together the boardwork: which bars thou shalt cover with plates of gold.	The boards also themselves thou shalt overlay with gold, and shall cast rings of gold to be set upon them, for places for the bars to hold together boardwork: which bars thou shalt cover with plates of gold.
Ex.26.33	And the veil shall be hanged on with rings, and within it thou shalt put the ark of the testimony, and the sanctuary and the holy of the holies shall be divided with it.	And the veils shall be hanged on with rings, and within it thou shalt put the ark of the testimony, and the sanctuary, and the holy of holies shall be divided with it.
Ex.27.1	Thou shalt make also an altar of setim wood, which shall be five cubits long, and as many broad, that is four square, and three cubits high.	Thou shalt make also an altar of setim wood, which shall be five cubits long and as many broad, that is, foursquare, and three cubits high.
Ex.27.10	And twenty pillars with as many sockets of brass, the heads of which, with their engraving, shall be of silver.	And twenty pillars with as many sockets of brass, the heads of which with their engraving of silver.
Ex.28.4	And these shall be the vestments that they shall make: A rational and an ephod, a tunic and a strait linen garment, a mitre and a girdle. They shall make the holy vestments for thy brother Aaron and his sons, that they may do the office of priesthood unto me.	And these shall be the vestments that they shall make: A rational and an ephod, a tunick and a strait linen garment, a mitre and a girdle. They shall make the holy vestments for thy brother Aaron and his sons, that they may do the office of priesthood unto me.
Ex.28.16	It shall be four square and doubled: it shall be the measure of a span both in length and in breadth.	It shall be foursquare and doubled: it shall be the measure of a span both in length and in breadth.
Ex.28.17	And thou shalt set in it four rows of stones . In the first row shall be a sardius stone, and a topaz, and an emerald:	And thou shalt set in it four rows of stones: in the first row shall be a sardius stone, and a topaz, and an emerald:
Ex.28.31	And thou shalt make the tunic of the ephod all of violet,	And thou shalt make the tunick of the ephod all of violet,
Ex.28.33	And beneath at the feet of the same tunic, round about, thou shalt make as it were pomegranates, of violet, and purple, and scarlet twice dyed, with little bells set between:	And beneath at the feet of the same tunick round about, thou shalt make as it were pomegranates, of violet, and purple, and scarlet twice dyed, with little bells set between:
Ex.28.39	And thou shalt gird the tunic with fine linen, and thou shalt make a fine linen mitre, and a girdle of embroidered work.	And thou shalt gird the tunick with fine linen, and thou shalt make a fine linen mitre, and a girdle of embroidered work.
Ex.28.40	Moreover, for the sons of Aaron thou shalt prepare linen tunics, and girdles and mitres for glory and beauty:	Moreover for the sons of Aaron thou shalt prepare linen tunicks, and girdles and mitres for glory and beauty:
Ex.28.43	And Aaron and his sons shall use them when they shall go into the tabernacle of the testimony, or when they approach to the altar to minister in the sanctuary, lest being guilty of iniquity they die. It shall be a law for ever to Aaron, and to his seed after him.	And Aaron and his sons shall use them when they shall go in to the tabernacle of the testimony, or when they approach the altar to minister in the sanctuary, lest being guilty of iniquity they die. It shall be a law for ever to Aaron, and to his seed after him.
Ex.29.5	Thou shalt clothe Aaron with his vestments, that is, with the linen garment and the tunic, and the ephod and the rational, which thou shalt gird with the girdle.	Thou shalt clothe Aaron with his vestments, that is, with the linen garment and the tunick, and the ephod and the rational, which thou shalt gird with the girdle.
Ex.29.8	Thou shalt bring his sons also, and shalt put on them the linen tunics, and gird them with a girdle:	Thou shalt bring his sons also and shalt put on them the linen tunicks, and gird them with a girdle:
Ex.29.29	And the holy vesture, which Aaron shall use, his sons shall have after him, that they may be anointed, and their hands consecrated in it.	And the holy vesture, which Aaron shall use, his sons shall have after him, that they may be anointed, and their hands consecrated to it.
Ex.30.2	It shall be a cubit in length, and another in breadth, that is, four square, and two in height. Horns shall go out of the same.	It shall be a cubit in length, and another in breadth, that is, foursquare, and two in height. Horns shall go out of the same.
Ex.30.3	And thou shalt overlay it with the purest gold, as well the grate thereof, as the walls round about, and the horns. And thou shalt make to it a crown of gold round about,	And thou shalt overlay it with the purest gold, as well as the grate thereof, as the walls round about and the horns. And thou shalt make to it a crown of gold round about,
Ex.30.36	And when thou hast beaten all into very small powder, thou shalt set of it before the tabernacle of the testimony, in the place where I will appear to thee. Most holy shall this incense be unto you.	And when thou has beaten all into very small powder, thou shalt set of it before the tabernacle of the testimony, in the place where I will appear to thee. Most holy shall this incense be to you.
Ex.31.6	And I have given him for his companion Ooliab, the son of Achisamech, of the tribe of Dan. And I have put wisdom in the heart of every skilful man, that they may make all things which I have commanded thee,	And I have given him for his companion Ooliab the son of Achisamech of the tribe of Dan. And I have put wisdom in the heart of every skillful man, that they may make all things which I have commanded thee,
Ex.31.13	Speak to the children of Israel, and thou shalt say to them: See that you keep my sabbath; because it is a sign between me and you in your generations that you may know that I am the Lord, who sanctify you.	Speak to the children of Israel, and thou shalt say to them: See that thou keep my sabbath: because it is a sign between me and you in your generations: that you may know that I am the Lord, who sanctify you.
Ex.31.16	Let the children of Israel keep the sabbath, and celebrate it in their generations.	Let the children of Israel keep the sabbath, and celebrate it in their generations. It is an everlasting covenant
Ex.31.17	It is an everlasting covenant, and a perpetual sign between me and the children of Israel. For in six days the Lord made heaven and earth, and in the seventh he ceased from work.	Between me and the children of Israel, and a perpetual sign. For in six days the Lord made heaven and earth, and in the seventh he ceased from work.
Ex.32.5	And when Aaron saw this, he built an altar before it, and made proclamation by a crier's voice, saying To morrow is the solemnity of the Lord.	And when Aaron saw this, he built an altar before it, and made proclamation by a crier's voice, saying: Tomorrow is the solemnity of the Lord.
Ex.32.9	And again the Lord said to Moses: I see that this people is stiffnecked:	And again the Lord said to Moses: See that this people is stiffnecked:
Ex.32.11	But Moses besought the Lord his God, saying: Why, O Lord, is thy indignation enkindled against thy people, whom thou hast brought out of the land of Egypt, with great power, and with a mighty hand?	But Moses besought the Lord his God, saying: Why, O Lord, is thy indignation kindled against thy people, whom thou hast brought out of the land of Egypt, with great power, and with a mighty hand?
Ex.32.20	And laying hold of the calf which they had made, he burnt it, and beat it to powder, which he strewed into water, and gave thereof to the children of Israel to drink.	And laying hold of the calf which they had made, he burnt it, and beat it to powder, which he strowed into water, and gave thereof to the children of Israel to drink.
Ex.33.5	And the Lord said to Moses: Say to the children of Israel: Thou art a stiffnecked people, once I shall come up in the midst of thee, and shall destroy thee. Now presently lay aside thy ornaments, that I may know what to do to thee.	And the Lord said to Moses: Say to the children of Israel: Thou are a stiffnecked people; once I shall come up in the midst of thee, and shall destroy thee. Now presently lay aside thy ornaments, that I may know what to do with thee.
Ex.33.10	And all saw that the pillar of the cloud stood at the door of the tabernacle. And they stood and worshipped at the doors of their tent.	And all saw that the pillar of the cloud stood at the door of the tabernacle. And they stood, and worshipped at the doors of their tents.
Ex.34.10	The Lord answered: I will make a covenant in the sight of all, I will do signs such as were never seen upon the earth, nor in any nations; that this people, in the midst of whom thou art, may see the terrible work of the Lord which I will do.	The Lord answered: I will make a covenant in the sight of all. I will do signs such as were never seen upon the earth, nor in any nation: that this people, in the midst of whom thou art, may see the terrible work of the Lord which I will do.
Ex.34.18	Thou shalt keep the feast of the unleavened bread. Seven days shalt thou eat unleavened bread, as I commanded thee in the time of the month of the new corn: for in the month of the spring time thou camest out from Egypt.	Thou shalt keep the feast of the unleavened bread. Seven days shalt thou eat unleavened bread, as I commanded thee in the time of the month of the new corn: for in the month of the springtime thou camest out from Egypt.
Ex.34.23	Three times in the year all thy males shall appear in the sight of the almighty Lord the God of Israel.	Three times in a year all thy males shall appear in the sight of the Almighty Lord the God of Israel.
Ex.34.25	Thou shalt not offer the blood of my sacrifice upon leaven; neither shall there remain in the morning any thing of the victim of the solemnity of the Phase.	Thou shalt not offer the blood of my sacrifice upon leaven: neither shall there remain in the morning any thing of the victim of the solemnity of the Lord.
Ex.34.27	And the Lord said to Moses: Write thee these words, by which I have made a covenant both with thee and with Israel.	And the Lord said to Moses: Write these words by which I have made a covenant both with thee and with Israel.
Ex.34.32	And all the children of Israel came to him: and he gave them in commandment all that he had heard of the Lord on Mount Sinai.	And all the children of Israel came to him: and he gave them in commandment all that he had heard of the Lord in mount Sinai.
Ex.35.11	To wit, the tabernacle, and the roof thereof, and the cover, the rings, and the board-work with the bars, the pillars and the sockets:	To wit, the tabernacle and the roof thereof, and the cover, the rings, and the board work with the oars, the pillars, and the sockets:
Ex.35.21	Offered firstfruits to the Lord with a most ready and devout mind, to make the work of the tabernacle of the testimony. Whatever was necessary to the service and to the holy vestments,	Offered firstfruits to the Lord with a most ready and devout mind, to make the work of the tabernacle of the testimony. Whatsoever was necessary to the service, and to the holy vestments,
Ex.35.23	If any man had violet, and purple, and scarlet twice dyed, fine linen and goats' hair, ramskins dyed red, and violet coloured skins,	If any man had violet, and purple, and scarlet twice dyed, fine linen and goats' hair, rams' skins dyed red, and violet coloured skins,
Ex.35.25	The skilful women also gave such things as they had spun, violet, purple, and scarlet, and fine linen,	The skillful women also gave such things as they had spun, violet, purple, and scarlet, and fine linen,
Ex.35.27	But the princes offered onyx stones, and precious stones, for the ephod and the rational,	But the princes offered onyx stone, and precious stones, for the ephod and the rational,
Ex.36.2	And when Moses had called them, and every skilful man, to whom the Lord had given wisdom, and such as of their own accord had offered themselves to the making of the work,	And when Moses had called them, and every skillful man, to whom the Lord had given wisdom, and such as of their own accord had offered themselves to the making of the work,
Ex.36.11	He made also loops of violet in the edge of one curtain on both sides, and in the edge of the other curtain in like manner,	He made also loops of violet in the edge of the curtain on both sides, and in the edge of the other curtain in like manner,
Ex.36.25	At that side also of the tabernacle, that looketh towards the north, he made twenty boards,	At that side also of the tabernacle, that looketh toward the north, he made twenty boards.
Ex.36.34	And the boards themselves he overlaid with gold casting for them sockets of silver. And their rings he made of gold, through which the bars might be drawn: and he covered the bars themselves with plates of gold.	And the board works themselves he overlaid with gold, casting for them sockets of silver. And their rings he made of gold, through which the bars might be drawn: and he covered the bars themselves with plates of gold.
Ex.36.36	And four pillars of setim wood, which with their heads he overlaid with gold, casting for them sockets of silver.	And four pillars of setim wood, which with their heads be overlaid with gold, casting for them sockets of silver.
Ex.37.15	The bars also themselves he made of setim wood, and overlaid them with gold.	And the bars also themselves he made of setim wood, and overlaid them with gold,
Ex.37.21	And bowls under two branches in three places, which together made six branches going out from one shaft.	And bowls under two branches in three places, which together make six branches going out from one shaft.
Ex.38.8	He made also the laver of brass, with the foot thereof, of the mirrors of the women that watched at the door of the tabernacle.	He made also the laver of brass, with the foot thereof, of the mirrors of the women that watch at the door of the tabernacle.
Ex.38.30	Of which were cast the sockets in the entry of the tabernacle of the testimony, and the altar of brass with the grate thereof, and also the vessels that belong to the use thereof.	Of which were cast the sockets in the entry of the tabernacle of the testimony, and the altar of brass with the grate thereof, and all the vessels that belong to the use thereof.
Ex.39.3	With embroidered work, and he cut thin plates of gold, and drew them small into threads, that they might be twisted with the woof of the foresaid colours,	With embroidered work: and he cut thin plates of gold, and drew them small into threads, that they might be twisted with the woof of the aforesaid colours,
Ex.39.20	They made also the tunic of the ephod all of violet,	They made also the tunick of the ephod all of violet,
Ex.39.23	And little bells of the purest gold, which they put between the pomegranates at the bottom of the tunic round about:	And little bells of the purest gold, which they put between the pomegranates at the bottom of the tunick round about:
Ex.39.25	They made also fine linen tunics with woven work for Aaron and his sons:	They made also fine linen tunicks with woven work for Aaron and his sons:
Ex.39.41	The vestments also, which the priests, to wit, Aaron and his sons, use in the sanctuary,	The vestments also, which the priests, to wit, Aaron and his sons, used in the sanctuary,
Ex.40.19	And when he had brought the ark into the tabernacle, he drew the veil before it to fulfil the commandment of the Lord.	And when he had brought the ark into the tabernacle, he drew the veil before it to fulfill the commandment of the Lord.
Ex.40.27	And the altar of holocaust in the entry of the testimony, offering the holocaust, and the sacrifices upon it, as the Lord had commanded.	And the altar of holocaust of the entry of the testimony, offering the holocaust, and the sacrifices upon it, as the Lord had commanded.
Lev.3.8	He shall put his hand upon the head of the victim. And it shall be slain in the entry of the tabernacle of the testimony: and the sons of Aaron shall pour the blood thereof round about upon the altar.	He shall put his hand upon the head of his victim: and it shall be slain in the entry of the tabernacle of the testimony: and the sons of Aaron shall pour the blood thereof round about upon the altar.
Lev.4.35	All the fat also he shall take off, as the fat of the ram that is offered for peace offerings is wont to be taken away: and shall burn it upon the altar, for a burnt sacrifice of the Lord. And he shall pray for him and his sin, and it shall be forgiven him.	All the fat also he shall take off, as the fat of the ram that is offered for peace offerings is wont to be taken away: and shall burn it upon the altar, for a burnt sacrifice of the Lord: and he shall pray for him and for his sin, and it shall be forgiven him.
Lev.5.9	And of its blood he shall sprinkle the side of the altar: and whatever is left, he shall let it drop at the bottom thereof, because it is for sin.	And of its blood he shall sprinkle the side of the altar, and whatsoever is left, he shall let it drop at the bottom thereof, because it is for sin.
Lev.6.7	And he shall pray for him before the Lord: and he shall have forgiveness for every thing in doing of which he bath sinned.	And he shall pray for him before the Lord, and he shall have forgiveness for every thing in doing of which he hath sinned.
Lev.6.15	The priest shall take a handful of the flour that is tempered with oil, and all the frankincense that is put upon the flour: and he shall burn on the altar for a memorial of most sweet odour to the Lord.	The priest shall take a handful of the flour that is tempered with oil, and all the frankincense that is put upon the flour: and he shall burn it on the altar for a memorial of most sweet odour to the Lord:
Lev.7.32	The right shoulder also of the victim, of peace offerings shall fall to the priest for firstfruits.	The right shoulder also of the victims of peace offerings shall fall to the priest for firstfruits.
Lev.8.18	He offered also a ram for holocaust. And when Aaron and his sons had put their hands upon its head:	He offered also a ram for a holocaust: and when Aaron and his sons had put their hands upon its head,
Lev.8.19	He immolated it, and poured the blood thereof round about the altar.	He immolated it, and poured the blood thereof round about upon the altar.
Lev.9.4	Also a bullock and a ram for peace offerings. And immolate them before the Lord, offering for the sacrifice of every one of them flour tempered with oil: for to day the Lord will appear to you.	Also a bullock and a ram for peace offerings: and immolate them before the Lord, offering for the sacrifice of every one of them flour tempered with oil; for today the Lord will appear to you.
Lev.9.18	He immolated also the bullock and the ram, and peace offerings of the people: and his sons brought him the blood, which he poured upon the altar round about.	He immolated also the bullock and the ram, the peace offerings of the people: and his sons brought him the blood, which he poured upon the altar round about.
Lev.11.19	The heron, and the charadroin according to its kind, the houp also, and the bat.	The heron, and the charadrion according to its kind, the houp also, and the bat.
Lev.11.22	That you shall eat: as the bruchus in its kind, the attacus, and ophimachus, and the locust, every one according to their kind.	That you shall eat, as the bruchus in its kind, the attacus, and ophiomachus, and the locust, every one according to their kind.
Lev.11.30	The shrew, and the chameleon, and the stellio, and the lizard, and the mole.	The shrew, and the chameleon, and the stello, and the lizard, and the mole:
Lev.12.2	Speak to the children of Israel, and thou shalt say to them: If a woman having received seed shall bear a man child, she shall be unclean seven days, according to the days of separation of her flowers.	Speak to the children of Israel, and thou shalt say to them: If a woman having received seed shall bear a man child, she shall be unclean seven days, according to the days of the separation of her flowers.
Lev.13.2	The man in whose skin or flesh shall arise a different colour or a blister, or as it were something shining, that is the stroke of the leprosy, shall be brought to Aaron the priest, or any one of his sons.	The man in whose skin or flesh shalt arise a different colour or a blister, or as it were something shining, that is, the stroke of the leprosy, shall be brought to Aaron the priest, or any one of his sons.
Lev.13.48	In the warp, and the woof: or skin, or whatsoever is made of a skin:	In the warp, and the woof, or a skin. or whatsoever is made of a skin,
Lev.13.59	This is the law touching the leprosy of any woollen or linen garment, either in the warp or woof, or any thing of skins: how it ought to be cleaned, or pronounced unclean.	This is the law touching the leprosy of any woollen or linen garment, either in the warp or woof, or any thing of skins, how it ought to be cleansed, or pronounced unclean.
Lev.14.34	When you shall come into the land of Chanaan, which I will give you for a possession, if there be the plague of leprosy in a house:	When you shall be come into the land of Chanaan, which I will give you for a possession, if there be the plague of leprosy in a house,
Lev.14.36	And he shall command, that they carry forth all things out of the house, before he go into it, and see whether it have the leprosy, let all things become unclean that are in the house. And afterwards he shall go in to view the leprosy of the house.	And he shall command, that they carry forth all things out of the house, before he go into it, and see whether it have the leprosy, lest all things become unclean that are in the house. And afterwards he shall go in to view the leprosy of the house.
Lev.14.37	And if he see in the walls thereof as it were little dints, disfigured with paleness or redness, and lower than all he rest:	And if he see in the walls thereof as it were little dints, disfigured with paleness or redness, and lower than all the rest,
Lev.14.41	And that the house be scraped on the inside round about, and the dust of the scrapings be scattered without the city into an unclean place:	And that the house be scraped on the inside round about, and the dust of the scraping be scattered without the city into an unclean place:
Lev.15.12	If he touch a vessel of earth, it shall be broken: but if a vessel of wood, it shall be washed with water.	If he touch a vessel of earth, it shall be broken: but if a vessel of wood, if shall be washed with water.
Lev.15.25	The woman that hath still issue of blood many days out of her ordinary time, or that ceaseth not to flow after the monthly courses, as long as she is subject to this disease, shall be unclean, in the same manner as if she were in her flowers.	The woman that hath an issue of blood many days out of her ordinary time, or that ceaseth not to flow after the monthly courses, as long as she is subject to this disease, shall be unclean, in the same manner as if she were in her flowers.
Lev.16.6	And when he hath offered the cattle and prayed for himself and for his own house:	And when he hath offered the calf and prayed for himself, and for his own house,
Lev.16.10	But that whose lot was to be the emissary goat, he shall present before the Lord, that he may pour prayers upon him, and let him go into the wilderness.	But that whose lot was to be the emissary goat, he shall present alive before the Lord, that he may pour out prayers upon him, and let him go into the wilderness.
Lev.16.12	And taking the censer, which he hath filled with the burning coals of the altar, and taking up with his hands the compounded perfume for incense, he shall go in within the veil into the holy place:	And taking the censer, which he hath filled with the burning coals of the altar, and taking up with his hand the compounded perfume for incense, he shall go in within the veil into the holy place:
Lev.16.20	After he hath cleaned the sanctuary, and the tabernacle, and the altar, then let him offer the living goat.	After he hath cleansed the sanctuary, and the tabernacle, and the altar, then let him offer the living goat:
Lev.16.21	And putting both hands upon his head, let him confess all the iniquities of the children of Israel, and all their offences and sins. And praying that they may light on its head, he shall turn him out by a man ready for it, into the desert.	And putting both hands upon his head, let him confess all the iniquities of the children of Israel, and all their offences and sins: and praying that they may light on his head, he shall turn him out by a man ready for it, into the desert.
Lev.16.24	He shall wash his flesh in the holy place, and shall put on his own garments. And after that he is come out and hath offered his own holocaust, and that of the people, he shall pray both for himself, and for the people.	He shall wash his flesh in the holy place, and shall put on his own garments. And after that he has come out and hath offered his own holocaust, and that of the people, he shall pray both for himself, and for the people:
Lev.16.25	And the fat that is offered for sins, he shall burn on the altar.	And the fat that is offered for sins, he shall burn upon the altar.
Lev.16.34	And this shall be an ordinance for ever, that you pray for the children of Israel, and for all their sins once a year. He did therefore as the Lord had commanded Moses.	And this shall be an ordinance for ever, that you pray for the children of Israel, and for all their sins once in a year. He did therefore as the Lord had commanded Moses.
Lev.19.14	Thou shalt not speak evil of the deaf, nor put a stumbling block before the blind: but thou shalt fear the Lord thy God, because I am the Lord.	Thou shalt not speak evil of the deaf, nor put a stumblingblock before the blind: but thou shalt fear the Lord thy God, because I am the Lord.
Lev.20.2	Thus shalt thou say to the children of Israel: If any man of the children Israel, or of the strangers that dwell in Israel, give of his seed to the idol Moloch, dying let him die. The people of the land shall stone him.	Thus shalt thou say to the children of Israel: If any man of the children of Israel, or of the strangers, that dwell in Israel, give of his seed to the idol Moloch, dying let him die: the people of the land shall stone him.
Lev.21.10	The high priest, that is to say, the priest who is the greatest among his brethren, upon whose head the oil of unction hath been poured; and whose hands have been consecrated for the priesthood; and who hath been vested with the holy vestments. He shall not uncover his head: he shall not rend his garments.	The high priest, that is to say, the priest, is the greatest among his brethren. upon whose head the oil of unction hath been poured, and whose hands have been consecrated for the priesthood, and who hath been vested with the holy vestments, shall not uncover his head, he shall not rend his garments:
Lev.21.15	He shall not mingle the stock of his kindred with the common people of this nation: for I am the Lord who sanctify him.	He shall not mingle the stock of his kindred with the common people of his nation: for I am the Lord who sanctify him.
Lev.22.24	you shall not offer to the Lord any beast that hath the testicles bruised, or crushed, or cut and taken away: neither shall you do any such things in your land.	You shall not offer to the Lord any beast that hath the testicles bruised, or crushed, or cut and taken away: neither shall you do any such thing in your land.
Lev.23.14	You shall not eat either bread, or parched corn, or frumenty or the harvest, until the day that you shall offer thereof to your God. It is a precept for ever throughout your generations, and all your dwellings.	You shall not eat either bread, or parched corn, or frumenty of the harvest, until the day that you shall offer thereof to your God. It is a precept for ever throughout your generations, and all your dwellings.
Lev.23.15	You shall count therefore from the morrow after the sabbath, wherein you offered the sheaf of firstfruits, seven full weeks.	You shall count therefore from the morrow after the sabbath, wherein you offered the sheaf of the firstfruits, seven full weeks.
Lev.24.2	Command the children of Israel, that they bring unto thee the finest and clearest oil of olives, to furnish the lamps continually,	Command the children of Israel, that they bring unto thee the finest and dearest oil of olives, to furnish the lamps continually,
Lev.24.7	And thou shalt put upon them the clearest frankincense, that the bread may be for a memorial of the oblation of the Lord.	And thou shalt put upon them the dearest frankincense, that the bread may be for a memorial of the oblation of the Lord.
Lev.25.2	Speak to the children of Israel, and thou shalt say to them: When you shall have entered into the land which I will give you, observe the rest of the sabbath of the Lord.	Speak to the children of Israel, and thou shalt say to them: When you shall have entered into the land which I will give you, observe the rest of the sabbath to the Lord.
Lev.25.5	What the ground shall bring forth of itself, thou shalt not reap: neither shalt thou gather the grapes or the firstfruits as a vintage. For it is a year of rest to the land.	What the ground shall bring forth of itself, thou shalt not reap: neither shalt thou gather the grapes of the firstfruits as a vintage: for it is a year of rest to the land:
Lev.25.18	Do my precepts, and keep my judgments, and fulfil them: that you may dwell in the land without any fear.	Do my precepts, and keep my judgments, and fulfill them: that you may dwell in the land without any fear,
Lev.26.40	Until they confess their iniquities, and the iniquities of their ancestors, whereby they have transgressed against me, and walked contrary unto me.	Until they confess their iniquities and the iniquities of their ancestors, whereby they have transgressed me, and walked contrary unto me.
Lev.26.41	Therefore I also will walk against them, and bring them into their enemies' land until their uncircumcised mind be ashamed. Then shall they pray for their sins.	Therefore I also will walk them, and bring them into their enemies' land until their uncircumcised mind be ashamed: then shall they pray for their sins.
Lev.27.11	An unclean beast, which cannot be sacrificed to the Lord, if any man shall vow, shall be brought before the priest:	An unclean beast, which cannot be sacrificed to the Lord, if my man shall vow, shall be brought before the priest:
Lev.27.21	For when the day of jubilee cometh, it shall be sanctified to the Lord, and as a possession consecrated, pertaineth to the right of the priest.	For when the day of jubilee cometh, it shall be sanctified to the Lord, and as a possession consecrated, pertaineth to the right of the priests.
Num.1.42	Of the sons of Nephtali, by their generations and families and houses of their kindreds, were reckoned up by the names of every one from twenty years old and upward, were able to go forth to war,	Of the sons of Nephtali, by their generations and families and houses of their kindreds, were reckoned up by the names of every one from twenty years old and upward, all that were able to go forth to war,
Num.2.23	And the whole army of fighting men, that were reckoned up, were thirty-five thousand four hundred.	And the whole army of his fighting men, that were reckoned up, were thirty-five thousand four hundred.
Num.2.24	All that were numbered in the camp of Ephraim, were a hundred and eight-thousand one hundred by their troops: they shall march in the third place.	All that were numbered in the camp of Ephraim, were a hundred and eight thousand one hundred by their troops: they shall march in the third place.
Num.3.17	And there were found sons of Levi by their names, Gerson and Caath Merari.	And there were found sons of Levi by their names, Gerson and Caath and Merari.
Num.3.35	Their prince Suriel the son of Abihaiel: their shall camp on the north side.	Their prince Suriel the son of Abihaiel: they shall camp on the north side.
Num.3.39	All the Levites, that I Moses and Aaron numbered according to the precept of the Lord, by their f families, of the male kind from one month and upward, were twenty-two thousand.	All the Levites, that Moses and Aaron numbered according to the precept of the Lord, by their families, of the male kind from one month and upward, were twenty-two thousand.
Num.3.48	And thou shalt give the money to Aaron and his sons, the price of them that are above.	And then shalt give the money to Aaron and his sons, the price of them that are above.
Num.4.26	The curtains of the court, and the veil in the entry that is before tabernacle. All things that pertain to the altar, the cords and the vessels of the ministry,	The curtains of the court, and the veil in the entry that is before the tabernacle. All things that pertain to the altar, the cords and the vessels of the ministry,
Num.4.43	From thirty years old and upward, unto fifty years old, all that go in to fulfil the rites of the tabernacle of the covenant:	From thirty years old and upward, unto fifty years old, all that go in to fulfill the rites of the tabernacle of the covenant:
Num.7.15	An ox of the herd, and a ram, and lamb of a year old for a holocaust:	An ox of the herd, and a ram, and a lamb of a year old for a holocaust:
Num.7.48	The seventh day the prince of the sons of Ephraim, Elisama the son of Ammiud,	The seventh day the prince of the sons of Ephraim, Elisama the son Ammiud,
Num.7.66	The tenth day the princes of the sons of Dan, Ahiezer the son of Ammisaddai,	The tenth day the prince of the sons of Dan, Ahiezer the son of Ammisaddai,
Num.7.89	And when Moses entered into the tabernacle of the covenant, to consult the oracle, he heard the voice of one speaking to him from the propitiatory, that is over the ark between the two cherubims, and from this place he spoke to him.	And when Moses entered into the tabernacle of the covenant, to consult the oracle, he heard the voice of one speaking to him from the propitiatory, that was over the ark between the two cherubims, and from this place he spoke to him.
Num.8.13	And thou shalt set the Levites in the sight of Aaron and of his, and shalt consecrate them being offered to the Lord,	And thou shalt set the Levites in the sight of Aaron and of his sons, and shalt consecrate them being offered to the Lord,
Num.9.12	They shall not leave any thing thereof until morning, nor break a bone thereof, they shall observe all the ceremonies of the phase.	They shall not leave any thing thereof until morning, a nor break a bone thereof, they shall observe all the ceremonies of the phase.
Num.9.14	The sojourner also and the stranger if they be among you, shall make the phase to the Lord according to the ceremonies and justifications thereof. The same ordinances shall be with you both for the stranger, and for him that was born in the land.	The sojourner also and the stranger if they be among you, shall make the phase to the Lord according to the ceremonies and justifications thereof. The same ordinance shall be with you both for the stranger, and for him that was born in the land.
Num.11.7	Now the manna was like coriander seed, of the colour of bdellium.	A Now the manna was like coriander seed, of the colour of bdellium.
Num.11.18	And thou shalt say to the people: Be ye sanctified: to morrow you shall eat flesh: for I have heard you say: Who will give us flesh to eat? It was well with us in Egypt. That the Lord may give you flesh, and you may eat:	And thou shalt say to the people: Be ye sanctified: tomorrow you shall eat flesh: for I have heard you say: Who will give us flesh to eat? it was well with us in Egypt. That the Lord may give you flesh, and you may eat:
Num.12.14	And the Lord answered him: If her father had spitten upon her face, ought she not to have been ashamed for seven days at least? Let her be separated seven days without the camp, and afterwards she shall be called again.	And the Lord answered him: If her father had spitten upon her face, ought she not to have been ashamed for seven days at least? Let her be separated seven days without the camp, and after wards she shall be called again.
Num.13.6	Of the tribe of Simeon, Saphat the son of Huri.	Of the tribe of Simeon, Saphat the son of Hurl.
Num.13.21	The ground, fat or barren, woody or without trees. Be of good courage, and bring us of the fruits of the land. Now it was the time when the firstripe grapes are fit to be eaten.	The ground, fat or barren, woody or without trees. Be of good courage, and bring us of the fruits of the land. Now it was the time when the first ripe grapes are fit to be eaten.
Num.14.1	Therefore the whole multitude crying wept that night.	Wherefore the whole multitude crying wept that night.
Num.14.18	The Lord is patient and full of mercy, by taking away iniquity and wickedness, and leaving no man clear, who visitest the sins of the fathers upon the children unto the third and fourth generation.	The Lord is patient and full of mercy, taking away iniquity and wickedness, and leaving no man clear, who visitest the sins of the fathers upon the children unto the third and fourth generation.
Num.14.25	For the Amalecite and the Chanaanite dwell in the valleys. To morrow remove the camp, and return into the wilderness by the way of the Red Sea.	For the Amalecite and the Chanaanite dwell in the valleys. Tomorrow remove the camp, and return into the wilderness by the way of the Red Sea.
Num.14.34	According to the number of the forty days, wherein you viewed the land: a year shall be counted for a day. And forty years you shall receive your iniquities, and shall know my revenge:	According to the number of the forty days, wherein you viewed the land: year shall be counted for a day. And forty years you shall receive your iniquities, and shall know my revenge:
Num.15.2	Speak to the children of Israel and thou shalt say to them: When you shall be come unto the land of your habitation, which I will give you,	Speak to the children of Israel and thou shalt say to them: When you shall be come into the land of your habitation, which I will give you,
Num.15.7	And he shall offer the third part the same measure of wine for the libation, for a sweet savour to the Lord.	And he shall offer the third part of the same measure of wine for the libation, for a sweet savour to the Lord.
Num.15.8	But when thou offerest a holocaust or sacrifice of oxen, to fulfil thy vow or for victims of peace offerings,	But when thou offerest a holocaust or sacrifice of oxen, to fulfill thy vow or for victims of peace offerings,
Num.15.31	For he hath contemned the word of the Lord, and made void his precept: therefore shall he be destroyed, and shall bear his iniquity.	For he hath contemned the word the Lord, and made void his precept: therefore shall he be destroyed, and shall bear his iniquity.
Num.16.7	And putting fire in them to morrow, put incense upon it before the Lord: and whomsoever he shall choose, the same shall be holy: you take too much upon you, ye sons of Levi.	And putting fire in them tomorrow, put incense upon it before the Lord: and whomsoever he shall choose, the same shall be holy: you take too much upon you, ye sons of Levi.
Num.16.16	And he said to Core: Do thou and thy congregation stand apart before the Lord to morrow, and Aaron apart.	And he said to Core: Do thou and thy congregation stand apart before the Lord tomorrow, and Aaron apart.
Num.16.40	That the children of Israel might have for the time to come wherewith they should be admonished, that no stranger or any one that is not of the seed of Aaron should come near to offer incense to the Lord, lest he should suffer as Core suffered, and all his congregation, according as the Lord spoke to Moses.	That the children of Israel might have for the time to come wherewith they should be admonished, that no stranger or any one that is not of seed of Aaron should come near to offer incense to the Lord, lest he should suffer as Core suffered, and all his congregation, according as the Lord spoke to Moses.
Num.16.43	Moses and Aaron fled to the tabernacle of the covenant. And when they were gone into it, the cloud covered it, and the glory of the Lord appeared.	Moses and Aaron fled to the tabernacle of the covenant. And when the were gone into it, the cloud covered it, and the glory of the Lord appeared.
Num.19.13	Every one that toucheth the corpse of a man, and is not sprinkled with this mixture, shall profane the tabernacle of the Lord, and shall perish out of Israel: because he was not sprinkled with the water of expiation, he shall be unclean, and his uncleanness shall remain upon him.	Every one that toucheth the corpse of a man, and is not sprinkled with mixture, shall profane the tabernacle of the Lord, and shall perish out of Israel: because he was not sprinkled with the water of expiation, he shall be unclean, and his uncleanness shall remain upon him.
Num.21.14	Wherefore it is said in the book of the wars of the Lord: As he did in the Red Sea, so will he do in the streams of Arnon.	Wherefore it is said in the book of the wars of the Lord: As he did in the Red Sea, so will he do in the streams of Amen.
Num.21.26	Hesebon was the city of Sehon the king of the Amorrhites, who fought against the king of Moab: and took all the land, that had been of his dominion, as far as the Arnon.	Hesebon was the city of Sehon the king of the Amorrhites, who fought against the king of Moab: and took all the land, that had been of his dominions, as far as the Arnon.
Num.22.5	He sent therefore messengers to Balaam the son of Beor, a soothsayer, who dwelt by the river of the land of the children of Ammon, to call him, and to say: Behold a people is come out of Egypt, that hath covered the face of the earth, sitting over against me.	He sent therefore messengers to Balaam the son of Beer, a soothsayer, who dwelt by the river of the land of the children of Ammon, to call him, and to say: Behold a people is come out of Egypt, that hath covered the face of the earth, sitting over against me.
Num.22.7	And the ancients of Moab, and the elders of Madian, went with the price of divination in their hands. And where they were come to Balaam, and had told him all the words of Balac:	And the ancients of Moab, and the elders of Madian, went with the price of divination in their hands. And when they were come to Balaam, and had told him all the words of Balac:
Num.23.19	God is not a man, that he should lie, nor is the son of man, that he should be changed. Hath he said then, and will he not do? hath he spoken, and will he not fulfil?	God is not a man, that he should lie, nor as the son of man, that he should be changed. Hath he said then, and will he not do? hath he spoken, and will he not fulfill?
Num.24.3	He took up his parable and said: Balaam the son of Beor hath said: The man hath said, whose eye is stopped up:	He took up his parable and said: Balaam the son of Beor hath said: The man hath said, whose eye ire stopped up:
Num.24.7	Water shall flow out of his bucket, and his seed shall be in many waters. For Agag his king shall be removed, and his kingdom shall be taken away.	Water shall flow out of his bucket, and his seed shall be in many waters. For Agag his king shall be removed, and his kingdom shall be taken awry.
Num.25.17	Let the Madianites find you their enemies, and slay you them:	Let the Madianites find you enemies, and slay you them:
Num.25.18	Because they also have acted like enemies against you, and have guilefully deceived you by the idol Phogor, and Cozbi their sister, a daughter of a prince of Madian, who was slain in the day of the plague for the sacrilege of Phogor.	Because they also have acted like enemies against you, and have guilefully deceived you by the idol Phogor, and Cozbi their sister, a daughter of a prince of Madian, who was slain in the day the plague for the sacrilege of Phogor.
Num.26.12	The sons of Simeon by their kindreds: Namuel, of him is the family of the Namuelites: Jamin, of him is the family of the Jaminites: Jachim, of him is the family of the Jachimites:	The sons of Simeon by their kindreds: Namuel, of him is the family of the Namuelites: Jamin, of him is the family of the Jaminites: Jachin, of him is the family of the Jachinites:
Num.26.29	Of Manasses was born Machir, of whom is the family of the Machirites. Machir begot Galaad, of whom is the family of the Galaadites.	Of Manasses was born Machir, of whom is the family of the Machirites. Machir beget Galaad, of whom is the family of the Galaadites.
Num.26.58	These are the families of Levi: The family of Lobni, the family of Hebroni, the family of Moholi, the family of Musi, the family of Core. Now Caath begot Amram:	These are the families of Levi: The family of Lobni, the family of Hebroni, the family of Moholi, the family of Musi, the family of Core. Now Caath beget Amram:
Num.28.4	One you shall offer in the mornings, and the other in the evening:	One you shall offer in the morning, and the other in the evening:
Num.28.20	And for the sacrifice of every one three tenths of flour which shall be tempered with oil to every calf, and two tenths to every ram,	And for the sacrifices of every one three tenths of flour which shall be tempered with oil to every calf, and two tenths to every ram,
Num.30.3	If any man make a vow to the Lord, or bind himself by an oath: he shall not make his word void but shall fulfil all that he promised.	If any man make a vow to the Lord, or bind himself by an oath: he shall not make his word void but shall fulfill all that he promised.
Num.30.5	Whatsoever she promised and swore, she shall fulfil in deed.	Whatsoever she promised and swore, she shall fulfill in deed.
Num.30.10	The widow, and she that is divorced, shall fulfil whatsoever they vow.	The widow, and she that is divorced, shall fulfill whatsoever they vow.
Num.30.15	But if the husband hearing it hold his peace, and defer the declaring his mind till another day: whatsoever she had vowed and promised, she shall fulfil: because immediately as he heard it, he held his peace.	But if the husband hearing it hold his peace, and defer the declaring his mind till another day: whatsoever she had vowed and promised, she shall fulfill: because immediately as he heard it, he held his peace.
Num.31.8	And their kings Evi, and Recem, and Sur, and Hur, and Rebe, five princes of the nation: Balaam also the son of Beor they killed with the sword.	And their kings Evi, and Recem, and Sur, and Hur, and Rebe, five princes of the nation: Balaam also the son of Beer they killed with the sword.
Num.31.37	Out of which, for the portion of the Lord, were reckoned six hundred seventy five sheep.	Out of which, for the portion of the Lord, were reckoned six hundred seventy-five sheep.
Num.33.49	And there they camped from Bethsimoth even to Ablesatim in the plains of the Moabites,	And there they camped from Bethsi moth even to Ablesatim in the plains of the Moabites,
Num.34.2	Command the children of Israel, and thou shalt say to them: When you are entered into the land of Chanaan, and it shall be fallen into your possession by lot, it shall be bounded by these limits:	Command the children of Israel, and then shalt say to them: When you are entered into the land of Chanaan, and it shall be fallen into your possession by lot, it shall be bounded by these limits:
Num.36.13	These are the commandments and judgment, which the Lord commanded by the hand of Moses to the children of Israel, in the plains of Moab upon the Jordan over against Jericho.	These are the commandments and judgments, which the Lord commanded by the hand of Moses to the children of Israel, in the plains of Moab upon the Jordan over against Jericho.
Deut.4.6	And you shall observe, and fulfil them in practice. For this is your wisdom, and understanding in the sight of nations, that hearing all these precepts, they may say: Behold a wise and understanding people, a great nation.	And you shall observe, and fulfill them in practice. For this is your wisdom, and understanding in the sight of nations, that hearing all these precepts, they may say: Behold a wise and understanding people, a great nation.
Deut.4.8	For what other nation is there so renowned that hath ceremonies, and just judgments, and all the law, which I will set forth this day before our eyes?	For what other nation is there so renowned that hath ceremonies, and just judgments, and all the law, which I will set forth this day before your eyes?
Deut.4.20	But the Lord hath taken you and brought you out of the iron furnaces of Egypt, to make you his people of inheritance, as it is this present day.	But the Lord hath taken you and brought you out of the iron furnace of Egypt, to make you his people of inheritance, as it is this present day.
Deut.4.30	After all the things aforesaid shall find thee, in the latter time thou shalt return to the Lord thy God, and shalt hear his voice.	After all the things aforesaid shall and thee, in the latter time thou shalt return to the Lord thy God, and shalt hear his voice.
Deut.5.1	And Moses called all Israel, and said to them: Hear, O Israel, the ceremonies and judgments, which I speak in your ears this day: learn them, and fulfil them in work.	And Moses called all Israel, and said to them: Hear, O Israel, the ceremonies and judgments, which I speak in your ears this day: learn them, and fulfill them in work.
Deut.5.8	Thou shalt not make to thy self a graven thing, nor the likeness of any things, that are in heaven above, or that are in the earth beneath, or that abide in the waters under the earth.	Thou shalt not make to thyself a graven thing, nor the likeness of any things, that are in heaven above, or that are in the earth beneath, or that abide in the waters under the earth.
Deut.6.20	And when thy son shall ask thee to morrow, saying: What mean these testimonies, and ceremonies and judgments, which the Lord our God hath commanded us?	And when thy son shall ask thee tomorrow, saying: What mean these testimonies, and ceremonies and judgments, which the Lord our God hath commanded us?
Deut.8.18	But remember the Lord thy God, that he hath given thee strength, that he might fulfil his covenant, concerning which he swore to thy fathers, as this present day sheweth.	But remember the Lord thy God, that he hath given thee strength, that he might fulfill his covenant, concerning which he swore to thy fathers, as this present day sheweth.
Deut.11.5	And what he hath done to you in the wilderness, til you came to this place:	And what he hath done to you in the wilderness, till you came to this place:
Deut.11.18	Lay up these words in your hearts and minds, and hang them for a sign on your hands, and place them between your eyes.	Lay up these my words in your hearts and minds, and hang them for a sign on your hands, and place them between your eyes.
Deut.11.32	See therefore that you fulfil the ceremonies and judgments, which I shall set this day before you.	See therefore that you fulfill the ceremonies and judgments, which I shall set this day before you.
Deut.12.9	For until this present time you are not come to rest, and to the possession, which the Lord your God will give you.	For until this present time you are not come to refit, and to the possession, which the Lord your God will give you.
Deut.12.29	When the Lord thy God shall have destroyed before thy face the nations, which thou shalt go in to possess, and when thou shalt possess them, and dwell in their land:	When the Lord thy God shall have destroyed before thy face the nations, which then shalt go in to possess, and when thou shalt possess them, and dwell in their land:
Deut.13.9	But thou shalt presently put him to death. Let thy hand be first upon him, and afterwards the hands of all the people.	But thou shalt presently put him to death. It Let thy hand be first upon him, and afterwards the hands of all the people.
Deut.13.16	And all the household goods that are there, thou shalt gather together in the midst of the streets thereof, and shall burn them with the city itself, so as to comsume all for the Lord thy God, and that it be a heap for ever: it shall be built no more.	And all the household goods that are there, thou shalt gather together in the midst of the streets thereof, and shalt burn them with the city itself, so as to consume all for the Lord thy God, and that it be a heap for ever: it shall be built no more.
Deut.14.17	And the cormorant, the porphirion, and the night crow,	And the cormorant, the porphyrion, and the night crow,
Deut.14.18	The bittern, and the charadrion, every one in their kind: the houp also and the bat.	The bittern, and the charadrion, every one in their kind: the hoop also and the bat.
Deut.15.7	If one of thy brethren that dwelleth within thy gates of thy city in the land which the Lord thy God will give thee, come to poverty: thou shalt not harden thy heart, nor close thy hand,	If one of thy brethren that dwelleth within the gates of thy city in the land which the Lord thy God will give thee, come to poverty: thou shalt not harden thy heart, nor close thy hand,
Deut.15.14	But shall give him for his way out of thy flocks, and out of thy barnfloor, and thy winepress, wherewith the Lord thy God shall bless thee.	But shalt give him for his way out of thy flocks, and out of thy barnfloor, and thy winepress, wherewith the Lord thy God shall bless thee.
Deut.19.4	This shall be the law of the slayer that fleeth, whose life is to be saved: He that killeth his neighbor ignorantly, and who is proved to have had no hatred against him yesterday and the day before:	This shall be the law of the slayer that fleeth, whose life is to be saved: He that killeth his neighbour ignorantly, and who is proved to have had no hatred against him yesterday and the day before:
Deut.20.13	And when the Lord thy God shall deliver it into thy hands, thou shalt slay all that are therein of the male sex, with the edge of the sword,	And when the Lord thy God shall deliver it into thy bands, thou shalt slay all that are therein of the male sex, with the edge of the sword,
Deut.21.1	When there shall be found in the land, which the Lord thy God will give thee, the corpse of a man slain, and it is not known who is guilty of the murder,	Then there shall be found in the land, which the Lord thy God will give thee, the corpse of a man slain, and it is not known who is guilty of the murder,
Deut.21.19	They shall take him and bring him to the ancients of the city, and to the gate of judgment,	They shall take him and bring him to the ancients of his city, and to the gate of judgment,
Deut.22.5	A woman shall not be clothed with man's apparel, neither shall a man use woman's apparel: for he that doth these things is abominable before God.	A woman shall not be clothed with man's apparel, neither shall a man use woman's apparel: for he that doeth these things is abominable before God.
Deut.24.8	Observe diligently that thou incur not the stroke of the leprosy, but thou shalt do whatsoever the priests of the Levitical race shall teach thee, according to what I have commanded them, and fulfil thou it carefully.	Observe diligently that thou incur not the stroke of the leprosy, but thou shalt do whatsoever the priests of the Levitical race shall teach thee, according to what I have commanded them, and fulfill thou it carefully.
Deut.24.11	But thou shalt stand without, and he shall bring out to thee what he hath.	But then shalt stand without, and he shall bring out to thee what he hath.
Deut.26.16	This day the Lord thy God hath commanded thee to do these commandments and judgments: and to keep and fulfil them with all thy heart, and with all thy soul.	This day the Lord thy God hath commanded thee to do these commandments and judgments: and to keep and fulfill them with all thy heart, and with all thy soul.
Deut.27.23	Cursed be he that lieth with his mother-in-law: and all the people shall say: Amen.	Cursed be he that lieth with his mother in law: and all the people shall say: Amen.
Deut.28.52	And consume thee in all thy cities, and thy strong and high wall be brought down, wherein thou trustedst in all thy land. Thou shalt be besieged within thy gates in all thy land which the Lord thy God will give thee:	And consume thee in all thy cities, and thy strong and high walls be brought down, wherein thou trustedst in all thy land. Thou shalt be besieged within thy gates in all thy land which the Lord thy God will give thee:
Deut.28.58	If thou wilt not keep, and fulfil all the words of this law, that are written in this volume, and fear his glorious and terrible name: that is, The Lord thy God:	If thou wilt not keep, and fulfill all the words of this law, that are written in this volume, and fear his glorious and terrible name: that is, The Lord thy God:
Deut.29.9	Keep therefore the words of this covenant, and fulfil them: that you may understand all that you do.	Keep therefore the words of this covenant, and fulfill them: that you may understand all that you do.
Deut.30.4	If thou be driven as far as the poles of heaven, the Lord thy God will fetch thee back from hence,	If thou be driven as far as the poles of heaven, the Lord thy God will fetch thee back from thence,
Deut.30.6	The Lord thy God will circumcise thy heart, and the heart of thy seed: that thou mayst love the Lord thy God with all thy heart and with all thy soul, that thou mayst live.	The Lord thy God will circumcise thy heart, and the heart of thy seed: that then mayst love the Lord thy God with all thy heart and with all thy soul, that thou mayst live.
Deut.30.12	Nor is it in heaven, that thou shouldst say: Which of us can go up to heaven to bring it unto us, and we may hear and fulfil it in work?	Nor is it in heaven, that thou shouldst say: Which of us can go up to heaven to bring it unto us, and we may hear and fulfill it in work?
Deut.31.2	And he said to them: I am this day a hundred and twenty years old, I can no longer go out and come in, especially as the Lord also hath said to me: Thou shalt not pass over this Jordan.	And he said to them: I am this day a hundred and twenty years old, I can no longer go out and come in, especially as the Lord also hath said to me: O Thou shalt not pass over this Jordan.
Deut.31.12	And the people being all assembled together, both men and women, children and strangers, that are within thy gates: that hearing they may learn, and fear the Lord your God, and keep, and fulfil all the words of this law:	And the people being all assembled together, both men and women, children and strangers, that are within thy gates: that hearing they may learn, and fear the Lord your God, and keep, and fulfill all the words of this law:
Deut.32.18	Thou hast forsaken the God that begot thee, and hast forgotten the Lord that created thee.	Thou hast forsaken the God that beget thee, and hast forgotten the Lord that created thee.
Deut.32.46	And he said to them: Set your hearts on all the words, which I testify to you this day: which you shall command your children to observe and to do, and to fulfil all that is written in this law:	And he said to them: Set your hearts on all the words, which I testify to you this day: which you shall command your children to observe and to do, and to fulfill all that is written in this law:
Deut.33.29	Blessed art thou, Israel: who is like to thee, O people, that art saved by the Lord? the shield of thy help, and the sword of thy glory: thy enemies shall deny thee, and thou shalt tread upon their necks.	Blessed are thou, Israel: who is like to thee, O people, that art saved by the Lord? the shield of thy help, and the sword of thy glory: thy enemies shall deny thee, and thou shalt tread upon their necks.
Deut.34.8	And the children of Israel mourned for him in the plains of Moab thirty days: and the days of their mourning in which they mourned Moses were ended.	And the children of Israel mourned for him in the plains of Moab thirty days: and the days of their mourning in which they mourned for Moses were ended.
Jos.1.11	Prepare your victuals: for after the third day you shall pass over the Jordan, and shall go in to possess the land, which the Lord your God will give you.	Prepare you victuals: for after the third day you shall pass over the Jordan and shall go in to possess the land, which the Lord your God will give you.
Jos.1.16	And they made answer to Josue, and said: All that thou hast commanded us, we will do: and whither soever thou shalt send us, we will go.	And they made answer to Josue, and said: All that thou hast commanded us we will do; and whithersoever thou shalt send us, we will go.
Jos.2.8	The men that were hid were not yet asleep, when behold the woman went up to them, and said:	The men that were hidden were not yet asleep, when behold the woman went up to them, and said:
Jos.2.11	And at the hearing these things, we were affrighted, and our heart fainted away, neither did there remain any spirit in us, at your coming in: for the Lord your God he is God in heaven above, and in the earth beneath.	And hearing these things we were affrighted, and our heart fainted away, neither did there remain any spirit in us at your coming in: for the Lord your God he is God in heaven above, and in the earth beneath.
Jos.2.12	Now, therefore, swear ye to me by the Lord, that as I have shewed mercy to you, so you also will shew mercy to my father's house: and give me a true token.	Now therefore swear ye to me by the Lord, that as I have shewn mercy to you, so you also will shew mercy to my father's house: and give me a true token,
Jos.4.6	That it may be a sign among you: and when your children shall ask you tomorrow, saying: What means these stones?	That it may be a sign among you and when your children shall ask you tomorrow, saying: What mean these stones?
Jos.4.18	And when they that carried the ark of the covenant of the Lord, were come up, and began to tread on the dry ground, the waters returned into their channel, and ran as they were wont before.	And when they that carried the ark of the covenant of the Lord, were come up, and began to tread on the dry ground, the waters returned into the channel, and ran as they were wont before.
Jos.6.24	But they burned the city, and all things that were therein; except the gold and silver, and vessels of brass and iron, which they consecrated unto the treasury of the Lord.	But they burned the city, and all things that were therein; except the gold and silver, and vessels of brass and iron, which they consecrated into the treasury of the Lord.
Jos.7.1	But the children of Israel transgressed the commandment, and took to their own use of that which was accursed. For Achan, the son of Charmi, the son of Zabdi, the son of Zare, of the tribe of Juda, took something of the anathema: and the Lord was angry against the children of Israel.	But the children of Israel transgressed the commandment, and took to their own use of the anathema. For Achan the son of Charmi, the son of Zabdi, the son of Zare of the tribe of Juda, took something of the anathema: and the Lord was angry against the children of Israel.
Jos.7.11	Israel hath sinned, and transgressed my covenant: and they have taken of the anathema, and have stolen and lied, and have hid it among their goods.	Israel hath sinned, and transgressed my covenant: and they have taken of the anathema, and have stolen and lied, and have hidden it among their goods.
Jos.7.13	Arise, sanctify the people, and say to them: Be ye sanctified against tomorrow: for thus saith the Lord God of Israel: The curse is in the midst of thee, O Israel: thou canst not stand before thy enemies, till he be destroyed out of thee, that is defiled with this wickedness.	Arise, sanctify the people, and say to them: Be ye sanctified against tomorrow: for thus saith the Lord God of Israel: The anathema is in the midst of thee, O Israel: thou canst not stand before thy enemies, till he be destroyed out of thee that is defiled with this wickedness.
Jos.7.17	Which being brought by in families, it was found to be the family of Zare. Bringing that also by the houses, he found it to be Zabdi:	Which being brought by its families, it was found to be the family of Zare. Bringing that also by the houses, he found it to be Zabdi.
Jos.7.22	Josue therefore sent ministers: who running to his tent, found all hid in the same place, together with the silver.	Josue therefore sent ministers: who running to his tent, found all hidden in the same place, together with the silver.
Jos.7.24	Then Josue, and all Israel with him, took Achan, the son of Zare, and the silver, and the garment, and the golden rule, his sons also, and his daughters, his oxen, and asses, and sheep, the tent also, and all the goods: and brought them to the valley of Achor:	Then Josue and all Israel with him took Achan the son of Zare, and the silver and the garments, and the golden rule, his sons also and his daughters, his oxen and asses and sheep, the tent also, and all the goods: and brought them to the valley of Achor:
Jos.8.7	And whilst we are fleeing, and they pursuing, you shall rise out of the ambush, and shall destroy the city: and the Lord your God will deliver it into your hands.	And whilst we are fleeing, and they pursuing, you shall arise out of the ambush, and shall destroy the city: and the Lord your God will deliver it into our hands.
Jos.8.9	And he sent them away, and they went on to the place of the ambush, and abode between Bethel and Hai, on the west side of the city of Hai. But Josue staid that night in the midst of the people,	And he sent them away, and they went on to the place of the ambush, and abode between Bethel and Hai, on the west side of the city of Hai. But Josue stayed that night in the midst of the people,
Jos.8.24	So all being slain that had pursued after Israel, in his flight to the wilderness, and falling by the sword in the same place, the children of Israel returned and laid waste the city.	So all being slain that had pursued after Israel in his flight to the wilderness, and tailing by the sword in the same place, the children of Israel returned and laid waste the city.
Jos.8.28	And he burnt the city, and made it a heap forever:	And he burned the city, and made it a heap for ever:
Jos.9.22	Josue called the Gabaonites, and said to them: Why would you impose upon us, saying: We dwell very far off from you, whereas you are in the midst of us?	Josue called the Gabaonites and said to them: Why would you impose upon us, saying: We dwell far off from you, whereas you are in the midst of us?
Jos.9.23	Therefore you shall be under a curse, and your race shall always be hewers of wood, and carriers of water, into the house of my God.	Therefore you shall be under a curse, and your race shall always be hewers of wood, and carriers of water unto the house of my God.
Jos.10.8	But the Lord said to Josue: Fear them not: for I have delivered them into thy hands: none of them shall be able to stand against thee.	And the Lord said to Josue: Fear them not: for I have delivered them into thy hands: none of them shall be able to stand against thee.
Jos.10.10	And the Lord troubled them, at the sight of Israel: and he slew them with a great slaughter, in Gabaon, and pursued them by the way of the ascent to Bethoron, and cut them off all the way to Azeca and Maceda.	And the Lord troubled them at the sight of Israel: and he slew them with a great slaughter in Gabaon, and pursued them by the way of the ascent to Beth-horon, and cut them off all the way to Azeca and Maceda.
Jos.10.11	And when they were fleeing from the children of Israel, and were in the descent of Bethoron, the Lord cast down upon them great stones from heaven, as far as Azeca: and many more were killed with the hailstones, than were slain by the swords of the children of Israel,	And when they were fleeing from the children of Israel, and were in the descent of Beth-horon, the Lord cast down upon them great stones from heaven as far as Azeca: and many more were killed with the hailstones than were slain by the swords of the children of Israel.
Jos.10.16	For the five kings were fled, and had hid themselves in a cave of the city of Maceda.	For the five kings were fled, and had hidden themselves in a cave of the city of Maceda.
Jos.10.17	And it was told Josue, that the five kings were found hid in a cave of the city of Maceda.	And it was told Josue that the five kings were found hidden in a cave of the city of Maceda.
Jos.11.6	And the Lord said to Josue: Fear them not: for to morrow at this same hour I will deliver all these to be slain in the sight of Israel: thou shalt hamstring their horses, and thou shalt burn their chariots with fire.	And the Lord said to Josue: Fear them not: for tomorrow at this same hour I will deliver all these to be slain in the sight of Israel: thou shalt hamstring their horses, and thou shalt burn their chariots with fire.
Jos.11.8	And the Lord delivered them into the hands of Israel. And they defeated them, and chased them as far as the great Sidon and the waters of Maserophot, and the field of Masphe, which is on the east thereof. He slew them all, so as to leave no remains of them:	And the Lord delivered them into the hands of Israel. And they defeated them, and chased them as far as the great Sidon, and the waters of Maserophot, and the field of Masphe, which is on the east side thereof. He slew them all, so as to leave no remains of them:
Jos.12.7	These are the kings of the land, whom Josue and the children of Israel slew beyond the Jordan on the west side from Baalgad in the field of Libanus, unto the mount, part of which goeth up into Seir: and Josue delivered it in possession to the tribes of Israel, to every one their divisions,	These are the kings of the land, whom Josue and the children of Israel slew beyond the Jordan on the west side from Baalgad in the held of Libanus, unto the mount, part of which goeth up into Seir: and Josue delivered it in possession to the tribes of Israel, to every one their divisions,
Jos.12.21	The king of Thenac one, the king of Mageddo one,	The king of Thenac one, the king of Megeddo one,
Jos.13.3	From the troubled river, that watereth Egypt, unto the border of Accaron northward: the land of Chanaan, which is divided among the lords of the Philistines, the Gazites, the Azotians, the Ascalonites, the Gethites, and the Accronites.	From the troubled river, that watereth Egypt, unto the borders of Accaron northward: the land of Chanaan, which is divided among the lords of the Philistines, the Gazites, the Azotians, the Ascalonites, the Gethites, and the Accronites.
Jos.13.22	Balaam also the son of Beor the soothsayer, the children of Israel slew with the sword among the rest that were slain.	Balaam also the son of Beer the soothsayer, the children of Israel slew with the sword among the rest that were slain.
Jos.13.23	And the river Jordan was the border of the children of Ruben. This is the possession of the Rubenites, by their kindreds, of cities and villages.	And the river Jordan was the herder of the children of Ruben. This is the possession of the Rubenites, by their kindreds, of cities and villages.
Jos.15.11	And reacheth northward to a part of Accaron at the side: and bendeth to Sechrona, and passeth mount Baala: and cometh into Jebneel, and is bounded westward with the great sea.	And it reacheth northward to a part of Accaron at the side: and bendeth to Sechrona, and passeth mount Baala: and cometh into Jebneel, and is bounded westward with the great sea.
Jos.18.17	Passing thence to the north, and going out to Ensemes, that is to say, the fountain of the sun:	Passing thence to the north, and going out to Ensemes, that is to say, the fountain of the sue:
Jos.19.7	And Remmon and Athor and Asan: four cities, and their villages.	Ain and Remmon and Athor and Asan: four cities, and their villages.
Jos.19.19	And Hapharaim and Seon and Anaharath,	And Hapharaim and Seen and Anaharath,
Jos.19.38	And Jeron and Magdalel, Horem, and Bethanath and Bethsames: nineteen cities, and their villages.	And Jeron and Magdalel, Herem, and Bethanath and Bethsames: nineteen cities, and their villages.
Jos.19.45	And Juda and Bane and Barach and Gethremmon:	And Jud and Bane and Barach and Gethremmon:
Jos.21.13	He gave therefore to the children of Aaron the priest, Hebron a city of refuge, and the suburbs thereof, and Lebna with the suburbs thereof,	He gave therefore to the children of Aaron the priest, Hebron a city of refuge, and the suburbs thereof: and Lobna with the suburbs thereof,
Jos.21.21	Of the tribe of Ephraim, Sichem one of the cities of refuge, with the suburbs thereof in mount Ephraim, and Gazer,	Of the tribe of Ephraim, Sichem one of the cities of refuge, with the suburbs thereof in mount Ephraim, and Cater,
Jos.21.23	And of he tribe of Dan, Eltheco and Gabathon,	And of the tribe of Dan, Eltheco and Gabathon,
Jos.21.36	Of the tribe of Ruben beyond the Jordan over against Jericho, Bosor in the wilderness, one of the cities of refuge, Misor and Jaser and Jethson and Mephaath, four cities with their suburbs.	Of the tribe of Ruben beyond the Jordan over against Jericho, Bosor in the wilderness, one of the cities of refuge, Miser and Jaser and Jethson and Mephaath, four cities with their suburbs.
Jos.22.5	Yet so that you observe attentively, and in work fulfil the commandment and the law which Moses the servant of the Lord commanded you: that you love the Lord your God, and walk in all his ways, and keep all his commandments, and cleave to him, and serve him with all your heart, and with all your soul.	Yet so that you observe attentively, and in work fulfill the commandment and the law which Moses the servant of the Lord commanded you: that you love the Lord your God, and walk in all his ways, and keep all his commandments, and cleave to him, and serve him with all your heart, and with all your soul.
Jos.22.18	And you have forsaken the Lord to day, and to morrow his wrath will rage against all Israel.	And you have forsaken the Lord today, and tomorrow his wrath will rage against all Israel.
Jos.22.24	And not rather with this thought and design, that we should say: To morrow your children will say to our children: What have you to do with the Lord the God of Israel?	And not rather with this thought and design, that we should say: Tomorrow your children will say to our children: What have you to do with the Lord the God of Israel?
Jos.22.25	The Lord hath put the river Jordan for a border between us and you, O ye children of Ruben, and ye children of Gad: and therefore you have no part in the Lord. And by this occasion your children shall turn away our children from the fear of the Lord. We therefore thought it best,	The Lord hath put the river Jordan for a border between us and you, O ye children of Ruben, and ye children of Gad: and therefore you have no part in the Lord. And by this occasion you children shall turn away our children from the fear of the Lord. We therefore thought, it best,
Jos.22.27	But for a testimony between us and you, and our posterity and yours, that we may serve the Lord, and that we may have a right to offer both holocausts, and victims and sacrifices of peace offerings: and that your children to morrow may not say to our children: You have no part in the Lord.	But for a testimony between us and you, and our posterity and yours, that we may serve the Lord, and that we may have a right to offer both holocausts, and victims and sacrifices of peace offerings: and that your children tomorrow may not say to our children: You have no part in the Lord.
Judg.1.25	And when he had shewed them, they smote the city with the edge of the sword: but that man, and all his kindred, they let go:	And when he had shewn them, they smote the city with the edge of the sword: but that man and all his kindred they let go:
Judg.1.26	Who being sent away, went into the land of Hetthim, and built there a city, and called it Luza: which is so called until this day.	Who being sent away, went into the land of Hethim, and built there a city, and called it Luza: which is so called until this day.
Judg.1.30	Zabulon destroyed not the inhabitants of Cetron, and Naalol: but the Chanaanite dwelt among them, and became their tributary.	Zabulon destroyed not the inhabitants of Cetron, and Naalol: but the Chanaanite dwelt among them, and became their tributaries.
Judg.1.33	Nephthali also destroyed not the inhabitants of Bethsames, and of Bethanath: and he dwelt in the midst of the Chanaanites, the inhabitants of the land, and the Bethsamites and Bethanites were tributaries to him.	Nephtali also destroyed not the inhabitants of Bethsames, and of Bethanath: and he dwelt in the midst of the Chanaanites the inhabitants of the land, and the Bethsamites and Bethanites were tributaries to him.
Judg.1.34	And the Amorrhite straitened the children of Dan in the mountain, and gave them not a place to go down to the plain:	And the Amorrhite straitened the children of Dan in the mountain, and gave them not place to go down to the plain:
Judg.3.22	With such force that the haft went in after the blade into the wound, and was closed up with the abundance of fat. So that he did not draw out the dagger, but left it in the body as he had struck it in: and forthwith, by the secret parts of nature, the excrements of the belly came out.	With such force that the haft went in after the blade into the wound, and was closed up with the abundance of fat. So that he did not draw out the dagger, but left it in his body as he had struck it in. And forthwith by the secret parts of nature the excrements of the belly came out.
Judg.3.23	And Aod carefully shutting the doors of the parlour, and locking them,	But Aod carefully shutting the doors of the parlour and locking them,
Judg.4.2	And the Lord delivered them up into the hands of Jabin, king of Chanaan, who reigned in Asor: and he had a general of his army named Sisara, and he dwelt in Haroseth of the Gentiles.	And the Lord delivered them up into the hands of Jaban king of Chanaan, who reigned in Asor: and he had a general of his army named Sisara, and he dwelt in Haroseth of the Gentiles.
Judg.4.6	And she sent and called Barac, the Son of Abinoem, out of Cedes, in Nephthali: and she said to him: The Lord God of Israel hath commanded thee: Go, and lead an army to Mount Thabor, and thou shalt take with thee ten thousand fighting men of the children of Nephthali, and of the children of Zabulon:	And she sent and called Barac the son of Abinoem out of Cedes in Nephtali: and she said to him: The Lord God of Israel hath commanded thee: Go, and lead an army to mount Thabor, and thou shalt take with thee ten thousand fighting men of the children of Nephtali, and of the children of Zabulon:
Judg.4.11	Now Haber, the Cinite, had some time before departed from the rest of the Cinites, his brethren, the sons of Hobab, the kinsman of Moses: and had pitched his tents unto the valley, which is called Sennim, and was near Cedes.	Now Haber the Cinite had some time before departed from the rest of the Cinites his brethren the sons of Hobab, the kinsman of Moses: and had pitched his tents unto the valley which is called Sellnim, and was near Cedes.
Judg.4.12	And it was told Sisara, that Barac, the son of Abinoem, was gone up to Mount Thabor:	And it was told Sisara, that Barac the son of Ablinoem was gone up to mount Thabor:
Judg.4.18	And Jahel went forth to meet Sisara, and said to him: Come in to me, my lord; come in, fear not. He went into her tent, and being covered by her with a cloak,	And Jahel went forth to meet Sisara, and said to him: Come in to me, my lord, come in, fear not. He went in to her tent, and being covered by her with a cloak,
Judg.5.3	Hear, O ye kings, give ear, O ye princes: It is I, it is I, that will sing to the Lord, I will sing to the Lord, the God of Israel.	Hear, O ye kings, give ear, ye princes: It is I, it is I, that will sing to the Lord, I will sing to the Lord the God of Israel.
Judg.5.4	O Lord, when thou wentest out of Seir, and passedst by the regions of Edom, the earth trembled, and the heavens and clouds dropped water.	O Lord, when thou wentest out of Seir, and passedst by the regions of Edom, the earth trembled, and the heavens dropped water.
Judg.5.6	In the days of Samgar, the son of Anath, in the days of Jahel, the paths rested: and they that went by them, walked through bye-ways.	In the days of Samgar the son of Anath, in the days of Jahel the paths rested: and they that went by them, walked through by-ways.
Judg.5.16	Why dwellest thou between two borders, that thou mayst hear the bleatings of the flocks? Ruben being divided against himself, there was found a strife of courageous men.	Why dwellest thou between two borders, that thou mayest hear the bleatings of the flocks? Ruben being divided against himself, there was found a strife of courageous men.
Judg.5.18	But Zabulon and Nephthali offered their lives to death in the region of Merome.	But Zabulon and Nephtali offered their lives to death in the region of Merome.
Judg.5.19	The kings came and fought, the kings of Chanaan fought in Thanac, by the waters of Mageddo and yet they took no spoils.	The kings came and fought, the kings of Chanaan fought in Thanach by the waters of Mageddo, and yet they took no spoils.
Judg.5.20	There was war made against them from heaven: the stars, remaining in their order and courses, fought against Sisara.	War from heaven was made against them, the stars remaining in their order and courses fought against Sisara.
Judg.5.21	The torrent of Cison dragged their carcasses, the torrent of Cadumim, the torrent of Cison: tread thou, my soul, upon the strong ones.	The torrent of Cison dragged their carcasses, the torrent of Cadumim, the torrent of Cisoii: tread thou, my soul, upon the strong ones.
Judg.5.27	Between her feet he fell: he fainted, and he died: he rolled before her feet, and there he lay lifeless and wretched.	At her feet he fell: he fainted, and he died: he rolled before her feet, and he lay lifeless and wretched.
Judg.5.30	Perhaps he is now dividing the spoils, and the fairest of the women is chosen out for him: garments of divers colours are given to Sisara for his prey, and furniture of different kinds is heaped together to adorn necks.	Perhaps he is now dividing the spoils, and the fairest of the women is chosen out for him: garments of divers colours are given to Sisara for his prey, and furniture of different kinds is heaped together to adorn the necks.
Judg.6.2	And they were grievously oppressed by them. And they made themselves dens and caves in the mountains, and strong holds to resist.	And they were grievously oppressed by them. And they made themselves dens and eaves in the mountains, and strong holds to resist.
Judg.6.13	And Gedeon said to him: I beseech thee, my lord, if the Lord be with us, why have these evils fallen upon us? Where are his miracles, which our fathers have told us of, saying: The Lord brought us out of Egypt but now the Lord hath forsaken us, and delivered us into the hand of Madian.	And Gedeon said to him: I beseech thee, my lord, if the Lord be with us, why have these evils fallen upon us? Where are his miracles, which our fathers have told us of, saying: The Lord brought us Out of Egypt? but now the Lord hath forsaken us, and delivered us into the bands of Madian.
Judg.6.31	He answered them: Are you the avengers of Baal, that you fight for him? he that is his adversary, let him die before to morrow light appear: if he be a god, let him revenge himself on him that hath cast down his altar.	He answered them: Are you the avengers of Baal, that you fight for him? he that is his adversary, let him die before tomorrow light appear: if he be a god, let him revenge himself on him that hath cast down his altar.
Judg.6.35	And he sent messengers into all Manasses, and they also followed him: and other messengers into Aser and Zabulon, and Nephthali, and they came to meet him.	And he sent messengers into all Manasses, and they also followed him: and other messengers into Aser and Zabulon and Nephtali, and they came to meet him.
Judg.7.8	So taking victuals and trumpets according to their number, he ordered all the rest of the multitude to depart to their tents: and he with the three hundred gave himself to the battle. Now the camp of Madia was beneath him in the valley.	So taking victuals and trumpets according to their number, he ordered all the rest of the multitude to depart to their tents: and he with the three hundred gave himself to the battle. Now the camp of Madian was beneath him in the valley.
Judg.7.18	When the trumpet shall sound in my hand, do you also blow the trumpets on every side of the camp, and shout together to the Lord and to Gedeon.	When the trumpet shall sound in my hand, do you also blow the trumpets on every side of the camp.
Judg.7.23	Fleeing as far as Bethsetta, and the border of Abelmahula, in Tebbath. But the men of Israel, shouting from Nephthali, and Aser, and from all Manasses, pursued after Madian.	Fleeing as far as Bethsetta, and the border of Abelmahula in Tebbath. But the men of Israel shouting from Nephtali and Aser, and from all Manasses pursued after Madian.
Judg.8.3	The Lord hath delivered into your hands the princes of Madian, Oreb and Zeb: what could I have done like to what you have done? And when he had said this, their spirit was appeased, with which they swelled against him.	The Lord hath delivered into your bands the princes of Madian, Oreb and Zeb: what could I have done like to what you have done? And when he had said this, their spirit was appeased, with which they swelled against him.
Judg.8.28	But Madian was humbled before the children of Israel, neither could they any more lift up their heads: but the land rested for forty years, while Gedeon presided.	But Madian was humbled before the children of Israel, neither could they any more lift up their beads: but the land rested for forty years, while Gedeon presided.
Judg.9.17	And exposed his life to dangers, to deliver you from the hand of Madian,	And exposed his life to dangers, to deliver you from the hands of Madian,
Judg.9.22	So Abimelech reigned over Israel three years.	So Abimelech reigned over Israel for three years.
Judg.9.24	And to lay the crime of the murder of the seventy sons of Jerobaal, and the shedding of their blood, upon Abimelech, their brother, and upon the rest of the princes of the Sichemites, who aided him.	And to leave the crime of the murder of the seventy sons of Jerobaal, and the shedding of their blood upon Abimelech their brother, and upon the rest of the princes of the Sichemites, who aided him.
Judg.9.32	Arise, therefore, in the night, with the people that is with thee, and lie hid in the field:	Arise therefore in the night with the people that is with thee and he hid in the field:
Judg.9.37	Again Gaal said: Behold, there cometh people down from the midst of the land, and one troop cometh by the way that looketh towards the oak.	Again Gaal said: Behold there cometh people down from the middle of the land, and one troop cometh by the way that looketh towards the oak.
Judg.9.42	So the day following the people went out into the field. And it was told to Abimelech,	So the day following the people went out into the field. And it was told Abimelech.
Judg.9.48	Went up into mount Selmon, he and all his people with him: and taking an axe, he cut down the bough of a tree, and laying it on his shoulder, and carrying it, he said to his companions: What you see me do, do ye out of hand.	Went up into mount Selmon he and all his people with him: and taking an axe, he cut down the bough of a tree, and laying it on his shoulder and carrying it, he said to his companions: What you see me do, do you out of hand.
Judg.9.49	So they cut down boughs from the trees, every man as fast as he could, and followed their leader. And surrounding the fort, they set it on fire: and so it came to pass, that with the smoke and with the fire a thousand persons were killed, men and women together, of the inhabitants of the town of Sichem.	So they cut down boughs from the trees, every man as fast as he could, and followed their leader. And surrounding the fort they set it on fire: and so it came to pass that with the smoke and with the fire a thousand persons were killed, men and women together, of the inhabitants of the tower of Sichem.
Judg.10.5	And Jair died, and was buried in the place which is called Camon.	And Jair died: and was buried in the place which was called Camon.
Judg.11.9	Jephte also said to them: If you be come to me sincerely, that I should fight for you against the children of Ammon, and the Lord shall deliver them into my hand, shall I be your prince?	Jephte also said to them: If you be come to me sincerely, that I should fight for you against the children of Ammon, and the Lord shall deliver them into my band, shall I be your prince?
Judg.11.13	And he answered them: Because Israel took away my land, when he came up out of Egypt, from the confines of the Arnon unto the Jaboc and the Jordan: now, therefore, restore the same peaceably to me.	And he answered them: I Because Israel took away my land when he came up out of Egypt, from the confines of the Arnon unto the Jaboc and the Jordan: now therefore restore the same peaceably to me.
Judg.11.23	So the Lord, the God of Israel, destroyed the Amorrhite, his people of Israel fighting against him, and wilt thou now possess his land?	So the Lord the God of Israel destroyed the Amorrhite, his people of Israel fighting against him, and wilt thou now possess this land?
Judg.13.14	And let her eat nothing that cometh of the vine, neither let her drink wine or strong drink, nor eat any unclean thing: and whatsoever I have commanded her, let her fulfil and observe.	And let her eat nothing that cometh of the vine, neither let her drink wine or strong drink, nor eat any unclean thing: and whatsoever I have commanded her, let her fulfill and observe.
Judg.14.9	And when he had taken it in his hands, he went on eating: and coming to his father and mother, he gave them of it, and they ate: but he would not tell them that he had taken the honey from the body of the lion.	And when be had taken it in his hands, he went on eating: and coming to his father and mother, he gave them of it, and they ate: but he would not tell them, that he had taken the honey from the body of the lion.
Judg.14.14	And he said to them: Out of the eater came forth meat, and out of the strong came forth sweetness. And they could not for three days expound the riddle.	And he said to them: Out of the eater came forth meat, and out of the strong came forth sweetness. And they could not in three days expound the riddle.
Judg.14.15	And when the seventh day came, they said to the wife of Samson: Sooth thy husband, and persuade him to tell thee what the riddle meaneth. But if thou wilt not do it, we will burn thee, and thy father's house. Have you called us to the wedding on purpose to strip us?	And when the seventh day came, they said to the wife of Samson: Soothe thy husband, and persuade him to tell thee what the riddle meaneth. But if thou wilt not do it, we will burn thee, and thy father's house. Have you called us to the wedding on purpose to strip us?
Judg.15.9	Then the Philistines going up into the land of Juda, camped in the place which afterwards was called Lechi, that is, the Jawbone, where their army was spread abroad.	Then the Philistines going up into the land of Juda, camped in the place which afterwards was called Lechi, that is, the Jawbone, where their army was spread.
Judg.15.14	Now when he was come to the place of the Jawbone, and the Philistines shouting went to meet him, the Spirit of the Lord came strongly upon him: and as flax is wont to be consumed at the approach of fire, so the bands with which he was bound were broken and loosed.	Now when he was come to the place of the Jawbone, and the Philistines shouting went to meet him, the spirit of the Lord came strongly upon him: and as the flax is wont to be consumed at the approach of fire, so the bands with which he was bound were broken and loosed.
Judg.15.19	Then the Lord opened a great tooth in the jaw of the ass and waters issued out of it. And when he had drunk them, he refreshed his spirit, and recovered his strength. Therefore the name of that place was called The Spring of him that invoked from the jawbone, until this present day.	Then the Lord opened a great tooth in the jaw of the ass, and waters issued out of it. And when he had drank them he refreshed his spirit, and recovered his strength. Therefore the name of that place was called, The Spring of him that invoked from the jawbone, until this present day.
Judg.16.8	And the princes of the Philistines brought unto her seven cords, such as he spoke of, with which she bound him;	And the princes of the Philistines brought unto her seven cords, such is he spoke of, with which she bound him;
Judg.16.15	And Dalila said to him: How dost thou say thou lovest me, when thy mind is not with me? Thou hast told me lies these three times, and wouldst not tell me wherein thy greatest strength lieth.	And Dalila said to him: How dost thou say thou lovest me, when thy mind is not with me? Thou hast told me lies these three times, and wouldst not tell me wherein thy great strength lieth.
Judg.16.16	And when she pressed him much, and continually hung upon him for many days, giving him no time to rest, his soul fainted away, and was wearied even unto death.	And when she pressed him much, and continually hung upon him for many days, giving him no time to rest, his soul fainted away, and was wearied even until death.
Judg.16.24	And the people also seeing this, praised their god, and said the same: Our god hath delivered our adversary into our hands, him that destroyed our country, and killed very many.	And the people also seeing this, praised their god, and said the same: Our god hath delivered our adversary into our bands, him that destroyed our country and killed very many.
Judg.18.20	When he heard this, he agreed to their words, and took the ephod, and the idols, and the graven god, and departed with them.	When he had heard this, he agreed to their words, and took the ephod, and the idols, and the graven god, and departed with them.
Judg.18.27	And the six hundred men took the priest, and the things we spoke of before, and came to Lais, to a people that was quiet and secure, and smote them with the edge of the sword: and the city they burnt with fire,	And the six hundred men took the priest, and the things we spoke of before, and came to Lais to a people that was quiet and secure, and smote them with the edge of the sword: and the city was burnt with fire,
Judg.19.6	And they sat down together, and ate and drank. And the father of the young woman said to his son in law: I beseech thee to stay here to day, and let us make merry together.	And they sat down together, and ate and drank. And the father of the young woman said to his son in law: I beseech thee to stay here today, and let us make merry together.
Judg.19.9	And the young man arose to set forward with his wife and servant. And his father in law spoke to him again: Consider that the day is declining, and draweth toward evening: tarry with me to day also, and spend the day in mirth, and to morrow thou shalt depart, that thou mayest go into thy house.	And the young man arose to set forward with his wife and servant. And his father in law spoke to him again: Consider that the day is declining, and draweth toward evening: tarry with me today also, and spend the day in mirth, and tomorrow thou shalt depart, that thou mayest go into thy house.
Judg.20.10	We will take ten men of a hundred out of all the tribes of Israel, and a hundred out of a thousand, and a thousand out of ten thousand, to bring victuals for the army, that we may fight against Gabaa of Benjamin, and render to it for its wickedness, what it deserveth.	We will take ten men of a hundred out of all the tribes of Israel, and a hundred out of a thousand, and a thousand out of ten thousand, to bring victuals for the army, that we might fight against Gabaa of Benjamin, and render to it for its wickedness, what it deserveth.
Judg.20.28	And Phinees, the son of Eleazar, the son of Aaron, was over the house. So they consulted the Lord, and said: Shall we go out any more to fight against the children of Benjamin, our brethren, or shall we cease? And the Lord said to them: Go up, for to morrow I will deliver them into your hands.	And Phinees the son of Eleazar the son of Aaron was over the house. So they consulted the Lord and said: Shall we go out any more to fight against the children of Benjamin our brethren, or shall we cease? And the Lord said to them: Go up, for tomorrow I will deliver them into your hands.
Judg.20.43	And so it was, that they were slain on both sides by the enemies, and there was no rest of their men dying. They fell and were beaten down on the east side of the city of Gabaa.	And so it was, that they were slain on both sides by the enemies, and there was no rest of their men dying. They fell and were beaten down on the east side of the city Gabaa.
Judg.21.2	And they all came to the house of God in Silo, and sitting before him till the evening, lifted up their voices, and began to lament and weep, saying:	And they all came to the house of God in Silo, and abiding before him till the evening, lifted up their voices, and began to lament and weep, saying:
Judg.21.8	Therefore they said: Who is there of all the tribes of Israel, that came not up to the Lord to Maspha? And, behold, the inhabitants of Jabes Galaad were found not to have been in that army.	Therefore they said: Who is thereof all the tribes of Israel, that came not up to the Lord to Maspha. And behold the inhabitants of Jabes Galaad were found not to have been in that army.
Judg.21.12	And there were found of Jabes Galaad four hundred virgins, that had not known the bed of a man, and they brought them to the camp in Silo, into the land of Chanaan.	And there were found of Jabes Galaad four hundred virgins, that had not known the bed of a man, and they brought them to the camp Silo, into the land of Chanaan.
Ruth.1.9	May he grant you to find rest in the houses of the husbands whom you shall take. And she kissed them. And they lifted up their voice, and began to weep,	May he grant you to find rest in the houses of the husbands which you shall take. And she kissed them. And they lifted up their voice and began to weep,
Ruth.2.12	The Lord render unto thee for thy work, and mayst thou receive a full reward of the Lord the God of Israel, to whom thou art come, and under whose wings thou art fled.	The Lord render unto thee for thy work, and mayest thou receive a full reward of the Lord the God of Israel, to whom thou art come, and under whose wings thou art fled.
Ruth.4.7	Now this in former times was the manner in Israel between kinsmen, that if at any time one yielded his right to another: that the grant might be sure, the man put off his shoe and gave it to his neighbour; this was a testimony of cession of right in Israel.	Now this in former times was the manner in Israel between kinsmen, that if at any time one yielded his right to another: that the grant might be sure, the man put off his shoe, and gave it to his neighhour; this was a testimony of cession of right in Israel.
1Kings.1.11	And she made a vow, saying: O Lord of hosts, if thou wilt look down on the affliction of thy servant, and wilt be mindful of me, and not forget thy handmaid, and wilt give to thy servant a manchild: I will give him to the Lord all the days of his life, and no razor shall come upon his head.	And she made a vow, saying: O Lord, of hosts, if thou wilt look down on the affliction of thy servant, and wilt be mindful of me, and not forget thy handmaid, and wilt give to thy servant a man child: I will give him to the Lord all the days of his life, and no razor shall come upon his head.
1Kings.1.23	And Elcana, her husband, said to her: Do what seemeth good to thee, and stay till thou wean him: and I pray that the Lord may fulfil his word. So the woman staid at home, and gave her son suck, till she weaned him.	And Elcana her husband said to her: Do what seemeth good to thee, and stay till thou wean him: and I pray that the Lord may fulfill his word. So the woman stayed at home, and gave her son suck, till she weaned him.
1Kings.2.14	And thrust it into the kettle, or into the cauldron, or into the pot, or into the pan: and all that the fleshhook brought up, the priest took to himself. Thus did they to all Israel that came to Silo.	And thrust it into the kettle, or into the caldron, or into the pot, or into the pan: and all that the fleshhook brought up, the priest took to himself. Thus did they to all Israel that came to Silo.
1Kings.2.16	And he that sacrificed said to him: Let the fat first be burnt to day, according to the custom, and then take to thee as much as thy soul desireth. But he answered, and said to him: Not so: but thou shalt give it me now, or else I will take it by force.	And he that sacrificed said to him: Let the fat first be burnt today according to the custom, and then take as much as thy soul desireth. But he answered and said to him: Not so: but thou shalt give it me now, or else I will take it by force.
1Kings.4.2	And put their army in array against Israel. And when they had joined battle, Israel turned their backs to the Philistines: and there were slain in that fight, here and there in the fields, about four thousand men.	And put their army in array against Israel. And when they had joined battle, Israel turned their backs to the Philistines, and there was slain in that fight here and there in the fields about four thousand men.
1Kings.4.3	And the people returned to the camp: and the ancients of Israel said: Why hath the Lord defeated us to day before the Philistines? Let us fetch unto us the ark of the covenant of the Lord from Silo, and let it come in the midst of us, that it may save us from the hand of our enemies.	And the people returned to the camp: and the ancients of Israel said: Why hath the Lord defeated us today before the Philistines? Let us fetch unto us the ark of the covenant of the Lord from Silo, and let it come in the midst of us, that it may save us from the hand of our enemies.
1Kings.4.17	And he that brought the news answered, and said: Israel is fled before the Philistines, and there has been a great slaughter of the people: moreover thy two sons, Ophni and Phinees, are dead: and the ark of God is taken.	And he that brought the news answered, and said: Israel has fled before the Philistines, and there has been a great slaughter of the people: moreover thy two sons, Ophni and Phinees, are dead: and the ark of God is taken.
1Kings.4.21	And she called the child Ichabod, saying: The glory is gone from Israel, because the ark of God was taken, and for her father in law, and for her husband:	And she called the child Ichabod, saying: The glory is gone from Israel, because the ark of God was taken, and for her father in law, and her husband:
1Kings.5.8	And sending, they gathered together all the lords of the Philistines to them, and said: What shall we do with the ark of the God of Israel? And the Gethites answered: Let the ark of the God of Israel be carried about. And they carried the ark of the God of Israel about.	And sending, they gathered together all the lords of the Philistines to them, and said: What shall we do with the ark of the God of Israel? And the Gethrites answered: Let the ark of the God of Israel be carried about. And they carried the ark of the God of Israel about.
1Kings.6.10	They did therefore in this manner: and taking two kine, that had sucking calves, they yoked them to the cart, and shut up their calves at home.	They did therefore in this manner: and taking two kine, that had suckling calves, they yoked them to the cart, and shut up their calves at home.
1Kings.7.1	And the men of Cariathiarim came, and fetched up the ark of the Lord, and carried it into the house of Abinadab, in Gabaa: and they sanctified Eleazar, his son, to keep the ark of the Lord.	And then men of Cariathiarim came and fetched up the ark of the Lord and carried it into the house of Abinadab in Gabaa: and they sanctified Eleazar his son, to keep the ark of the Lord.
1Kings.7.16	And he went every year about to Bethel and to Galgal and to Masphath, and he judged Israel in the foresaid places.	And he went every year about to Bethel and to Galgal and to Masphath, and he judged Israel in the aforesaid places.
1Kings.8.12	And he will appoint of them to be his tribunes, and his centurions, and to plough his fields, and to reap his corn, and to make him arms and chariots.	And he will appoint of them to be his tribunes, and centurions, and to plough his fields, and to reap his corn, and to make him arms and chariots.
1Kings.8.15	Moreover he will take the tenth of your corn, and of the revenues of your vineyards, to give to his eunuchs and servants.	Moreover he will take the tenth of your corn, and of the revenues of your vineyards, to give his eunuchs and servants.
1Kings.9.12	They answered and said to them: He is: behold he is before you, make haste now: for he came to day into the city, for there is a sacrifice of the people to day in the high place.	They answered and said to them: He is: behold he is before you, make haste now: for he came today into the city, for there is a sacrifice of the people today in the high place.
1Kings.9.13	As soon as you come into the city, you shall immediately find him, before he go up to the high place to eat: for the people will not eat till he come; because he blesseth the victim, and afterwards they eat that are invited. Now, therefore, go up, for to day you shall find him.	As soon as you come into the city, you shall immediately find him, before he go up to the high place to eat: for the people will not eat till he come: because he blesseth the victim, and afterwards they eat that are invited. Now therefore go up, for today you shall find him.
1Kings.9.16	To morrow about this same hour I will send thee a man of the land of Benjamin, and thou shalt anoint him to be ruler over my people Israel: and he shall save my people out of the hand of the Philistines: for I have looked down upon my people, because their cry is come to me.	Tomorrow about this same hour I will send thee a man of the land of Benjamin, and thou shalt anoint him to be ruler over my people Israel: and he shall save my people out of the hand of the Philistines: for I have looked down upon my people, because their cry is come to me.
1Kings.9.19	And Samuel answered Saul, saying: I am the seer; go up before me to the high place, that you may eat with me to day, and I will let thee go in the morning: and tell thee all that is in thy heart.	And Samuel answered Saul, saying: I am the seer, go up before me to the high place, that you may eat with me today, and I will let thee go in the morning: and tell thee all that is in thy heart.
1Kings.11.9	And they said to the messengers that came: Thus shall you say to the men of Jabes Galaad: To morrow, when the sun shall be hot, you shall have relief. The messengers therefore came, and told the men of Jabes, and they were glad.	And they said to the messengers that came: Thus shall you say to the men of Jabes Galaad: Tomorrow, when the sun shall be hot, you shall have relief. The messengers therefore came, and told the men of Jabes: and they were glad.
1Kings.12.2	And now the king goeth before you: but I am old and greyheaded: and my sons are with you: having then conversed with you from my youth until this day, behold here I am.	And now the king goeth before you: but I am old and greyheaded: and my sons are with you: having then conversed with you from my youth unto this day, behold here I am.
1Kings.12.17	Is it not wheat harvest to day? I will call upon the Lord, and he shall send thunder and rain: and you shall know, and see that you yourselves have done a great evil in the sight of the Lord, in desiring a king over you.	Is it not wheat harvest today? I will call upon the Lord, and he shall send thunder and rain: and you shall know and see that you yourselves have done a great evil in the sight of the Lord, in desiring a king over you.
1Kings.13.5	The Philistines also were assembled to fight against Israel, thirty thousand chariots, and six thousand horsemen, and a multitude of people besides, like the sand on the seashore for number. And going up they camped in Machmas, at the east of Bethaven.	The Philistines also were assembled to fight against Israel, thirty thousand chariots, and six thousand horsemen, and a multitude of people besides, like the sand on the sea shore for number. And going up they camped in Machmas at the east of Bethaven.
1Kings.13.8	And he waited seven days, according to the appointment of Samuel, and Samuel came not to Galgal, and the people slipt away from him.	And he waited seven days according to the appointment of Samuel, I and Samuel came not to Galgal, and the people slipt away from him.
1Kings.13.18	And another went by the way of Bethoron, and the third turned to the way of the border, above the valley of Seboim towards the desert.	And another went by the way of Beth-horon, and the third turned to the way of the border, above the valley of Seboim towards the desert.
1Kings.14.3	And Achias, the son of Achitob, brother of Ichabod the son of Phinees, the son of Heli, the priest of the Lord in Silo, wore the ephod. And the people knew not whither Jonathan was gone.	And Achias the son of Achitob brother to Ichabod the son of Phinees, the son of Heli the priest of the Lord in Silo, wore the ephod. And the people knew not whither Jonathan was gone.
1Kings.14.5	One rock stood out toward the north, over against Machmas, and the other to the south, over against Gabaa.	One rock stood out towards the north over against Machmas, and the other to the south over against Gabaa.
1Kings.14.15	And there was a miracle in the camp, in the fields: and all the people of their garrison, who had gone out to plunder, were amazed, and the earth trembled: and it happened as a miracle from God.	And there was a miracle in the camp, through the fields: yea and all the people of their garrison, who had gone out to plunder, were amazed, and the earth trembled: and it happened as a miracle from God.
1Kings.14.31	So they smote that day the Philistines, from Machmas to Aialon. And the people were wearied exceedingly.	So they smote that day the Philistines from Machmas to Ailon. And the people were wearied exceedingly.
1Kings.14.38	And Saul said: Bring hither all the corners of the people: and know, and see by whom this sin hath happened to day.	And Saul said: Bring hither all the corners of the people: and know, and see by whom this sin hath happened today.
1Kings.14.39	As the Lord liveth, who is the Saviour of Israel, if it was done by Jonathan, my son, he shall surely die. In this none of the people gainsayed him.	As the Lord liveth who is the saviour of Israel, if it was done by Jonathan my son, he shall surely die. In this none of the people gainsaid him.
1Kings.14.41	And Saul said to the Lord: O Lord God of Israel, give a sign, by which we may know, what the meaning is, that thou answerest not thy servant to day: If this iniquity be in me, or in my son Jonathan, give a proof: or if this iniquity be in thy people, give holiness. And Jonathan and Saul were taken, and the people escaped.	And Saul said to the Lord: O Lord God of Israel, give a sign, by which we may know, what the meaning is, that thou answerest not thy servant today. If this iniquity be in me, or in my son Jonathan, give a proof: or if this iniquity be in thy people, give holiness. And Jonathan and Saul were taken, and the people escaped.
1Kings.15.3	Now therefore go, and smite Amalec, and utterly destroy all that he hath: spare him not, nor covet anything that is his: but slay both man and woman, child and suckling, ox and sheep, camel and ass.	Now therefore go, and smite Amalec, and utterly destroy all that he hath: spare him not, nor covet any thing that is his: but slay both man and woman, child and suckling, ox and sheep, camel and ass.
1Kings.15.32	And Samuel said: Bring hither to me Agag, the king of Amalec. And Agag was presented to him very fat, and trembling. And Agag said: Doth bitter death separate in this manner?	And Samuel said: Bring hitherto me Agag the king of Amalec. And Agag was presented to him very fat, and trembling. And Agag said: Doth bitter death separate in this manner?
1Kings.16.16	Let our lord give orders, and thy servants who are before thee, will seek out a man skilful in playing on the harp, that when the evil spirit from the Lord is upon thee, he may play with his hand, and thou mayst bear it more easily.	Let our lord give orders, and thy servants who are before thee will seek out a man skillful in playing on the harp, that when the evil spirit from the Lord is upon thee, he may play with his hand, and thou mayest bear it more easily.
1Kings.16.18	And one of the servants answering, said: Behold I have seen a son of Isai, the Bethlehemite, a skilful player, and one of great strength, and a man fit for war, and prudent in his words, and a comely person: and the Lord is with him.	And one of the servants answering, said: Behold I have seen a son of Isai the Bethlehemite, a skillful player, and one of great strength, and a man fit for war, and prudent in his words, and a comely person: and the Lord is with him.
1Kings.17.32	And when he was brought to Saul, he said to him. Let not any man's heart be dismayed in him: I thy servant will go, and will fight against the Philistine.	And when he was brought to him, he said to him: Let not any man's heart be dismayed in him: I thy servant will go, and will fight against the Philistine.
1Kings.17.41	And the Philistine came on, and drew nigh against David, and his armourbearer went before him.	And the Philistine came on, and drew nigh against David, and his armourbearer before him.
1Kings.17.56	And the king said: Inquire thou, whose son this young man is.	And the king said: Inquire thou, whose son this man is.
1Kings.18.7	And the women sung as they played, and they said: Saul slew his thousands, and David his ten thousands.	And the women sung as they played, and they said: I Saul slew his thousands, and David his ten thousands.
1Kings.18.21	And Saul said: I will give her to him, that she may be a stumblingblock to him, and that the hand of the Philistines may be upon him. And Saul said to David: In two things thou shalt be my son in law this day.	And Saul said: I will give her to him, that she may be a stumblingblock to him, and that the band of the Philistines may be upon him. And Saul said to David: In two things thou shalt be my son in law this day.
1Kings.19.11	Saul therefore sent his guards to David's house to watch him, that he might be killed in the morning. And when Michol, David's wife, had told him this, saying: Unless thou save thyself this night, to morrow thou wilt die:	Saul therefore sent his guards to David's house to watch him, that he might be killed in the morning. And when Michol David's wife had told him this, saying: Unless thou save thyself this night, tomorrow thou wilt die,
1Kings.19.16	And when the messengers were come in, they found an image upon the bed, and a goat skin at his head.	And when the messengers were come in, they found an image upon the bed, and a goat's skin at its head.
1Kings.19.21	And when this was told Saul, he sent other messengers: but they also prophesied. And again Saul sent messengers the third time: and they prophesied also. And Saul being exceeding angry,	And when this was told Saul, he sent other messengers: but they also prophesied. And again Saul sent messengers the third time: and they prophesied also. And Saul being exceedingly angry,
1Kings.20.5	And David said to Jonathan: Behold to morrow is the new moon, and I, according to custom, am wont to sit beside the king to eat: let me go then that I may be hid in the field till the evening of the third day.	And David said to Jonathan: Behold tomorrow is the new moon, and I according to custom am wont to sit beside the king to eat: let me go then that I may be hid in the field till the evening of the third day.
1Kings.20.6	If thy father look and inquire for me, thou shalt answer him: David asked me that he might run to Bethlehem, his own city: because there are solemn sacrifices there for all of his tribe.	If thy father look and inquire for me, thou shalt answer him: David asked me that he might run to Bethlehem his own city: because there are solemn sacrifices there for all his tribe.
1Kings.20.12	Jonathan said to David: O Lord God of Israel, if I shall discover my father's mind, to morrow, or the day after, and there be any thing good for David, and I send not immediately to thee, and make it known to thee,	Jonathan said to David: O Lord God of Israel, if I shall discover my father's mind, tomorrow or the day after, and there be any thing good for David, and I send not immediately to thee, and make it known to thee,
1Kings.20.13	May the Lord do so and so to Jonathan, and add still more. But if my father shall continue in malice against thee, I will discover it to thy ear, and will send thee away, that thou mayst go in peace, and the Lord be with thee, as he hath been with my father.	May the Lord do so and so to Jonathan and add still more. But if my father shall continue in malice against thee, I will discover it to thy ear, and will send thee away, that thou mayest go in peace, and the Lord be with thee, as he hath been with my father.
1Kings.20.18	And Jonathan said to him: To morrow is the new moon, and thou wilt be missed:	And Jonathan said to him: Tomorrow is the new moon, and thou wilt be missed:
1Kings.20.19	For thy seat will be empty till after to morrow. So thou shalt go down quickly, and come to the place where thou must he hid, on the day when it is lawful to work, and thou shalt remain beside the stone, which is called Ezel.	For thy seat will be empty till after tomorrow. So thou shalt go down quickly, and come to the place, where thou must be hid on the day when it is lawful to work, and thou shalt remain beside the stone, which is called Ezel.
1Kings.20.23	And concerning the word which I and thou have spoken, the Lord be between thee and me forever.	And concerning the word which I and thou have spoken, the Lord be between thee and me for ever.
1Kings.20.27	And when the second day after the new moon was come, David's place appeared empty again. And Saul said to Jonathan, his son: Why cometh not the son of Isai to meat neither yesterday, nor to day?	And when the second day after the new moon was come, David's place appeared empty again. And Saul said to Jonathan his son: Why cometh not the son of Isai to meat neither yesterday nor today?
1Kings.20.41	And when the boy was gone, David rose out of his place, which was toward the south, and falling on his face to the ground, adored thrice: and kissing one another, they wept together; but David more.	And when the boy was gone, David rose out of his place, which was towards the south, and falling on his face to the ground, adored thrice: and kissing one another, they wept together, but David more.
1Kings.21.9	And the priest said: Lo, here is the sword of Goliath, the Philistine, whom thou slewest in the valley of Terebinth, wrapped up in a cloth behind the ephod: if thou wilt take this, take it, for here there is no other but this. And David said: There is none like that, give it me.	And the priest said: Lo, here is the sword of Goliath the Philistine whom thou slewest in the valley of Terebinth, wrapped up in a cloth behind the ephod: if thou wilt take this, take it, for here is no other but this. And David said: There is none like that, give it me.
1Kings.21.15	Have we need of mad men, that you have brought in this fellow, to play the madman in my presence? shall this fellow come into my house?	Have we need of madmen, that you have brought in this fellow, to play the madman in my presence? shall this fellow come into my house?
1Kings.22.7	He said to his servants that stood about him: Hear me now, ye sons of Jemini: will the son of Isai give every one of you fields, and vineyards, and make you all tribunes, and centurions:	He said to his servants that stood about him: Hear me now, ye sons of Jemini: will the son of Isai give everyone of you fields, and vineyards, and make you all tribunes, and centurions:
1Kings.22.8	That all of you have conspired against me, and there is no one to inform me, especially when even my son hath entered into league with the son of Isai? There is not one of you that pitieth my case, nor that giveth me any information: because my son hath raised up my servant against me, plotting against me to this day.	That all of you have conspired against me, and there is no one to inform me, especially when even my son hath entered into league with the soil of Isai? There is not one of you that pitieth my case, nor that giveth me any information: because my son hath raised up my servant against me, plotting against me to this day.
1Kings.22.15	Did I begin to day to consult the Lord for him? far be this from me: let not the king suspect such a thing against his servant, or any one in all my father's house: for thy servant knew nothing of this matter, either little or great.	Did I begin today to consult the Lord for him? far be this from me: let not the king suspect such a thing against his servant, or any one in all my father's house: for thy servant knew nothing of this matter, either little or great.
1Kings.22.19	And Nobe, the city of the priests, he smote with the edge of the sword, both men and women, children and sucklings, and ox, and ass, and sheep, with the edge of the sword.	And Nobe the city of the priests he smote with the edge of his sword, both men and women, children, and sucklings, and ox and ass, and sheep with the edge of the sword.
1Kings.23.3	And the men that were with David, said to him: Behold we are in fear here in Judea, how much more if we go to Ceila against the bands of the Philistines?	And the men that were with David, said to him: Behold we are in fear here in Judea, how much more if we go to Ceila against the hands of the Philistines?
1Kings.23.18	And they two made a covenant before the Lord: and David abode in the wood: but Jonathan returned to his house.	And the two made a covenant before the Lord: and David abode in the wood: but Jonathan returned to his house.
1Kings.23.23	Consider, and see all his lurking holes, wherein he is hid, and return to me with the certainty of the thing, that I may go with you. And if he should even go down into the earth to hide himself, I will search him out in all the thousands of Juda.	Consider and see all his lurking holes, wherein he is bid, and return to me with the certainty of the thing, that I may go with you. And if be should even go down into the earth to hide himself, I will search him out in all the thousands of Juda.
1Kings.24.5	And the servants of David said to him: Behold the day, of which the Lord said to thee: I will deliver thy enemy unto thee, that thou mayst do to him as it shall seem good in thy eyes. Then David arose, and secretly cut off the hem of Saul's robe.	And the servants of David said to him: Behold the day, of which the Lord said to thee: I will deliver thy enemy unto thee, that thou mayest do to him as it shall seem good in thy eyes. Then David arose, and secretly cut off the hem of Saul's robe.
1Kings.24.19	And thou hast shewed this day what good things thou hast done to me: how the Lord delivered me into thy hand, and thou hast not killed me.	And thou hast shewn this day what good things thou hast done to me: how the Lord delivered me into thy hand, and thou hast not killed me.
1Kings.25.7	I have heard that thy shepherds that were with us in the desert were shearing: we never molested them, neither was there ought missing to them of the flock at any time, all the while they were with us in Carmel.	I heard that thy shepherds that were with us in the desert were shearing: we never molested them, neither was there ought missing to them of the flock at any time, all the while they were with us in Carmel.
1Kings.25.10	But Nabal answering the servants of David, said: Who is David? and what is the son of Isai? servants are multiplied now days who flee from their masters.	But Nabal answering the servants of David, said: Who is David? and what is the son of Isai? servants are multiplied now a days who flee from their masters.
1Kings.25.21	And David said: Truly in vain have I kept all that belonged to this fellow in the wilderness, and nothing was lost of all that pertained unto him: and he hath returned me evil for good.	And David said: Truly in vain have I kept all that belonged to this man in the wilderness, and nothing was lost of all that pertained unto him: and he hath returned me evil for good.
1Kings.25.25	Let not my lord the king, I pray thee, regard this naughty man, Nabal: for according to his name, he is a fool, and folly is with him: but I, thy handmaid, did not see thy servants, my lord, whom thou sentest.	Let not my lord the king, I pray, regard this naughty man Nabal: for according to his name, he is a fool, and folly is with him: but I thy handmaid did not see thy servants, my lord, whom thou sentest.
1Kings.25.33	And blessed be thou, who hast kept me to day from coming to blood, and revenging me with my own hand.	And blessed be thou, who hast kept me today, from coming to blood, and revenging me with my own hand.
1Kings.25.35	And David received at her hand all that she had brought him, and said to her: Go in peace into thy house, behold I have heard thy voice, and honoured thy face.	And David received at her hand all that she had brought him, and said to her: Go in peace into thy house, behold I have heard thy voice, and have honoured thy face.
1Kings.25.44	But Saul gave Michol, his daughter, David's wife, to Phalti, the son of Lais, who was of Gallim.	But Saul gave Michol his daughter, David's wife, to Phalti, the son of Lais, who was of Gallium.
1Kings.26.15	And David said to Abner: Art not thou a man? and who is like unto thee in Israel? why then hast thou not kept thy lord the king? for there came one of the people in to kill the king thy lord.	And David said to Abner: Art not thou a man? and who is like thee in Israel? why then hast thou not kept thy lord the king? for there came one of the people in to kill the king thy lord.
1Kings.27.10	And Achis said to him: Whom hast thou gone against to day? David answered: Against the south of Juda, and against the south of Jerameel, and against the south of Ceni.	And Achis said to him: Whom hast thou gone against today? David answered: Against the south of Juda, and against the south of Jerameel, and against the south of Ceni.
1Kings.28.4	And the Philistines were gathered together, and came and encamped in Sunam: and Saul also gathered together all Israel, and came to Gelboe.	And the Philistines were gathered together, and came and camped in Sunam: and Saul also gathered together all Israel, and came to Gelboe.
1Kings.28.7	And Saul said to his servants: Seek me a woman that hath a divining spirit, and I will go to her, and enquire by her. And his servants said to him: There is a woman that hath a divining spirit at Endor.	And Saul said to his servants: Seek me a woman that hath a divining spirit, and I will go to her, and inquire by her. And his servants said to him: There is a woman that hath a divining spirit at Endor.
1Kings.28.15	And Samuel said to Saul: Why hast thou disturbed my rest, that I should be brought up? And Saul said: I am in great distress: for the Philistines fight against me, and God is departed from me, and would not hear me, neither by the hand of prophets, nor by dreams: therefore I have called thee, that thou mayst shew me what I shall do.	And Samuel said to Saul: Why hast thou disturbed my rest, that I should be brought up? And Saul said, I am in great distress: for the Philistines fight against me, and God is departed from me, and would not hear me, neither by the hand of prophets, nor by dreams: therefore I have called thee, that thou mayest shew me what I shall do.
1Kings.28.19	And the Lord also will deliver Israel with thee into the hands of the Philistines: and to morrow thou and thy sons shall be with me: and the Lord will also deliver the army of Israel into the hands of the Philistines.	And the Lord also will deliver Israel with thee into the hands of the Philistines: and tomorrow thou and thy sons shall be with me: and the Lord will also deliver the army of Israel into the hands of the Philistines.
1Kings.28.22	Now therefore, I pray thee, hearken thou also to the voice of thy handmaid, and let me set before thee a morsel of bread, that thou mayst eat and recover strength, and be able to go on thy journey.	Now therefore hear thou also the voice of thy handmaid, and let me set before thee a morsel of bread, that thou mayest eat and recover strength, and be able to go on thy journey.
1Kings.29.1	Now all the troops of the Philistines were gathered together to Aphec: and Israel also encamped by the fountain, which is in Jezrahel.	Now all the troops of the Philistines were gathered together to Aphec: and Israel also camped by the fountain which is in Jezrahel.
1Kings.29.6	Then Achis called David, and said to him: As the Lord liveth, thou art upright and good in my sight: and so is thy going out, and thy coming in with me in the army: and I have not found any evil in thee, since the day that thou camest to me unto this day: but thou pleasest not the lords.	Then Achis called David, and said to him: As the Lord liveth, thou art upright and good in my sight: and so is thy going out, and thy coming in with me in the army: and I have not found my evil in thee, since the day that thou camest to me unto this day: but thou pleasest not the lords.
1Kings.29.8	And David said to Achis: But what have I done, or what hast thou found in me thy servant, from the day that I have been in thy sight until this day, that I may not go and fight against the enemies of my lord the king?	And David said to Achis: But what have I done, and what hast thou found in me thy servant, from the day that I have been in thy sight until this day, that I may not go and fight against the enemies of my lord the king?
1Kings.30.16	And when he had brought him, behold they were lying spread abroad upon all the ground, eating and drinking, and as it were keeping a festival day, for all the prey and the spoils which they had taken out of the land of the Philistines, and out of the land of Juda.	And when he had brought him, behold they were lying spread upon all the ground, eating and drinking, and as it were keeping a festival day, for all the prey, and the spoils which they had taken out of the land of the Philistines, and out of the land of Juda.
2Kings.1.13	And David said to the young man that told him: Whence art thou? He answered: I am the son of a stranger of Amalec.	And David said to the young man that told him: Whence art thou? He answered: I am the son of a stranger of Amalee.
2Kings.3.38	The king also said to his servants: Do you not know that a prince and a great man is slain this day in Israel?	The king also said to his servants: Do you not know that a prince and great man is slain this day in Israel?
2Kings.5.3	The ancients also of Israel came to the king of Hebron, and king David made a league with them in Hebron before the Lord: and they anointed David to be king over Israel.	The ancients also of Israel came to the king to Hebron, and king David made a league with them in Hebron before the Lord: and they anointed David to be king over Israel.
2Kings.5.22	And the Philistines came up again and spread themselves into the valley of Raphaim.	And the Philistines came up again and spread themselves in the valley of Raphaim.
2Kings.6.19	And he distributed to all the multitude of Israel, both men and women, to every one, a cake of bread, and a piece of roasted beef, and fine flour fried with oil: and all the people departed every one to his own house.	And he distributed to all the multitude of Israel both men and women, to every one, a cake of bread, and a piece of roasted beef, and fine flour fried with oil: and all the people departed every one to his house.
2Kings.6.20	And David returned to bless his own house: and Michol the daughter of Saul coming out to meet David, said: How glorious was the king of Israel to day, uncovering himself before the handmaids of his servants, and was naked, as if one of the buffoons should be naked.	And David returned to bless his own house: and Michol the daughter of Saul coming out to meet David, said: How glorious was the king of Israel today, uncovering himself before the handmaids of his servants, and was naked, as if one of the buffoons should be naked.
2Kings.6.22	I will both play and make myself meaner than I have done: and I will be little in my own eyes: and with the handmaids of whom thou speakest, I shall appear more glorious.	I will both play and make myself meaner than I have done: and I will be little in my own eyes: and with the handmaid of whom thou speakest, I shall appear more glorious.
2Kings.7.21	For thy word's sake, and according to thy own heart thou has done all these great things, so that thou wouldst make it known to thy servant.	For thy word's sake, and according to thy own heart thou hast done all these great things, so that thou wouldst make it known to thy servant.
2Kings.9.12	And Miphiboseth had a young son whose name was Micha: and all that kindred of the house of Siba served Miphiboseth.	And Miphiboseth had a young son whose name was Micha: and all the kindred of the house of Siba served Miphiboseth.
2Kings.10.6	And the children of Ammon seeing that they had done an injury to David, sent and hired the Syrians of Rohob, and the Syrians of Soba, twenty thousand footmen, and of the king of Maacha a thousand men, and of Istob twelve thousand men.	And the children of Ammon seeing that they had done an injury to David, Bent and hired the Syrians of Rohob, and the Syrians of Soba, twenty thousand footmen, and of the king of Maacha a thousand men, and of Istob twelve thousand men.
2Kings.11.12	Then David said to Urias: Tarry here to day, and to morrow I will send thee away. Urias tarried in Jerusalem that day and the next.	Then David said to Urias: Tarry here today, and tomorrow I will send thee away. Urias tarried in Jerusalem that day and the next.
2Kings.13.18	And she was clothed with a long robe: for the king's daughters that were virgins, used such kind of garments. Then his servant thrust her out: and shut the door after her.	And she was clothed with along robe: for the king's daughters that were virgins, used such kind of garments. Then his servant thrust her out: and shut the door after her.
2Kings.14.12	Then the woman said: Let thy hand maid speak one word to my lord the king. And he said: Speak.	Then the woman said: Let thy handmaid speak one word to my lord the king. And he said: Speak.
2Kings.15.2	And Absalom rising up early stood by the entrance of the gate, and when any man had business to come to the king's judgment, Absalom called him to him, and said: Of what city art thou? He answered, and said: Thy servant is of such tribe of Israel.	And Absalom rising up early stood by the entrance of the gate, and when any man had business to come to the king's judgment, Absalom called him to him, and said: Of what city art thou? He answered, and said: Thy servant is of such a tribe of Israel.
2Kings.15.20	Yesterday thou camest, and to day shalt thou be forced to go forth with us? but I shall go whither I am going: return thou, and take back thy brethren with thee, and the Lord will shew thee mercy, and truth, because thou hast shewn grace and fidelity.	Yesterday thou camest, and today shalt thou be forced to go forth with us? but I shall go whither I am going: return thou, and take back thy brethren with thee, and the Lord will shew thee mercy, and truth, because thou hast shewn grace and fidelity.
2Kings.16.3	And the king said: Where is thy master's son? And Siba answered the king: He remained in Jerusalem, saying: To day, will the house of Israel restore me the kingdom of my father.	And the king said: Where is thy master's son? And Siba answered the king: He remained in Jerusalem, saying: Today will the house of Israel restore me the kingdom of my father.
2Kings.18.11	And Joab said to the man that told him: If thou sawest him, why didst thou not stab him to the ground, and I would have given thee ten sicles of silver, and a belt?	And Joab said to the man that told him: If thou sawest him, why didst thou not stab him to the ground, and I would have given thee ten sicles of silver, and belt?
2Kings.18.14	And Joab said: Not as thou wilt, but I will set upon him in thy sight. So he took three lances in his hand, and thrust them into the heart of Absalom: and whilst he yet panted for life, sticking on the oak,	And Joab said: Not as thou wilt, but will set upon him in thy sight. So he took three lances in his hand, and thrust them into the heart of Absalom: and whilst he yet panted for life, sticking on the oak,
2Kings.19.14	And he inclined the heart of all the men of Juda, as it were of one man: and they sent to the king, saying: Return thou, and all thy servants.	And be inclined the heart of all the men of Juda, as it were of one man: and they sent to the king, saying: Return thou, and all thy servants.
2Kings.19.30	And Miphiboseth answered the king: Yea, let him take all, forasmuch as my lord the king is returned peaceably into his house.	And Miphiboseth answered the king: Yea, let him take all, for as much as my lord the king is returned peaceably into his house.
2Kings.20.3	And when the king was come into his house at Jerusalem, he took the ten women his concubines, whom he had left to keep the house, and put them inward, allowing them provisions: and he went not in unto them, but they were shut up unto the day of their death living in widowhood.	And when the king was come into his house at Jerusalem, he took the ten women his concubines, whom he had left to keep the house, and put them in ward, allowing them provisions: and he went not in unto them, but they were shut up unto the day of their death living in widowhood.
2Kings.21.2	Then the king, calling for the Gabaonites, said to them: (Now the Gabaonites were not of the children of Israel, but the remains of the Amorrhites: and the children of Israel had sworn to them, and Saul sought to slay them out of zeal, as it were for the children of Israel and Juda:)	Then the king, calling for the Gabaonites, said to them: (Now the Gabaonites were not of the children of Israel, but the remains of the Amorrhites: I and the children of Israel had sworn to them, and Saul sought to slay them out of zeal, as it were for the children of Israel and Juda:)
2Kings.22.28	And the poor people thou wilt save: and with thy eyes thou shalt humble the haughty.	And the poor people thou wilt save: and with thy eyes thou wilt humble the haughty.
2Kings.22.35	He teacheth my hands to war: and maketh my arms like a bow of brass.	He teacheth my bands to war: and maketh my arms like a bow of brass.
3Kings.1.4	And the damsel was exceedingly beautiful, and she slept with the king, and served him, but the king did not know her.	And the damsel was exceeding beautiful, and she slept with the king: and served him, but the king did not know her.
3Kings.1.21	Otherwise it shall come to pass, when my lord the king sleepeth with his fathers, that I, and my son, Solomon, shall be accounted offenders.	Otherwise it shall come to pass, when my lord the king sleepeth with his fathers, that I and my son Solomon shall be counted offenders.
3Kings.1.25	Because he is gone down to day, and hath killed oxen, and fatlings, and many rams, and invited all the king's sons, and the captains of the army, and Abiathar the priest: and they are eating and drinking before him, and saying: God save king Adonias:	Because he is gone down today, and hath killed oxen, and fatlings, and many rams, and invited all the king's sons, and the captains of the army, and Abiathar the priest: and they are eating and drinking before him, and saying: God save king Adonias:
3Kings.1.44	And hath sent with him Sadoc, the priest, and Nathan, the prophet, and Banaias, the son of Joiada, and the Cerethi, and the Phelethi, and they have set him upon the king's mule:	And hath sent with him Sadoc the priest, and Nathan the prophet, and Banaias the son of Joiada, and the Cerethi, and Phelethi, and they have set him upon the king's mule.
3Kings.1.50	And Adonias fearing Solomon, arose and went, and took hold of the horn of the altar.	And Adonias fearing Solomon, arose, and went, and took hold on the horn of the altar.
3Kings.2.3	And keep the charge of the Lord thy God, to walk in his ways, and observe his ceremonies, and his precepts, and judgments, and testimonies, as it is written in the law of Moses: that thou mayst understand all thou dost, and whithersoever thou shalt turn thyself:	And keep the charge of the Lord thy God, to walk in his ways, and observe his ceremonies, and his precepts, and judgments, and testimonies, as it is written in the law of Moses: that thou mayest understand all thou dost, and whithersoever thou shalt turn thyself:
3Kings.2.8	Thou hast also with thee Semei, the son of Gera, the son of Jemini, of Bahurim, who cursed me with a grievous curse, when I went to the camp: but because he came down to meet me when I passed over the Jordan, and I swore to him by the Lord, saying: I will not kill thee with the sword:	Thou hast also with thee Semei the son of Gera the son of Jemini of Bahurim, who cursed me with a grievous curse, when I went to the camp: but because he came down to meet me when I passed over the Jordan, and I swore to him by the Lord, saying: I will not kill thee with a sword:
3Kings.2.9	Do not thou hold him guiltless. But thou art a wise man, and knowest what to do with him, and thou shalt bring down his grey hairs with blood to the grave.	Do not thou hold him guiltless. But thou art a wise man, and knowest what to do with him, and thou shalt bring down his grey hairs with blood to hell.
3Kings.2.13	And Adonias, the son of Haggith, came to Bethsabee the mother of Solomon. And she said to him: Is thy coming peaceable? He answered: It is peaceable.	And Adonias the son of Haggith came to Bethsabee the mother of Solomon. And she said to him: Is thy coming peaceable? he answered: Peaceable.
3Kings.2.27	So Solomon cast out Abiathar from being the priest of the Lord, that the word of the Lord might be fulfilled, which he spoke concerning the house of Heli in Silo.	So Solomon cast out Abiathar, from being the priest of the Lord, that the word of the Lord might be fulfilled, which he spoke concerning the house of Deli in Silo.
3Kings.2.28	And the news came to Joab, because Joab had turned after Adonias, and had not turned after Solomon: and Joab fled into the tabernacle of the Lord, and took hold on the horn of the altar.	And the news came to Joab, because Joab had turned after Adonias, and had not turned after Solomon: and Joab fled into the tabernacle of the Lord and laid hold on the horn of the altar.
3Kings.2.33	And their blood shall return upon the head of Joab, and upon the head of his seed for ever. But to David and his seed, and his house, and to his throne, be peace for ever from the Lord.	And their blood shall return the head of Joab, and upon the head of his seed for ever. But to David and his seed and his house, and to his throne be peace for ever from the Lord.
3Kings.2.36	The king also sent, and called for Semei, and said to him: Build thee a house in Jerusalem, and dwell there: and go not out from thence any where.	The king also sent, and called for Semei, and said to him: Build thee a house in Jerusalem, and dwell there: and go not out from thence any whither.
3Kings.2.42	And sending he called for him, and said to him: Did I not protest to thee by the Lord, and tell thee before: On what day soever thou shalt go out and walk abroad any where, know that thou shalt die? And thou answeredst me: The word that I have heard is good.	And sending he called for him, and said to him: Did I not protest to thee by the Lord, and tell thee before: On what day soever thou shalt go out and walk abroad any whither, know that thou shalt die? And thou answeredst me: The word that I have heard is good.
3Kings.3.11	And the Lord said to Solomon: Because thou hast asked this thing, and hast not asked for thyself long life nor riches, nor the lives of thy enemies, but hast asked for thyself wisdom to discern judgment;	And the Lord said to Solomon: Because thou hast asked this thing, and hast not asked for thyself long life or riches, nor the lives of thy enemies, but hast asked for thyself wisdom to discern judgment,
3Kings.3.12	Behold I have done for thee according to thy words, and have given thee a wise and understanding heart, in so much that there hath been no one like thee before thee, nor shall arise after thee.	Behold I have done for thee according to thy words, and have given thee a wise and understanding heart, insomuch that there hath been no one like thee before thee, nor shall arise after thee.
3Kings.3.13	Yea, and the things also which thou didst not ask, I have given thee; to wit, riches and glory: so that no one hath been like thee among the kings in all days heretofore.	Yea and the things also which thou didst not ask, I have given thee: to wit riches and glory, as that no one hath been like thee among the kings in all days heretofore.
3Kings.3.18	And the third day after I was delivered, she also was delivered; and we were together, and no other person with us in the house; only we two.	And the third day, after that I was delivered, she also was delivered, and we were together, and no other person with us in the house, only we two.
3Kings.3.21	And when I arose in the morning, to give my child suck, behold it was dead: but considering him more diligently, when it was clear day, I found that it was not mine which I bore.	And when I rose in the morning to give my child suck, behold it was dead: but considering him more diligently when it was clear day, I found that it was not mine which I bore.
3Kings.4.7	And Solomon had twelve governors over all Israel, who provided victuals for the king and for his house hold: for every one provided necessaries, each man his month in the year.	And Solomon had twelve governors over all Israel, who provided victuals for the king and for his household: for every one provided necessaries, each man his month in the year.
3Kings.4.13	Bengaber, in Ramoth Galaad: he had the town of Jair, the son of Manasses, in Galaad: he was chief in all the country of Argob, which is in Basan, threescore great cities with walls, and brazen bolts.	Bengaber in Ramoth Galaad: he had the towns of Jair the son of Manasses in Galaad, he was chief in all the country of Argob, which is in Basan, threescore great cities with walls, and brazen bolts.
3Kings.4.14	Ahinadab, the son of Addo, was chief in Manaim.	Abinadab the son of Addo was chief in Manaim.
3Kings.4.15	Achimaas, in Nephthali: he also had Basemath, the daughter of Solomon, to wife.	Achimaas in Nephtali: he also had Basemath the daughter of Solomon to wife.
3Kings.5.9	My servants shall bring them down from Libanus to the sea: and I will put them together in floats, on the sea, and convey them to the place, which thou shalt signify to me, and will land them there, and thou shalt receive them: and thou shalt allow me necessaries to furnish food for my household.	My servants shall bring them down from Libanus to the sea: and I will put them together in floats in the sea, and convey them to the place, which thou shalt signify to me; and will land them there, and thou shalt receive them: and thou shalt allow me necessaries, to furnish food for my household.
3Kings.6.5	And upon the wall of the temple, he built floors round about, in the walls of the house, round about the temple and the oracle, and he made chambers in the sides round about.	And upon the wall of the temple he built floors round about, in the walls of the house round about the temple and the oracle, and he made sides round about.
3Kings.6.6	The floor that was underneath was five cubits in breadth, and the middle floor was six cubits in breadth, and the third floor was seven cubits in breadth. And he put beams in the house round about on the outside, that they might not be fastened in the walls of the temple.	The floor that was underneath, was five cubits in breadth, and the middle floor was six cubits in breadth, and the third door was seven cubits in breadth. And he put beams in the house round about on the outside, that they might not be fastened in the walls of the temple.
3Kings.6.12	As for this house, which thou art building, if thou wilt walk in my statutes, and execute my judgments, and keep all my commandments, walking in them, I will fulfil my word to thee, which I spoke to David thy father.	This house, which thou buildest, if thou wilt walk in my statutes, and execute my judgments, and keep all my commandments, walking in them, I will fulfill my word to thee which I spoke to David thy father.
3Kings.6.13	And I will dwell in the midst of the children of Israel, and I will not forsake my people Israel.	And I will dwell in the midst of the children of Israel, and will not forsake my people Israel.
3Kings.6.15	And he built the walls of the house on the inside, with boards of cedar, from the floor of the house to the top of the walls, and to the roofs, he covered it with boards of cedar on the inside: and he covered the floor of the house with planks of fir.	And he built the walls of the house on the inside, with boards of cedar, from the floor of the house to the top of the walls, and to the roots, he covered it with boards of cedar on the inside: and he covered the floor of the house with planks of fir.
3Kings.6.20	Now the oracle was twenty cubits in length, and twenty cubits in breadth, and twenty cubits in height. And he covered it, and overlaid it with most pure gold. And the altar also he covered with cedar.	Now the oracle was twenty cubits in length, and twenty cubits in breadth, and twenty cubits in height. And he covered and overlaid it with most pure gold. And the altar also he covered with cedar.
3Kings.7.11	And above there were costly stones of equal measure hewed, and in like manner planks of cedar.	And above there were costly stones, or equal measure, hewed; and, in like manner, planks of cedar:
3Kings.7.12	And the great court was made round with three rows of hewed stones, and one row of planks of cedar, which also was observed in the inner court of the house of the Lord, and in the porch of the house.	And the greater court was made round with three rows of hewed stones, and one row of planks of cedar, moreover also in the inner court of the house of the Lord, and in the porch of the house.
3Kings.7.14	The son of a widow woman, of the tribe of Nephthali, whose father was a Tyrian, an artificer in brass, and full of wisdom, and understanding, and skill to work all work in brass. And when he was come to king Solomon, he wrought all his work.	The son of a widow woman of the tribe of Nephtali, whose father was a Tyrian, an artificer in brass, and full of wisdom, and understanding, and skill to work all work in brass. And when he was come to king Solomon, he wrought all his work.
3Kings.7.20	And again there were other chapiters on the top of the pillars above, according to the measure of the pillar over against the network: and of pomegranates there were two hundred, in rows round about the other chapiter.	And again other chapiters in the top of the pillars above, according to the measure of the pillar over against the network: and of pomegranates there were two hundred in rows round about the other chapiter.
3Kings.7.26	And the laver was a hand breadth thick: and the brim thereof was like the brim of a cup, or the leaf of a crisped lily: it contained two thousand bates.	And the laver was a handbreadth thick: and the brim thereof was like the brim of a cup, or the leaf of a crisped lily: it contained two thousand bates.
3Kings.7.33	And they were such wheels as are used to be made in a chariot: and their axletrees, and spokes, and strakes, and naves, were all cast.	And they were such wheels as are used to be made in a chariot: and their axletrees, and spokes, and strakes, and naves, were all east.
3Kings.7.35	And on the top of the base, there was a round compass of half a cubit, so wrought that the laver might be set thereon, having its gravings, and divers sculptures of itself.	And in the top of the base there was a round compass of half a cubit, so wrought that the laver might be set thereon, having its gravings, and divers sculptures of itself.
3Kings.7.40	And Hiram made cauldrons, and shovels, and basins, and finished all the work of king Solomon in the temple of the Lord.	And Hiram made caldrons, and shovels, and basins, and finished all the work of king Solomon in the temple of the Lord.
3Kings.7.45	And the cauldrons, and the shovels, and the basins. All the vessels that Hiram made for king Solomon, for the house of the Lord, were of fine brass.	And the caldrons, and the shovels, and the basins. All the vessels that Hiram made for king Solomon for the house of the Lord, were of fine brass.
3Kings.7.47	And Solomon placed all the vessels: but for its exceeding great multitude the brass could not be weighed.	And Solomon placed all the vessels: but for exceeding great multitude the brass could not be weighed.
3Kings.8.23	And said: Lord God of Israel, there is no God like thee, in heaven above, or on the earth beneath: who keepest covenant and mercy with thy servants, that have walked before thee with all their heart:	And said: Lord God of Israel, there is no God like thee in heaven above, or on earth beneath: who keepest covenant and mercy with thy servants that have walked before thee with all their heart.
3Kings.8.29	That thy eyes may be open upon this house, night and day: upon the house of which thou hast said: My name shall be there: that thou mayst hearken to the prayer which thy servant prayeth, in this place to thee:	That thy eyes may be open upon this house night and day: upon the house of which thou hast said: My name shall be there: that thou mayest hearken to the prayer, which thy servant prayeth in this place to thee.
3Kings.8.30	That thou mayst hearken to the supplication of thy servant, and of thy people Israel, whatsoever they shall pray for in this place, and hear them in the place of thy dwelling in heaven; and when thou hearest, shew them mercy.	That thou mayest hearken to the supplication of thy servant and of thy people Israel, whatsoever they shall pray for in this place, and hear them in the place of thy dwelling in heaven; and when thou hearest, shew them mercy.
3Kings.8.41	Moreover also the stranger, who is not of thy people Israel, when he shall come out of a far country for thy name's sake, (for they shall hear every where of thy great name, and thy mighty hand,	Moreover also the stranger, who is not of thy people Israel, when he shall come out of a far country for thy name's sake, (for they shall hear everywhere of thy great name and thy mighty hand,
3Kings.8.48	And return to thee with all their heart, and all their soul, in the land of their enemies, to which they have been led captives: and pray to thee towards the way of their land, which thou gavest to their fathers, and of the city which thou hast chosen, and of the temple which I have built to thy name:	And return to thee with all their heart, and all their soul, in the land of their enemies, to which they had been led captives: and pray to thee towards the way of their land, which thou gavest to their fathers, and of the city which thou hast chosen, and of the temple which I have built to thy name:
3Kings.8.53	For thou hast separated them to thyself for an inheritance, from amongst all the people of the earth, as thou hast spoken by Moses, thy servant, when thou broughtest our fathers out of Egypt, O Lord God.	For thou hast separated them to thyself for an inheritance from among all the people of the earth, as thou hast spoken by Moses thy servant, when thou broughtest our fathers out of Egypt, O Lord God.
3Kings.8.63	And Solomon slew victims of peace offerings, which he sacrificed to the Lord, two and twenty thousand oxen, and a hundred and twenty thousand sheep so the king, and all the children of Israel, dedicated the temple of the Lord.	And Solomon slew victims of peace offerings, which he sacrificed to the Lord, two and twenty thousand oxen, and hundred and twenty thousand sheep: so the king, and the children of Israel dedicated the temple of the Lord.
3Kings.8.64	In that day the king sanctified the middle of the court, that was before the house of the Lord for there he offered the holocaust, and sacrifice, and the fat of the peace offerings: because the brazen altar that was before the Lord, was too little to receive the holocaust, and sacrifice, and the fat of the peace offerings.	In that day the king sanctified the middle of the court that was before the house of the Lord: for there he offered the holocaust, and sacrifice, and fat of the peace offerings: because the brazen altar that was before the Lord, was too little to receive the holocaust, and sacrifice, and fat of the peace offerings.
3Kings.9.22	But of the children of Israel, Solomon made not any to be bondmen, but they were warriors, and his servants, and his princes, and captains, and overseers of the chariots and horses.	But of the children of Israel Solomon made not any to be bondmen, but they were men of war, and his servants, and his princes, and captains, and overseers of the chariots and horses.
3Kings.10.13	And king Solomon gave the queen of Saba all that she desired, and asked of him: besides what he offered her of himself of his royal bounty. And she returned, and went to her own country, with her servants.	And king Solomon gave the queen of Saba all that she desired, and asked of him: besides what he offered he himself of his royal bounty. And she returned, and went to her own country with her servants.
3Kings.10.26	And Solomon gathered together chariots and horsemen, and he had a thousand four hundred chariots, and twelve thousand horsemen: and he bestowed them in fenced cities, and with the king in Jerusalem.	And Solomon gathered together chariots and horsemen, and he had a thousand four hundred chariots, and twelve thousand horseman: and he bestowed them in fenced cities, and with the king in Jerusalem.
3Kings.10.28	And horses were brought for Solomon out of Egypt, and Coa: for the king's merchants bought them out of Coa, and brought them at a set price.	And horses were brought for Solomon out of Egypt, and Coa: for the king's merchants brought them out of Coa, and bought them at a set price.
3Kings.11.2	Of the nations concerning which the Lord said to the children of Israel: You shall not go in unto them, neither shall any of them come into yours: for they will most certainly turn away your hearts to follow their gods. And to these was Solomon joined with a most ardent love.	Of the nations concerning which the Lord said to the children of Israel: You shall not go in unto them, neither shall any of them come in to yours: for they will most certainly turn away your heart to follow their gods. And to these was Solomon joined with a most ardent love.
3Kings.12.7	They said to him: If thou wilt yield to this people to day, and condescend to them, and grant their petition, and wilt speak gentle words to them, they will be thy servants always.	They said to him: If thou wilt yield to this people today, and condescend to them, and grant their petition, and wilt speak gentle words to them, they will be thy servants always.
3Kings.12.33	And he went up to the altar, which he had built in Bethel, on the fifteenth day of the eighth month, which he had devised of his own heart: and he ordained a feast to the children of Israel, and went up on the altar to burn incense.	And he went up to the altar, which he had built in Bethel, on the fifteenth day of the eighth month, which he had devised of his own heart: and he ordained a feast to the children of Israel, and went upon the altar to burn incense.
3Kings.13.13	And he said to his sons: Saddle me the ass. And when they had saddled it, he got up,	And he said to his sons: Saddle me the ass. And when they had saddled him, he got up,
3Kings.13.14	And went after the man of God, and found him sitting under a turpentine tree: and he said to him: Art thou the man of God who camest from Juda? He answered: I am.	And went after the man of God, and found him sitting under a turpentine tree: and he said to him: Art thou the man of God that camest from Juda? He answered: I am.
3Kings.13.16	But he said: I must not return, nor go with thee, neither will I eat bread, or drink water in this place:	But he said: I must not return, nor go with thee, neither will I eat bread, nor drink water in this place:
3Kings.14.7	Go, and tell Jeroboam: Thus saith the Lord, the God of Israel: For as much as I exalted thee from among the people, and made thee prince over my people Israel;	Go, and tell Jeroboam: Thus saith the Lord the God of Israel: Forasmuch as I exalted thee from among the people, and made thee prince over my people Israel:
3Kings.14.29	Now the rest of the acts of Roboam, and all that he did, behold they are written in the book of the words of the days of the kings of Juda.	Now the rest of the sets of Roboam, and all that he did, behold they are written in the book of the words of the days of the kings of Juda.
3Kings.15.12	And he took away the effeminate out of the land, and removed all the filth of the idols, which his fathers had made.	And he took away the effeminate out of the land, and he removed all the filth of the idols, which his fathers had made.
3Kings.15.20	Benadad, hearkening to king Asa, sent the captains of his army against the cities of Israel, and they smote Ahion, and Dan, and Abeldomum Maacha, and all Cenneroth; that is all the land of Nephthali.	Benadad hearkening to king Asa, sent the captains of his army against the cities of Israel, and they smote Ahion, and Dan, and Abeldomum Maacha, and all Cenneroth, that is all the land of Nephtali.
3Kings.15.22	But king Asa sent word into all Juda, saying: Let no man be excused: and they took away the stones from Rama, and the timber thereof, wherewith Baasa had been building, and with them king Asa built Gabaa of Benjamin, and Maspha.	But king Asa sent word into all Juda, saying: Let no man be excused: and they took away the stones from Rama, and the timber thereof wherewith Baasa had been building, and with them Asa built Gabaa of Benjamin, and Maspha.
3Kings.16.2	For as much as I have exalted thee out of the dust and made thee prince over my people Israel, and thou hast walked in the way of Jeroboam, and hast made my people Israel to sin, to provoke me to anger with their sins:	Forasmuch as I have exalted thee out of the dust, and made thee prince over my people Israel, and thou hast walked in the way of Jeroboam, and hast made my people Israel to sin, to provoke me to anger with their sins:
3Kings.17.12	And she answered: As the Lord thy God liveth, I have no bread, but only a handful of meal in a pot, and a little oil in a cruise: behold I am gathering two sticks, that I may go in and dress it, for me and my son, that we may eat it and die.	And she answered: As the Lord thy God liveth, I have no bread, but only a handful of meal in a pot, and a little oil in a cruse: behold I am gathering two sticks that I may go in and dress it, for me and my son, that we may eat it, and die.
3Kings.17.14	For thus saith the Lord, the God of Israel: The pot of meal shall not waste, nor the cruise of oil be diminished, until the day wherein the Lord will give rain upon the face of the earth.	For thus saith the Lord the God of Israel: The pot of meal shall not waste, nor the cruse of oil be diminished, until the day wherein the Lord will give rain upon the face of the earth.
3Kings.17.16	The pot of meal wasted not, and the cruise of oil was not diminished according to the word of the Lord, which he spoke in the hand of Elias.	The pot of meal wasted not, and the cruse of oil was not diminished, according to the word of the Lord, which he spoke in the hand of Elias.
3Kings.18.26	And they took the bullock, which he gave them, and dressed it: and they called on the name of Baal from morning even until noon, saying: O Baal, hear us. But there was no voice, nor any that answered: and they leaped over the altar that they had made.	And they took the bullock which he gave them, and dressed it: and they called on the name of Baal from morning even till noon, saying: O Baal, hear us. But there was no voice, nor any that answered: and they leaped over the altar that they had made.
3Kings.18.43	And he said to his servant: Go up, and look towards the sea. And he went up, and looked, and said: There is nothing. And again he said to him: Return seven times.	And he said to his servant: Go up, and look toward the sea. And he went up, and looked, and said: There is nothing. And again he said to him: Return seven times.
3Kings.19.2	And Jezabel sent a messenger to Elias, saying: Such and such things may the gods do to me, and add still more, if by this hour to morrow I make not thy life as the life of one of them.	And Jezabel sent a messenger to Elias, saying: Such and such things may the gods do to me, and add still more, if by this hour tomorrow I make not thy life as the life of one of them.
3Kings.19.11	And he said to him: Go forth, and stand upon the mount before the Lord: and behold the Lord passeth, and a great and strong wind before the Lord, overthrowing the mountains, and breaking the rocks in pieces: but the Lord is not in the wind. And after the wind, an earthquake: but the Lord is not in the earthquake.	And he said to him: Go forth, and stand upon the mount before the Lord: and behold the Lord passeth, and a great and strong wind before the Lord over throwing the mountains, and breaking the rocks in pieces: the Lord is not in the wind, and after the wind an earthquake: the Lord is not in the earthquake.
3Kings.19.12	And after the earthquake, a fire: but the Lord is not in the fire. And after the fire, a whistling of a gentle air.	And after the earthquake a fire: the Lord is not in the fire, and after the fire a whistling of a gentle air.
3Kings.20.6	To morrow, therefore, at this same hour, I will send my servants to thee, and they shall search thy house, and the houses of thy servants: and all that pleaseth them, they shall put in their hands, and take away.	Tomorrow therefore at this same hour I will send my servants to thee, and they shall search thy house, and the houses of thy servants: and all that pleaseth them, they shall put in their hands, and take away.
3Kings.20.13	And behold a prophet coming to Achab, king of Israel, said to him: Thus saith the Lord: Hast thou seen all this exceeding great multitude? behold I will deliver them into thy hand this day: that thou mayst know that I am the Lord.	And behold a prophet coming to Achab king of Israel, said to him: Thus saith the Lord: Hast thou seen all this exceeding great multitude, behold I will deliver them into thy hand this day: that thou mayest know that I am the Lord.
3Kings.20.31	And his servants said to him: Behold, we have heard that the kings of the house of Israel are merciful; so let us put sackcloths on our loins, and ropes on our heads, and go out to the king of Israel: perhaps he will save our lives.	And his servants said to him: Behold, we have heard that the kings of the house of Israel are merciful: so let us put sackcloth on our loins, and ropes on our heads, and go out to the king of Israel: perhaps he will save our lives.
3Kings.20.32	So they girded sackcloths on their loins, and put ropes on their heads, and came to the king of Israel, and said to him: Thy servant, Benadad, saith: I beseech thee let me have my life. And he said: If he be yet alive, he is my brother.	So they girded sackcloth on their loins, and put ropes on their heads, and came to the king of Israel, and said to him: Thy servant Benadad saith: I beseech thee let me have my life. And he said: If he be yet alive he is my brother.
3Kings.20.33	The men took this for good luck: and in haste caught the word out of his mouth, and said: Thy brother Benadad. And he said to them: Go, and bring him to me. Then Benadad came out to him, and he lifted him up into his chariot.	The men took this for a sign: and in haste caught the word out of his mouth, and said: Thy brother Benadad. And he said to them: Go, and bring him to me. Then Benadad came out to him, and he lifted him up into his chariot.
3Kings.20.36	Then he said to him: Because thou wouldst not hearken to the word of the Lord, behold thou shalt depart from me, and a lion shall slay thee. And when he was gone a little from him, a lion found him, and slew him.	Then he said to him: Because thou wouldst not hearken to the word of the Lord, behold then shalt depart from me, and a lion shall slay thee. And when he was gone a little from him, a lion found him, and slew him.
3Kings.20.40	And whilst I, in the hurry, turned this way and that, on a sudden he was not to be seen. And the king of Israel said to him: This is thy judgment, which thyself hast decreed.	And whilst I in a hurry turned this way and that, on a sudden he was not to be seen. And the king of Israel said to him: This is thy judgment, which thyself hast decreed.
3Kings.21.16	And when Achab heard this, to wit, that Naboth was dead, he arose, and went down into the vineyard of Naboth, the Jezrahelite, to take possession of it.	And when Achab heard this, to wit, that Naboth was dead, he arose, and went down to the vineyard of Naboth the Jezrahelite, to take possession of it.
3Kings.22.3	(And the king of Israel said to his servants: Know ye not that Ramoth Galaad is ours, and we neglect to take it out of the hand of the king of Syria?)	(And the king of Israel said to his servants: Know ye not-that Ramoth Galaad is ours, and we neglect to take it out of the hand of the king of Syria?)
3Kings.22.5	And Josaphat said to the king of Israel: As I am, so art thou: my people and thy people are one: and my horsemen are thy horsemen. And Josaphat said to the king of Israel: Inquire, I beseech thee, this day the word of the Lord.	And Josaphat said to the king of Israel: As I am, so art thou: my people and thy people are one: and my horsemen, thy horsemen. And Josaphat said to the king of Israel: Inquire, I beseech thee, this day, the word of the Lord.
3Kings.22.8	And the king of Israel said to Josaphat. There is one man left, by whom we may inquire of the Lord; Micheas, the son of Jemla: but I hate him, for he doth not prophecy good to me, but evil. And Josaphat said: Speak not so, O king.	And the king of Israel said to Josaphat: There is one man left, by whom we may inquire of the Lord: Micheas the son of Jemla; but I hate him, for he doth not prophesy good to me, but evil. And Josaphat said: Speak not so, O king.
3Kings.22.10	And the king of Israel, and Josaphat, king of Juda, sat each on his throne, clothed with royal robes, in a court, by the entrance of the gate of Samaria, and all the prophets prophesied before them.	Then the king of Israel, and Josaphat king of Juda, sat each on his throne clothed with royal robes, in a court by the entrance of the gate of Samaria, and all the prophets prophesied before them.
3Kings.22.22	And he said: I will go forth, and be a lying spirit, in the mouth of all his prophets. And the Lord said: Thou shalt deceive him, and shalt prevail: go forth, and do so.	And he said: I will go forth, and be a lying spirit in the mouth of all his prophets. And the Lord said: Thou shalt deceive him, and shalt prevail: a go forth, and do so.
3Kings.22.26	And the king of Israel said: Take Micheas and let him abide with Amon, the governor of the city, and with Joas, the son of Amalech;	And the king of Israel said: Take Micheas, and let him abide with Ammon the governor of the city, and with Joas the son of Amalech.
3Kings.22.29	So the king of Israel, and Josaphat, king of Juda, went up to Ramoth-Galaad.	So the king of Israel, and Josaphat king of Juda went up to Ramoth Galaad.
3Kings.22.30	And the king of Israel said to Josaphat: Take thy armour, and go into the battle, and put on thy own garments. But the king of Israel changed his dress, and went into the battle.	And the king of Israel said to Josaphat: Take armour, and go into the battle, and put on thy own garments. But the king of Israel changed his dress, and went into the battle.
4Kings.1.9	And he sent to him a captain of fifty, and the fifty men that were under him. And he went up to him, and as he was sitting on the top of a hill, he said to him: Man of God, the king hath commanded that thou come down.	And he sent to him a captain of fifty, and the fifty men that were under him. And he went up to him, and as he was sitting on the top of a hill, said to him: Man of God, the king hath commanded that thou come down.
4Kings.1.11	And he again sent to him another captain of fifty men, and his fifty with him. And he said to him: Man of God: Thus saith the king: Make haste and come down.	And again he sent to him another captain of fifty men, and his fifty with him. And he said to him: Man of God, thus saith the king: Make haste and come down.
4Kings.2.13	And he took up the mantle of Elias, that fell from him: and going back, he stood on the bank of the Jordan;	And he took up the mantle of Elias, that fell from him: and going back, he stood upon the bank of the Jordan,
4Kings.3.7	And he sent to Josaphat; king of Juda, saying: The king of Moab is revolted from me: come with me against him to battle. And he answered: I will come up: he that is mine, is thine: my people are thy people: and my horses, thy horses.	And he sent to Josaphat king of Juda, saying: The king of Moab is revolted from me, come with me against him to battle. And he answered: I will come up: he that is mine, is thine: my people, thy people: and my horses, thy horses.
4Kings.4.2	And Eliseus said to her: What wilt thou have me do for thee? Tell me, what hast thou in thy house? And she answered: I, thy handmaid, have nothing in my house but a little oil, to anoint me.	And Eliseus said to her: What wilt thou have me to do for thee? Tell me, what hast thou in thy house? And she answered: I thy handmaid have nothing in my house but a little oil, to anoint me.
4Kings.4.11	Now, there was a certain day, when he came, and turned into the chamber, and rested there.	Now there was a certain day when he came and turned in to the chamber, and rested there.
4Kings.4.16	He said to her: At this time, and this same hour, if life be in company, thou shalt have a son in thy womb. But she answered: Do not, I beseech thee, my lord, thou man of God, do not lie to thy handmaid.	He said to her: At this time, and this same hour, if life accompany, thou shalt have a son in thy womb. But she answered: Do not, I beseech thee, my lord, thou man of God, do not lie to thy handmaid.
4Kings.4.20	And when he had taken him, and brought him to his mother, she sat him on her knees, until noon, and then he died.	And when he had taken him, and brought him to his mother, she set him on her knees until noon, and then he died.
4Kings.4.23	And he said to her: Why dost thou go to him? to day is neither new moon nor sabbath. She answered: I will go.	And he said to her: Why dost thou go to him? today is neither new moon nor sabbath. She answered: I will go.
4Kings.4.34	And he went up, and lay upon the child: and put his mouth upon his mouth, and his eyes upon his eyes, and his hands upon his hands: and he bowed himself upon him, and the child's flesh grew warm.	And he went up, and lay upon the child: and he put his mouth upon his mouth, and his eyes upon his eyes, and his hands upon his hands: and he bowed himself upon him, and the child's flesh grew warm.
4Kings.5.6	And brought the letter to the king of Israel, in these words: When thou shalt receive this letter, know that I have sent to thee Naaman, my servant, that thou mayst heal him of his leprosy.	And brought the letter to the king of Israel, in these words: When thou shalt receive this letter, know that I have sent to thee Naaman my servant, that thou mayest heal him of his leprosy.
4Kings.5.18	But there is only this, for which thou shalt entreat the Lord for thy servant; when my master goeth into the temple of Remmon, to worship there, and he leaneth on my hand: if I bow down in the temple of Remmon, when he boweth down in the same place, that the Lord pardon me, thy servant, for this thing.	But there is only this, for which thou shalt entreat the Lord for thy servant, when my master goeth into the temple of Remmon, to worship: and he leaneth upon my hand, if I bow down in the temple of Remmon, when he boweth down in the same place, that the Lord pardon me thy servant for this thing.
4Kings.5.19	And he said to him: Go in peace. So he departed from him, in the spring time of the earth.	And he said to him: Go in peace. So he departed from him in the springtime of the earth.
4Kings.5.20	But Giezi, the servant of the man of God, said: My master hath spared Naaman this Syrian, in not receiving of him that which he brought: as the Lord liveth, I will run after him, and take something of him.	But Giezi the servant of the man of God said: My master hath spared Naaman this Syrian, in not receiving of him that which he brought: as the Lord liveth, I will run after him, and take some thing of him:
4Kings.6.5	And it happened, as one was felling some timber, that the head of the ax fell into the water: and he cried out, and said: Alas, alas, alas, my lord, for this same was borrowed.	And it happened, as one was felling some timber, that the head of the axe fell into the water: and he cried out, and said: Alas, alas, alas, my lord, for this same was borrowed.
4Kings.6.8	And the king of Syria warred against Israel, and took counsel with his servants, saying: In such and such a place, let us lay an ambush.	And the king of Syria warred against Israel, and took counsel with his servants, saying: In such and such a place let us lay ambushes.
4Kings.7.11	Then the guards of the gate went, and told it within in the king's palace.	Then the guards of the gate went, and told it within the king's palace.
4Kings.7.19	When that lord answered the man of God, and said: Although the Lord should make flood-gates in heaven, could this come to pass which thou sayest? And he said to him: Thou shalt see it with thy eyes, and shalt not eat thereof.	When that lord answered the man of God, and said: Although the Lord should make flood-gates in heaven, could this come to pass which thou sayest? And he said to him: Thou shalt see with thy eyes, and shalt not eat thereof.
4Kings.8.1	And Eliseus spoke to the woman, whose son he had restored to life, saying: Arise, and go thou, and thy household, and sojourn wheresoever thou canst find: for the Lord hath called a famine, and it shall come upon the land seven years.	And Eliseus spoke to the woman, whose son he had restored to life, saying: Arise, and go thou and thy household, and sojourn wheresoever thou canst find: for the Lord hath exiled a famine, and it shall come upon the land seven years.
4Kings.8.13	And Hazael said: But what am I, thy servant, a dog, that I should do this great thing? And Eliseus said: The Lord hath shewed me that thou shalt be king of Syria.	And Hazael said: But what am I thy servant a dog, that I should do this great thing? And Eliseus said: The Lord hath shewn me that thou shalt be king of Syria.
4Kings.8.14	And when he was departed from Eliseus he came to his master, who said to him: What said Eliseus to thee? And he answered: He told me: Thou shalt recover.	And when he was departed from Eliseus, he came to his master, who said to him: What saith Eliseus to thee? And he answered: He told me: Thou shalt recover.
4Kings.8.25	In the twelfth year of Joram, the son of Achab, king of Israel, reigned Ochozias, son of Joram, king of Juda.	In the twelfth year of Joram son of Achab king of Israel, reigned Ochozias son of Joram king of Juda.
4Kings.9.11	Then Jehu went forth to the servants of his lord: and they said to him: Are all things well? why came this madman to thee? And he said to them: You know the man, and what he said.	Then Jehu went forth to the servants of his lord: and they said to him: Are all things well? why came this mad man to thee? And he said to them: You know the man, and what he said.
4Kings.9.17	The watchman therefore, that stood upon the tower of Jezrahel, saw the troop of Jehu coming, and said: I see a troop. And Joram said: Take a chariot, and send to meet them, and let him that goeth say: Is all well?	The watchmen therefore, that stood upon the tower of Jezrahel, saw the troop of Jehu coming, and said: I see a troop. And Joram said: Take a chariot, and send to meet them, and let him that goeth say: Is all well?
4Kings.10.5	Therefore they that were over the king's house, and the rulers of the city, and the ancients, and the bringers up of the children, sent to Jehu, saying: We are thy servants: whatsoever thou shalt command us we will do; we will not make us any king: do thou all that pleaseth thee.	Therefore the overseers of the house, and the rulers of the city, and the ancients, and the tutors sent to Jehu, saying: We are thy servants, whatsoever thou shalt command us we will do, neither will we make us a king: do thou all that pleaseth thee.
4Kings.10.6	And he wrote letters the second time to them, saying: If you be mine, and will obey me, take the heads of the sons of your master, and come to me to Jezrahel by tomorrow at this time. Now the king's sons, being seventy men, were brought up with the chief men of the city.	And he wrote letters the second time to them, saying: If you be mine, and will obey me, take the heads of the sons of your master, and come to me to Jezrahel by tomorrow this time. Now the king's sons, being seventy men, were brought up with the chief men of the city.
4Kings.10.16	And said to him: Come with me, and see my zeal for the Lord. So he made him ride in his chariot,	And he said to him: Come with me, and see my zeal for the Lord. So he made him ride in his chariot,
4Kings.10.29	But yet he departed not from the sins of Jeroboam, the son of Nabat, who made Israel to sin, nor did he forsake the golden calves that were in Bethel, and Dan.	But yet he departed not from the sills of Jeroboam the son of Nabat, who made Israel to sin, nor did he forsake the golden calves that were in Bethel and Dan.
4Kings.11.1	Now Athalia, the mother of Ochozias, seeing that her son was dead, arose and slew all the royal seed.	And Athalia the mother of Ochozias seeing that her son was dead, arose, and slew all the royal seed.
4Kings.11.9	And the centurions did according to all things that Joiada the priest, had commanded them: and taking every one their men, that went in on the sabbath, with them that went out in the sabbath, came to Joiada, the priest.	And the centurions did according to all things that Joiada the priest had commanded them: and taking every one their men, that went in on the sabbath, with them that went out on the sabbath, came to Joiada the priest.
4Kings.11.15	But Joiada commanded the centurions that were over the army, and said to them: Have her forth without the precinct of the temple, and whosoever shall follow her, let him be slain with the sword. For the priest had said: Let her not be slain in the temple of the Lord.	But Joiada commended the centurions that were over the army, and said to them: Have her forth without the precinct of the temple, and whosoever shall follow her, let him be slain with the sword. For the priest had said: Let her not be slain in the temple of the Lord.
4Kings.12.4	And Joas said to the priests: all the money of the sanctified things, which is brought into the temple of the Lord by those that pass, which is offered for the price of a soul, and which of their own accord, and of their own free heart, they bring into the temple of the Lord:	And Joas said to the priests: O All the money of the sanctified things, which is brought into the temple of the Lord by those that pass, which is offered for the price of a soul, and which of their own accord, and of their own free heart they bring into the temple of the Lord:
4Kings.13.6	But yet they departed not from the sins of the house of Jeroboam, who made Israel to sin, but walked in them: and there still remained a grove also in Samaria.	But yet they departed not from the sins of Jeroboam, who made Israel to sin, but walked in them: and there still remained a grove also in Samaria.
4Kings.13.7	And Joachaz had no more left of the people than fifty horsemen, and ten chariots, and ten thousand footmen: for the king of Syria had slain them, and had brought them low as dust by threshing in the barnfloor.	And Joachaz had no more left of the people than fifty horsemen, and ten chariots, and ten thousand footmen: for the king of Syria had slain them, and had brought them low as dust by thrashing in the barnfloor.
4Kings.14.6	But the children of the murderers he did not put to death, according to that which is written in the book of the law of Moses, wherein the Lord commanded, saying: The fathers shall not be put to death for the children, neither shall the children be put to death for the fathers: but every man shall die for his own sin.	But the children of the murderers he did not put to death, according to that which is written in the book of the law of Moses, wherein the Lord commanded, saying: The fathers shall not be put to death for the children, neither shall the children be put to death for the fathers: but every man shall die for his own sins.
4Kings.14.10	Thou hast beaten and prevailed over Edom, and thy heart hath lifted thee up; be content with this glory, and sit at home; why provokest thou evil, that thou shouldst fall, and Juda with thee?	Thou hast beaten and prevailed over Edom, and thy heart hath lifted thee up: be content with the glory, and sit at home: why provokest thou evil, that thou shouldst fall, and Juda with thee?
4Kings.14.12	And Juda was put to the worse before Israel, and they fled every man to their dwellings.	And Juda was put to the worst before Israel, and they fled every man to their dwellings.
4Kings.14.24	And he did that which is evil before the Lord. He departed not from all the sins of Jeroboam, the son of Nabat, who made Israel to sin.	And he did that which was evil before the Lord. He departed not from all the sins of Jeroboam the son of Nabat, who made Israel to sin.
4Kings.14.26	For the Lord saw the affliction of Israel, that it was exceedingly bitter, and that they were consumed even to them that were shut up in prison, and the lowest persons, and that there was no one to help Israel.	For the Lord saw the affliction of Israel that it was exceeding bitter, and that they were consumed even to them that were shut up in prison, and the lowest persons, and that there was no one to help Israel.
4Kings.15.5	And the Lord struck the king, so that he was a leper unto the day of his death, and he dwelt in a free house apart: but Joatham, the king's son, governed the palace, and judged the people of the land.	And the Lord struck the king, so that he was a leper unto the day of his death, and he dwelt in a free house apart: but Joatham the king's soil governed the palace, and judged the people of the land.
4Kings.15.29	In the days of Phacee, king of Israel, came Theglathphalasar, king of Assyria, and took Aion, and Abel Domum Maacha, and Janoe, and Cedes, and Asor, and Galaad, and Galilee, and all the land of Nephthali: and carried them captives into Assyria.	In the days of Phacee king of Israel came Theglathphalasar king of Assyria, and took Aion, and Abel Domum Maacha and Janoe, and Cedes, and Asor, and Galaad, and Galilee, and all the land of Nephtali: and carried them captives into Assyria.
4Kings.15.31	But the rest of the acts of Phacee, and all that he did, are they not written in the book of the words of the days of the kings of Israel?	But the rest of the acts of Phaces, and all that he did, are they not written in the book of the words of the days of the kings of Israel?
4Kings.16.13	And he offered libations, and poured the blood of the peace offerings, which he had offered, upon the altar.	And offered libations and poured the blood of the peace offerings, which he had offered upon the altar.
4Kings.16.14	But the altar of brass that was before the Lord, he removed from the face of the temple, and from the place of the altar, and from the place of the temple of the Lord: and he set it at the side of the altar towards the north.	But the altar of brass that was before the Lord, he removed from the face of the temple, and from the place of the altar, and from the place of the temple of the Lord: and he set it at the side of the altar toward the north.
4Kings.17.34	Unto this day they follow the old manner: they fear not the Lord, neither do they keep his ceremonies, and judgments, and law, and the commandment, which the Lord commanded the children of Jacob, whom he surnamed Israel:	Unto this day they followed the old manner: they fear not the Lord, neither do they keep his ceremonies, and judgments, and law, and the commandment, which the Lord commanded the children of Jacob, whom he surnamed Israel:
4Kings.17.40	But they did not hearken to them, but did according to their old custom.	But they did not hearken, but did according to their old custom.
4Kings.18.11	And the king of the Assyrians carried away Israel into Assyria, and placed them in Hala, and in Habor, by the rivers of Gozan, in the cities of the Medes.	And the king of the Assyrians carried away Israel into Assyria, and placed them in Hale, and in Habor by the rivers of Gozan in the cities of the Medes:
4Kings.18.28	Then Rabsaces stood, and cried out with a loud voice in the Jews' language, and said: Hear the word of the great king, the king of the Assyrians.	Then Rabsaces stood, and cried out with a loud voice in the Jews' language, and said: Hear the words of the great king, the king of the Assyrians.
4Kings.19.9	And when he heard of Tharaca, king of Ethiopia: Behold, he is come out to fight with thee: and was going against him, he sent messengers to Ezechias, saying:	And when he heard of Theraca king of Ethiopia: Behold, he is come out to fight with thee: and was going against him, he sent messengers to Ezechias, saying:
4Kings.19.13	Where is the king of Emath, and the king of Arphad, and the king of the city of Sepharvaim, and of Ana, and of Ava?	Where is the king of Emath, and the king of Arphad, and the king of the city of Sepharvaim, of Ana and of Ava?
4Kings.19.15	And he prayed in his sight, saying: O Lord God of Israel, who sittest upon the cherubims, thou alone art the God of all the kings of the earth: thou madest heaven and earth:	And he prayed in his sight, saying: O Lord God of Israel, who sitteth upon the cherubims, thou alone art the God of all the kings of the earth: thou madest heaven and earth:
4Kings.19.25	Hast thou not heard what I have done from the beginning? from the days of old I have formed it, and now I have brought it to effect: that fenced cities of fighting men should be turned to heaps of ruins:	Hast thou not heard what I have done from the beginning? from the days of old I have formed it, and now I have brought it to effect: that fenced cities of fighting men should be turned to heaps of ruin:
4Kings.20.8	And Ezechias had said to Isaias: What shall be the sign that the Lord will heal me, and that I will go up to the temple of the Lord the third day?	And Ezechias had said to Isaias: What shall be the sign that the Lord will heal me, and that I shall go up to the temple of the Lord the third day?
4Kings.20.11	And Isaias, the prophet, called upon the Lord, and he brought the shadow ten degrees backwards by the lines, by which it had already gone down on the dial of Achaz.	And Isaias the prophet called upon the Lord, and he brought the shadow ten degrees backwards by the lines, by which it had already gone down in the dial of Achaz.
4Kings.20.15	And he said: What did they see in thy house? Ezechias said: They saw all the things that are in my house: There is nothing among my treasures that I have not shewed them.	And he said: What did they see in thy house? Ezechias said: They saw all the things that are in my house: there is nothing among my treasures that I have not shewn them.
4Kings.21.6	And he made his son pass through fire: and he used divinations, and observed omens, and appointed pythons, and multiplied soothsayers, to do evil before the Lord, and to provoke him.	And he made his son pass through fire: and he used divination, and observed omens, and appointed pythons, and multiplied soothsayers to do evil before the Lord, and to provoke him.
4Kings.21.13	And I will stretch over Jerusalem the line of Samaria, and the weight of the house of Achab: and I will efface Jerusalem, as writings tables are wont to be effaced, and I will erase and turn it, and draw the pencil often over the face thereof.	And I will stretch over Jerusalem the line of Samaria, and the weight of the house of Achab: and I will efface Jerusalem, as tables are wont to be effaced, and I will erase and turn it, and draw the pencil often over the face thereof.
4Kings.21.18	And Manasses slept with his fathers, and was buried in the garden of his own house, in the garden of Oza: and Amon, his son, reigned in his stead.	And Manasses slept with his fathers, and was buried in the garden of his own house, in the garden of Oza: and Amen his son reigned in his stead.
4Kings.21.19	Two and twenty years old was Amon when he began to reign, and he reigned two years in Jerusalem: the name of his mother was Messalemeth, the daughter of Harus, of Jeteba.	Two and twenty years old was Amen when he began to reign, and he reigned two years in Jerusalem: the name of his mother was Messalemeth the daughter of Harus of Jeteba.
4Kings.21.24	But the people of the land slew all them that had conspired against king Amon: and made Josias, his son, their king in his stead.	But the people of the land slew all them that had conspired against king Amen: and made Josias his son their king in his stead.
4Kings.21.25	But the rest of the acts of Amon, which he did, are they not written in the book of the words of the days of the kings of Juda?	But the rest of the acts of Amen which he did, are they not written in the book of the words of the days of the kings of Juda?
4Kings.22.5	And let it be given to the workmen by the overseers of the house of the Lord: and let them distribute it to those that work in the temple of the Lord, to repair the temple:	And let it be given to the workmen by the overseers of the house of the Lord: and lot them distribute it to those that work in the temple of the Lord, to repair the temple:
4Kings.22.18	But to the king of Juda, who sent you to consult the Lord, thus shall you say: Thus saith the Lord, the God of Israel: for as much as thou hast heard the words of the book,	But to the king of Juda, who sent you to consult the Lord, thus shall you say: Thus saith the Lord the God of Israel: Forasmuch as thou hast heard the words of the book,
4Kings.23.3	And the king stood upon the step: and he made a covenant with the Lord, to walk after the Lord, and to keep his commandments, and his testimonies, and his ceremonies, with all their heart, and with all their soul, and to perform the words of this covenant, which were written in that book: and the people agreed to the covenant.	And the king stood upon the step: and made a covenant with the Lord, to walk after the Lord, and to keep his commandments, and his testimonies and his ceremonies, with all their heart, and with all their soul, and to perform the words of this covenant, which were written in that book: and the people agreed to the covenant.
4Kings.23.25	There was no king before him like unto him, that returned to the Lord with all his heart, and with all his soul, and with all his strength, according to all the law of Moses: neither after him did there arise any like unto him.	There was no king before him like unto him, that returned to the Lord with all his heart, and with all his soul, and with ail his strength, according to all the law of Moses: neither after him did there arise any like him.
4Kings.24.8	Joachin was eighteen years old when he began to reign, and he reigned three months in Jerusalem: the name of his mother was Nohesta, the daughter of Elnathan, of Jerusalem.	Joachin was eighteen years old when he began to reign, a and he reigned three months in Jerusalem: the name of his mother was Nohesta the daughter of Elnathan of Jerusalem.
4Kings.25.8	In the fifth month, the seventh day of the month, the same is the nineteenth year of the king of Babylon, came Nabuzardan, commander of the army, a servant of the king of Babylon, into Jerusalem.	In the fifth month, the seventh day of the month, that is, the nineteenth year of the king of Babylon, came Nabuzardan commander of the army, a servant of the king of Babylon, into Jerusalem.
4Kings.25.19	And out of the city one eunuch, who was captain over the men of war: and five men of them who had stood before the king, whom he found in the city, and Sopher, the captain of the army, who exercised the young soldiers of the people of the land: and threescore men of the common people, who were found in the city:	And out of the city one eunuch, who was captain over the men of war: and five men of them that had stood before the king, whom he found in the city, and Sopher the captain of the army who exercised the young soldiers of the people of the land: and threescore men of the common people, who were found in the city.
1Par.1.8	The sons of Cham: Chus, and Mesrai, and Phut, and Chanaan.	The sons of Cham: Chus, and Mesrai, and Phut, and Chaanan.
1Par.1.13	And Chanaan begot Sidon his firstborn, and the Hethite,	And Chanaan beget Sidon his firstborn, and the Hethite,
1Par.1.18	And Arphaxad begot Sale, and Sale begot Heber.	And Arphaxad beget Sale, and Sale beget Heber.
1Par.1.20	And Jectan begot Elmodad, and Saleph, and Asarmoth, and Jare,	And Jectan beget Elmodad, and Saleph, and Asarmoth, and Jare,
1Par.1.34	And Abraham begot Isaac: and his sons were Esau and Israel.	And Abraham beget Isaac: and his sons were Esau and Israel.
1Par.1.38	The sons of Seir: Lotan, Sobal, Sebeon, Ana, Dison, Eser, Disan.	The sons of Seir: Lotan. Sobal, Sebeen, Ana, Dison, Eser, Disan.
1Par.1.43	Now these are the kings that reigned in the land of Edom, before there was a king over the children of Israel: Bale the son of Beor: and the name of his city was Denaba.	Now these are the kings that reigned in the land of Edom, before there was a king over the children of Israel: Bale the son of Beer: and the name of his city was Denaba.
1Par.1.46	And Husam also died, and Adad the son of Badad reigned in his stead, and he defeated the Madianites in the land of Moab: the name of his city was Avith.	And Husam also died, and Adad the son of Badad reigned in his stead, and he defeated the Madianites in the land of Moab: and the name of his city was Avith.
1Par.2.10	And Ram begot Aminadab, and Aminadab begot Nahasson, prince of the children of Juda.	And Ram beget Aminadab, and Aminadab beget Nahasson, prince of the children of Juda.
1Par.2.13	And Isai begot Eliab his firstborn, the second Abinadab, the third Simmaa,	And Isai beget Eliab his firstborn, the second Abinadab, the third Simmaa,
1Par.2.20	And Hur begot Uri: and Uri begot Bezeleel.	And Hur beget Uri: and Uri beget Bezeleel.
1Par.2.22	And Segub begot Jair, and he had three and twenty cities in the land of Galaad.	And Segub beget Jair, and he had three and twenty cities in the land of Galaad.
1Par.2.31	But the son of Apphaim was Jesi: and Jesi begot Sesan. And Sesan begot Oholai.	But the son of Apphaim was Jesi: and Jesi beget Sesan. And Sesan beget Oholai.
1Par.2.33	But Jonathan begot Phaleth, and Ziza. These were the sons of Jerameel.	But Jonathan beget Phaleth, and Ziza, These were the sons of Jerameel.
1Par.2.36	And Ethei begot Nathan, and Nathan begot Zabad.	And Ethei begot Nathan, and Nathan beget Zabad.
1Par.2.37	And Zabad begot Ophlal, and Ophlal begot Obed.	And Zabad beget Ophlal, and Ophlal beget Obed.
1Par.2.38	Obed begot Jehu, Jehu begot Azarias.	Obed beget Jehu, Jehu beget Azarias.
1Par.2.39	Azarias begot Helles, and Helles begot Elasa.	Azarias beget Helles, and Helles begot Elasa.
1Par.2.40	Elasa begot Sisamoi, Sisamoi begot Sellum,	Elasa beget Sisamoi, Sisamoi beget Sellum,
1Par.2.41	Sellum begot Icamia, and Icamia begot Elisama.	Sellum beget Icamia, and Icamia begot Elisama.
1Par.2.44	And Samma begot Raham, the father of Jercaam, and Recem begot Sammai.	And Samma beget Raham, the father of Jercaam, and Recem beget Sammai.
1Par.2.46	And Epha the concubine of Caleb bore Haran, and Mosa, and Gezez. And Haran begot Gezez.	And Epha the concubine of Caleb bore Haran, and Mesa, and Gezez. And Haran beget Gezez.
1Par.2.49	And Saaph the father of Madmena begot Sue the father of Machbena, and the father of Gabaa. And the daughter of Caleb was Achsa.	And Saaph the father of Madmena beget Sue the father of Machbena, and the father of Gabaa. And the daughter of Caleb was Achsa.
1Par.3.7	And Eliphaleth, and Noge, and Nepheg, and Japhia,	And Eliphaleeh, and Noge, and Nepheg, and Japhia,
1Par.3.10	And Solomon's son was Roboam: whose son Abia begot Asa. And his son was Josaphat,	And Solomon's son was Roboam: whose son Abia beget Asa. And his son was Josaphat,
1Par.3.13	Begot Achaz, the father of Ezechias, of whom was born Manasses.	Beget Achaz, the father of Ezechias, of whom was born Manasses.
1Par.3.14	And Manasses begot Amon the father of Josias.	And Manasses beget Amen the father of Josias.
1Par.3.19	Of Phadaia were born Zorobabel and Semei. Zorobabel begot Mosollam, Hananias, and Salomith their sister:	Of Phadaia were born Zorobabel and Semei. Zorobabel beget Mosollam, Hananias, and Salomith their sister:
1Par.4.2	And Raia the son of Sobal begot Jahath, of whom were born Ahumai, and Laad. These are the families of Sarathi.	And Raia the son of Sobal beget Jahath, of whom were born Ahumai, and Laad. These are the families of Sarathi.
1Par.4.8	And Cos begot Anob, and Soboba, and the kindred of Aharehel the son of Arum.	And Cos begot Anob, and Soboba, the kindred of Aharehel the son of Arum.
1Par.4.11	And Caleb the brother of Sua begot Mahir, who was the father of Esthon.	And Caleb the brother of Sua beget Mahir, who was the father of Esthon.
1Par.4.12	And Esthon begot Bethrapha, and Phesse, and Tehinna father of the city of Naas: these are the men of Recha.	And Esthon beget Bethrapha, and Phesse, and Tehinna father of the city of Naas: these are the men of Recha.
1Par.4.14	Maonathi begot Ophra, and Saraia begot Joab the father of the Valley of artificers: for artificers were there.	Maonathi beget Ophra, and Saraia begot Joab the father of the Valley of artificers: for artificers were there.
1Par.4.17	And the sons of Esra, Jether, and Mered, and Epher, and Jalon, and he begot Mariam, and Sammai, and Jesba the father of Esthamo.	And the sons of Esra, Jether, and Mered, and Epher, and Jalon, and he beget Mariam, and Sammai, and Jesba the father of Esthamo.
1Par.5.14	These were the sons of Abihail, the son of Huri, the son of Jara, the son of Galaad, the son of Michael, the son of Jesisi, the son of Jeddo, the son of Buz.	These were the sons of Abihail, the son of Hurl, the son of Jara, the son of Galaad, the son of Michael, the son of Jesisi, the son of Jeddo, the son of But.
1Par.6.4	Eleazar begot Phinees, and Phinees begot Abisue,	Eleazar beget Phinees, and Phinees beget Abisue,
1Par.6.5	And Abisue begot Bocci, and Bocci begot Ozi.	And Abisue beget Bocci, and Bocci begot Ozi.
1Par.6.6	Ozi begot Zaraias, and Zaraias begot Maraioth.	Ozi beget Zaraias, and Zaraias beget Maraioth.
1Par.6.7	And Maraioth begot Amarias, and Amarias begot Achitob.	And Maraioth beget Amarias, and Amarias beget Achitob.
1Par.6.8	Achitob begot Sadoc, and Sadoc begot Achimaas.	Achitob beget Sadoc, and Sadoc begot Achimaas.
1Par.6.9	Achimaas begot Azarias, Azarias begot Johanan,	Achimaas beget Azarias, Azarias begot Johanan,
1Par.6.10	Johanan begot Azarias. This is he that executed the priestly office in the house which Solomon built in Jerusalem.	Johanan beget Azarias. This is he that executed the priestly office in the house which Solomon built in Jerusalem.
1Par.6.11	And Azarias begot Amarias, and Amarias begot Achitob.	And Azarias beget Amarias, and Amarias beget Achitob.
1Par.6.12	And Achitob begot Sadoc, and Sadoc begot Sellum,	And Achitob beget Sadoc, and Sadoc beget Sellum,
1Par.6.13	Sellum begot Helcias, and Helcias begot Azarias,	Sellum beget Helcias, and Helcias beget Azarias,
1Par.6.14	Azarias begot Saraias, and Saraias begot Josedec.	Azarias beget Saraias, and Saraias beget Josedec.
1Par.6.37	The son of Thahath, the son of Asir, the son of Abiasaph, the son of Core,	The son of Thahath, the son of Asir, the son or Abiasaph, the son of Core,
1Par.6.47	The son of Moholi, the son of Musi, the son of Merari, the son of Levi.	The son of Moholi, the son of Mud, the son of Merari, the son of Levi.
1Par.6.49	But Aaron and his sons offered burnt offerings upon the altar of holocausts, and upon the altar of incense, for every work of the holy of holies: and to pray for Israel according to all that Moses the servant of God had commanded.	But Aaron and his sons offered burnt offerings upon the altar of holocausts, and upon the altar of incense, for very work of the holy of holies: and to pray for Israel according to all that Moses the servant of God had commanded.
1Par.7.11	All these were sons of Jadihel, heads of their kindreds, most valiant men, seventeen thousand and two hundred fifty to go out to war.	All these were sons of Jadihel, heads of their kindreds, most valiant men, seventeen thousand and two hundred fit to go out to war.
1Par.7.26	Who begot Laadan: and his son was Ammiud, who begot Elisama,	Who begot Laadan: and his son was Ammiud, who beget Elisama,
1Par.7.28	And their possessions and habitations were Bethel with her daughters, and eastward Noran, and westward Gazer and her daughters, Sichem also with her daughters, as far as Asa with her daughters.	And their possessions and habitations were Bethel with her daughters, and eastward Noran, and westward Gazer and her daughters, Sichem also with her daughters, as far as Ass with her daughters.
1Par.7.32	And Heber begot Jephlat, and Somer, and Hotham, and Suaa their sister.	And Heber beget Jephlat, and Somer, and Hotham, and Suaa their sister.
1Par.8.1	Now Benjamin begot Bale his firstborn, Asbel the second, Ahara the third,	Now Benjamin beget Bale his firstborn, Asbel the second, Ahara the third,
1Par.8.4	And Abisue, and Naaman, and Ahoe,	And Abisue, and Naamar, and Ahoe,
1Par.8.6	These are the sons of Ahod, heads of families that dwelt in Gabaa, who were removed into Manahath.	These are the sons of Ahod, heads of families that dwelt in Gabaa, who were removed into Mrtnahsth.
1Par.8.7	And Naaman, and Achia, and Gera he removed them, and begot Oza, and Ahiud.	And Naaman, and Achia, and Gera he removed them, and beget Oza, and Ahiud.
1Par.8.9	And he begot of Hodes his wife Jobab, and Sebia, and Mosa, and Molchom,	And he beget of Hodes his wife Jobab, and Sebia, and Mesa, and Molchom,
1Par.8.11	And Mehusim begot Abitob, and Elphaal.	And Mehusim beget Abitob, and Elphaal.
1Par.8.12	And the sons of Elphaal were Heber, and Misaam, and Samad: who built Ono, and Lod, and its daughters.	And the sons of Elphaal were Heber, and Misaam, and Samad: who built One, and Led, and its daughters.
1Par.8.30	And his firstborn son Abdon, and Sur, and Cis, and Baal, and Nadab,	And his firstborn son Abdon, and Sur, and Cia, and Baal, and Nadab,
1Par.8.32	And Macelloth begot Samaa: and they dwelt over against their brethren in Jerusalem with their brethren.	And Macelloth beget Samaa: and they dwelt over against their brethren in Jerusalem with their brethren.
1Par.8.33	And Ner begot Cis and Cis begot Saul. And Saul begot Jonathan and Melchisua, and Abinadab, and Esbaal.	And Ner beget Cia, and Cia beget Saul. And Saul begot Jonathan and Melchisua, and Abinadab, and Esbaal.
1Par.8.36	And Ahaz begot Joada: and Joada begot Alamath, and Azmoth, and Zamri: and Zamri begot Mosa,	And Ahaz beget Joada: and Joada beget Alamath, and Azmoth, and Zamri: and Zamri beget Mesa,
1Par.8.37	And Mosa begot Banaa, whose son was Rapha, of whom was born Elasa, who begot Asel.	And Mesa beget Banaa, whose son was Rapha, of whom was born Elasa, who beget Asel.
1Par.8.39	And the sons of Esec, his brother, were Ulam the firstborn, and Jehus the second, and Eliphalet the third.	And the sons of Esec, his brother, were Ulam the firstborn, and Jehus the second, and Eliphelet the third.
1Par.9.7	And of the sons of Benjamin: Salo the son of Mosollam, the son of Oduia, the son of Asana:	And of the sons of Benjamin: Sale the son of Mosollam, the son of Oduia, the son of Asana:
1Par.9.35	And in Gabaon dwelt Jehiel the father of Gabaon, and the name of his wife was Maacha:	And in Gabaon dwelt Jehiel the father of Gabaon, and the name of hill wife was Maacha:
1Par.9.38	And Macelloth begot Samaan: these dwelt over against their brethren in Jerusalem, with their brethren.	And Macelloth beget Samaan: these dwelt over against their brethren in Jerusalem, with their brethren.
1Par.9.39	Now Ner begot Cis: and Cis begot Saul: and Saul begot Jonathan and Melchisua, and Abinadab, and Esbaal.	Now Ner beget Cia: and Cis begot Saul: and Saul beget Jonathan and Melchisua, and Abinadab, and Esbaal.
1Par.9.40	And the son of Jonathan, was Meribbaal: and Meribbaal begot Micha.	And the son of Jonathan, was Meribbaal: and Meribbaal beget Micha.
1Par.9.42	And Ahaz begot Jara, and Jara begot Alamath, and Azmoth, and Zamri. And Zamri begot Mosa.	And Ahaz beget Jara, and Jara beget Alamath, and Azmoth, and Zamri. And Zamri beget Mesa.
1Par.9.43	And Mosa begot Banaa: whose son Raphaia begot Elasa: of whom was born Asel.	And Mesa beget Banaa: whose son Raphaia beget Elasa: of whom was born Asel.
1Par.10.14	And trusted not in the Lord: therefore he slew him, and transferred his kingdom to David the son of Isai.	And trusted not is the Lord: therefore he slew him, and transferred his kingdom to David the son of Isai.
1Par.11.31	Ethai the son of Ribai of Gabaath of the sons of Benjamin, Banai a Pharathonite,	Ethai the son of Ribai of Gabaath of the sons of Benjamin, Banal a Pharathonite,
1Par.11.45	Jedihel the son of Zamri, and Joha his brother a Thosaite,	Jedihel the son of Zamri, and Jobs his brother a Thosaite,
1Par.11.46	Eliel a Mahumite, and Jeribai, and Josaia the sons of Elnaim, and Jethma a Moabite, Eliel, and Obed, and Jasiel of Masobia.	Eliel a Mithumite, and Jeribai, and Josaia the sons of Elnaim, and Jethma a Moabite, Eliel, and Obed, and Jasiel of Masobia.
1Par.12.4	And Samaias of Gabaon, the stoutest amongst the thirty and over the thirty; Jeremias, and Jeheziel and Johanan, and Jozabad of Gaderoth;	And Samaias of Gabaon, the stoutest amongst the thirty and over the thirty; Jeremias, and Jeheziel, and Johanan, and Jezabad of Gaderoth;
1Par.12.15	These are they who passed over the Jordan in the first month, when it is used to flow over its banks: and they put to flight all that dwelt in the valleys both toward the east and toward the west.	These are they who passed over the Jordan in the first month, when it is used to how over its banks: and they put to flight all that dwelt in the valleys both toward the east and toward the west.
1Par.13.1	David consulted with the captains of thousands, and of hundreds, and with all the commanders.	And David consulted with the captains of thousands, and of hundreds, and with all the commanders.
1Par.14.3	And David took other wives in Jerusalem: and he begot sons, and daughters.	And David took other wives in Jerusalem: and he beget sons, and daughters.
1Par.15.22	And Chonenias chief of the Levites, presided over the prophecy, to give out the tunes: for he was very skilful.	And Chonenias chief of the Levites, presided over the prophecy, to give out the tunes: for he was very skillful.
1Par.16.35	And say ye: Save us, O God our savior: and gather us together, and deliver us from the nations, that we may give glory to thy holy name, and may rejoice in singing thy praises.	And say ye: Save us, O God our saviour: and gather us together, and deliver us from the nations, that we may give glory to thy holy name, and may rejoice in singing thy praises.
1Par.17.20	O Lord there is none like thee: and here is no other God beside thee, of all whom we have heard of with our ears.	O Lord there is none like thee: and there is no other God beside thee, of all whom we have heard of with our ears.
1Par.19.1	Now it came to pass that Naas the king of the children of Ammon died, and his son reigned in his stead.	Now it came to pass that Naas the king of the children of Ammon died, and his son reigned is his stead.
1Par.21.15	And he sent an angel to Jerusalem, to strike it: and as he was striking it, the Lord beheld, and took pity for the greatness of the evil: and said to the angel that destroyed: It is enough, now stop thy hand. And the angel of the Lord stood by the thrashingfloor of Ornan the Jebusite.	And he sent an angel to Jerusalem, to strike it: and as he was striking it, the Lord beheld, and took pity for the greatness of the evil: and said to the angel that destroyed: It is enough, now stop thy hand. And the angel of the Lord stood by the thrashing floor of Ornan the Jebusite.
1Par.22.15	Thou hast also workmen in abundance, hewers of stones, and masons, and carpenters, and of all trades the most skilful in their work,	Thou hast also workmen in abundance, hewers of stones, and masons, and carpenters, and of all trades the most skillful in their work,
1Par.23.1	David being old and full of days, made Solomon his son king over Israel.	And David being old and full of days, made Solomon his son king over Israel.
1Par.23.21	The sons of Merari: Moholi, and Musi. The sons of Moholi: Eleazar and Cis.	The sons of Merari: Moholi, and Musi. The sons of Moholi: Eleazar and Cia.
1Par.24.27	The son also of Merari Oziau, and Soam, and Zacchur, and Hebri.	The son also of Merari: Oziau, and Seam, and Zacchur, and Hebri.
1Par.25.3	And of Idithun: the sons of Idithun, Godolias, Sori, Jeseias, and Hasabias, and Mathathias, six, under the hand of their father Idithun, who prophesied with a harp to give thanks and to praise the Lord.	And of Idithun: the sons of Idithun, Godolias, Serf, Jeseias, and Hasabias, and Mathathias, six, under the hand of their father Idithun, who prophesied with a harp to give thanks and to praise the Lord.
1Par.26.6	And to Semei his son were born sons, heads of their families: for they were men of great valour.	And to Semei his son were born sons, herds of their families: for they were men of great valour.
1Par.27.25	And over the king's treasures was Azmoth the son of Adiel: and over those stores which were in the cities, and in the villages, and, in the castles, was Jonathan the son of Ozias.	And over the king's treasures was Azmoth the son of Adiel: and over those stores which were in the cities, and is the villages, and in the castles, was Jonathan the son of Ozias.
1Par.27.27	And over the dressers of the vine yards, was Semeias a Romathite: and over the wine cellars, Zabdias an Aphonite.	And over the dressers of the vineyards, was Semeias a Romathite: and over the wine cellars, Zabdias an Aphonite.
1Par.27.31	And over the sheep Jaziz an Agarene. All these were the rulers of the substance of king David.	And over the sheep Jazia an Agarene. All these were the rulers of the substance of king David.
1Par.28.2	And the king rising up, and standing said: Hear me, my brethren and my people: I had a thought to have built a house, in which the ark of the Lord, and the footstool of our God might rest: and prepared all things for the building.	And the king rising up, and standing said: Hear me, my brethren and my people: I had a thought to have built a house, in which the ark of the Lord, and the footstool of our God might rest: and I prepared all things for the building.
1Par.29.5	And gold for wheresoever there is need of gold: and silver for wheresoever there is need of silver, for the works to be made by the hands of the artificers: now if any man is willing to offer, let him fill his hand to day, and offer what he pleaseth to the Lord.	And gold for wheresoever there is need of gold: and silver for wheresoever there is need of silver, for the works to be made by the hands of the artificers: now if any man is willing to offer, let him fill his hand today, and offer what he pleaseth to the Lord.
2Par.2.7	Send me therefore a skilful man, that knoweth how to work in gold, and in silver, in brass, and in iron, in purple, in scarlet and in blue, and that hath skill in engraving, with the artificers, which I have with me in Judea and Jerusalem, whom David my father provided.	Send me therefore a skillful man, that knoweth how to work in gold, and in silver, in brass, and in iron, in purple, in scarlet and in blue, and that hath skill in engraving, with the artificers, which I have with me in Judea and Jerusalem, whom David my father provided.
2Par.2.8	Send me also cedars, and fir trees, and pine trees from Libanus: for I know that thy servants are skilful in cutting timber in Libanus, and my servants shall be with thy servants,	Send me also cedars, and fir trees, and pine trees from Libanus: for I know that thy servants are skillful in cutting timber in Libanus, and my servants shall be with thy servants,
2Par.2.13	I therefore have sent thee my father Hiram, a wise and most skilful man,	I therefore have sent thee my father Hiram, a wise and most skillful man,
2Par.5.1	Then Solomon brought in all those things that David his father had vowed, the silver, and the gold, and all the vessels he put among the treasures of the house of God.	Then Solomon brought in all the things that David his father had vowed, the silver, and the gold, and all the vessels he put among the treasures of the house of God.
2Par.6.16	Now then, O Lord God of Israel, fulfil to thy servant David my father, whatsoever thou hast promised him, saying: There shall not fail thee a man in my sight, to sit upon the throne of Israel: yet so that thy children take heed to their ways, and walk in my law, as thou hast walked before me.	Now then, O Lord God of Israel, fulfill to thy servant David my father, whatsoever thou hast promised him, saying: There shall not fail thee a man in my sight, to sit upon the throne of Israel: yet so that thy children take heed to their ways, and walk in my law, as thou hast walked before me.
2Par.6.23	Then hear thou from heaven, and do justice to thy servants, so to requite the wicked by making his wickedness fall upon his own head, and to revenge the just, rewarding him according to his justice.	Then hear thou from heaven, and do justice to thy servants, so as to requite the wicked by making his wickedness fall upon his own head, and to revenge the just, rewarding him according to his justice.
2Par.6.26	If the heavens be shut up, and there fall no rain by reason of the sin of the people, and they shall pray to thee in this place, and confess to thy name, and be converted from their sins, where thou dost afflict them,	If the heavens be shut up, and there fall no rain by reason of the sins of the people, and they shall pray to thee in this place, and confess to thy name, and be converted from their sins, when thou dost afflict them,
2Par.8.5	And he built Beth-horon the upper, and Beth-horon the nether, walled cities with gates and bars and locks.	And he built Beth-horon the upper, and Beth-horon the nether, walled cities with Rates and bars and locks.
2Par.8.18	And Hiram sent him ships by the hands of his servants, and skilful mariners, and they went with Solomon's servants to Ophir, and they took thence four hundred and fifty talents of gold, and brought it to king Solomon.	And Hiram sent him ships by the hands of his servants, and skillful mariners, and they went with Solomon's servants to Ophir, and they took thence four hundred and fifty talents of gold, and brought it to king Solomon.
2Par.9.8	Blessed be the Lord thy God, who hath been pleased to set thee on his throne, king of the Lord thy God. Because God loveth Israel, and will preserve them forever: therefore hath he made thee king over them, to do judgment and justice.	Blessed be the Lord thy God, who hath been pleased to set thee on his throne, king of the Lord thy God. Because God loveth Israel, and will preserve them for ever: therefore hath he made thee king over them, to do judgment and justice.
2Par.9.14	Beside the sum which the deputies of divers nations, and the merchants were accustomed to bring, and all the kings of Arabia, and the lords of the lands, who brought gold and silver to Solomon.	Beside the sum which the deputies of divers nations, and the merchants were accustomed to bring, and all the kings of Arabia, and the lords of the lands, who I brought gold and silver to Solomon.
2Par.11.21	And Roboam loved Maacha the daughter of Absalom above all his wives and concubines: for he had married eighteen wives, and threescore concubines: and he begot eight and twenty sons, and threescore daughters.	And Roboam loved Maacha the daughter of Absalom above all his wives, and concubines: for he had married eighteen wives, and threescore concubines: and he beget eight and twenty sons, and threescore daughters.
2Par.14.11	And he called upon the Lord God, and said: Lord, there is no difference with thee, whether thou help with few, or with many: help us, O Lord our God: for with confidence in thee, and in thy name we are come against this multitude. O Lord thou art our God, let not man prevail against thee.	And he called upon the Lord God, and said: O Lord, there is no difference with thee, whether thou help with few, or with many: help us, O Lord our God: for with confidence in thee, and in thy name, we are come against this multitude. O Lord thou art our God, let not man prevail against thee.
2Par.15.14	And they swore to the Lord with a loud voice with joyful shouting, and with sound of trumpet, and sound of cornets,	And they swore to the Lord with a loud voice with joyful shouting, and with sound of trumpet, and sound of comets,
2Par.16.4	And when Benadad heard this, he sent the captains of his armies against the cities of Israel: and they took Ahion, and Dan, and Abelmaim, and all the walled cities of Nephtali.	And then Benadad heard this, he sent the captains of his armies against the cities of Israel: and they took Ahion, and Dan, and Abelmaim, and all the walled cities of Nephtali.
2Par.17.4	But in the God of his father, and walked in his commandments, and not according to the sins of Israel.	But in the God of his father, and walk in his commandments, and not according to the sins of Israel.
2Par.18.5	So the king of Israel gathered together of the prophets four hundred men, and he said to them: Shall we go to Ramoth Galaad to fight, or shall we forbear? But they said: Go up, and God will deliver into the king's hand.	So the king of Israel gathered together of the prophets four hundred men, and he said to them: Shall we go to Ramoth Galaad to fight, or shall we forbear? But they said: Go up, and God will deliver it into the king's hand.
2Par.18.25	And the king of Israel commanded, saying: Take Micheas, and carry him to Amon the governor of the city, and to Joas the son of Amelech,	And the king of Israel commanded, saying: Take Micheas, and carry him to Amen the governor of the city, and to Joas the son of Amelech,
2Par.20.16	To morrow you shall go down against them: for they will come up by the ascent named Sis, and you shall find them at the head of the torrent, which is over against the wilderness of Jeruel.	Tomorrow you shall go down against them: for they will come up by the ascent named Sis, and you shall find them at the head of the torrent, which is over against the wilderness of Jeruel.
2Par.20.17	It shall not be you that shall fight, but only stand with confidence, and you shall see the help of the Lord over you, O Juda, and Jerusalem: fear ye not, nor be you dismayed: to morrow you shall go out against them, and the Lord will be with you.	It shall not be you that shall fight, but only stand with confidence, and you shall see the help of the Lord over you, O Juda, and Jerusalem: fear ye not, nor be you dismayed: tomorrow you shall go out against them, and the Lord will be with you.
2Par.21.12	And there was a letter brought him from Eliseus the prophet, in which it was written: Thus saith the Lord the God of David thy father: Because thou hast not walked in the ways of Josaphat thy father nor in the ways of Asa king of Juda,	And there was a letter brought him from Elias the prophet, in which it was written: Thus saith the Lord the God of David thy father: Because thou hast not walked in the ways of Josaphat thy father nor in the ways of Asa king of Juda,
2Par.25.9	And Amasias said to the man of God: What will then become of the hundred talents which I have given to the soldiers of Israel? and the man of God answered him: The Lord is rich enough to be able to give thee much more than this.	And Amasias said to the man of God: What will then become of the hundred talents which I have given to the soldiers of Israeli and the man of God answered him: The Lord is rich enough to be able to give thee much more than this.
2Par.25.23	And Joas king of Israel took Amasias king of Juda, the son of Joas, the son of Joachaz, in Bethsames, and brought him to Jerusalem: and broke down the walls thereof from the gate of Ephraim, to the gate of the corner, four hundred cubits.	And Joas king of Israel took Amasias king of Juda, the son of Joas, the son Joachaz, in Bethsames, and brought him to Jerusalem: and broke down the walls thereof from the gate of Ephraim, to the gate of the corner, four hundred cubits.
2Par.28.15	And the men, whom we mentioned above, rose up and took the captives, and with the spoils clothed all them that were naked: and when they had clothed and shod them, and refreshed them with meat and drink, and anointed them because of their labour, and had taken care of them, they set such of them as could not walk, and were feeble, upon beasts, and brought them to Jericho the city of palm trees to their brethren, and they returned to Samaria.	And the men, whom we mentioned above, rose up and took the captives, and with the spoils clothed all them that were naked: and when they had clothed and shed them, and refreshed them with meat and drink, and anointed them because of their labour, and had taken care of them, they set such of them as could not walk, and were feeble, upon beasts, and brought them to Jericho the city of palm trees to their brethren, and they returned to Samaria.
2Par.30.8	Harden not your necks, as your fathers did: yield yourselves to the Lord, and come to his sanctuary, which he hath sanctified forever: serve the Lord the God of your fathers, and the wrath of his indignation shall be turned away from you.	Harden not your necks, as your fathers did: yield yourselves to the Lord, and come to his sanctuary, which he hath sanctified for ever: serve the Lord the God of your fathers, and the wrath of his indignation shall be turned away from you.
2Par.32.30	This same Ezechias was, he that stopped the upper source of the waters of Gihon, and turned them away underneath toward the west of the city of David: in all his works he did prosperously what he would.	This same Ezechias was, he that stopped the upper source of the waters of Gihon, and turned them away underneath toward the west of the city of David: in ail his works he did prosperously what he would.
2Par.33.20	And Manasses slept with his fathers, and they buried him in his house: and his son Amon reigned in his stead.	And Manasses slept with his fathers. and they buried him in his house: and his son Amen reigned in his stead.
2Par.33.21	Amon was two and twenty years old when he began to reign, and he reigned two years in Jerusalem.	Amen was two and twenty years old when he began to reign, and he reigned two years in Jerusalem.
2Par.33.22	And he did evil in the sight of the Lord, as Manasses his father had done: he sacrificed to all the idols which Manasses his father had made, and served them.	And he did evil in the sight of the Lord, as Manasses his father had done: and he sacrificed to all the idols which Manasses his father had made, and served them.
2Par.33.23	And he did not humble himself before the Lord, as Manasses his father had humbled himself, but committed far greater sin.	And he did not humble himself before the Lord, as Manasses his father had humbled himself, but committed far greater sins.
2Par.33.25	But the rest of the multitude of the people slew them that had killed Amon, and made Josias his son king in his stead.	But the rest of the multitude of the people slew them that had killed Amen, and made Josias his son king in his stead.
2Par.34.4	And they broke down before him the altars of Baalim, and demolished the idols that had been set upon them: and he cut down the groves and the graven things, and broke them in pieces: and strewed the fragments upon the graves of them that had sacrificed to them.	And they broke down before him the altars of Baalim, and demolished the idols that had been set upon them: and be cut down the groves and the graven things, and broke them in pieces: and strewed the fragments upon the graves of them that had sacrificed to them.
2Par.34.12	And they did all faithfully. Now the overseers of the workmen were Jahath and Abdias of the sons of Merari, Zacharias and Mosollam of the sons of Caath, who hastened the work: all Levites skilful to play on instruments.	And they did all faithfully. Now the overseers of the workmen were Jahath and Abdias of the sons of Merari, Zacharias and Mosollam of the sons of Caath, who hastened the work: all Levites skillful to play on instruments.
2Par.35.17	And the children of Israel that were found there, kept the phase at that time, and the feast of unleavened seven days.	And the children of Israel that were found there, kept the phase at that time, and the feast of unleavened bread seven days.
2Par.36.18	And all the vessels of the house of Lord, great and small, and the treasures of the temple and of the king, and of the princes he carried away to Babylon.	And all the vessels of the house of the Lord, great and small, and the treasures of the temple and of the king, and of the princes he carried away to Babylon.
2Par.36.19	And the enemies set fire to the house of God, and broke down the wall of Jerusalem, burnt all the towers, and what soever was precious they destroyed.	And the enemies set fire to the house of God, and broke down the wall of Jerusalem, burnt all the towers, and whatsoever was precious they destroyed.
2Par.36.22	But in the first year of Cyrus king of the Persians, to fulfil the word of the Lord, which he had spoken by the mouth of Jeremias, the Lord stirred up the heart of Cyrus, king of the Persians: who commanded it to be proclaimed through all his kingdom, and by writing also, saying:	But in the first year of Cyrus king of the Persians, to fulfill the word of the Lord, which he had spoken by the mouth of Jeremias, the Lord stirred up the heart of Cyrus king of the Persians who commanded it to be proclaimed through all his kingdom, and by writing also, saying:
1Esd.2.33	The children of Lod, Hadid and Ono, seven hundred twenty-five.	The children of Lod, Hadid and One, seven hundred twenty-five.
1Esd.4.7	And in the days of Artaxerxes, Beselam, Mithridates, and Thabeel, and the rest that were in the council wrote to Artaxerxes king of the Persians: and the letter of accusation was written in Syrian, and was read in the Syrian tongue.	And in the days of Artaxerxes, Beselam, Mithridates, and Thabeel, and the rest that were in the council wrote to Artaxerxes king of the Persians: and the letter of accusation was written in Syriac, and was read in the Syrian tongue.
1Esd.6.20	For all the priests and the Levites were purified as one man: all were clean to kill the phase for all the children of the captivity, and for their brethren the priests, and themselves.	For all the priests and the Levites were purified as one man: all were clear to kill the phase for all the children of the captivity, and for their brethren the priests, and themselves.
1Esd.8.34	According to the number and weight of everything: and all the weight was written at that time.	According to the number and weight of every thing: and all the weight was written at that time.
1Esd.9.9	For we are bondmen, and in our bondage our God hath not forsaken us, but hath extended mercy upon us before the king of the Persians, to give us life, and to set up the house of our God, and to rebuild the desolations thereof, and to give us a fence in Juda and Jerusalem.	For we are bondmen, and in our bondage our God hath not forsaken us, but hath extended mercy upon us before the king of the Persians, to give us life, and to set up the house of our God, and rebuild the desolations thereof, and to give us a fence in Juda and Jerusalem.
1Esd.9.12	Now therefore give not your daughters to their sons, and take not their daughters for your sons, and seek not their peace, nor their prosperity for ever: that you may be strengthened, and may eat the good things of the land, and may have your children your heirs for ever.	Now therefore give not your daughters to their sons, and take not their daughters for your sons, and seek not their peace, nor their prosperity forever: that you may be strengthened, and may eat the good things of the land, and may have your children your heirs for ever.
1Esd.10.29	And of the sons of Bani, Mosollam, and Melluch, and Adaia, Jasub, and Saal, and Ramoth.	And of the sons of Bani, Mosollam, and Melluch, and Adaia, Jasub, and Seal, and Ramoth.
1Esd.10.34	Of the sons of Bani, Maaddi, Amram, and Uel,	Of the sons of Bani, Maaddi, Amran, and Uel,
2Esd.3.3	But the fish gate the sons of Asnaa built: they covered it, and set up the doors thereof, and the locks, and the bars. And next to them built Marimuth the son of Urias the son of Accus.	But the fish gate the sons of Asnaa built: they covered it, and set up the doors thereof, and tire locks, and the bars. And next to them built Marimuth the son of Urias the son of Accus.
2Esd.5.11	Restore ye to them this day their fields, and their vineyards, and their oliveyards, and their houses: and the hundredth part of the money, and of the corn, the wine, and the oil, which you were wont to exact of them, give it rather for them.	Restore ye to them this day their fields, and their vineyards, and their oliveyards, and their houses: and the hundredth part of the money, and of the corn, the wine, and the oil, which you mere wont to exact of them, give it rather for them.
2Esd.7.37	The children of Lod, of Hadid and Ono, seven hundred twenty-one.	The children of Led, of Hadid and One, seven hundred twenty-one.
2Esd.7.65	And Athersatha said to them, that they should not eat of the holies of holies, until there stood up a priest learned and skilful.	And Athersatha said to them, that they should not eat of the holies of holies, until there stood up a priest learned and skillful.
2Esd.7.70	And some of the heads of the families gave unto the work. Athersatha gave into the treasure a thousand drams of gold, fifty bowls, and five hundred and thirty garments for priests.	And some of the heads of the families gave unto the work. Athersatha gave into the treasure a thousand drama of gold, fifty bowls, and five hundred and thirty garments for priests.
2Esd.7.71	And some of the heads of families gave to the treasure of the work, twenty thousand drams of gold, and two thousand two hundred pounds of silver.	And some of the heads of families gave to the treasure of the work, twenty thousand drama of gold, and two thousand two hundred pounds of silver.
2Esd.7.72	And that which the rest of the people gave, was twenty thousand drams of gold, and two thousand pounds of silver, and sixty-seven garments for priests.	And that which the rest of the people gave, was twenty thousand drama of gold, and two thousand pounds of silver, and sixty-seven garments for priests.
2Esd.9.4	And there stood up upon the step of the Levites, Josue, and Bani, and Cedmihel, Sabania, Bonni, Sarebias, Bani, and Chanani: and they cried with a loud voice to the Lord their God.	And there stood up upon the seep of the Levites, Josue, and Bani, and Cedmihel, Sabania, Bonni, Sarebias, Bani, and Chanani: and they cried with a loud voice to the Lord their God.
2Esd.10.30	And that we would not give our daughters to the people of the land, nor take their daughters for our sons.	And that we would not give our daughters to the people of the land, not take their daughters for our sons.
2Esd.10.31	And if the people of the land bring in things to sell, or any things for use, to sell them on the sabbath day, that we would not buy them on the sabbath, or on the holy day. And that we would leave the seventh year, and the exaction of every hand.	And if the people of the land bring in things to sell, or any things for use, to sell them on the sabbath day, that we would not buy them of them on the sabbath, or on the holy day. And that we would leave the seventh year, and the exaction of every hand.
2Esd.10.32	And we made ordinances for ourselves, to give the third part of a sicle every year for the work of the house of our God,	And we made ordinances for ourselves, to give the third part of a side every year for the work of the house of our God,
2Esd.10.35	And that we would bring the firstfruits of our land, and the firstfruits of all fruit of every tree, from year to year, in the house of our Lord.	And that we would bring the first fruits of our land, and the firstfruits of all fruit of every tree, from year to year, in the house of our Lord.
2Esd.11.25	And in the houses through all their countries. Of the children of Juda some dwelt at Cariath-Arbe, and in the villages thereof: and at Dibon, and in the villages thereof: and at Cabseel, and in the villages thereof.	And in the houses through all their countries. Of the children of Juda so dwelt at Cariath-Arbe, and in the villages thereof: and at Dibon, and in the villages thereof: and at Cabseel, and in the villages thereof.
2Esd.11.26	And at Jesue, and at Molada, and at Bethphaleth,	And at Jesue, and at Molada, and Bethphaleth,
2Esd.11.34	Hadid, Seboim, and Neballat, Lod,	Hadid, Seboim, and Neballat, Led,
2Esd.12.10	And Josue begot Joacim, and Joacim begot Eliasib, and Eliasib begot Joiada,	And Josue beget Joacim, and Joacim beget Eliasib, and Eliasib beget Joiada,
2Esd.12.11	And Joiada begot Jonathan and Jonathan begot Jeddoa.	And Joiada beget Jonathan, and Jonathan beget Jeddoa.
2Esd.12.30	And the priests and the Levites were purified, and they purified the people, and the gates, and the wall.	And the priests and the Levites purified, and they purified the people, and the gates, and the wall.
2Esd.12.31	And I made the princes of Juda go up upon the wall, and I appointed two great choirs to give praise. And they went on the right hand upon the wall toward the dung gate.	And I made the princes of Juda go up upon the wall, and I appointed two great choirs to give praise. And they went on the right hand upon the wall toward the dunghill gate.
Tob.2.18	For we are the children of saints, and look for that life which God will give to those that never change their faith from him.	For we are the children of the saints, and look for that life which God will give to those that never change their faith from him.
Tob.3.3	And now, O Lord, think of me, and take not revenge of my sins, neither remember my offences, nor those of my parents.	And now, O Lord, think of me, and take not revenge of my sins, neither remember my offenses, nor those of my parents.
Tob.4.9	If thou have much give abundantly: if thou have little, take care even so to bestow willingly a little.	If thou have much give abundantly: if thou have a little, take care even so to bestow willingly a little.
Tob.5.2	But how I shall get this money, I cannot tell; he knoweth not me, and I know not him: what token shall I give him? nor did I ever know the way which leadeth thither.	But how I shall get this money, I cannot tell; he knoweth me not, and I know not him: what token shall I give him? nor did I ever know the way which leadeth thither.
Tob.5.25	For our poverty was sufficient for us, that we might account it as riches, that we saw our son.	For poverty was sufficient for us, that we might account it as riches, that we saw our son.
Tob.6.5	Then the angel said to him: Take out the entrails of this fish, and lay up his heart, and his gall, and his liver for thee: for these are necessary for useful medicines.	Then the angel said to him: Take out the entrails of the fish, and lay up his heart, and his gall, and his liver for thee: for these are necessary for useful medicines.
Tob.7.15	And taking the right hand of his daughter, he gave it into the right hand of Tobias, saying: The God of Abraham, and the God of Isaac, and the God of Jacob be with you, and may he join you together, and fulfil his blessing in you.	And taking the right hand of his daughter, he gave it into the right hand of Tobias, saying: The God of Abraham, and the God of Isaac, and the God of Jacob be with you, and may he join you together, and fulfill his blessing in you.
Tob.7.18	And Raguel called to him Anna his wife, and bade her to prepare another chamber.	And Raguel called to him Anna his wife, and bade her prepare another chamber.
Tob.8.4	Then Tobias exhorted the virgin, and said to her: Sara, arise, and let us pray to God to day, and to morrow, and the next day: because for these three nights we are joined to God: and when the third night is over, we will be in our own wedlock.	Then Tobias exhorted the virgin, and said to her: Sara, arise, and let us pray to God today, and tomorrow, and the next day: because for these three nights we are joined to God: and when the third night is over, we will be in our own wedlock.
Tob.8.7	And Tobias said: Lord God of our fathers, may the heavens and the earth, and the sea, and the fountains, and the rivers, and all thy creatures that are in them, bless thee.	And Tobias said: Lord God of our father, may the heavens and the earth, and the sea, and the fountains, and the rivers, and all thy creatures that are in them, bless thee.
Tob.8.24	And of all things which Raguel possessed, he gave one half to Tobias, and made a writing, that the half that remained should after their decease come also to Tobias.	And of all things which Raguel possessed, he gave one half to Tobias, and made him a writing, that the half that remained should after their decease come also to Tobias.
Tob.10.11	Saying: The holy angel of the Lord be with you in your journey, and bring you through safe, and that you may find all things well about your parents, and my eyes may see your children before I die.	Saying: The holy angel of the Lord be with you in your journey, and bring you through safe, and that you may find all things well about your parents, and my eyes see your children before I die.
Tob.11.16	And they glorified God, both he and his wife and all that knew him.	And they glorified God, both he and his wife and all that knew them.
Tob.12.4	But I beseech thee, my father, to desire him, that he would vouchsafe to accept of one half of all things that have been brought.	But I beseech thee, my father, to desire him, that he would vouchsafe to accept one half of all things that have been brought.
Tob.14.2	And after he had lived a hundred and two years, he was buried honorably in Ninive.	And after he had lived a hundred and two years, he was buried honourably in Ninive.
Jdt.4.12	Remember Moses the servant of the Lord overcame Amalec that trusted in his own strength, and in his power, and in his army, and in his shields, and in his chariots, and in his horsemen, not by fighting with the sword, but by holy prayers:	Remember Moses the servant of the Lord, who overcame Amalec that trusted in his own strength, and in his power, and in his army, and in his shields, and in his chariots, and in his horsemen, not by fighting with the sword, but by holy prayers:
Jdt.4.13	So all the enemies of Israel be, if you persevere in this work which you have begun.	So shall all the enemies of Israel be, if you persevere in this work which you have begun.
Jdt.5.2	And he was transported with exceeding great fury and indignation, and he called all the princes of Moab and the leaders of Ammon.	And he was transported with exceeding great fury and indignation, and he called all the princes of Moab and the leaders of Amman.
Jdt.5.5	Then Achior captain of all the children of Ammon answering, said; If thou vouchsafe, my lord, to hear, I will tell the truth in thy sight concerning this people, that dwelleth in the mountains, and there shall not a false word come out of my mouth.	Then Achior captain of all the children of Ammon answering, said: If thou vouch safe, my lord, to hear, I will tell the truth in thy sight concerning this people, that dwelleth in the mountains, and there shall not a false word come out of my mouth.
Jdt.5.14	After they came out of the Red Sea, they abode in the deserts of mount Sina, in which never man could dwell, or son of man rested.	And after they came out of the Red Sea, they abode in the deserts of mount Sina, in which never man could dwell, or son of man rested.
Jdt.5.25	But if there be no offence of this people in the sight of their God, we cannot resist them because their God will defend them: and we shall be a reproach to the whole earth.	But if there be no offense of this people in the sight of their God, we can not resist them, because their God will defend them: and we shall be a reproach to the whole earth.
Jdt.6.15	Saying: O Lord God of heaven and earth, behold their pride, and look on our low condition, and have regard to the face of thy saints, and shew that thou forsakest not them that trust on thee, and that thou humblest them that presume of themselves, and glory in their own strength.	Saying: O Lord God of heaven and earth, behold their pride, and look on our low condition, and have regard to the face of thy saints, and shew that thou forsakes not them that trust on thee, and that thou humblest them that presume of themselves, and glory in their own strength.
Jdt.7.3	All these prepared themselves together to fight against the children of Israel, and they came by the hillside to the top, which looketh toward Dothain, from the place which is called Belma, unto Chelmon, which is over against Esdrelon.	All these prepared themselves together to fight against the children of Israel, and they came by the hillside to the top, which looketh toward Dothain, from the place which is called Behlma, unto Chelmon, which is over against Esdrelon.
Jdt.7.8	But the children of Ammon and Moab came to Holofernes, saying: The children of Israel trust not in their spears, nor in their arrows, but the mountains are their defence, and the steep hills and precipices guard them.	But the children of Ammon and Moab came to Holofernes, saying: The children of Israel trust not in their spears, nor in their arrows, but the mountains are their defense, and the steep hires and precipices guard them.
Jdt.7.19	We have sinned with our fathers, we have done unjustly, we have committed iniquity:	We have sinned with our fathers we have done unjustly, we have commited iniquity:
Jdt.7.25	But if after five days be past there come no aid, we will do the things which you have spoken.	But if after five days be past there come no aid, we will do the things which you leave spoken.
Jdt.8.1	Now it came to pass, when Judith a widow had heard these words, who was the daughter of Merari, the son of Idox, the son of Joseph, the son of Ozias, the son of Elai, the son of Jamnor, the son of Gedeon, the son of Raphaim, the son of Achitob, the son of Melchias, the son of Enan, the son of Nathanias, the son of Salathiel, the son of Simeon, the son of Ruben:	Now it came to pass, when Judith a widow had heard these words, who was the daughter of Merari, the son of Idox, the son of Joseph, the son of Ozias, the son of Elai, the son of Jamnor, the son of Gedeon, the son of Raphaim, the son of Achitob, the son of Melehias, the son of Enan, the son of Nathanias, the son of Salathiel, the son of Simeon, the son of Ruben:
Jdt.9.2	Lord God of my father Simeon, who gavest him a sword to execute vengeance against strangers, who had defiled by their uncleanness, and uncovered the virgin unto confusion:	O Lord God of my father Simeon, who gavest him a sword to execute vengeance against strangers, who had defiled by their uncleanness, and uncovered the virgin unto confusion:
Jdt.9.3	And who gavest their wives to be made a prey, and their daughters into captivity: and all their spoils to be divided to the servants, who were zealous with thy zeal: assist, I beseech thee, O Lord God, me a widow.	And who gavest their wives to be made a prey, and their daughters into captivity: and all their spoils to be divided to thy servants, who were zealous with thy zeal: assist, I beseech thee, O Lord God, me a widow.
Jdt.13.28	And that thou mayst find that it is so, behold the head of Holofernes, who in the contempt of his pride despised the God of Israel: and threatened them with death, saying: When the people of Israel shall be taken, I will command thy sides to be pierced with a sword.	And that thou mayst find that it is so, behold the head of Holofernes, who in the contempt of his pride despised the God of Israel: and threatened thee with death, saying: When the people of Israel shall be taken, I will command thy sides to be pierced with a sword.
Jdt.14.7	And immediately at break of day, they hung up the head of Holofernes upon the walls, and every man took his arms, and they went out with a great noise and shouting.	And immediately at break of day, they hung up the head of Holofernes upon the walls, and every man took his arms, and they sent out with a great noise and shouting.
Jdt.14.14	But when with hearkening, he perceived no motion of one lying, he came near to the curtain, and lifting it up, and seeing the body of Holofernes, lying upon the ground, without the head, weltering in his blood, he cried out with a loud voice, with weeping, and rent his garments.	But when with hearkening, he perceived no motion of one lying, he came near to the curtain, and lifting it up, and seeing the body of Holofernes, lying upon the ground, without the head, sweltering in his blood, he cried out with a loud voice, with weeping, and rent his garments.
Jdt.16.5	The Assyrian came out of the mountains from the north in the multitude of his strength: his multitude stopped up the torrents, and their horses covered the valleys.	The Assyrians came out of the mountains from the north in the multitude of his strength: his multitude stopped up the torrents, and their horses covered the valleys.
Esth.1.1	In the days of Assuerus, who reigned from India to Ethiopia over a hundred and twenty seven provinces:	In the days of Assuerus, who reigned from India to Ethiopia over a hundred and twenty-seven provinces:
Esth.3.7	In the first month (which is called Nisan) in the twelfth year of the reign of Assuerus, the lot was cast into an urn, which in Hebrew is called Phur, before Aman, on what day and what month the nation of the Jews should be destroyed: and there came out the twelfth month, which is called Adar.	In the first month (which is called Nisan) in the twelfth year a of the reign of Assuerus, the lot was cast into an urn, which in Hebrew is called Phur, before Aman, on what day and what month the nation of the Jews should be destroyed: and there came out the twelfth month, which is called Adar.
Esth.3.9	If it please thee, decree that they may be destroyed, and I will pay ten thousand talents to thy treasurers.	If it please thee, decree that they may he destroyed, and I will pay ten thousand talents to thy treasurers.
Esth.3.15	The couriers that were sent made haste to fulfil the king's commandment. And immediately the edict was hung up in Susan, the king and Aman feasting together, and all the Jews that were in the city weeping.	The couriers that were sent made haste to fulfill the king's commandment. And immediately the edict was hung up in Susan, the king and Aman feasting together, and all the Jews that were in the city weeping.
Esth.5.3	And the king said to her: What wilt thou, queen Esther? what is thy request? if thou shouldst even ask one half of the kingdom, it shall be given to thee.	And the king said to her: What wilt then, queen Esther? what is thy request? if thou shouldst even ask one half of the kingdom, it shall be given to thee.
Esth.5.8	If I have found favour in the king's sight, and if it please the king to give me what I ask, and to fulfil my petition: let the king and Aman come to the banquet which I have prepared them, and to morrow I will open my mind to the king.	If I have found favour in the king's sight, and if it please the king to give me what I ask, and to fulfill my petition: let the king and Aman come to the banquet which I have prepared them, and tomorrow I will open my mind to the king.
Esth.5.12	And after this he said: Queen Esther also hath invited no other to the banquet with the king, but me: and with her I am also to dine to morrow with the king:	And after this he said: Queen Esther also hath invited no other to the banquet with the king, but me: and with her I am also to dine tomorrow with the king:
Esth.9.13	And she answered: If it please the king, let it be granted to the Jews, to do to morrow in Susan as they have done to day, and that the ten sons of Aman may be hanged upon gibbets.	And she answered: If it please the king, let it be granted to the Jews, to do tomorrow in Susan as they have done today, and that the ten sons of Aman may be hanged upon gibbets.
Esth.13.2	Whereas I reigned over many nations, and had brought all the world under my dominion, I was not willing to abuse the greatness of my power, but to govern my subjects with clemency and that they might live quietly without any terror, and might enjoy peace, which is desired by all men,	Whereas I reigned over many nations, and had brought all the world under my dominion, I was not willing to abuse the greatness of my power, but to govern my subjects with clemency and lenity, that they might live quietly without any terror. and might enjoy peace, which is desired by all men.
Esth.13.12	Thou knowest all things, and thou knowest that it was not out of pride and or any desire of glory, that I refused to worship the proud Aman,	Thou knowest all things, and thou knowest that it was not out of pride and contempt, or any desire of glory, that I refused to worship the proud Aman,
Esth.15.9	So going in she passed through all doors in order, and stood before the king, where he sat upon his royal throne, clothed with his royal robes, and glittering with gold, and precious stones, and he was terrible to behold.	So going in she passed through all the doors in order, and stood before the king, where he sat upon his royal throne, clothed with his royal robes, and glittering with gold, and precious stones, and he was terrible to behold.
Esth.16.10	Now that you may more plainly understand what we say, Aman the son of Amadathi, a Macedonian both in mind and country, and having nothing of the Persian blood, but with his cruelty staining our goodness, was received being a stranger by us:	Now that you may more plainly understand what we say, I Aman the son of Amadathi, a Macedonian both in mind and country, and having nothing of the Persian blood, but with his cruelty staining our goodness, was received being a stranger by us:
Job.1.3	And his possession was seven thousand sheep, and three thousand camels, and five hundred yoke of oxen, and five hundred she asses, and a family exceedingly great: and this man was great among all the people of the east.	And his possession was seven thousand sheep, and three thousand camels, and five hundred yoke of oxen, and five hundred she asses, and a family exceeding great: and this man was great among all the people of the east.
Job.1.10	Hast thou not made a fence for him, and his house, and all his substance round about, blessed the works of his hands, and his possession hath increased on the earth?	Hast not thou made a fence for him, and his house, and all his substance round about, blessed the works of his hands, and his possession hath increased on the earth?
Job.1.11	But stretch forth thy hand a little, and touch all that he hath, and see if he bless thee not to thy face.	But stretch forth thy hand a little, and touch all that he hath, and see if he blesseth thee not to thy face.
Job.1.18	He was yet speaking, and behold another came in, and said: Thy sons and daughters were eating and drinking wine in the house of their eldest brother,	He was yet speaking, and behold another came in, and said: Thy sons and daughters were eating and drinking wine in the house of their elder brother:
Job.2.1	And it came to pass, when on a certain day the sons of God came, and stood before the Lord, and Satan came amongst them, and stood in his sight,	And it came to pass, when on a certain day the sons of God came, and stood before the Lord, and Satan came among them, and stood in his sight,
Job.2.11	Now when Job's three friends heard all the evil that had befallen him, they came every one from his own place, Eliphaz, the Themanite, and Baldad, the Suhite, and Sophar, the Naamathite. For they had made an appointment to come together and visit him, and comfort him.	Now when Job's three friends heard all the evil that had befallen him, they came every one from his own place, Alphas the Themanite, and Baldad the Suhite, and Sophar the Naamathite. For they had made an appointment to come together and visit him, and comfort him.
Job.2.12	And when they had lifted up their eyes afar off, they knew him not, and crying out, they wept, and rending their garments, they sprinkled dust upon their heads toward heaven.	And when they had lifted up their eyes afar off, they knew him not, and crying out they wept, and rending their garments they sprinkled dust upon their heads towards heaven.
Job.3.15	Or with princes, that possess gold, and fill their houses with silver:	Or with princes, that possess gold, and All their houses with silver:
Job.5.6	Nothing upon earth is done without a cause, and sorrow doth not spring out of the ground.	Nothing upon earth is done without a voice cause, and sorrow doth not spring out of the ground.
Job.5.22	In destruction and famine thou shalt laugh: and thou shalt not be afraid of the beasts of the earth.	In destruction and famine then shalt laugh: and thou shalt not be afraid of the beasts of the earth.
Job.6.24	Teach me, and I will hold my peace: and if I have been ignorant of any thing, instruct me.	Teach me, and I will hold my peace: and if I have been ignorant in any thing, instruct me.
Job.7.7	Remember that my life is but wind, and my eye shall not return to see good things.	Remember that my life is but wind, and my eyes shall not return to see good things.
Job.7.20	I have sinned: what shall I do to thee, O keeper of men? why hast thou set me opposite to thee, and am I become burdensome to myself?	I have sinned: what shall I do to thee, O keeper of men? why hast thou set me opposite to thee, and I am become burdensome to myself?
Job.8.1	Then Baldad, the Suhite, answered, and said:	The Baldad the Suhite answered, and said:
Job.8.6	If thou wilt walk clean and upright, he will presently awake unto thee, and will make the dwelling of thy justice peaceable:	If thou wilt walk clean and upright, he will presently awake onto thee, and will make the dwelling of thy justice peaceable:
Job.8.7	In so much, that if thy former things were small thy latter things would be multiplied exceedingly.	Insomuch, that if thy former things were small, thy latter things would be multiplied exceedingly.
Job.8.11	Can the rush be green without moisture? or sedge bush grow without water?	Can the rush be green without moisture? or a sedge-bush grow without water?
Job.8.20	God will not cast away the simple, nor reach out his hand to the evil doer:	God will not cast away the simple, nor reach out his hand to the evildoer:
Job.10.9	Remember, I beseech thee, that thou hast made me as the clay, and thou wilt bring me into dust.	Remember, I beseech thee, that thou hast made me as the clay, and thou wilt bring me into dust again.
Job.12.1	Then Job answered, and said:	When Job answered, and said:
Job.12.16	With him is strength and wisdom: he knoweth both the deceivers, and him that is deceived.	With him is strength and wisdom: he knoweth both the deceiver, and him that is deceived.
Job.13.8	Do you accept this person, and do you endeavour to judge for God?	Do you accept his person, and do you endeavour to judge for God?
Job.13.23	How many are my iniquities and sins? make me know my crimes and offenses.	How many are my iniquities and sins? make me know my crimes and offences.
Job.14.8	If its roots be old in the earth, and its stock be dead in the dust:	If its root be old in the earth, and its stock be dead in the dust:
Job.17.14	I have said to rottenness: Thou art my father; to worms, my mother and my sister.	If I have said to rottenness: Thou art my father; to worms, my mother and my sister.
Job.18.21	These then are the tabernacles of the wicked, and this the place of him that knoweth not God.	These men are the tabernacles of the wicked, and this the place of him that knoweth not God.
Job.19.5	But you set yourselves up against me, and reprove me with my reproaches.	But you have set yourselves up against me, and reprove me with my reproaches.
Job.19.7	Behold I shall cry suffering violence, and no one will hear: I shall cry aloud, and there is none to judge.	Behold I cry suffering violence, and no one will hear: I shall cry aloud, and there is none to judge.
Job.19.15	They that dwell in my house, and my maidservants have counted me as a stranger, and I have been like an alien in their eyes.	They that dwelt in my house, and my maidservants have counted me a stranger, and I have been like an alien in their eyes.
Job.19.19	They that were sometime my counsellors, have abhorred me: and he whom I loved most is turned against me.	They that were sometime my counsellors, have abhorred me: and he whom I love most is turned against me.
Job.19.26	And I shall be clothed again with my skin, and in my flesh I shall see my God.	And I shall be clothed again with my skin, and in my flesh I will see my God.
Job.19.29	Flee then from the face of the sword, for the sword is the revenger of iniquities: and know ye that there is a judgment.	Flee then from the face of the sword, for the sword is the revenger of iniquities: and know ye that there is judgment.
Job.20.7	In the end he shall be destroyed like a dunghill, and they that had seen him, shall say: Where is he?	In the end he shall be destroyed like a dunghill, and they that has seen him shall say: Where is he?
Job.20.10	His children shall be oppressed with want, and his hands shall render to him his sorrow.	His children shall be oppressed with want, and his hands shall render him his sorrow.
Job.31.8	Then let me sow and let another reap: and let my offspring be rooted out.	Then let me sow and let another eat: and let my offspring be rooted out.
Job.31.23	For I have always feared God as waves swelling over me, and his weight I was unable to bear.	For I have always feared God as waves swelling over me, and his weight I was not able to bear.
Job.31.34	If I have been afraid at a very great multitude, and the contempt of kinsmen hath terrified me: and have not rather held my peace, and not gone out of the door.	If I have been afraid at a very great multitude, and the contempt of kinsmen hath terrified me: and I have not rather held my peace, and not gone out of the door.
Job.31.35	Who would grant me a hearing, that the Almighty may hear my desire: and that he himself that judgeth would write a book,	Who would grant me a hearer, that the Almighty may hear my desire; and that he himself that judgeth would write a book,
Job.33.8	Now thou hast said in my hearing, and I have heard the voice of thy words:	Now thou has said in my hearing, and I have heard the voice of thy words:
Job.33.25	His flesh is consumed with punishments, let him return to the days of his youth.	His flesh is consumed with punishment, let him return to the days of his youth.
Job.35.9	By reason of the multitude of oppressors they shall cry out: and shall wail for the violence of the arm of tyrants.	By reason of the multitude of oppressions they shall cry out: and shall wail for the violence of the arm of tyrants.
Job.36.23	Who can search out his ways? or who can say to him: Thou hast wrought iniquity?	Who can search out his ways? or who can say to him: Thou has wrought iniquity?
Job.38.2	Who is this that wrappeth up sentences in unskilful words?	Who is this that wrappeth up sentences in unskillful words?
Job.38.4	Where wast thou when I laid the foundations of the earth? tell me if thou hast understanding.	Where wast thou when I laid up the foundations of the earth? tell me if thou hast understanding.
Job.38.22	Hast thou entered into the storehouses of the snow, or hast thou beheld the treasures of the hail:	Hast thou entered into the storehouses of the snow, or has thou beheld the treasures of the hail:
Job.42.14	And he called the name of one Dies, and the name of the second Cassia, and the name of the third Cornustibii.	And he called the names of one Dies, and the name of the second Cassia, and the name of the third Cornustibil.
Ps.3.2	Why, O Lord, are they multipied that afflict me? many are they who rise up against me.	Why, O Lord, are they multiplied that afflict me? many are they who rise up against me.
Ps.3.6	I have slept and have taken my rest: and I have risen up, because the Lord hath protected me.	I have slept and taken my rest: and I have risen up, because the Lord hath protected me.
Ps.4.5	Be ye angry, and sin not: the things you say in your hearts, be sorry for them upon your beds.	Be angry, and sin not: the things you say in your hearts, be sorry for them upon your beds.
Ps.4.9	In peace in the self same I will sleep, and I will rest:	In peace in the selfsame I will sleep, and I will rest:
Ps.5.1	Unto the end, for her that obtaineth the inheritance. A psalm for David.	Unto the end, for her that obtaineth the inheritance. A psalm of David.
Ps.5.5	In the morning I will stand before thee, and I will see: because thou art not a God that willest iniquity.	In the morning I will stand before thee, and will see: because thou art not a God that willest iniquity.
Ps.5.11	Their throat is an open sepulchre: they dealt deceitfully with their tongues: judge them, O God. Let them fall from their devices: according to the multitude of their wickednesses cast them out: for they have provoked thee, O Lord.	Their throat is an open sepulchre: they dealt deceitfully with their tongues: judge them, O God. Let them fall from their devices: according to the multitude of their wickedness cast them out: for they have provoked thee, O Lord.
Ps.7.1	The psalm of David, which he sung to the Lord, for the words of Chusi, the son of Jemini.	The psalm of David which he sung to the Lord for the words of Chusi the son of Jemini. [2 Kings 16]
Ps.8.1	Unto the end, for the presses: a psalm for David.	Unto the end, for the presses: a psalm of David.
Ps.8.10	O Lord, our Lord, how admirable is thy name in the whole earth!	O Lord our Lord, how admirable is thy name in all the earth!
Ps.9.16	I will rejoice in thy salvation: the Gentiles have stuck fast in the destruction which they prepared. Their foot hath been taken in the very snare which they hid.	I will rejoice in thy salvation: the Gentiles have stuck fast in the destruction which they have prepared. Their foot hath been taken in the very snare which they hid.
Ps.9.30	His eyes are upon the poor man: he lieth in wait, in secret, like a lion in his den. He lieth in ambush, that he may catch the poor man: so catch the poor, whilst he draweth him to him.	His eyes are upon the poor man: He lieth in wait in secret like a lion in his den. He lieth in ambush that he may catch the poor man: to catch the poor, whilst he draweth him to him.
Ps.10.1	Unto the end. A psalm to David.	Unto the end. A psalm for David.
Ps.14.1	A psalm for David. Lord, who shall dwell in thy tabernacle? or who shall rest in thy holy hill?	A psalm of David. Lord, who shall dwell in thy tabernacle? or who shall rest in thy holy hill?
Ps.15.4	Their infirmities were multiplied: afterwards they made haste. I will not gather together their meetings for bloodofferings: nor will I be mindful of their names by my lips.	Their infirmities were multiplied: afterwards they made haste. I will not gather together their meetings for blood offerings: nor will I be mindful of their names by my lips.
Ps.17.1	Unto the end, for David, the servant of the Lord, who spoke to the Lord the words of this canticle, in the day that the Lord delivered him from the hand of all his enemies, and from the hand of Saul: and he said:	Unto the end, for David the servant of the Lord, who spoke to the Lord the words of this canticle, in the day that the Lord delivered him from the hands of all his enemies, and from the hand of Saul. [2 Kings 22]
Ps.17.23	For all his judgments are in my sight: and his justices I have not put away from me.	For till his judgments are in my sight: and his justices I have not put away from me.
Ps.17.31	As for my God, his way is undefiled: the words of the Lord are fire-tried: he is the protector of all that trust in him.	As for my God, his way is undefiled: the words of the Lord are fire tried: he is the protector of all that trust in him.
Ps.17.48	O God, who avengest me, and subduest the people under me, my deliverer from my enraged enemies.	O God, who avengest me, and subduest the people under me, my deliverer from my enemies.
Ps.18.6	He hath set his tabernacle in the sun: and he as a bridegroom coming out of his bridechamber, Hath rejoiced as a giant to run the way:	He hath set his tabernacle in the sun: and he, as a bridegroom coming out of his bride chamber, Hath rejoiced as a giant to run the way:
Ps.19.4	May he be mindful of all thy sacrifices: and may thy whole burntoffering be made fat.	May he be mindful of all thy sacrifices: and may thy whole burnt offering be made fat.
Ps.19.7	The Lord fulfil all thy petitions: now have I known that the Lord hath saved his anointed. He will hear him from his holy heaven: the salvation of his right hand is in powers.	The Lord fulfill all thy petitions: now have I known that the Lord hath saved his anointed. He will hear him from his holy heaven: the salvation of his right hand is in powers.
Ps.27.1	A psalm for David himself. Unto thee will I cry, O Lord: O my God, be not thou silent to me: lest if thou be silent to me, I become like them that go down into the pit.	A psalm for David himself. Unto thee will I cry, O Lord: O my God, be not thou silent to me: lest thou be silent to me, I become like them that go down into the pit.
Ps.31.5	I have acknowledged my sin to thee, and my injustice I have not concealed. I said I will confess against my self my injustice to the Lord: and thou hast forgiven the wickedness of my sin.	I have acknowledged my sin to thee, and my injustice I have not concealed. I said I will confess against myself my injustice to the Lord: and thou hast forgiven the wickedness of my sin.
Ps.32.10	The Lord bringeth to nought the counsels of nations; and he rejecteth the devices of people, and casteth away the counsels of princes.	The Lord bringeth to naught the counsels of nations; and he rejecteth the devices of people, and casteth away the counsels of princes.
Ps.34.4	Let them be confounded and ashamed that seek after my soul. Let them be turned back and be confounded that devise evil against me.	Let them be confounded and ashamed that seek after my soul. Let them be turned back and be confounded that devise against me.
Ps.36.1	Be not emulous of evildoers; nor envy them that work iniquity.	A psalm for David himself. Be not emulous of evildoers; nor envy them that work iniquity.
Ps.36.9	For evildoers shall be cut off: but they that wait upon the Lord, they shall inherit the land.	For the evildoers shall be cut off: but they that wait upon the Lord shall inherit the land.
Ps.36.18	The Lord knoweth the days of the undefiled; and their inheritance shall be for ever.	The Lord knoweth the days of undefiled; and their inheritance shall be for ever.
Ps.37.22	For sake me not, O Lord my God: do not thou depart from me.	Forsake me not, O Lord my God: do not thou depart from me.
Ps.38.2	I said: I will take heed to my ways: that I sin not with my tongue. I have set a guard to my mouth, when the sinner stood against me.	I said: I will take heed to my ways: that I sin not with my tongue. I have set guard to my mouth, when the sinner stood against me.
Ps.40.10	For even the man of my peace, in whom I trusted, who ate my bread, hath greatly supplanted me.	For even the man of peace, in whom I trusted, who ate my bread, hath greatly supplanted me.
Ps.41.7	And my God. My soul is troubled within my self: therefore will I remember thee from the land of Jordan and Hermoniim, from the little hill.	And my God. My soul is troubled within myself: therefore will I remember thee from the land of Jordan and Hermoniim, from the little hill.
Ps.44.7	Thy throne, O God, is forever and ever: the sceptre of thy kingdom is a sceptre of uprightness.	Thy throne, O God, is for ever and ever: the sceptre of thy kingdom is a sceptre of uprightness.
Ps.47.13	Surround Sion, and encompass her: tell lye in her towers.	Surround Sion, and encompass her: tell ye in her towers.
Ps.50.2	When Nathan the prophet came to him, after he had sinned with Bethsabee. [2 Kings 12.]	When Nathan the prophet came to him after he had sinned with Bethsabee.
Ps.51.2	When Doeg the Edomite came and told Saul: David went to the house of Achimelech.	When Doeg the Edomite came and told Saul David went to the house of Achimelech. [1 Kings 22]
Ps.53.2	When the men of Ziph had come and said to Saul: Is not David hidden with us? [1 Kings 23.19]	When the men of Ziph had come and said to Saul: Is not David hidden with us?
Ps.54.13	For if my enemy had reviled me, I would verily have borne with it. And if he that hated me had spoken great things against me, I would perhaps have hidden my self from him.	For if my enemy had reviled me, I would verily have borne with it. And if he that hated me had spoken great things against me, I would perhaps have hidden myself from him.
Ps.55.1	Unto the end, for a people that is removed at a distance form the sanctuary: for David, for an inscription of a title (or pillar) when the Philistines held him in Geth.	Unto the end, for a people that is removed at a distance from the sanctuary for David, for an inscription of a title (or pillar) when the Philistines held him in Geth.
Ps.57.2	If in very deed ye speak justice: judge right things, ye sons of men.	If in very deed you speak justice: judge right things, ye sons of men.
Ps.58.1	Unto the end, destroy not, for David for an inscription of a title, when Saul sent and watched his house to kill him. [1 Kings 19.]	Unto the end, destroy not, for David for an inscription of It title, when Saul sent and watched his house to kill him.
Ps.59.5	Thou hast shewn thy people hard things; thou hast made us drink the wine of sorrow.	Thou hast shewn thy people hard things; thou hast made us drink wine of sorrow.
Ps.62.1	A psalm of David while he was in the desert of Edom.	A psalm of David when he was in the desert of Edom.
Ps.62.4	For thy mercy is better than lives: thee my lips will praise.	For thy mercy is better than lives: thee my lips shall praise.
Ps.68.16	Let not the tempest of water drown me, nor the deep water swallow me up: and let not the pit shut her mouth upon me.	Let not the tempest of water drown me, nor the deep swallow me up: and let not the pit shut her mouth upon me.
Ps.70.6	By thee have I been confirmed from the womb: from my mother's womb thou art my protector. Of thee I shall continually sing:	By thee have I been confirmed from the womb: from my mother's womb thou art my protector. Of thee shall I continually sing:
Ps.77.45	He sent amongst them divers sorts of flies, which devoured them: and frogs which destroyed them.	He sent amongst them divers sores of flies, which devoured them: and frogs which destroyed them.
Ps.77.72	And he fed them in the innocence of his heart: and conducted them by the skilfulness of his hands.	And he fed them in the innocence of his heart: and conducted them by the skillfulness of his hands.
Ps.82.7	The tabernacles of the Edomites, and the Ishmahelites: Moab, and the Agarens,	The tabernacles of the Edomites, and the Ismahelites: Moab, and the Agarens,
Ps.87.6	Free among the dead. Like the slain sleeping in the sepulchres, whom thou rememberest no more: and they are cut off from thy hand.	Free among the dead. Like the slain sleeping in the sepulchres, whom thou rememberest no more: and they are cast off from thy hand.
Ps.88.39	But thou hast rejected and despised: thou hast been angry with my anointed.	But thou hast rejected and despised: thou hast been angry with thy anointed.
Ps.92.2	My throne is prepared from of old: thou art from everlasting.	Thy throne is prepared from of old: thou art from everlasting.
Ps.94.8	To day if you shall hear his voice, harden not your hearts:	Today if you shall hear his voice, harden not your hearts:
Ps.97.7	Let the sea be moved and the fullness thereof: the world and they that dwell therein.	Let the sea be moved and the fulness thereof: the world and they that dwell therein.
Ps.100.3	I will not set before my eyes any unjust thing: I hated the workers of iniquities.	I did not set before my eyes any unjust thing: I hated the workers of iniquities.
Ps.104.1	Give glory to the Lord, and call upon his name: declare his deeds among the Gentiles.	Alleluia. Give glory to the Lord, and call upon his name: declare his deeds among the Gentiles.
Ps.104.27	He gave them power to shew them signs, and his wonders in the land of Cham.	He gave them power to shew his signs, and his wonders in the land of Cham.
Ps.105.1	Give glory to the Lord, for he is good: for his mercy endureth for ever.	Alleluia. Give glory to the Lord, for he is good: for his mercy endureth for ever.
Ps.105.13	They had quickly done, they forgot his works: and they waited not for his counsel.	They had quickly done, they forgot his works: and they waited not for his counsels.
Ps.105.47	Save us, O Lord, our God: and gather us from among the nations: That we may give thanks to thy holy name, and may glory in thy praise.	Save us, O Lord, our God: and gather us from among nations: That we may give thanks to thy holy name, and may glory in thy praise.
Ps.106.3	From the rising and from the setting of the sun, from the north and from the sea.	From the rising and the setting of the sun, from the north and from the sea.
Ps.106.16	Because he hath broken gates of brass, and burst iron bars.	Because he hath broken gates of brass, and burst the iron bars.
Ps.106.33	He hath turned rivers into a wilderness: and the sources of waters into dry ground:	He hath turned rivers into a wilderness: and the sources of water into dry ground:
Ps.106.35	He hath turned a wilderness into pools of waters, and a dry land into water springs.	He hath turned a wilderness into pools of water, and a dry land into water springs.
Ps.106.42	The just shall see, and shall rejoice, and all iniquity shall stop her mouth.	The just shall see, and shall rejoice, and all iniquity shall stop their mouth.
Ps.107.4	I will praise thee, O Lord, among the people: and I will sing unto thee among the nations.	I will praise thee, O Lord, among the people: and I will sing unto thee among the populations.
Ps.108.28	They will curse and thou wilt bless: let them that rise up against me be confounded: but thy servant shall rejoice.	They will curse and thou will bless: let them that rise up against me be confounded: but thy servant shall rejoice.
Ps.109.1	A psalm for David. The Lord said to my Lord: Sit thou at my right hand: Until I make thy enemies thy footstool.	The Lord said to my Lord: Sit thou at my right hand: Until I make thy enemies thy footstool.
Ps.109.6	He shall judge among nations, he shall fill ruins: he shall crush the heads in the land of many.	He shall judge among nations, he shall fill ruins: he shall crush the heads in the land of the many.
Ps.113.19	They that fear the Lord have hoped in the Lord: he is their helper and their protector.	They that fear the Lord hath hoped in the Lord: he is their helper and their protector.
Ps.114.3	The sorrows of death have compassed me: and the perils of hell have found me. I met with trouble and sorrow:	The sorrows of death have encompassed me: and the perils of hell have found me. I met with trouble and sorrow:
Ps.114.6	The Lord is the keeper of little ones: I was humbled, and he delivered me.	The Lord is the keeper of little ones: I was little and he delivered me.
Ps.117.16	The right hand of the Lord hath wrought strength: the right hand of the Lord hath exalted me: the right hand of the Lord hath wrought strength.	The right hand of the Lord hath wrought strength: the right hand of the Lord hath exulted me: the right hand of the Lord hath wrought strength.
Ps.117.19	Open ye to me the gates of justice: I will go in to them, and give praise to the Lord.	Open ye to me the gates of justice: I will go into them, and give praise to the Lord.
Ps.117.26	Blessed be he that cometh in the name of the Lord. We have blessed you out of the house of the Lord.	Blessed be he that cometh in the name Lord. We have blessed you out of the house of the Lord.
Ps.118.2	Blessed are they that search his testimonies: that seek him with their whole heart.	Blessed are they who search his testimonies: that seek him with their whole heart.
Ps.118.43	And take not thou the word of truth utterly out of my mouth: for in thy words, I have hoped exceedingly.	And take not thou the word of truth utterly out of my mouth: for in thy words have I hoped exceedingly.
Ps.118.96	I have seen an end of all perfection: thy commandment is exceeding broad.	I have seen an end to all persecution: thy commandment is exceeding broad.
Ps.118.111	I have purchased thy testimonies for an inheritance for ever: because they are the joy of my heart.	I have purchased thy testimonies for an inheritance for ever: because they are a joy to my heart.
Ps.118.141	I am very young and despised; but I forget not thy justifications.	I am very young and despised; but I forgot not thy justifications.
Ps.118.149	Hear thou my voice, O Lord, according to thy mercy: and quicken me according to thy judgment.	Hear thou my voice, O Lord, according to thy mercy: and quicken me according to thy mercy.
Ps.118.158	I beheld the transgressors, and pined away; because they kept not thy word.	I beheld the transgressors, and I pined away; because they kept not thy word.
Ps.118.166	I looked for thy salvation, O Lord: and I loved thy commandments.	I looked to thy salvation, O Lord: and I loved thy commandments.
Ps.127.5	May the Lord bless thee out of Sion: and mayst thou see the good things of Jerusalem all the days of thy life.	May the Lord bless thee out of Sion: and mayest thou see the good things of Jerusalem all the days of thy life.
Ps.127.6	And mayst thou see thy children's children, peace upon Israel.	And mayest thou see thy children's children, peace upon Israel.
Ps.128.6	Let them be as grass upon the tops of houses: which withereth before it be plucked up:	Let them be as grass on the tops of houses: which withered before it be plucked up:
Ps.128.7	Who with the mower filleth not his hand: nor he that gathereth sheaves his bosom.	Wherewith the mower filleth not his hand: nor he that gathereth sheaves his bosom.
Ps.128.8	And they that passed by have not said: The blessing of the Lord be upon you: we have blessed you in the name of the Lord.	And they that have passed by have not said: The blessing of the Lord be upon you: we have blessed you in the name of the Lord.
Ps.131.12	If thy children will keep my covenant, and these my testimonies which I shall teach them: Their children also for evermore shall sit upon thy throne.	If thy children will keep thy covenant, and these my testimonies which I shall teach them: Their children also for evermore shall sit upon thy throne.
Ps.131.18	His enemies I will clothe with confusion: but upon him shall my sanctification flourish.	His enemies I will clothe with confusion: but upon him will my sanctification flourish.
Ps.132.1	Behold how good and how pleasant it is for brethren to dwell together in unity:	Behold how good and how pleasant it is for brethren to dwell in unity.
Ps.132.3	As the dew of Hermon, which descendeth upon mount Sion. For there the Lord hath commanded blessing, and life for evermore.	As the dew of Hermon, which descendeth upon mount Sion. For there the Lord hath commandeth blessing, and life for evermore.
Ps.134.1	Alleluia. Praise ye the name of the Lord: O you his servants, praise the Lord:	Praise ye the name of the Lord: O you his servants, praise the Lord:
Ps.134.6	Whatsoever the Lord pleased he hath done, in heaven, in earth, in the sea, and in all the deeps.	Whatsoever the Lord hath pleased he hath done, in heaven, in earth, in the sea, and in all the deeps.
Ps.135.1	Alleluia. Praise the Lord, for he is good: for his mercy endureth for ever.	Praise the Lord, for he is good: for his mercy endureth for ever.
Ps.135.8	The sun to rule the day: for his mercy endureth for ever.	The sun to rule over the day: for his mercy endureth for ever.
Ps.135.12	With a mighty hand and with a stretched out arm: for his mercy endureth for ever.	With a mighty hand and a stretched out arm: for his mercy endureth for ever.
Ps.137.3	In what day soever I shall call upon thee, hear me: thou shalt multiply strength in my soul.	In what day soever I shall call upon thee, hear me: thou shall multiply strength in my soul.
Ps.137.8	The Lord will repay for me: thy mercy, O Lord, endureth for ever: O despise not the works of thy hands.	The Lord will repay for me: thy mercy, O Lord, endureth for ever: O despise not the work of thy hands.
Ps.138.1	Unto the end, a psalm of David. Lord, thou hast proved me, and known me:	Lord, thou hast proved me, and known me:
Ps.138.12	But darkness shall not be dark to thee, and night shall be light all the day: the darkness thereof, and the light thereof are alike to thee.	But darkness shall not be dark to thee, and night shall be light as day: the darkness thereof, and the light thereof are alike to thee.
Ps.138.21	Have I not hated them, O Lord, that hated thee: and pined away because of thy enemies?	Have I not hated them, O Lord, that hated thee: and pine away because of thy enemies?
Ps.139.1	Unto the end, a psalm of David.	Unto the end, a psalm for David.
Ps.140.5	The just man shall correct me in mercy, and shall reprove me: but let not the oil of the sinner fatten my head. For my prayer shall still be against the things with which they are well pleased:	The just shall correct me in mercy, and shall reprove me: but let not the oil of the sinner fatten my head. For my prayer also shall still be against the things with which they are well pleased:
Ps.140.8	But to thee, O Lord, Lord, are my eyes: in thee have I put my trust, take not away my soul.	But o to thee, O Lord, Lord, are my eyes: in thee have I put my trust, take not away my soul.
Ps.142.1	A psalm of David, when his son Absalom pursued him. [2 Kings 17.] Hear, O Lord, my prayer: give ear to my supplication in thy truth: hear me in thy justice.	Hear, O Lord, my prayer: give ear to my supplication in thy truth: hear me in thy justice.
Ps.144.1	Praise, for David himself. I will extol thee, O God my king: and I will bless thy name for ever; yea, for ever and ever.	I will extol thee, O God my king: and I will bless thy name for ever; yea, for ever and ever.
Ps.144.2	Every day will I bless thee: and I will praise thy name for ever; yea, for ever and ever.	Every day I will bless thee: and I will praise thy name for ever; yea, for ever and ever.
Ps.144.21	My mouth shall speak the praise of the Lord: and let all flesh bless his holy name forever; yea, for ever and ever.	My mouth shall speak the praise of the Lord: and let all flesh bless thy holy name for ever; yea, for ever and ever.
Ps.146.1	Alleluia. Praise ye the Lord, because psalm is good: to our God be joyful and comely praise.	Praise ye the Lord, because psalm is good: to our God be joyful and comely praise.
Ps.148.1	Alleluia. Praise ye the Lord from the heavens: praise ye him in the high places.	Praise ye the Lord from the heavens: praise ye him in the high places.
Ps.148.8	Fire, hail, snow, ice, stormy winds, which fulfil his word:	Fire, hail, snow, ice, stormy winds which fulfill his word:
Ps.149.1	Alleluia. Sing ye to the Lord a new canticle: let his praise be in the church of the saints.	Sing ye to the Lord a new canticle: let his praise be in the church of the saints.
Ps.149.6	The high praises of God shall be in their mouth: and two-edged swords in their hands:	The high praise of God shall be in their mouth: and two-edged swords in their hands:
Ps.150.1	Alleluia. Praise ye the Lord in his holy places: praise ye him in the firmament of his power.	Praise ye the Lord in his holy places: praise ye him in the firmament of his power.
Ps.150.3	Praise him with the sound of trumpet: praise him with psaltery and harp.	Praise him with sound of trumpet: praise him with psaltery and harp.
Prov.1.19	So the ways of every covetous man destroy the souls of the possessors.	So the wage of every covetous man destroy the souls of the possessors.
Prov.2.7	He wilt keep the salvation of the righteous, and protect them that walk in simplicity,	He will keep the salvation of the righteous, and protect them that walk in simplicity.
Prov.2.14	Who are glad when they have done evil, and rejoice in the most wicked things:	Who are glad when they have done evil, and rejoice in most wicked things:
Prov.2.16	That thou mayst be delivered from the strange woman, and from the stranger, who softeneth her words;	That thou mayst be delivered from the strange women, and from the stranger, who softeneth her words:
Prov.3.14	The purchasing thereof is better than the merchandise of silver, and her fruit than the chief and purest gold:	The purchasing thereof is better than the merchandise of silver, and her fruit than the chiefest and purest gold:
Prov.3.15	She is more precious than all riches: and all the things that are desired, are not to be compared to her.	She is more precious than all riches: and all the things that are desired, are not to be compared with her.
Prov.3.28	Say not to thy friend: Go, and come again: and to morrow I will give to thee: when thou canst give at present.	Say not to thy friend: Go, and come again: and tomorrow I will give to thee: when thou canst give at present.
Prov.5.11	And thou mourn at the last, when thou shalt have spent thy flesh and thy body, and say;	And thou mourn it the last, when thou shalt have spent thy flesh and thy body, and say:
Prov.6.9	How long wilt thou sleep, O sluggard? when wilt thou arise out of thy sleep?	How long wilt thou sleep, O sluggard? when wilt thou rise out of thy sleep?
Prov.7.6	For I looked out of the window of my house through the lattice,	For I look out of the window of my house through the lattice,
Prov.8.5	O little ones understand subtlety, and ye unwise, take notice.	O little ones, understand subtilty, and ye unwise, take notice.
Prov.10.5	He that gathereth in the harvest, is a wise son: but he that snorteth in the summer, is the son of confusion.	He that gathered in the harvest is a wise son: but he that snorteth in the summer, is the son of confusion.
Prov.11.15	He shall be afflicted with evil, that is surety for a stranger: but he that is aware of snares, shall be secure.	He shall be afflicted with evil, that is surety for a stranger: but he that is aware of the snares, shall be secure.
Prov.11.25	The soul that blesseth, shall be made fat: and he that inebriateth, shall be inebriated also himself.	The soul which blesseth, shall be made fat: and he that inebriateth, shall be inebriated also himself.
Prov.12.3	Man shall not be strengthened by wickedness: and the root of the just shall not be moved.	Men shall not be strengthened by wickedness: and the root of the just shall not be moved.
Prov.12.4	A diligent woman is a crown to her husband: and she that doth things worthy of confusion, is as rottenness in his bones.	A diligent woman is a crown to her husband: and she that doth things worthy of confusion, is a rottenness in his bones.
Prov.12.21	Whatsoever shall befall the just man, shall not make him sad: but the wicked shall be filled with mischief.	Whatsoever shall befall the just man. it shall not make him sad: but the wicked shall be filled with mischief.
Prov.12.28	In the path of justice is life: but the bye-way leadeth to death.	In the path of justice is life: but the by-way leadeth to death.
Prov.13.1	A wise son heareth the doctrine of his father: but he that is a scorner, heareth not when he is reproved.	A wise son heareth the doctrine of his father: but he that is a scorner, beareth not when he is reproved.
Prov.13.23	Much food is in the tillage of fathers: but for others it is gathered without judgment.	Much food is in the tillage of fathers: but for others it is gathered with out judgment.
Prov.14.13	Laughter shall be mingled with sorrow, and mourning taketh hold of the ends of joy.	Laughter shall be mingled with sorrow, and mourning taketh hold of the end of joy.
Prov.14.28	In the multitude of people is the dignity of the king: and in the small number of the people the dishonour of the prince.	In the multitude of people is the dignity of the king: and in the small number of people the dishonour of the prince.
Prov.15.28	The mind of the just studieth obedience: the mouth of the wicked overfloweth with evils.	The mind of the just studieth obedience: the mouth of the wicked over floweth with evils.
Prov.17.14	The beginning of quarrels is as when one letteth out water: and before he suffereth reproach, he forsaketh judgment.	The beginning of quarrels is as when one letteth out water: before he suffereth reproach he forsaketh judgment.
Prov.19.23	The fear of the Lord is unto life: and he shall abide in the fulness without being visited with evil.	The fear of the Lord is unto life: and he shall abide in fulness without being visited with evil.
Prov.20.14	It is naught, it is naught, saith every buyer: and when he is gone away, then he will boast.	It is nought, it is nought, saith every buyer: and when he is gone away, then he will boast.
Prov.20.24	The steps of men are guided by the Lord: but who is the man that can understand his own way?	The steps of man are guided by the Lord: but who is the man that can understand his own way?
Prov.23.22	Hearken to thy father, that begot thee: and despise not thy mother when she is old.	Hearken to thy father, that beget thee: and despise not thy mother when she is old.
Prov.23.30	Surely they that pass their time in wine, and study to drink off their cups.	Surely they that pass their time in wine, and study to drink of their cups.
Prov.24.9	The thought of a fool is sin: and the detractor is the abomination of men.	The thought of a fool is sin: and the detracter is the abomination of men.
Prov.24.21	My son, fear the Lord, and the king: and have nothing to do with detractors.	My son, fear the Lord and the king: and have nothing to do with detracters.
Prov.25.14	As clouds, and wind, when no rain followeth, so is the man that boasteth, and doth not fulfil his promises.	As clouds, and wind, when no rain followeth, so is the man that boasteth, and doth not fulfill his promises.
Prov.25.19	To trust in an unfaithful man in the time of trouble, is like a rotten tooth, and weary foot,	To trust to an unfaithful man in the time of trouble, is like a rotten tooth, and weary foot,
Prov.25.25	As cold water to a thirsty soul, so are good tidings from a far country.	As cold water to a thirsty soul, so is good tidings from a far country.
Prov.27.1	Boast not for to morrow, for thou knowest not what the day to come may bring forth.	Boast not for tomorrow, for thou knowest not what the day to come may bring forth.
Prov.27.16	He that retaineth her, is as he that would hold the wind, and shall call the oil of his right hand.	He that retaineth her, is as he that would hold the wind, and shall call in the oil of his right hand.
Prov.27.19	As the faces of them that look therein, shine in the water, so the hearts of men are laid open to the wise.	As the faces of them that look therein, shine in the water, so-the hearts of men are laid open to the wise.
Prov.28.9	He that turneth away his ears from hearing the law, his prayer shall be an abomination.	He that turneth away his ears from hearing the law, his prayer shall be as abomination.
Prov.28.28	When the wicked rise up, men shall hide themselves: when they perish, the just shall be multiplied.	When the wicked rise up, men shall hide themselves: when they perish, the lust shall be multiplied.
Prov.29.27	The just abhor a wicked man: and the wicked loathe them that are in the right way. The son that keepeth the word, shall be free from destruction.	The just abhor the wicked man: and the wicked loathe them that are in the right way. The son that keepeth the word, shall be free from destruction.
Prov.30.20	Such also is the way of an adulterous woman, who eateth and wipeth her mouth, and saith: I have done no evil.	Such is also the way of an adulterous woman, who eateth, and wipeth her mouth, and saith: I have done no evil.
Prov.31.27	She hath looked well on the paths of her house, and hath not eaten her bread idle.	She hath looked well to the paths of her house, and hath not eaten her bread idle.
Eccles.2.16	For there shall be no remembrance of the wise no more than of the fool forever, and the times to come shall cover all things together with oblivion: the learned dieth in like manner as the unlearned.	For there shall be no remembrance of the wise no more than of the fool for ever, and the times to come shall cover all things together with oblivion: the learned dieth in like manner as the unlearned.
Eccles.2.19	Whom I know not whether he will be a wise man or a fool, and he shall have rule over all my labours with which I have laboured and been solicitous: and is there anything so vain?	Whom I know not whether he will be a wise man or a fool, and he shall have rule over all my labours with which I have laboured and been solicitous: and is there any thing so vain?
Eccles.2.20	Wherefore I left off and my heart renounced labouring anymore under the sun.	Wherefore I left off and my heart renounced labouring any more under the sun.
Eccles.4.4	Again I considered all the labours of men, and I remarked that their industries are exposed to the envy of their neighbour: so in this also there is vanity, and fruitless care.	Again I considered all the labours of men, and I remarked that their industries are exposed to the envy of their neighhour: so in this also there is vanity, and fruitless care.
Eccles.6.10	He that shall be, his name is already called: and it is known, that he is a man, and cannot contend in judgment with him that is stronger than himself.	He that shall be, his name is already called: and it is known, that he is man, and cannot contend in judgment with him that is stronger than himself.
Eccles.8.5	He that keepeth the commandment, shall find no evil. The heart of a wise man understandeth time and answer.	He that keepeth the commandments shall find no evil. The heart of a wise man understandeth time and answer.
Eccles.9.11	I turned me to another thing, and I saw that under the sun, the race is not to the swift, nor the battle to the strong, nor bread to the wise, nor riches to the learned, nor favour to the skilful: but time and chance in all.	I turned me to another thing, and I saw that under the sun, the race is not to the swift, nor the battle to the strong, nor bread to the wise, nor riches to the learned, nor favour to the skillful: but time and chance in all.
Cant.7.1	What shalt thou see in the Sulamitess but the companies of camps? How beautiful are thy steps in shoes, O prince's daughter! The joints of thy thighs are like jewels, that are made by the hand of a skilful workman.	What shalt thou see in the Sulamitess but the companies of camps? How beautiful are thy steps in shoes, O prince's daughter! The joints of thy thighs are like jewels, that are made by the hand of a skillful workman.
Wis.2.9	Let none of us go without his part in luxury: let us every where leave tokens of joy: for this is our portion, and this our lot.	Let none of us go without his part in luxury: let us everywhere leave tokens of joy: for this is our portion, and this our lot.
Wis.3.9	They that trust in him shall understand the truth: and they that are faithful in love, shall rest in him: for grace and peace are to his elect.	They that trust in him, shall understand the truth: and they that are faithful in love shall rest in him: for grace and peace is to his elect.
Wis.4.1	How beautiful is the chaste generation with glory: for the memory thereof is immortal: because it is known both with God and with men.	O how beautiful is the chaste generation with glory: for the memory thereof is immortal: because it is known both with God and with men.
Wis.4.17	For they shall see the end of the wise man, and it shall not understand what God hath designed for him, and why the Lord hath set him in safety.	For they shall see the end of the wise man, and shall not understand what God hath designed for him, and why the Lord hath set him in safety.
Wis.5.3	Saying within themselves, repenting, and groaning for anguish of spirit: These are they, whom we had sometime in derision, and for a parable of reproach.	Saying within themselves, repenting, and groaning for anguish of spirit: These are they, whom we had some time in derision, and for a parable of reproach.
Wis.5.12	Or as when an arrow is shot at a mark, the divided air quickly cometh together again, so that the passage thereof is not known:	Or as when an arrow is shot at a mark, the divided air presently cometh together again, so that the passage thereof is not known:
Wis.7.14	For she is an infinite treasure to men: which they that use, become the friends of God, being commended for the gifts of discipline.	For she is an infinite treasure to men! which they that use, become the friends of God, being commended for the gift of discipline.
Wis.7.25	For she is a vapour of the power of God, and a certain pure emmanation of the glory of the Almighty God: and therefore no defiled thing cometh into her.	For she is a vapour of the power of God, and a certain pure emanation of the glory of the almighty God: and therefore no defiled thing cometh into her.
Wis.8.2	Her have I loved, and have sought her out from my youth, and have desired to take for my spouse, and I became a lover of her beauty.	Her have I loved, and have sought her out from my youth, and have desired to take her for my spouse, and I became a lover of her beauty.
Wis.8.12	They shall wait for me when I hold my peace, and they shall look upon me when I speak; and if I talk much, they shall lay their hands on their mouth.	They shall wait for me when I hold my peace, and they shall look upon me when I speak, and if I talk much they shall lay their hands on their mouths.
Wis.12.15	For so much then, as thou art just, thou orderest all things justly: thinking it not agreeable to the power, to condemn him who deserveth not to be punished.	For so much then as thou art just, thou orderest all things justly: thinking it not agreeable to thy power, to condemn him who deserveth not to be punished.
Wis.13.10	But unhappy are they, and their hope is among the dead, who have called gods the works of the hand of men, gold and silver, the inventions of art, and the resemblances of beasts, or an unprofitable stone the work of an ancient hand.	But unhappy are they, and their hope is among the dead, who have called gods the works of the hands of men, gold and silver, the inventions of art, and the resemblances of beasts, or an unprofitable stone the work of an ancient hand.
Wis.13.11	Or if an artist, a carpenter, hath cut down a tree proper for his use in the wood, and skilfully taken off all the bark thereof, and with his art, diligently formeth a vessel profitable for the common uses of life,	Or if an artist, a carpenter, hath cut down a tree proper for his use in the wood, and skillfully taken off all the bark thereof, and with his art, diligently formeth a vessel profitable for the common uses of life,
Wis.13.17	And then maketh prayer to it, enquiring concerning his substance, and his children, or his marriage. And he is not ashamed to speak to that which hath no life:	And then maketh prayer to it, inquiring concerning his substance, and his children, or his marriage. And he is not ashamed to speak to that which hath no life:
Wis.14.18	And to the worshipping of these, the singular diligence also of the artificer helped to set forward the ignorant.	And to worshipping of these, the singular diligence also of the artificer helped to set forward the ignorant.
Wis.14.20	And the multitude of men, carried away by the beauty of the work, took him now for a god, that little before was but honoured as a man.	And the multitude of men, carried away by the beauty of the work, took him now for a god that a little before was but honoured as a man.
Wis.14.30	But for both these things they shall be justly punished, because they have thought not well of God, giving heed to idols, and have sworn unjustly, in guile despising justice.	But for two things they shall be justly punished, because they have thought not well of God, giving heed to idols, and have sworn unjustly, in guile despising justice.
Wis.16.3	To the end, that they indeed desiring food, by means of those things that were shewn and sent among them, might loath even that which was necessary to satisfy their desire. But these, after suffering want for a short time, tasted a new meat.	To the end that they indeed desiring food, by means of those things that were shewn and sent among them, might loathe even that which was necessary to satisfy their desire. But these, after suffering want for a short time, tasted a new meat.
Wis.16.5	For when the fierce rage of beasts came upon these, they were destroyed by the bitings of crooked serpents.	For when the fierce rage of beasts came upon these, they were destroyed with the bitings of crooked serpents.
Wis.16.18	For at one time the fire was mitigated, that the beasts which were sent against the wicked might not be burnt, but that they might see, and perceive that they were persecuted by the judgment of God.	For at one time, the fire was mitigated, that the beasts which were sent against the wicked might not be burned, but that they might see and perceive that they were persecuted by the judgment of God.
Wis.16.19	And at another time the fire, above its own power, burnt in the midst of water, to destroy the fruits of a wicked land.	And at another time the fire, above its own power, burned in the midst of water, to destroy the fruits of a wicked land.
Wis.16.22	But snow and ice endured the force of fire, and melted not: that they might know that the fire, burning in the hail, and flashing in the rain, destroyed the fruits of the enemies.	But snow and ice endured the force of fire, and melted not: that they might know that fire burning in the hail and flashing in the rain destroyed the fruits of the enemies.
Wis.17.3	And while they thought to lie hid in their obscure sins, they were scattered under a dark veil of forgetfullness, being horribly afraid, and troubled with exceeding great astonishment.	And while they thought to lie hid in their obscure sins, they were scattered under a dark veil of forgetfulness, being horribly afraid and troubled with exceeding great astonishment.
Wis.18.5	And whereas they thought to kill the babes of the just: one child being cast forth, and saved to reprove them, thou tookest away a multitude of their children, and destroyedst them altogether in a mighty water.	And whereas they thought to kill the babes of the just, one child being cast forth, and saved, to reprove them, thou tookest away a multitude of their children, and destroyedst them all together in a mighty water.
Wis.18.15	Thy Almighty word leaped down from heaven from thy royal throne, as a fierce conqueror into the midst of the land of destruction,	Thy almighty word leapt down from heaven from thy royal throne, as a fierce conqueror into the midst of the land of destruction.
Wis.18.21	For a blameless man made haste to pry for the people, bringing forth the shield of his ministry, prayer, and by incense making supplication, withstood the wrath, and put an end to the calamity, shewing that he was thy servant.	For a blameless man made haste to pray for the people, bringing forth the shield of his ministry, prayer, and by incense making supplication, withstood the wrath, and put an end to the calamity, shewing that he was thy servant.
Wis.18.22	And he overcame the disturbance, not by strength of body nor with force of arms, but with a word he subdued him that punished them, alleging the oath and covenant made with the fathers.	And he overcame the disturbance, not by strength of body nor with force of arms, but with a word he subdued him that punished them, alleging the oaths and covenant made with the fathers.
Wis.19.7	For a cloud overshadowed their camps and where water was before, dry land appeared, and in the Red Sea a way without hindrance, and out of the great deep a springing field:	For a cloud overshadowed their camp, and where water was before, dry land appeared, and in the Red Sea a way without hinderance, and out of the great deep a springing field:
Wis.19.18	For the things of the land were turned into things of the water: and the things that before swam in the water passed upon the land.	For the things of the land were turned into things of the water: and the things before swam in the water passed upon the land.
Ecclus.5.14	If thou have understanding, answer thy neighbour: but if not, let thy hand be upon thy mouth, lest thou be surprised in an unskilful word, and be confounded.	If thou have understanding, answer thy neighbour: but if not, let thy hand be upon thy mouth, lest thou be surprised in an unskillful word, and be confounded.
Ecclus.14.25	He that lodgeth near her house, and fastening a pin in her walls shall set up his tent high unto her, where good things shall rest in his lodging for ever.	He that lodgeth near her house, and fastening a pin in her walls shall set up his tent nigh unto her, where good things shall rest in his lodging for ever.
Ecclus.15.8	Lying men shall be mindful of her: but men that speak truth shall be found with her, and shall advance, even till they come to the sight of God.	Lying men shall not be mindful of her: but men that speak truth shall be found with her, and shall advance, even till they come to the sight of God.
Ecclus.15.20	The eyes of the Lord are towards them that fear him, and he knoweth al the work of man.	The eyes of the Lord are towards them that fear him, and he knoweth all the work of man.
Ecclus.16.21	And his ways who shall understand, and the storm, which no eye of man shall see?	And his ways who shall understand, and the storm, which no eye of man see?
Ecclus.18.4	And who shall show forth the power of his majesty? or who shall be able to declare his mercy?	And who shall shew forth the power of his majesty? or who shall be able to declare his mercy?
Ecclus.20.2	The lust of an eunuch shall deflour a young maiden:	The lust of an eunuch shall devour a young maiden:
Ecclus.20.3	So is he that by violence executeth of the unwise.	So is he that by violence executeth unjust judgment.
Ecclus.20.16	To day a man lendeth, and to morrow he asketh it again: such a man as this is hateful.	Today a man lendeth, and tomorrow he asketh it again: such a man as this is hateful.
Ecclus.20.32	O Wisdom that is hid, and treasure that is not seen: what profit is there in them both?	Wisdom that is hid, and treasure that is not seen: what profit is there in them both?
Ecclus.23.3	Lest my ignorances increase, and my offences be multiplied, and my sins abound, and I fall before my adversaries, and my enemy rejoice over me?	Lest my ignorance increase, and my offences be multiplied, and my sins abound, and I fall before my adversaries, and my enemy rejoice over me?
Ecclus.23.27	And he understandeth not that his eye seeth all things, for such a man's fear driveth him from the fear of God, and the eyes of men fearing him:	And he understandeth not that his eye seeth all things, for such a man's fear driveth from him the fear of God, and the eyes of men fearing him:
Ecclus.24.47	See ye that I have not laboured myself only, but for all that seek out the truth.	See ye that I have not laboured for myself only, but for all that seek out the truth.
Ecclus.26.2	A virtuous woman rejoiceth her husband, and shall fulfil the years of his life in peace.	A virtuous woman rejoiceth her husband: and shall fulfill the years of his life in peace.
Ecclus.27.20	For as a man that destroyeth his friend, so is he that destroyeth the friendship of his neighbour.	For as a man that destroyeth his friend, so also is he that destroyeth the friendship of his neighbour.
Ecclus.28.15	The whisperer and the double tongue is accursed: for he hath troubled many that were at peace.	The whisperer and the double tongued is accursed: for he hath troubled many that were at peace.
Ecclus.29.3	Keep thy word, and deal faithfully with him: and thou shalt always find that which is necessary for thee.	Reap thy word, and deal faithfully with him: and thou shalt always find that which is necessary for thee.
Ecclus.30.15	Health of the soul in holiness of justice, is better than all gold and silver: and a sound body, than immense revenues.	Health of the soul in holiness of justice, is better then all gold and silver: and a sound body, than immense revenues.
Ecclus.30.18	Good things that are hidden in a mouth that is shut, are as messes of meat set about a grave.	Good things that are hidden in a mouth that is shut, are as masses of meat set about a grave.
Ecclus.32.5	To speak the first word with careful knowledge, and hinder not music.	To speak the first word with care knowledge, and hinder not music.
Ecclus.33.20	Give not to son or wife, brother or friend, power over thee while thou livest; and give not thy estate to another, lest thou repent, and thou entreat for the same.	Give not to son or wife, brother or friend, power over thee while thou livest; and give not thy estate to another, lest then repent, and thou entreat for the same.
Ecclus.34.18	To whom doth he look, and who is his strength?	To whom doth he look, and who in his strength?
Ecclus.34.27	He that sheddeth blood, and he that defraudeth the laborer of his hire, are brothers.	He that sheddeth blood, and he that defraudeth the labourer of his hire, are brothers.
Ecclus.36.13	Gather together all the tribes of Jacob: that they may know that there no God besides thee, and may declare thy great works: and thou shalt inherit them as from the beginning.	Gather together all the tribes of Jacob: that they may know that there is no God besides thee, and may declare thy great works: and thou shalt inherit them as from the beginning.
Ecclus.37.5	There is a companion who condoleth with his friend for his belly's sake, and he will take up a shield against the enemy.	There is a companion who condoleth with his friend for his belly's sake, and he will take up a shield against enemy.
Ecclus.37.13	Nor with the ungodly of piety, nor with the dishonest of honesty, nor with the field laborer of every work,	Nor with the ungodly of piety, nor with the dishonest of honesty, nor with the held labourer of every work,
Ecclus.37.18	The soul of a holy man discovereth sometimes true things, more than seven watchmen that sit in a high place to watch.	The soul of a holy man discovereth sometimes true things, more than seven watchmen that sit in a high piece to watch.
Ecclus.37.21	A wicked word shall change the heart: out of which four manner of things arise, good and evil, life and death: and the tongue is continually the ruler of them. There is a man that is subtle and a teacher of many, and yet is unprofitable to his own soul.	A wicked word shall change the beast: out of which four manner of things arise, good and evil, life and death: and the tongue is continually the ruler of them. There is a man that is subtle and a teacher of many, and yet is unprofitable to his own soul.
Ecclus.37.22	A skilful man hath taught many, and is sweet to his own soul.	A skillful man hath taught many, and is sweet to his own soul.
Ecclus.38.23	Remember my judgment: for thine also shall be so: yesterday for me, and to day for thee.	Remember my judgment: for also shall be so: yesterday for me, and today for thee.
Ecclus.39.1	The wise man will seek out the wisdom of all the ancients, and will be occupied in the prophets.	The wise men will seek out the wisdom of all the ancients, and will be occupied in the prophets.
Ecclus.40.12	All bribery, and injustice shall be blotted out, and fidelity shall stand for ever.	All bribery, and injustice shall blotted out, and fidelity shall stand for ever.
Ecclus.40.18	The life of a laborer that is content with what he hath, shall be sweet, and in it thou shalt find a treasure.	The life of a labourer that is content with what he hath, shall be sweet, and in it thou shalt find a treasure.
Ecclus.42.1	Repeat not the word which thou hast heard, and disclose not the thing that is secret; so shalt thou be truly without confusion, and shalt find favour before all men: be not ashamed of any of these things, and accept no person to sin thereby:	Repeat not the word which thou hast heard, and disclose not the thing that is secret; so shalt thou be truly without confusion, and shall find favour before all men: be not ashamed of any of these things, and accept no person to sin thereby:
Ecclus.42.11	Keep a sure watch over a shameless daughter: lest at anytime she make thee become a laughingstock to thy enemies, and a byword in the city, and a reproach among the people, and she make thee ashamed before all the multitude.	Keep a sure watch over a shameless daughter: lest at any time she make thee become a laughingstock to thy enemies, and a byword in the city, and a reproach among the people, and she make thee ashamed before all the multitude.
Ecclus.43.9	Being an instrument of the armies on high, shining gloriously in the firmament of heaven.	Being an instrument of the armies on high, shining gloriously in the Armament of heaven.
Ecclus.43.11	By the words of the holy one they stand in judgment, and shall never fall in their watches.	By the words of the holy one they shall stand in judgment, and shall never fail in their watches.
Ecclus.45.10	He put upon him a garment to the feet, and breeches, and an ephod, and he compassed him with many little bells of gold all round about,	He put upon him a garment to the feet, and breeches, and as ephod, and he compassed him with many little bells of gold all round about,
Ecclus.48.15	In his life he did great wonders, and in death he wrought miracles.	In his life he did great wonders, and is death he wrought miracles.
Ecclus.48.28	He showed what should come to pass for ever, and secret things before they came.	He shewed what should come to pass for ever, and secret things before they came.
Ecclus.50.8	And as the rainbow giving light in bright clouds, and as the flower of roses in the days of the spring, and as the lilies that are on the brink of the water, and as the sweet smelling frankincense in the time of summer.	And as the rainbow giving light in the bright clouds, and as the flower of roses in the days of the spring, and as the lilies that are on the brink of the water, and as the sweet smelling frankincense in the time of summer.
Ecclus.51.22	I found much wisdom in myself, and profited much therein.	I found much wisdom in myself, and I profited much therein.
Is.3.1	For behold the sovereign Lord of hosts shall take away from Jerusalem, and from Juda the valiant and the strong, the whole strength of bread, and the whole strength of water.	For behold the sovereign the Lord of hosts shall take away from Jerusalem, and from Juda the valiant and the strong, the whole strength of bread, and the whole strength of water.
Is.3.3	The captain over fifty, and the honourable in countenance, and the counsellor, and the architect, and the skilful in eloquent speech.	The captain over fifty, and the honourable in countenance, and the counsellor, and the architect, and the skillful in eloquent speech.
Is.3.5	And the people shall rush one upon another, and every man against his neighbour: the child shall make a tumult against the ancient, and the base against the honourable.	And the people shall rush one upon another, and every man against his neighbour: the child shall make it tumult against the ancient, and the base against the honourable.
Is.3.6	For a man shall take hold of his brother, one of the house of his father, saying: Thou hast a garment, be thou our ruler, and let this ruin be under thy hand.	For a man shall take hold or his brother, one of the house of his father, saying: Thou hast a garment, be thou our ruler, and let this ruin be under thy hand.
Is.5.2	And he fenced it in, and picked the stones out of it, and planted it with the choicest vines, and built a tower in the midst thereof, and set up a winepress therein: and he looked that it should bring forth grapes, and it brought forth wild grapes.	And he fenced it in, and picked the stones out of it, and planted it with the choicest vines, and built a tower in the midst thereof, and set up a winepress therein: and he looked that it should bring forth grapes, and it broutht forth wild grapes.
Is.5.4	What is there that I ought to do more to my vineyard, that I have not done to it? was it that I looked that it should bring forth grapes, and it hath brought forth wild grapes?	What is there that I ought to do more to my vineyard, that I have not done to it?
Is.5.25	Therefore is the wrath of the Lord kindled against his people, and he hath stretched out his hand upon them, and struck them: and the mountains were troubled, and their carcasses became as dung in the midst of the streets. For after this his anger is not turned away, but his hand is stretched out still.	Therefore is the wrath of the Lord kindled against his people, and he hath stretched out his hand upon them, and struck them: and the mountains were troubled, and their carcasses became as dung in the midst of the streets. For all this his anger is not turned away, but his hand is stretched out still.
Is.7.4	And thou shalt say to him: See thou be quiet: fear not, and let not thy heart be afraid of the two tails of these firebrands, smoking with the wrath of the fury of Rasin king of Syria, and of the son of Romelia.	And thou shalt say to him: See thou be quiet: fear not, and let not thy heart be afraid of the two tails of these fire brands, smoking with the wrath of the fury of Rasin king of Syria, and of the son of Romelia.
Is.7.9	And the head of Ephraim is Samaria, and the head of Samaria is the son of Romelia. If you will not believe, you shall not continue.	And the head of Ephraim is Samaria and the head of Samaria the son of Romelia. If you will not believe, you shall not continue.
Is.7.24	With arrows and with bows they shall go in thither: for briers and thorns shall be in all the land.	With arrows and with bows they shall go in thither: for briars and thorns shall be in all the land.
Is.8.3	And I went to the prophetess, and she conceived, and bore a son. And the Lord said to me: Call his name, Hasten to take away the spoils: Make hast to take away the prey.	And I went to the prophetess, and she conceived, and bore a son. And the Lord said to me: Call his name, Hasten to take away the spoils: Make haste to take away the prey.
Is.12.2	Behold, God is my saviour, I will deal confidently, and will not fear: because the Lord is my strength, and my praise, and he is become my salvation.	Behold, God is my saviour, I will deal confidently, and will not fear: O because the Lord is my strength, and my praise, and he is become my salvation.
Is.12.3	Thou shall draw waters with joy out of the saviour's fountains:	You shall draw waters with joy out of the saviour's fountains:
Is.18.2	That sendeth ambassadors by the sea, and in vessels of bulrushes upon the waters. Go, ye swift angels, to a nation rent and torn in pieces: to a terrible people, after which there is no other: to a nation expecting and trodden underfoot, whose land the rivers have spoiled.	That sendeth ambassadors by the sea, and in vessels of bulrushes upon the waters. Go, ye swift angels, to a nation rent and torn in pieces: to a terrible people, after which there is no other: to a nation expecting and trodden under foot, whose land the rivers have spoiled.
Is.19.17	And the land of Juda shall be a terror to Egypt: everyone that shall remember it shall tremble because of the counsel of the Lord of hosts, which he hath determined concerning it.	And the land of Juda shall be a terror to Egypt: every one that shall remember it shall tremble because of the counsel of the Lord of hosts, which he hath determined concerning it.
Is.20.6	And the inhabitants of this isle shall say in that day: Lo this was our hope, to whom we fled for help, to deliver us from the face of the king of the Assyrians: and how shall we be able to escape?	And the inhabitants of this isle shall say in that day: Lo this was our hope, to whom we fled for help, to deliver up from the face of the king of the Assyrians: and how shall we be able to escape?
Is.21.10	O my thrashing, and the children of my floor, that which I have heard of the Lord of hosts, the God of Israel, I have declared unto you.	O my thrashing and the children of my door, that which I have heard of the Lord of hosts, the God of Israel, I have declared unto you.
Is.22.7	And thy choice valleys shall be full of chariots, and the horsemen shall place themselves in the gate.	And thy choice valleys shall be full of chariots, and the horseman shall place themselves in the gate.
Is.22.13	And behold joy and gladness, killing calves, and slaying rams, eating flesh, and drinking wine: Let us eat and drink; for to morrow we shall die.	And behold joy and gladness, killing calves, and slaying rams, eating flesh, and drinking wine: Let us eat and drink; for tomorrow we shall die.
Is.23.13	Behold the land of the Chaldeans, there was not such a people, the Assyrians founded it: they have led away the strong ones thereof into captivity, they have destroyed the houses thereof, they have, brought it to ruin.	Behold the land of the Chaldeans, there was not such a people, the Assyrian founded it: they have led away the strong ones thereof into captivity, they have destroyed the houses thereof, they have brought it to ruin.
Is.23.16	Take a harp, go about the city, harlot that hast been forgotten: sing well, sing many a song, that thou mayst be remembered.	Take a harp, go about the city, thou harlot that hast been forgotten: sing well, sing many a song, that thou mayst be remembered.
Is.25.9	And they shall say in that day: Lo, this is our God, we have waited for him, and he will save us: this is the Lord, we have patiently waited for him, we shall rejoice and be joyful in his salvation.	And they shall say in that day: Lo, this is our God, we have waited for him, and he will save us: this is the Lord, we have patiently waited for him, we shall rejoice and be joyfull in his salvation.
Is.26.1	In that day shall this canticle be sung in the land of Juda. Sion the city of our strength a saviour, a wall and a bulwark shall be set therein.	In that day shall this canticle be sung the land of Juda. Sion the city of our strength a saviour, a wall and a bulwark shall be set therein.
Is.27.4	There is no indignation in me: who shall make me a thorn and a brier in battle: shall I march against it, shall, I set it on fire together?	There is no indignation in me: who shall make me a thorn and a brier in battle: shall march against it, shall I set it on fire together?
Is.28.1	Woe to the crown of pride, to the drunkards of Ephraim, and to the fading flower the glory his joy, who were on the head of the fat valley, staggering with wine.	Woe to the crown of pride, to the drunkards of Ephraim, and to the fading flower the glory of his joy, who were on the head of the fat valley, staggering with wine.
Is.28.8	For all the tables were full of vomit and filth, so that there was no more place.	For all tables were full of vomit and filth, so that there was no more place.
Is.28.13	And the word of the Lord shall be to them: Command, command again; command, command again; expect, expect again; a little there, a little there: that they may go, and fall backward, and be broken, and snared, and taken.	And the word of the Lord shall be to them: Command, command again; command, command again: expect, expect again; expect, expect again: a little there, a little there: that they may go, and fall backward, and be broken, and snared, and taken.
Is.28.27	For gith shall not be thrashed with saws, neither shall the cart wheel turn about upon cummin: but gith shall be beaten out with a rod, and cumin with a staff.	For gith shall not be thrashed with saws, neither shall the cart wheel turn about upon cummin: but gith shall be beaten out with a rod, and cummin with a staff.
Is.28.28	But breadcorn shall be broken small: but the thrasher shall not thrash it for ever, neither shall the cart wheel hurt it, nor break it with its teeth.	But bread corn shall be broken small: but the thrasher shall not thrash it for ever, neither shall the cart wheel hurt it, nor break it with its teeth.
Is.29.3	And I will make a circle round about thee, and I will cast up a rampart against thee, and raise up bulwarks to besiege thee.	And I will make a circle round about thee, and will cast up a rampart against thee, and raise up bulwarks to besiege thee.
Is.29.4	Thou shalt be brought down, thou shalt speak out of the earth, and thy speech shall be heard out of the ground: and thy voice shall be from the earth like that of the python, and out of the earth thy speech shall mutter.	Thou shalt be brought down, thou shalt speak out of the earth, and thy speech shall be heard out of the ground: and thy voice shall be from the earth like that of the python, and out of the ground thy speech shall mutter.
Is.29.9	Be astonished, and wonder, waver, and stagger: be drunk, and not with wine: stagger, and not with drunkenness.	Be astonished, and wander, waver, and stagger: be drunk, and not with wine: stagger, and not with drunkenness.
Is.30.17	A thousand men shall flee for fear of one: and for fear of five shall you flee, till you be left as the mast of ship on the top of a mountain, and as an ensign upon a hill.	A thousand men shall flee for fear of one: and for fear of five shall you flee, till you be left as the mast of a ship on the top of a mountain, and as an ensign upon a hill.
Is.30.32	And the passage of the rod shall be strongly grounded, which the Lord shall make to rest upon him with timbrels and harps, and in great battles he shall overthrow them.	And the passage of the rod shall be strongly grounded, which the Lord shall make to rest upon him with timbrels and harps, and in great battles he shall over throw them.
Is.31.5	As birds flying, so will the Lord of hosts protect Jerusalem, protecting and delivering, passing over and saving.	As birds dying, so will the Lord of hosts protect Jerusalem, protecting and delivering, passing over and saving.
Is.31.9	And his strength shall pass away with dread, and his princes fleeing shall be afraid: the Lord hath said it, whose fire is in Sion, and his furnace in Jerusalem.	And his strength shall pass away with dread, and his princes fleeing shall be afraid: the Lord hath said it, whose die is in Sion, and his furnace in Jerusalem.
Is.35.7	And that which was dry land, shall become a pool, and the thirsty land springs of water. In the dens where dragons dwelt before, shall rise up the verdure of the reed and the bulrush.	And that which was dry land, shall become a pool, and the thirsty land springs of water. In the dens where dragons dwell before, shall rise up the verdure of the reed and the bulrush.
Is.36.6	Lo thou trustest upon this broken staff of a reed, upon Egypt: upon which if a man lean, it will go into his hand, and pierce it: so is Pharao king of Egypt to all that trust in him.	Lo thou trustest upon this broken staff of a reed, upon Egypt: upon which if a man lean, it will go into his hand, and pierce it: so is Pharao king or Egypt to all that trust in him.
Is.37.4	It may be the Lord thy God will hear the words of Rabsaces, whom the king of the Assyrians his master hath sent to blaspheme the living God, and to reproach with words which the Lord thy God hath heard: wherefore lift up by prayer for the remnant that is left.	It may be the Lord thy God will hear the words of Rabsaces, whom the king of the Assyrians his master hath sent to blaspheme the living God, and to reproach with words which the Lord thy God hath heard: wherefore lift up thy prayer for the remnant that is left.
Is.37.16	Lord of hosts, God of Israel who sittest upon the cherubims, thou alone art the God of all the kingdoms of the earth, thou hast made heaven and earth.	O Lord of hosts, God of Israel, who sittest upon the cherubims, thou alone art the God of all the kingdoms of the earth, thou hast made heaven and earth.
Is.37.30	But to thee this shall be a sign: Eat this year the things that spring of themselves, and in the second year eat fruits: but in the third year sow and reap, and plant vineyards, and eat the fruit of them.	But to thee this shall be a sign: Eat this year the things that spring of themselves, and in the second year eat fruits: but in the third year sow and reap, and giant vineyards, and eat the fruit of them.
Is.38.21	Now Isaias had ordered that they should take a lump of figs, and lay it as a plaster upon the wound, and that he should be healed.	Now Isaias had ordered that they should take a lump of figs, and lay it as it plaster upon the wound, and that he should be healed.
Is.40.20	He hath chosen strong wood, and that will not rot: the skilful workman seeketh how he may set up an idol that may not be moved.	He hath chosen strong wood, and that will not rot: the skillful workman seeketh how he may set up an idol that may not be moved.
Is.41.15	I have made thee as a new thrashing wain, with teeth like a saw: thou shalt thrash the mountains, and break them in pieces: and shalt make the hills as chaff.	I have made thee as a new thrashing wain, with teeth like a saw: thou shall thrash the mountains, and break them in pieces: and shalt make the hills as chaff.
Is.42.14	I have always held my peace, I have kept silence, I have been patient, I will speak now as a woman in labour: I will destroy, and swallow up at once.	I have always held my peace, I have I kept silence, I have been patient, I will speak now as a woman in labour: I will destroy, and swallow up at once.
Is.46.7	They bear him on their shoulders and carry him, and set him in his place, and he shall stand, and shall not stir out of his place. Yea, when they shall cry also unto him, he shall not hear: he shall not save them from tribulation.	They bear him on their shoulders and carry him, and set him in his piece, and he shall stand, and shall not stir out of his place. Yea, when they shall cry also unto him, he shall not hear: he shall not save them from tribulation.
Is.47.6	I was angry with my people, I have polluted my inheritance, and have given them into thy hand: thou hast shewn no mercy to them: upon the ancient thou hast laid thy yoke exceeding heavy.	I was angry with my people, I have polluted my inheritance, and have given them into thy bend: thou hast shewn no mercy to them: upon the ancient thou hast laid thy yoke exceeding heavy.
Is.47.11	Evil shall come upon thee, and thou shalt not know the rising thereof: and calamity shall fall violently upon thee, which thou canst not keep off: misery shall come upon thee suddenly, which thou shalt not know.	Evil shall come upon thee, and then shalt not know the rising thereof: and calamity shall fall violently upon thee, which thou canst not keep off: misery shall come upon thee suddenly, which thou shalt not know.
Is.47.13	Thou hast failed in the multitude of thy counsels: let now the astrologers stand and save thee, they that gazed at the stars, and counted the months, that from them they might tell the things that shall come to thee.	Thou hast failed in the multitude or thy counsels: let now the astrologers stand and save thee, they that gazed at the stars, and counted the months, that from them they might tell the things that shall come to thee.
Is.49.21	And thou shalt say in thy heart: Who hath begotten these? I was barren and brought not forth, led away, and captive: and who hath brought up these? I was destitute and alone: and these, where were they?	And thou shalt-say in thy heart: Who hath begotten these? I was barren and brought not forth, led away, and captive: and who hath brought up these? I was destitute and alone: and these, where were they?
Is.51.13	And thou hast forgotten the Lord thy maker, who stretched out the heavens, and founded the earth: and thou hast been afraid continually all the day at the presence of his fury who afflicted thee, and had prepared himself to destroy thee: where is now the fury of the oppressor?	And thou hast forgotten the Lord thy maker, who stretched out the heavens, and founded the earth: and thee hast been afraid continually all the day at the presence of his fury who afflicted thee, and had prepared himself to destroy thee: where is now the fury of the oppressor?
Is.54.6	For the Lord hath called thee as a woman forsaken and mourning in spirit, and as a wife cast off from her youth, said thy God.	For the Lord hath called thee as woman forsaken and mourning in spirit, and as a wife cast off from her youth, said thy God.
Is.56.11	And most impudent dogs, they never had enough: the shepherds themselves knew no understanding: all have turned aside into their own way, every one after his own gain, from the first even to the last.	And meet impudent dogs, they never had enough: the shepherds themselves knew no understanding: all have turned aside into their own way, every one after his own gain, from the first even to the last.
Is.56.12	Come, let us take wine, and be filled with drunkenness: and it shall be as to day, so also to morrow, and much more.	Come, let us take wine, and be filled with drunkenness: and it shall be as today, so also tomorrow, and much more.
Is.64.1	O that thou wouldst rend the heavens, and wouldst come down: the mountains would melt away at thy presence.	That thou wouldst rend the heavens, and wouldst come down: the mountains would melt away at thy presence.
Jer.1.10	Lo, I have set thee this day over the nations, and over kingdoms, to root up, and to pull down, and to waste, and to destroy, and to build, and to plant.	Lo, I have set thee this day over the nations, and over the kingdoms, to root up, and pull down, and to waste, and to destroy, and to build, and to plant.
Jer.1.13	And the word of the Lord came to me a second time saying: What seest thou? And I said: I see a boiling caldron, and the face thereof from the face of the north.	And the word of the Lord came to me a second time, saying: What seest thou? I see a boiling caldron, and the face thereof from the face of the north.
Jer.2.2	Go, and cry in the ears of Jerusalem, saying: Thus saith the Lord: I have remembered thee, pitying thy youth, and the love of thy espousals, when thou followedst me in the desert, in a land that is not sown.	Go, and cry in the ears of Jerusalem, saying: Thus saith the Lord: I have remembered thee, pitying thy soul, pitying thy youth, and the love of thy espousals, when thou followedst me in the desert, in a land that is not sown.
Jer.2.3	Israel is holy to the Lord, the firstfruits of his increase: all they that devour him offend: evils shall come upon them, saith the Lord.	Israel is holy to the Lord, the first fruits of his increase: all they that devour him offend: evils shall come upon them, saith the Lord.
Jer.2.14	Is Israel a bondman, or a homeborn slave? why then is he become a prey?	Is Israel a bondman, or a homeborn slave? why then is he become prey?
Jer.2.16	The children also of Memphis, and of Taphnes have defloured thee, even to the crown of the head.	The children also of Memphis, and of Taphnes have deflowered thee, even to the crown of the head.
Jer.2.23	How canst thou say: I am not polluted, I have not walked after Baalim? see thy ways in the valley, know what thou hast done: as a swift runner pursuing his course.	How canst thou say: I am not polluted, and I have not walked after Baalim? see thy ways in the valley, know what thou hast done: as a swift runner pursuing his course.
Jer.2.33	Why dost thou endeavour to shew thy way good to seek my love, thou who hast also taught thy malices to be thy ways,	Why dost thou endeavour to shew thy way good to seek my love, thou who has also taught thy malices to be thy ways,
Jer.3.4	Therefore at the least from this time call to me: Thou art my father, the guide of my virginity:	Therefore at least at this time call to me: Thou art my father, the guide of my virginity:
Jer.3.5	Wilt thou be angry for ever, or wilt thou continue unto the end? Behold, thou hast spoken, and hast done evil things, and hast been able.	Wilt thou be angry for ever, or wilt thou continue until the end? Behold, thou hast spoken, and hast done evil things, and hast been able.
Jer.3.6	And the Lord said to me in the days of king Josias: Hast thou seen what rebellious Israel hath done? she hath gone of herself upon every high mountain, and under every green tree, and hath played the harlot there.	And the Lord said to me in the days of king Josias: Hast thou seen what rebellious Israel hast done? she hath gone out of herself upon every high mountain, and under every green tree, and hath played the harlot there.
Jer.3.8	That because the rebellious Israel had played the harlot, I had put her away, and given her a bill of divorce: yet her treacherous sister Juda was not afraid, but went and played the harlot also herself.	That because the rebellious Israel had played the harlot, I had put her away, and had given her a bill of divorce: yet her treacherous sister Juda was not afraid, but went and played the harlot also herself.
Jer.3.12	Go, and proclaim these words towards the north, and thou shalt say: Return, O rebellious Israel, saith the Lord, and I will not turn away my face from you: for I am holy, saith the Lord, and I will not be angry for ever.	Go, and proclaim these words toward the north, and thou shalt say: Return, O rebellious Israel, saith the Lord, and I will not turn away my face from you: for I am holy, saith the Lord, and I will not be angry for ever.
Jer.3.24	Confusion hath devoured the labour of our fathers from our youth, their flocks and their herds, their sons and their daughters.	Confusion hath devoured the labor of our fathers from our youth, their flocks and their herds, their sons and their daughters.
Jer.4.29	At the voice of the horsemen, and the archers, all the city is fled away: they have entered into thickets and climbed up the rocks: all the cities are forsaken, and there dwelleth not a man in them.	At the voice of the horsemen, and the archers, all the city is fled away; they have entered into thickets and have climbed up the rocks: all the cities are forsaken, and there dwelleth not a man in them.
Jer.4.30	But when thou art spoiled what wilt thou do? though thou clothest thyself with scarlet, though thou deckest thee with ornaments of gold, and paintest thy eyes with stibic stone, thou shalt dress thyself out in vain: thy lovers have despised thee, they will seek thy life.	But when thou art spoiled what wilt thou do? though thou deckest thee with ornaments of gold, and paintest thy eyes with stibic stone, thou shalt dress thyself out in vain: thy lovers have despised thee, they will seek thy life.
Jer.4.31	For I have heard the voice as of a woman in travail, anguishes as of a woman in labour of a child. The voice of the daughter of Sion, dying away, spreading her hands: Woe is me, for my soul hath fainted because of them that are slain.	For I have heard the voice as of a woman in travail, anguishes as of a woman in labor of a child. The voice of the daughter of Sion, dying away, spreading her hands: Woe is me, for my soul hath fainted because of them that are slain.
Jer.5.9	Shall I not visit for these things, saith the Lord? and shall not my soul take revenge on such a nation?	Shall I not visit for these things, sayeth the Lord? and shall not my soul take revenge on such a nation?
Jer.5.10	Scale the walls thereof, and throw them down, but do not utterly destroy: take away the branches thereof, because they are not the Lord's.	Scale down the walls thereof, and throw them down, but do not utterly destroy: take away the branches thereof, because they are not the Lord's.
Jer.6.9	Thus saith the Lord of hosts: They shall gather the remains of Israel, as in a vine, even to one cluster: turn back thy hand, as a grapegatherer into the basket.	Thus saith the Lord of hosts: They shall gather the remains of Israel, as in a vine, even to one cluster: turn back thy hand, as a grape gatherer into the basket.
Jer.6.10	To whom shall I speak? and to whom shall I testify, that he may hear? behold, their ears are uncircumcised, and they cannot hear: behold the word of the Lord is become unto them a reproach: and they will not receive it.	To whom shall I speak? and to whom shall I testify, that he may hear? behold, their ears are uncircumcised, and they cannot hear: behold the word of the Lord is become unto them a reproach: and and they will not receive it.
Jer.6.24	We have heard the fame thereof, our hands grow feeble: anguish hath taken hold of us, as a woman in labour.	We have heard the fame thereof, our hands grow feeble: anguish hath taken hold of us, as a woman in labor.
Jer.6.28	All these princes go out of the way, they walk deceitfully, they are brass and iron: they are all corrupted.	All of these princes go out of the way, they walk deceitfully, they are brass and iron: they are all corrupted.
Jer.7.14	I will do to this house, in which my name is called upon, and in which you trust, and to the place which I have given you and your fathers, as I did to Silo.	I will do to this house, in which my name is called upon, and in which you trust, and to the places which I have given you and your fathers, as I did to Silo.
Jer.7.20	Therefore thus saith the Lord God: Behold my wrath and my indignation is enkindled against this place, upon men and upon beasts, and upon the trees of the field, and upon the fruits of the land, and it shall burn, and shall not be quenched.	Therefore thus saith the Lord God: Behold my wrath and my indignation was enkindled against this place, upon men and upon beasts, and upon the trees of the field, and upon the fruits of the land, and it shall burn, and shall not be quenched.
Jer.7.28	And thou shalt say to them: This is a nation which hath not hearkened to the voice of the Lord their God, nor received instruction: faith is lost, and is taken away out of their mouth.	And thou shalt say to them: This is a nation which hath not hearkened to the voice of the Lord their God, nor received instruction: Faith is lost, and is carried away out of their mouth.
Jer.7.31	And they have built the high places of Topheth, which is in the valley of the son of Ennom, to burn their sons, and their daughters in the fire: which I commanded not, nor thought on in my heart.	And they have built the high places of Topeth, which is in the valley of the son of Ennom, to burn their sons, and their daughters in the fire: which I commanded not, nor thought on in my heart.
Jer.7.32	Therefore behold the days shall come, saith the Lord, and it shall no more be called Topheth, nor the valley of the son of Ennom: but the valley of slaughter: and they shall bury in Topheth, because there is no place.	Therefore behold the days shall come, saith the Lord, and it shall no more be called Topeth, nor the valley of the son of Ennom: but the valley of slaughter, and they shall bury in Topeth, because there is no place.
Jer.8.1	At that time, saith the Lord, they shall cast out the bones of the kings of Juda, and the bones of the princes thereof, and the bones of the priests, and the bones of the prophets, and the bones of the inhabitants of Jerusalem, out of their graves.	At that time, saith the Lord, they shall cast out the bones of the kings of Juda, and the bones of the princes thereof, and the bones of the priests, and the bones of the inhabitants of Jerusalem, out of their graves.
Jer.8.10	Therefore will I give their women to strangers, their fields to others for an inheritance: because from the least even to the greatest all follow covetousness: from the prophet even to the priest all deal deceitfully.	Therefore I will give their women to strangers, their fields to others for an inheritance: because from the least even to the greatest all follow covetousness: from the prophet even to the priest, all deal deceitfully.
Jer.8.16	The snorting of his horses was heard from Dan, all the land was moved at the sound of the neighing of his warriors: and they came and devoured the land, and all that was in it: the city and its inhabitants.	The snorting of his horse was heard from Dan, all the land was moved at the sound of the neighing of his warriors: and they came and devoured the land, and all that was in it: the city and its inhabitants.
Jer.8.19	Behold the voice of the daughter of my people from a far country: Is not the Lord in Sion, or is not her king in her? why then have they provoked me to wrath with their idols, and strange vanities?	Behold the voice of the daughter my people from a far country: Is not the Lord in Sion, or is not her king in her? why then have they provoked me to wrath with their idols, and strange vanities?
Jer.8.20	The harvest is past, the summer is ended, and we are not saved.	The harvest is passed, the summer is ended, and we are not saved.
Jer.8.22	Is there no balm in Galaad? or is there no physician there? Why then is not the wound of the daughter of my people closed?	Is there no balm in Galaad? or is no physician there? Why then is not the wound of the daughter of my people closed?
Jer.10.7	Who shall not fear thee, O king of nations? for thine is the glory: among all the wise men of the nations, and in all their kingdoms there is none like unto thee.	Who shall fear thee, O king of nations? for thine is the glory: among all the wise men of the nations, and in all their kingdoms there is none like unto thee.
Jer.10.18	For thus saith he Lord: Behold I will cast away far off the inhabitants of the land at this time: and I will afflict them, so that they may be found.	For thus saith the Lord: Behold I will cast away far off the inhabitants of the land at this time: and I will afflict them, so that they may be found.
Jer.11.17	And the Lord of hosts that planted thee, hath pronounced evil against thee: for the evils of the house of Israel, and of the house of Juda, which they have done to themselves, to provoke me, offering sacrifice to Baalim.	And the Lord of hosts that planted thee, hath pronounced evil against thee: for the evils of the house of Israel, and the house of Juda, which they have done to themselves, to provoke me, offering sacrifice to Baalim.
Jer.11.20	But thou, O Lord of Sabaoth, who judgest justly, and triest the reins and the hearts, let me see thy revenge on them: for to thee have I revealed my cause.	But thou, O Lord of Sabaoth, who judgest justly, and triest the reins and hearts, let me see thy revenge on them: for to thee I have revealed my cause.
Jer.11.22	Therefore thus saith the Lord of hosts: Behold I will visit upon them: their young men shall die by the sword, their sons and their daughters shall die by famine.	Therefore thus saith the Lord of hosts: Behold I will visit upon them: and their young men shall die by the sword, their sons and their daughters shall die by famine.
Jer.12.5	If thou hast been wearied with running with footmen, how canst thou contend with horses? and if thou hast been secure in a land of peace, what wilt thou do in the swelling of the Jordan?	If thou hast wearied with running with footmen, how canst thou contend with horses? and if thou hast been secure in a land of peace, what wilt thou do in the swelling of the Jordan?
Jer.12.7	I have forsaken my house, I have left my inheritance: I have given my dear soul into the hand of her enemies.	I have forsaken my house, I have left my inheritance: I have given my dear soul into the land of her enemies.
Jer.12.9	Is my inheritance to me as a speckled bird? is it as a bird dyed throughout? come ye, assemble yourselves, all ye beasts of the earth, make haste to devour.	Is my inheritance to me as a speckled bird? Is it as a bird died throughout? come ye, assemble yourselves, all the beasts of the earth, make haste to devour.
Jer.12.15	And when I shall have plucked them out, I will return, and have mercy on them: and will bring them back, every man to his inheritance, and every man into his land.	And when I shall have plucked them out, I will return, and have mercy on them: and I will bring them back, every man to his inheritance, and every man to his land.
Jer.13.4	Take the girdle which thou hast got, which is about thy loins, and arise, go to the Euphrates, and hide it there in a hole of the rock.	Take the girdle which thou hast got, which is about thy loins, and arise, and go to the Euphrates, and hide it there in a hole of the rock.
Jer.13.11	For as the girdle sticketh close to the loins of a man, so have I brought close to me all the house of Israel, and all the house of Juda, saith the Lord: that they might be my people, and for a name, and for a praise, and for a glory: but they would not hear.	For as the girdle sticketh close to the loins of a man, so have I brought close to me all of the house of Israel, and all the house of Juda, saith the Lord: that they might be my people, and for a name, and for a praise, and for a glory: but they would not hear.
Jer.13.12	Thou shalt speak therefore to them this word: Thus saith the Lord the God of Israel: Every bottle shall be filled with wine. And they shall say to thee: Do we not know that every bottle shall be filled with wine?	Thou shalt speak therefore to them this word: Thus saith the Lord God of Israel: Every bottle shall be filled with wine, and they shall say to thee: Do we not know that every bottle shall be filled with wine?
Jer.13.17	But if you will not hear this, my soul shall weep in secret for your pride: weeping it shall weep, and my eyes shall run down with tears, because the flock of the Lord is carried away captive.	But if you will not hear this, my soul shall weep in secret for your pride: weeping it shall weep, and my eyes shall run down the tears, because the flock of the Lord is carried away captive.
Jer.13.23	If the Ethiopian can change his skin, or the leopard his spots: you also may do well, when you have learned evil.	If the Ethiopian can change his skin, or the leopard his spots: you may also do well, when you have learned evil.
Jer.14.8	O expectation of Israel, the Saviour thereof in time of trouble: why wilt thou be as a stranger in the land, and as a wayfaring man turning in to lodge?	O expectation of Israel, the Saviour thereof in time of trouble: why wilt thou be a stranger in the land, and as a wayfaring man turning in to lodge?
Jer.14.15	Therefore thus saith the Lord concerning the prophets that prophesy in my name, whom I did not send, that say: Sword and famine shall not be in this land: By sword and famine shall those prophets be consumed.	Therefore thus saith the Lord concerning the prophets that prophecy in my name, whom I did not send, that say: Sword and famine shall not be in this land: By sword and famine shall those prophets be consumed.
Jer.14.16	And the people to whom they prophesy, shall be cast out in the streets of Jerusalem because of the famine and the sword, and there shall be none to bury them: they and their wives, their sons and their daughters, and I will pour out their own wickedness upon them.	And the people to whom they prophecy, shall be cast out in the streets of Jerusalem because of the famine and the sword, and there shall be none to bury them: they and their wives, their sons and their daughters, and I will pour out their wickedness upon them.
Jer.15.3	And I will visit them with four kinds, saith the Lord: The sword to kill, and the dogs to tear, and the fowls of the air, and the beasts of the earth, to devour and to destroy.	And I will visit them with four kinds, saith the Lord: The sword to kill, and the dogs to tear, and the fowls of the air, and the beasts of the earth, to devour and destroy.
Jer.15.15	O Lord, thou knowest, remember me, and visit me, and defend me from them that persecute me, do not defend me in thy patience: know that for thy sake I have suffered reproach.	O Lord, thou knowest, remember me, and visit me, and defend me from them that persecute me, do not defend me in thy patience: know that for thy sake I have sufferred reproach.
Jer.16.2	Thou shalt not take thee a wife, neither shalt thou have sons and daughters in this place.	Thou shalt not take thee a wife, neither shalt thou have thee sons and daughters in this place.
Jer.16.13	So I will cast you forth out of this land, into a land which you know not, nor your fathers: and there you shall serve strange gods day and night, which shall not give you any rest.	So I will cast you forth out of this land, into a land which you know not, nor you fathers: and there you shall serve strange gods day and night, which shall not give you any rest.
Jer.16.14	Therefore behold the days come, saith the Lord, when it shall be said no more: The Lord liveth, that brought forth the children of Israel out of the land of Egypt.	Therefore behold the days come, saith the Lord, when it shall be said no more: The Lord liveth, that brought for the children of Israel out of the land of Egypt:
Jer.16.20	Shall a man make gods unto himself and they are no gods?	Shall a man make gods unto himself, and there are no gods?
Jer.17.20	And thou shalt say to them: Hear the word of the Lord, ye kings of Juda, and all Juda, and all the inhabitants of Jerusalem, that enter in by these gates.	And thou shalt say to them: Hear the word of the Lord, ye kings of Juda, and all Juda, and all the inhabitant of Jerusalem, that enter in by these gates.
Jer.17.25	Then shall there enter in by the gates of this city kings and princes, sitting upon the throne of David, and riding in chariots and on horses, they and their princes, the men of Juda, and the inhabitants of Jerusalem: and this city shall be inhabited for ever.	Then shall there enter in by the gates of this city kings and princes, sitting upon the throne of David, and riding in chariots and on horses, they and their princes, the men of Juda, and the inhabitants of Jerusalem: and this city shall be inhabited forever.
Jer.18.17	As a burning wind will I scatter them before the enemy: I will shew them the back, and not the face, in the day of their destruction.	As a burning will I scatter them before the enemy: I will shew them the back, and not the face, in the day of their destruction.
Jer.19.3	And thou shalt say: Hear the word of the Lord, O ye kings of Juda, and ye inhabitants of Jerusalem: Thus saith the Lord of hosts, the God of Israel: Behold I will bring an affliction upon this place: so that whosoever shall hear it, his ears shall tingle:	And thou shalt say: Hear the word of the Lord, O ye kings of Juda, and ye inhabitants of Jerusalem: Thus saith the Lord of hosts, the God of Israel: Behold I will bring an affliction upon this place: so that whoever shall hear it, his ears shall tingle:
Jer.19.8	And I will make this city an astonishment, and a hissing: every one that shall pass by it, shall be astonished, and shall hiss because of all the plagues thereof.	And I will make this city an astonishent, and a hissing: every one that shall pass by it, shall be astonished, and shall hiss because of all the plagues thereof.
Jer.20.1	Now Phassur the son of Emmer, the priest, who was appointed chief in the house of the Lord, heard Jeremias prophesying these words.	Now Phassur the son of Emmur, the priest, who was appointed chief in the house of the Lord, heard Jeremias prophesying these words.
Jer.20.4	For thus saith the Lord: Behold I will deliver thee up to fear, thee and all thy friends: and they shall fall by the sword of their enemies, and thy eyes shall see it, and I will give all Juda into the hand of the king of Babylon: and he shall carry them away to Babylon, and shall strike them with the sword.	For thus saith the Lord: Behold I will deliver thee up to fear, thee and all thy friends: and they shall fall by the sword of their enemies, and thy eyes shall see it, and I will give all Juda into the hand of the king of Babylon: and he shall strike them with the sword.
Jer.20.14	Cursed be the day wherein I was born: let not the day in which my mother bore me, be blessed.	Cursed be the day wherein I was borne: let not the day in which my mother bore me, be blessed.
Jer.20.16	Let that man be as the cities which the Lord hath overthrown, and hath not repented: let him hear a cry in the morning, and howling at noontide:	Let that man be as the cities that the Lord hath overthrown, and hath not repented: let him hear a cry in the morning, and howling at noontide:
Jer.21.4	Thus saith the Lord, the God of Israel: Behold I will turn back the weapons of war that are in your hands, and with which you fight against the king of Babylon, and the Chaldeans, that besiege you round about the walls: and I will gather them together in the midst of this city.	Thus saith the Lord, the God of Israel: Behold I will turn back the weapons of war that are in your hands, with which you fight against the king of Babylon, and the Chaldeans, that besiege you round about the walls: and I will gather them together in the midst of this city.
Jer.21.7	And after this, saith the Lord, I will give Sedecias the king of Juda, and his servants, and his people, and such as are left in this city from the pestilence, and the sword, and the famine, into the hand of Nabuchodonosor the king of Babylon, and into the hand of their enemies, and into the hand of them that seek their life, and he shall strike them with the edge of the sword, and he shall not be moved to pity, nor spare them, nor shew mercy to them.	And after this, saith the Lord, I will give Sedecias the king of Juda, and his servants, and his people, and such as are left in this city from the pestilence, and the sword, and the famine, into the hand of Nabuchodonosor the king of Babylon, and into the hand of their enemies, and into the hand of them that seek their life, and he shall strike them with the edge of the sword, and he shall not be moved to pity, nor spare them, nor shew mercy on them.
Jer.22.2	And thou shalt say: Hear the word of the Lord, king of Juda, that sittest upon the throne of David: thou and thy servants, and thy people, who enter in by these gates.	And thou shalt say: Hear the word of the Lord, O king of Juda, that sittest upon the throne of David: thou and thy servants, and thy people, who enter in by these gates.
Jer.22.28	Is this man Jechonias an earthen and a broken vessel? is he a vessel wherein is no pleasure? why are they cast out, he and his seed, and are cast into a land which they know not?	Is this man Jechonias an earthen and a broken vessel? is he a vessel wherein there is no pleasure? why are they cast out, he and his seed, and are cast into a land which they know not?
Jer.23.7	Therefore behold the days come, saith the Lord, and they shall say no more: The Lord liveth, who brought up the children of Israel out of the land of Egypt:	Therefore behold the days to come, saith the Lord, and they shall say no more: The Lord liveth, who brought up the children of Israel out of the land of Egypt:
Jer.23.22	If they had stood in my counsel, and had made my words known to my people, I should have turned them from their evil way, and from their wicked doings.	If they stood in my counsel, and had made my words known to my people, I should have turned them from their evil way and from their wicked doings.
Jer.25.13	And I will bring upon that land all my words, that I have spoken against it, all that is written in this book, all that Jeremias hath prophesied against all nations:	And I will bring upon the land all my words, that I have spoken against it, all that is written in this book, all that Jeremias hath prophesied against all nations:
Jer.25.25	And all the kings of Zambri, and all the kings of Elam, and all the kings of the Medes:	And all the kings of Zambri, and all the kings of Elam, and all the kings of Medes:
Jer.25.38	He hath forsaken his covert as the lion, for the land is laid waste because of the wrath of the dove, and because of the fierce anger of the Lord.	He has forsaken his covert as the lion, for the land is laid waste because of the wrath of the dove, and because of the fierce anger of the Lord.
Jer.26.2	Thus saith the Lord: stand in the court of the house of the Lord, and speak to all the cities of Juda, out of which they come, to adore in the house of the Lord, all the words which I have commanded thee to speak unto them: leave not out one word.	Thus saith the Lord: Stand in the court of the house of the Lord, and speak to all the cities of Juda, out of which they come, to adore in the house of the Lord, all the words which I have commanded thee to to speak unto them: leave not out one word.
Jer.26.4	And thou shalt say to them: Thus saith the Lord: If you will not hearken to me to walk in my law, which I have given you:	And thou shalt say to them: Thus saith the Lord: If you will not hearken to me to walk in my law, which I have given to you:
Jer.26.8	And when Jeremias had made an end of speaking all that the Lord had commanded him to speak to all the people, the priests, and the prophets, and all the people laid hold on him, saying: Let him be put to death.	And when Jeremias made an end of speaking all that the Lord had commanded him to speak to all the people, the priests, and the prophets, and all the people laid hold on him, saying: Let him be put to death.
Jer.27.9	Therefore hearken not to your prophets, and diviners, and dreamers, and soothsayers, and sorcerers, that say to you: You shall not serve the king of Babylon.	Therefore hearken not to your prophets, and diviners, and dreamers, and soothsayers, and sorcerers, that say to you: You shall not serve the king Babylon.
Jer.29.2	After that Jechonias the king, and the queen, and the eunuchs, and the princes of Juda, and of Jerusalem, and the craftsmen, and the engravers were departed out of Jerusalem:	After that Jechonias the king, and the queen, and the eunuchs, and the princes of Juda, and of Jerusalem, and the craftsman, and the engravers were departed out of Jerusalem:
Jer.30.14	All thy lovers have forgotten thee, and will not seek after thee: for I have wounded thee with the wound of an enemy, with cruel chastisement: by reason of the multitude of thy iniquities, thy sins are hardened.	All thy lovers have forgotten thee, and will not seek after thee: for I have wounded thee with the wound of an enemy, with a cruel chastisement: by reason of the multitude of thy iniquities, thy sins are hardened.
Jer.31.17	And there is hope for thy last end, saith the Lord: and the children shall return to their own borders.	And here is hope for thy last end, saith the Lord: and the children shall return to their own borders.
Jer.32.1	The word that came to Jeremias from the Lord in the tenth year of Sedecias king of Juda: the same is the eighteenth year of Nabuchodonosor.	The word that came to Jeremias from the Lord in the tenth year of Sedecias king of Juda: the same is eighteenth year of Nabuchodonosor.
Jer.32.9	And I bought the field of Hanameel my uncle's son, that is in Anathoth: and I weighed him the money, seven staters, and ten pieces of silver.	And I bought the held of my uncle's son, that is in Anathoth: and I weighed him the money, seven staters, and ten pieces of silver.
Jer.34.15	And you turned to day, and did that which was right in my eyes, in proclaiming liberty every one to his brother: and you made a covenant in my sight, in the house upon which my name is invocated.	And you turned today, and did that which was right in my eyes, in proclaiming liberty every one to his brother: and you made a covenant in my sight, in the house upon which my name is invocated.
Jer.35.19	Therefore thus saith the Lord of hosts the God of Israel: There shall not be wanting a man of the race of Jonadab the son of Rechab, standing before me for ever.	Therefore thus saith the Lord of host the God of Israel: There shall not be wanting a man of the race of Jonadab the son of Rechab, standing before me for ever.
Jer.38.18	But if thou wilt not go out to the princes of the king of Babylon, this city shall be delivered into the hands of the Chaldeans, and they shall burn it with fire: and thou shalt not escape out of their hand.	But if thou wilt not go out to the princes of the king of Babylon, this city shall be delivered into the hands of the Chaldeans, and they shall burn it with fire: and thou shalt not escape out of their hands.
Jer.39.13	Therefore Nabuzardan the general sent, and Nabuzardan, and Rabsares, and Neregel, and Sereser, and Rebmag, and all the nobles of the king of Babylon,	Therefore Nabuzardan the general sent, and Nabusezban, and Rabsares, and Neregel, and Sereser, and Rebmag, and all the nobles of the king of Babylon,
Jer.39.14	Sent and took Jeremias out of the court of the prison, and committed him to Godolias the son of Ahicam the son of Saphan, that he might go home, and dwell among the people.	Sent, and took Jeremias out of the court of the prison, and committed him to Codolias the son of Ahicam the son of Saphan, that he might go home, and dwell among the people.
Jer.44.30	Thus saith the Lord: Behold I will deliver Pharao Efree king of Egypt into the hand of his enemies, and into the hand of them that seek his life: as I delivered Sedecias king of Juda into the hand of Nabuchodonosor the king of Babylon his enemy, and that sought his life.	Thus saith the Lord: Behold I will deliver Pharao Ephree king of Egypt into the hand of his enemies, and into the hand of them that seek his life: as I delivered Sedecias king of Juda into the hand of Nabuchodonosor the king of Babylon his enemy, and that sought his life.
Jer.46.17	Call ye the name of Pharao king of Egypt, a tumult time hath brought.	Call ye the name of Pharao king Egypt, a tumult time hath brought.
Jer.48.27	For Israel hath been a derision unto them: as though thou hadst found him amongst thieves: for thy words therefore, which thou hast spoken against him, thou shalt be led away captive.	For Israel hath been a derision unto thee: as though thou hadst found him amongst thieves: for thy words therefore, which thou hast spoken against him, thou shalt be led away captive.
Jer.48.36	Therefore my heart shall sound for Moab like pipes and my heart shall sound like pipes for the men of the brick wall: because he hath done more than he could, therefore they have perished.	Therefore my heart shall sound for Moab like pipes: and my heart a sound like pipes for the men of the brick wall: because he hath done more than he could, therefore they have perished.
Jer.48.41	Carioth is taken, and the strongholds are won: and the heart of the valiant men of Moab in that day shall be as the heart of a woman in labour.	Carioth is taken, and the strong holds are won: and the heart of the valiant men of Moab in that day shall be as the heart of a woman in labour.
Jer.48.46	Woe to thee, Moab, thou hast persisted, O people of Chamos: for thy sons, and thy daughters are taken captives.	Woe to thee, Moab, thou hast perished, O people of Chamos: for thy sons, and thy daughters are taken captives.
Jer.49.37	And I will cause Elam to be afraid before their enemies, and in the sight of them that seek their life: and I will bring evil upon them, my fierce wrath, saith the Lord: and I will send the sword after them, till I consume them.	And I will cause Elam to be afraid before their enemies, and in the sight of them that seek their life: and I will bring evil upon them, my fierce wrath, saith the Lord: and will send the sword after them, till I consume them.
Jer.51.6	Flee ye from the midst of Babylon, and let every one save his own life: be not silent upon her iniquity: for it is the time of revenge from the Lord, he will render unto her what she hath deserved.	Flee ye from the midst of Babylon, and let every one save his own life: be not silent upon her iniquity: for it is the time of revenge from the Lord, he will I render unto her what she hath deserved.
Lam.5.12	The princes were hanged up by their hand: they did not respect the persons of the ancients.	The princes were hanged up by their hand: they did not respect the persons of the ancient.
Lam.5.22	But thou hast utterly rejected us, thou art exceedingly angry with us.	But thou hast utterly rejected us, thou art exceedingly angry against us.
Bar.3.33	He that sendeth forth the light, and it goeth: and hath called it, and it obeyeth him with trembling.	He that sendeth forth light, and it goeth: and hath called it, and it obeyeth him with trembling.
Bar.6.40	Even the Chaldeans themselves dishonor them: who when they hear of one dumb that cannot speak, they present him to Bel, entreating him, that he may speak.	Even the Chaldeans themselves dishonour them: who when they hear of one dumb that cannot speak, they present him to Bel, entreating him, that he may speak,
Bar.6.42	The women also, with cords about them, sit in the ways, burning olive-stones.	The women also with cords about them, sit in the ways, burning olive stones.
Bar.6.43	And when any one of them, drawn away by some passenger, lieth with him, she upbraideth her neighbor, that she was not thought as worthy as herself, nor her cord broken.	And when any one of them, drawn away by some passenger, lieth with him, she upbraideth her neighbour, that she was not thought as worthy as herself, nor her cord broken.
Ezech.1.21	When those went these went, and when those stood these stood, and when those were lifted up from the earth, the wheels were lifted up together, and followed them: for the spirit of life was in the wheels.	When those went these went, and when those stood these stood, and when those were lifted up from the earth, the wheels also were lifted up together, and followed them: for the spirit of life was in the wheels.
Ezech.1.22	And over the heads of the living creatures was the likeness of the firmament, the appearance of crystal terrible to behold, and stretched out over their heads above.	And over the heads of the living creatures was the likeness of the firmament, as the appearance of crystal terrible to behold, and stretched out over their heads above.
Ezech.1.26	And above the firmament that was over their heads, was the likeness of a throne, as the appearance of the sapphire stone, and upon the likeness of the throne, was the likeness of the appearance of a man above upon it.	And above the firmament that was over their heads, was the likeness of a throne, as the appearance of the sapphire stone, and upon the likeness of the throne, was a likeness as of the appearance of a man above upon it.
Ezech.8.10	And I went in and saw, and behold every form of creeping things, and of living creatures, the abominations, and all the idols of the house of Israel, were painted on the wall all round about.	And I went in and saw, and behold every form of creeping things, and of living creatures, the abomination, and all the idols of the house of Israel, were painted on the wall all round about.
Ezech.8.15	And he said to me: Surely thou hast seen, O son of man: but turn thee again, thou shalt see greater abominations than these.	And he said to me: Surely thou hast seen, O son of man: but turn thee again: and thou shalt see greater abominations than these.
Ezech.9.7	And he said to them: Defile the house, and fill the courts with the slain: go ye forth. And they went forth, and slew them that were in the city.	And he said to them: Defile the house, and ill the courts with the slain: go ye forth. And they went forth, and slew them that were in the city.
Ezech.11.13	And it came to pass, when I prophesied, that Pheltias the son of Banaias died: and I fell down upon my face, and I cried with a loud voice: and said: Alas, alas, alas, O Lord God: wilt thou make an end of all the remnant of Israel?	And it came to pass, when I prophesied, that Pheltias the son of Banaias died: and I fell down upon my face, and cried with a loud voice: and said: Alas, alas, alas, O Lord God: wilt thou make an end of all the remnant of Israel?
Ezech.12.3	Thou, therefore, O son of man, prepare thee all necessaries for removing, and remove by day into their sight: and thou shalt remove out of thy place to another place in their sight, if so be they will regard it: for they are a provoking house.	Thou, therefore, O son of man, prepare thee all necessaries for removing, and remove by day in their sight: and thou shalt remove out of thy place to another place in their sight, if so be they will regard it: for they are a provoking house.
Ezech.13.20	Therefore thus saith the Lord God: Behold I declare against your cushions, wherewith you catch flying souls: and I will tear them off from your arms: and I will let go the soul that you catch, the souls that should fly.	Therefore thus saith the Lord God: Behold I declare against your cushions, wherewith you catch flying souls: and I will tear them off from your arms: and I will let go the souls that you catch, the souls that should fly.
Ezech.16.32	But is an adulteress, that bringeth in strangers over her husband.	But as an adulteress, that bringeth in strangers over her husband.
Ezech.16.49	Behold this was the iniquity of Sodom thy sister, pride, fulness of bread, and abundance, and the idleness of her, and of her daughters: and they did not put forth their hand to the needy, and the poor.	Behold this was the iniquity of Sodom thy sister, pride, fulness of bread, and abundance, and the idleness of her, and of her daughters: and they did not put forth their hand to the needy, and to the poor.
Ezech.20.4	If thou judgest them, if thou judgest, O son of man, declare to them the abominations of their fathers.	If thou judgest them, if thou judgest, son of man, declare to them the abominations of their fathers.
Ezech.20.6	In that day I lifted up my hand for them to bring them out of the land of Egypt, into a land which I had provided for them, flowing with milk and honey, which excelled amongst all lands.	In that day I lifted up my hand for them, to bring them out of the land of Egypt, into a land which I had provided for them, flowing with milk and honey, which excelleth amongst all lands.
Ezech.22.14	Shall thy heart endure, or shall thy hands prevail in the days which I will bring upon thee: I the Lord have spoken, and will do it.	Shall thy heart endure, or shall thy hands prevail ill the days which I will bring upon thee: I the Lord have spoken, and will do it.
Ezech.22.21	And will gather you together, and will burn you in the fire of my wrath, and you shall be melted in the midst thereof.	And I will gather you together, and will burn you in the fire of my wrath, and you shall be melted in the midst thereof.
Ezech.24.2	Son of man, write thee the name of this day, on which the king of Babylon hath set himself against Jerusalem to day.	Son of man, write thee the name of this day, on which the king of Babylon hath set himself against Jerusalem today.
Ezech.24.3	And thou shalt speak by a figure a parable to the provoking house, and say to them: Thus saith the Lord God: Set on a pot, set it on, I say, and put water in it.	And thou shalt speak by a figure a parable to the provoking house, and say to them: Thus saith the Lord God: Set on a pot, set it on, I say, and put water into it.
Ezech.28.4	In thy wisdom and thy understanding thou hast made thyself strong: and hast gotten gold an silver into thy treasures.	In thy wisdom and thy understanding thou hast made thyself strong: and hast gotten gold and silver into thy treasures.
Ezech.31.3	Behold, the Assyrian like a cedar in Libanus, with fair branches, and full of leaves, of a high stature, and his top was elevated among the thick boughs.	Behold, the Assyrian was like a cedar in Libanus, with fair branches, and full of leaves, of a high stature, and his top was elevated among the thick boughs.
Ezech.33.3	And he sees the sword coming upon the land, and sound the trumpet, and tell the people:	And he see the sword coming upon the land, and sound the trumpet, and tell the people:
Ezech.33.31	And they come to thee, as if people were coming in, and my people sit before thee: and hear thy words, and do them not: for they turn them into a song of their mouth, and their heart goeth after their covetousness.	And they come to thee, as if a people were coming in, and my people sit before thee: and hear thy words, and do them not: for they turn them into a song of their mouth, and their heart goeth after their covetousness.
Ezech.37.7	And I prophesied as he had commanded me: and as I prophesied there was a noise, and behold a commotion: and the bones came together, each one, its joint.	And I prophesied as he had commanded me: and as I prophesied there was a noise, and behold a commotion: and the bones came together, each one to its joint.
Ezech.42.5	Where were the store chambers lower above: because they bore up the galleries, which appeared above out of them from he lower parts, and from the midst of the building.	Where were the store chambers lower above: because they bore up the galleries, which appeared above out of them from the lower parts, and from the midst of the building.
Ezech.46.12	But when the prince shall offer a voluntary holocaust, or voluntary peace offering to the Lord: the gate that looketh towards the east shall be opened to him, and he shall offer his holocaust, and his peace offerings, as it is wont to be done on the sabbath day: and he shall go out, and the gate shall be shut after he is gone forth.	But when the prince shall offer a voluntary holocaust, or voluntary peace offerings to the Lord: the gate that looketh towards the east shall be opened to him, and he shall offer his holocaust, and his peace offerings, as it is wont to be done on the sabbath day: and he shall go out, and the gate shall be shut after he is gone forth.
Ezech.48.8	And by the border of Juda, from the east side even to the side of the sea, shall be the firstfruits which you shall set apart, five and twenty thousand in breadth, and length, as every one of the portions from the east side to the side of the sea: and the sanctuary shall be in the midst thereof.	And by the border of Juda, from the east side even to the side of the sea, shall be the firstfruits which you shall set apart, five and twenty thousand in breadth, and in length, as every one of the portions from the east side to the side of the sea: and the sanctuary shall be in the midst thereof.
Ezech.48.9	The firstfruits which you shall set apart for the Lord will be the length of five and twenty thousand, and the breadth of ten thousand.	The firstfruits which you shall set apart for the Lord: shall be the length of five and twenty thousand, and the breadth of ten thousand.
Dan.1.4	Children in whom there was no blemish, well favoured, and skilful in all wisdom, acute in knowledge, and instructed in science, and such as might stand in the king's palace, that he might teach them the learning, and tongue of the Chaldeans.	Children in whom there was no blemish, well favoured, and skillful in all wisdom, acute in knowledge, and instructed in science, and such as might stand in the king's palace, that he might teach them the learning, and the tongue of the Chaldeans.
Dan.2.34	Thus thou sawest, till a stone was cut out of a mountain without hands: and it struck the statue upon the feet thereof that were of iron and clay, and broke them in pieces.	Thus thou sawest, till a stone was cut out of a mountain without hands: and it struck the statue upon the feet thereof that were of iron and of clay, and broke them in pieces.
Dan.3.33	And now we cannot open our mouths: we are become a shame, and a reproach to thy servants, and to them that worship thee.	And now we cannot open our mouths: we are become a shame and reproach to thy servants, and to them that worship thee.
Dan.3.38	Neither is there at this time prince, or leader, or prophet, or holocaust, or sacrifice, or oblation, or incense, or place of first fruits before thee,	Neither is there at this time prince, or leader, or prophet, or holocaust, or sacrifice, or oblation, or incense, or place of firstfruits before thee,
Dan.3.53	Blessed art thou in the holy temple of thy glory: and exceedingly to be praised and exalted above all for ever.	Blessed art thou in the holy temple of thy glory: and exceedingly to be praised, and exceeding glorious for ever.
Dan.3.68	O ye dews and hoar frost, bless the Lord: praise and exalt him above all for ever.	O ye dews and hoar frosts, bless the Lord: praise and exalt him above all for ever.
Dan.3.99	The most high God hath wrought signs and wonders towards me. It hath seemed good to me, therefore, to publish	The most high God hath wrought signs and wonders toward me. It hath seemed good to me therefore to publish
Dan.4.16	Then Daniel, whose name was Baltassar, began silently to think within himself for about one hour: and his thought troubled him. But the king answering, said: Baltassar, let not the dream and the interpretation thereof trouble thee. Baltassar answered, and said: My lord, the dream be to them that hate thee, and the interpretation thereof to thy enemies.	Then Daniel, whose name was Baltassar, began silently to think within himself for about one hour: and his thoughts troubled him. But the king answering, said: Baltassar, let not the dream and the interpretation thereof trouble thee. Baltassar answered, and said: My lord, the dream be to them that hate thee, and the interpretation thereof to thy enemies.
Dan.5.10	Then the queen, on occasion of what had happened to the king, and his nobles, came into the banquet-house: and she spoke, and said: O king, live for ever: let not thy thoughts trouble thee, neither let thy countenance be changed.	Then the queen, on occasion of what had happened to the king, and his nobles, came into the banquet house: and she spoke and said: O king, live for ever: let not thy thoughts trouble thee, neither let thy countenance be changed.
Dan.6.7	All the princes of the kingdom, the magistrates, and governors, the senators, and judges, have consulted together, that an imperial decree, and an edict be published: That whosoever shall ask any petition of any god, or man, for thirty days, but of thee, O king, shall be cast into the den of the lions.	All the princes of the kingdom, the magistrates, and governors, the senators, and judges have consulted together, that an imperial decree, and an edict be published: That whosoever shall ask any petition of any god, or man, for thirty days, but of thee, O king, shall be cast into the den of lions.
Dan.7.1	In the first year of Baltasar, king of Babylon, Daniel saw a dream: and the vision of his head was upon his bed: and writing the dream, he comprehended it in a few words: and relating the sum of it in short, he said:	In the first year of Baltasar king of Babylon, Daniel saw a dream: and the vision of his head was upon his bed: and writing the dream, he comprehended it in few words: and relating the sum of it in short, he said:
Dan.7.26	And a judgment shall sit, that his power may be taken away, and be broken in pieces, and perish even to the end.	And judgment shall sit, that his power may be taken away, and be broken in pieces, and perish even to the end.
Dan.11.4	And when he shall come to his height, his kingdom shall be broken, and it shall be divided towards the four winds of the heaven: but not to his posterity, nor according to his power with which he ruled. For his kingdom shall be rent in pieces, even for strangers, besides these.	And when he shall come to his height, his kingdom shall be broken, and it shall be divided towards the four winds of the heaven: but not to his posterity, nor according to his power with which he ruled. For his kingdom shall be rent in pieces, even for strangers, beside these.
Dan.11.10	And his sons shall be provoked, and they shall assemble a multitude of great forces: and he shall come with haste like a flood: and he shall return, and be stirred up, and he shall join battle with his force.	And his sons shall be provoked, and they shall assemble a multitude of great forces: and he shall come with haste like a flood: and he shall return and be stirred up, and he shall join battle with his forces.
Dan.11.14	And in those times many shall rise up against the king of the south, and the children of prevaricators of thy people shall lift up themselves to fulfil the vision, and they shall fall.	And in those times many shall rise up against the king of the south, and the children of prevaricators of thy people shall lift up themselves to fulfill the vision, and they shall fall.
Dan.11.43	And he shall have power over the treasures of gold, and of silver, and all the precious things of Egypt: and he shall pass through Lybia, and Ethiopia.	And he shall have power over the treasures of gold, and of silver, and all the precious things of Egypt: and he shall pass through Libya, and Ethiopia.
Dan.13.5	And there were two of the ancients of the people appointed judges that year, of whom the Lord said: That iniquity came out from Babylon, from the ancient judges, that seemed to govern the people.	And there were two of the ancients of the people appointed judges that year, of whom the Lord said: Iniquity came out from Babylon from the ancient judges, that seemed to govern the people.
Dan.13.14	And turning back again, they came both to the same place: and asking one another the cause, they acknowledged their lust: and then they agreed together upon a time, when they might find her alone.	And turning back again, they came both to the same place: and asking one another the cause, they acknowledged their lust; and then they agreed upon a time, when they might find her alone.
Dan.13.62	To fulfil the law of Moses: and they put them to death, and innocent blood was saved in that day.	To fulfill the law of Moses: and they put them to death, and innocent blood was saved in that day.
Dan.13.64	And Daniel became great in the sight of the people from that day, and thence forward.	And Daniel became great in the sight of the people from that day, and thenceforward.
Dan.14.2	Now the Babylonians had an idol called Bel: and there was spent upon him every day twelve great measures of fine flour, and forty sheep, and six vessels of wine.	Now the Babylonians had an idol called Bel: and there were spent upon him every day twelve great measures of fine flour, and forty sheep, and sixty vessels of wine.
Dan.14.26	Then Daniel took pitch, and fat, and hair, and boiled them together: and he made lumps, and put them into the dragon's mouth, and the dragon burst asunder. And he said: Behold him whom you worship.	Then Daniel took pitch, and fat, and hair, and boiled them together: and he made lumps, and put them into the dragon's mouth, and the dragon burst asunder. And he said: Behold him whom you worshipped.
Os.2.24	And I will say to that which is not my people: Thou art my people: and they shall say: Thou art my God.	And I will say to that which was not my people: Thou art my people: and they shall say: Thou art my God.
Os.4.10	And they shall eat and shall not be filled: they have committed fornication, and have not ceased: because they have forsaken the Lord in not observing the law.	And they shall eat and shall not be filled: they have committed fornication, and have not ceased: because they have forsaken the Lord in not observing his law.
Os.12.5	Even the Lord God of hosts, the Lord is his memorial.	Even the Lord the God of hosts, the Lord is his memorial.
Joel.1.18	Why did the beasts groan, why did the herds of cattle low? because there is no pasture for them: yea, and the flocks of sheep are perished.	Why did the beast groan, why did the herds of cattle low? because there is no pasture for them: yea, and the flocks of sheep are perished.
Joel.2.11	And the Lord hath uttered his voice before the face of his army: for his armies are exceedingly great, for they are strong, and execute his word: for the day of the Lord is great and very terrible: and who can stand it?	And the Lord hath uttered his voice before the face of his army: for his armies are exceeding great, for they are strong and execute his word: for the day of the Lord is great and very terrible: and who can stand it?
Joel.2.16	Gather together the people, sanctify the church, assemble the ancients, gather together the little ones, and them that suck at the breasts: let the bridegroom go forth from his bed, and the bride out of her bridal chamber.	Gather together the people, sanctify the church, assemble the ancients, gather together the little ones, and them that suck at the breasts: let the bridegroom go forth from his bed, and the bride out of her bride chamber.
Joel.2.17	Between the porch and the altar the priests, the Lord's ministers, shall weep, and shall say: Spare, O Lord, spare thy people: and give not thy inheritance to reproach, that the heathens should rule over them. Why should they say among the nations: Where is their God?	Between the porch and the altar the priests the Lord's ministers shall weep, and shall say: Spare, O Lord, spare thy people: and give not thy inheritance to reproach, that the heathen should rule over them. Why should they say among the nations: Where is their God?
Joel.2.25	And I will restore to you the years which the locust, and the bruchus, and the mildew, and the palmerworm hath eaten; my great host which I sent upon you.	And I will restore to you the ears which the locust, and the bruchus, and the mildew, and the palmerworm have eaten; my great host which I sent upon you.
Joel.2.27	And you shall know that I am in the midst of Israel: and I am the Lord your God, and there is none besides: and my people shall not be confounded forever.	And you shall know that I am in the midst of Israel: and I am the Lord your God, and there is none besides: and my people shall not be confounded for ever.
Amos.1.1	The words of Amos, who was among the herdsmen of Thecua: which he saw concerning Israel in the days of Ozias king of Juda, and in the days of Jeroboam the son of Joas king of Israel two years before the earthquake.	The words of Amos, who was among herdsmen of Thecua: which he saw concerning Israel in the days of Ozias king of Juda, and in the days of Jeroboam the son of Joas king of Israel two years before the earthquake.
Amos.3.12	Thus saith the Lord: As if a shepherd should get out of the lion's mouth two legs, or the tip of the ear: so shall the children of Israel be taken out that dwell in Samaria, in a place of a bed, and in the couch of Damascus.	Thus saith the Lord: As if a shepherd should get out of the lion's mouth two legs, or the tip of the ear: so shall the children of Israel be taken out that dwell in Samaria, in a piece of a bed, and in the couch of Damascus.
Amos.5.16	Therefore thus saith the Lord the God of hosts the sovereign Lord: In every street there shall be wailing: and in all places that are without, they shall say: Alas, alas! and they shall call the husbandman to mourning, and such as are skilful in lamentation to lament.	Therefore thus saith the Lord the God of hosts the sovereign Lord: In every street there shall be wailing: and in all places that are without, they shall say: Alas, alas! and they shall call the husbandman to mourning, and such as are skillful in lamentation to lament.
Jon.1.6	And the ship master came to him and said to him: Why art thou fast asleep? rise up call upon thy God, if so be that God will think of us that we may not perish.	And the shipmaster came to him, and said to him: Why art thou fast asleep? rise up, call upon thy God, if so be that God will think of us, that we may not perish.
Jon.1.11	And they said to him: What shall we do with thee, that the sea may be calm to us? for the sea flowed and swelled.	And they said to him: What shall we do to thee, that the sea may be calm to us? for the sea flowed and swelled.
Jon.2.1	Now the Lord prepared a great fish to swallow up Jonas: and Jonas was in the belly of the fish for three days and three nights.	Now the Lord prepared a great fish to swallow up Jonas: and Jonas was in the belly of the fish three days and three nights.
Jon.2.9	They that in vain observe vanities, forsake their own mercy.	They that are vain observe vanities, forsake their own mercy.
Jon.3.6	And the word came to the king of Ninive: and he rose up out of his throne, and cast away his robe from him, and was clothed in sackcloth, and sat in ashes.	And the word came to the king of Ninive; and he rose up out of his throne, and cast away his robe from him, and was clothed with sackcloth, and sat in ashes.
Jon.3.7	And he caused it to be proclaimed and published in Ninive, from the mouth of the king and of his princes, saying: Let neither men nor beasts, oxen, nor sheep taste anything: let them not feed, nor drink water.	And he caused it to be proclaimed and published in Ninive from the mouth of the king and of his princes, saying: Let neither men nor beasts, oxen nor sheep, taste any thing: let them not feed, nor drink water.
Jon.4.11	And shall I not spare Ninive, that great city, in which there are more than a hundred and twenty thousand persons, that know not how to distinguish between their right hand and their left, and many beasts?	And shall not I spare Ninive, that great city, in which there are more than a hundred and twenty thousand persons that know not how to distinguish between their right hand and their left, and many beasts?
Mich.1.8	Therefore will I lament, and howl: I will go stript and naked: I will make a wailing like the dragons, and a mourning like the ostriches.	Therefore will I lament and howl: I will go stripped and naked: I will make a wailing like the dragons, and a mourning like the ostriches.
Mich.2.9	You have cast out the women of my people from their houses, in which they took delight: you have taken my praise forever from their children.	You have cast out the women of my people from their houses, in which they took delight: you have taken my praise for ever from their children.
Mich.2.12	I will assemble and gather together all of thee, O Jacob: I will bring together the remnant of Israel, I will put them together as a flock in the fold, as sheep in the midst of the sheepcotes, they shall make a tumult by reason of the multitude of men.	I will assemble and gather together all of thee, O Jacob: I will bring together the remnant of Israel, I will put them together as a flock in the fold, as the sheep in the midst of the sheepcotes, they shall make a tumult by reason of the multitude of men.
Mich.3.3	Who have eaten the flesh of my people, and have flayed their skin off them: and have broken, and chopped their bones as for the kettle, and as flesh in the midst of the pot.	Who have eaten the flesh of my people, and have flayed their skin from off them: and have broken, and chopped their bones as for the kettle, and as flesh in the midst of the pot.
Mich.4.1	And it shall come to pass in the last days, that the mountain of the house of the Lord shall be prepared in the top of the mountains, and high above the hills: and people shall flow to it.	And it shall come to pass in the last days, that the mountain of the house of the Lord shall be prepared in the top of mountains, and high above the hills: and people shall flow to it.
Mich.4.3	And he shall judge among many people, and rebuke strong nations afar off: and they shall beat their swords into ploughshares, and their spears into spades: nation shall not take sword against nation: neither shall they learn war anymore.	And he shall judge among many people, and rebuke strong nations afar off: and they shall beat their swords into ploughshares, and their spears into spades: nation shall not take sword against nation: neither shall they learn war any more.
Mich.4.7	And I will make her that halted, a remnant: and her that had been afflicted, a mighty nation: and the Lord will reign over them in Mount Sion, from this time now and forever.	And I will make her that halted, a remnant: and her that hath been afflicted, a mighty nation: and the Lord will reign over them in mount Sion, from this time now and for ever.
Mich.4.9	Now, why art thou drawn together with grief? Hast thou no king in thee, or is thy counselor perished, because sorrow hath taken thee as a woman in labour.	Now, why art thou drawn together with grief? Hast thou no king in thee, or is thy counsellor perished, because sorrow hath taken thee as a woman in labour?
Mich.6.5	O my people, remember, I pray thee, what Balach, the king of Moab, purposed: and what Balaam, the son of Beor, answered him, from Setim to Galgal, that thou mightest know the justice of the Lord.	O my people, remember, I pray thee, what Balach the king of Moab purposed: and what Balaam the son of Beor answered him, from Setim to Galgal, that thou mightest know the justices of the Lord.
Mich.7.1	Woe is me, for I am become as one that gleaneth in autumn the grapes of the vintage: there is no cluster to eat, my soul desired the first ripe figs.	Woe is me, for I am become as one that gleaneth in autumn the grapes of the vintage: there is no cluster to eat, my soul desired the firstripe figs.
Mich.7.20	Thou wilt perform the truth to Jacob, the mercy to Abraham: which thou hast sworn to our fathers from the days of old.	Thou wilt perform the truth of Jacob, the mercy to Abraham: which thou hast sworn to our fathers from the days of old.
Nah.3.11	Therefore thou also shalt be made drunk, and shalt be despised: and thou shalt seek help from the enemies.	Therefore thou also shalt be made drunk, and shalt be despised: and thou shalt seek help from the enemy.
Nah.3.18	Thy shepherds have slumbered, O king of Assyria, thy princes shall be buried: thy people are hid in the mountains, and there is none to gather them.	Thy shepherds have slumbered, O king of Assyria, thy princes shall be buried: thy people are hid in the mountains, and there is none to gather them together.
Agg.2.5	Yet now take courage, O Zorobabel, saith the Lord, and take courage, Jesus the son of Josedec the high priest, and take courage, all ye people of the land, saith the Lord of hosts: and perform (for I am with you, saith the Lord of hosts)	Yet now take courage, O Zorobabel, saith the Lord, and take courage, O Jesus the son of Josedec the high priest, and take courage, all ye people of the land, saith the Lord of hosts: and perform (for I am with you, saith the Lord of hosts)
Zach.8.23	Thus saith the Lord of hosts: In those days, wherein ten men of all languages of the Gentiles shall take hold, and shall hold fast the skirt of one that is a Jew, saying: We will go with you: for we have heard that God is with you.	Thus saith the Lord of hosts: In those days, wherein ten men of all languages of the Gentiles shall take hold, and shall hold fast the shirt of one that is a Jew, saying: We will go with you: for we have heard that God is with you.
Zach.10.4	Out of him shall come forth the corner, out of him the pin, out of him the bow of battle, out of him ever exacter together.	Out of him shall come forth the corner, out of him the pin, out of him the bow of battle, out of him every exacter together.
Zach.10.6	And I will strengthen the house of Juda, and save the house of Joseph: and I will bring them back again, because I will have mercy on them: and they shall be as they were when I had not cast them off, for I am the Lord their God, and will hear them.	And I will strengthen the house of Juda, and save the house of Joseph: and I will bring them back again, because I will have mercy on them: and they shall be as they were when I had cast them off, for I am the Lord their God, and will hear them.
Zach.10.10	And I will bring them back out of the land of Egypt, and I will gather them from among the Assyrians: and will bring them to the land of Galaad, and Libanus, and place shall not be found for them.	And I will bring them back out of the land of Egypt, and will gather them from among the Assyrians: and will bring them to the land of Galaad, and Libanus, and place shall not be found for them.
Zach.14.4	And his feet shall stand in that day upon the mount of Olives, which is over against Jerusalem towards the east: and the mount of Olives shall be divided in the midst thereof to the east, and to the west with a very great opening, and half of the mountain shall be separated to the north, and half thereof to the south.	And his feet shall stand in that day upon the mount of Olives, which is over against Jerusalem toward the east: and the mount of Olives shall be divided in the midst thereof to the east, and to the west with a very great opening, and half of the mountain shall be separated to the north, and half thereof to the south.
Mal.2.3	Behold, I will cast the shoulder to you, and will scatter upon your face the dung of your solemnities, and it shall take you away with it.	Behold, I will cast the shoulder to you, and I will scatter upon your face the dung of your solemnities, and it shall take you away with it.
1Mach.2.58	Elias, while he is full of zeal for the law, was taken up into heaven.	Elias, while he was full of zeal for the law, was taken up into heaven.
1Mach.3.11	And Judas understood it, and went forth to meet him: and he overthrew him, and killed him: and many fell down slain, and the rest fled away.	And Judas understood it, and went forth to meet him: and he overthrew him, and killed him: and many fell down slain, the rest fled away.
1Mach.3.49	And they brought the priestly ornaments, and the first fruits and tithes, and stirred up the Nazarites that had fulfilled their days:	And they brought the priestly ornaments, and the firstfruits and tithes, and stirred up the Nazarites that had fulfilled their days:
1Mach.4.9	Remember in what manner our fathers were saved in the Red Sea, when Pharaoh pursued them with a great army.	Remember in what manner our fathers were saved in the Red Sea, when Pharao pursued them with a great army.
1Mach.4.30	And they saw that the army was strong, and he prayed and said: Blessed art thou, O Saviour of Israel, who didst break the violence of the mighty by the hand of thy servant David, and didst deliver up the camp of the strangers into the hands of Jonathan the son of Saul, and of his armour bearer.	And they saw that the army was strong, and he prayed, and said: Blessed art thou, O Saviour of Israel, who didst break the violence of the mighty by the hand of thy servant David, and didst deliver up the camp of the strangers into the hands of Jonathan the son of Saul and of his armourbearer.
1Mach.4.40	And they fell down to the ground on their faces, and they sounded with the trumpets of alarm, and they cried towards heaven.	And they fell face down to the ground on their faces, and they sounded with the trumpets of alarm, and they cried towards heaven.
1Mach.5.3	Then Judas fought against the children of Esau in Idumea, and them that were in Acrabathane: because they beset the Israelites round about, and he made a great slaughter of them.	Then Judas fought against the children of Esau in Idumea, and them that were in Acrabathane: because they beset the Israelites around about, and he made a great slaughter of them.
1Mach.5.16	Now when Judas and the people heard these words, a great assembly met together to consider what they should do for their brethren that were in trouble, and were assaulted by them.	Now when Judas and all the people heard these words, a great assembly met together to consider what they should do for their brethren that were in trouble, and were assaulted by them.
1Mach.5.48	Saying: Let us pass through your land, to go into our own country, and no man shall hurt you; we will only pass through on foot. But they would not open to them.	Saying: Let us pass through your land, to go into our country: and no man shall hurt you: we will only pass through on foot. But they would not open to them.
1Mach.5.64	And the people assembled to them with joyful acclamations.	And people assembled to them with joyful acclamations.
1Mach.5.65	Then Judas and his brethren went forth and attacked the children of Esau, in the land towards the south, and he took Chebron and her towns: and he burnt the walls thereof, and the towers all round it.	Then Judas and his brethren went forth and attacked the children of Esau, in the land toward the south, and he took Chebron, and her towns: and he burnt the walls thereof and the towers all round it.
1Mach.6.3	So he came, and sought to take the city and to pillage it; but he was not able, because the design was known to them that were in the city.	Lo, he came, and sought to take the city and to pillage it: But he was not able, because the design was known to them that were in the city.
1Mach.6.9	And he remained there many days: for great grief came more and more upon him, and he made account that he should die.	And he remained there many days: for great grief came more and more and more upon him, and he made account that he should die.
1Mach.6.17	And Lysias understood that the king was dead, and he set up Antiochus, his son, to reign, whom he had brought up young: and he called his name Eupator.	And Lysias understood that the king was dead, and he set up Antiochus his son to reign, whom he brought up young: and he called his name Eupator.
1Mach.6.22	And they went to the king, and said: How long dost thou delay to execute judgment, and to revenge our brethren?	And they went to the king, and said: How long dost thou delay to execute the judgment, and to revenge our brethren?
1Mach.6.26	And behold they have approached this day to the castle of Jerusalem to take it, and they have fortified the strong hold of Bethsura:	And behold they have approached this day to the castle of Jerusalem to take it, and they have fortified the stronghold of Bethsura:
1Mach.6.55	Now Lysias heard that Philip; whom king Antiochus while he lived had appointed to bring up his son, Antiochus, and to reign,	Now Lysias heard that Philip, whom king Antiochus while he lived had appointed to bring up his son Antiochus, and to reign, to be king,
1Mach.6.61	And the king and the princes swore to them: and they came out of the strong hold.	And the king and the princes swore to them: and they came out of the stronghold.
1Mach.7.1	In the hundred and fifty-first year, Demetrius, the son of Seleucus, departed from the city of Rome, and came up with few men into a city of the sea coast, and reigned there.	In the hundred and fifty-first year Demetrius the son of Seleucus departed from the city of Rome, and came up with a few men into a city of the sea coast, and reigned there.
1Mach.7.7	Now, therefore, send some men whom thou trustest, and let him go, and see all the havoc he hath made amongst us, and in the king's lands: and let him punish all his friends and their helpers.	Now therefore send some man whom thou trustest, and let him go, and see all the havock he hath made amongst us, and in the king's lands: and let him punish all his friends and their helpers.
1Mach.7.9	To see the havoc that Judas had made: and the wicked Alcimus he made high priest, and commanded him to take revenge upon the children of Israel.	To see the havock that Judas had made: and the wicked Alcimus he made high priest, and commanded him to take revenge upon the children of Israel.
1Mach.7.24	And he went out into all the coasts of Judea round about, and took vengeance upon the men that had revolted, and they ceased to go forth any more into the country.	And he went out into all the coasts of Juda round about, and took vengeance upon the men that had revolted, and they ceased to go forth any more into the country.
1Mach.7.34	But he mocked and despised them, and abused them: and he spoke proudly,	But he mocked them and despised them, and abused them: and he spoke proudly,
1Mach.8.2	And they heard of their battles, and their noble acts which they had done in Galatia, how they had conquered them, and brought them under tribute:	And they heard of their battles, and their noble acts, which they had done in Galatia, how they conquered them, and brought them under tribute:
1Mach.8.13	That whom they had a mind to help to a kingdom, those reigned: and whom they would, they deposed from the kingdom: and they were greatly exalted.	That whom they had a mind to help to a kingdom, those reigned: and whom they would, they deposed from a kingdom: and they were greatly exalted.
1Mach.8.15	And that they had made themselves a senate house, and consulted daily three hundred and twenty men, that sat in council always for the people, that they might do the things that were right:	And that they made themselves a senate house, and consulted daily three hundred and twenty men, that sat in council always for the people, that they might do the things that were right.
1Mach.8.30	And, if after this, one party or the other shall have a mind to add to these articles, or take away any thing, they may do it at their pleasure: and whatsoever they shall add, or take away, shall be ratified.	And if after this one party or the other shall have a mind to add to these articles, or take away anything, they may do it at their pleasure: and whatsoever they shall add, or take away, shall be ratified.
1Mach.9.13	And they also that were on Judas's side, even they also cried out, and the earth shook at the noise of the armies: and the battle was fought from morning even unto the evening.	And they also were on Judas' side, even they also cried out, and the earth shook at the noise of the armies: and the battle was fought from morning even unto the evening.
1Mach.9.33	And Jonathan, and Simon, his brother, knew it, and all that were with them: and they fled into the desert of Thecua, and they pitched by the water of the lake Asphar,	And Jonathan and Simon his brother, knew it, and all that were with them: and they fled into the desert of Thecua, and they pitched by the water of the lake of Asphar,
1Mach.9.38	And they remembered the blood of John, their brother: and they went up, and hid themselves under the covert of the mountain.	And the remembered the blood of John their brother: and they went up, and hid themselves under the covert of the mountain.
1Mach.9.45	For behold the battle is before us, and the water of the Jordan on this side and on that side, and banks, and marshes, and woods: and there is no place for us to turn aside.	And behold the battle is before us, and the water of the Jordan on this side and on that side, and banks, and marshes, and woods: and there is no place for us to turn aside.
1Mach.9.48	And Jonathan, and they that were with him, leapt into the Jordan, and swam over the Jordan to them.	And Jonathan, and they that were with him leaped into the Jordan, and swam over the Jordan to them:
1Mach.9.54	Now in the year one hundred and fifty-three, the second month, Alcimus commanded the walls of the inner court of the sanctuary to be thrown down, and the works of the prophets to be destroyed: and he began to destroy.	Now in the year one hundred and fifty-three, the second month, Alcimus commanded the walls of the inner court of the sanctuary to be thrown down, and the works of the prophets to be destroyed: and he began to be destroyed: and he began to destroy.
1Mach.9.61	And he apprehended of the men of the country, that were the principal authors of the mischief, fifty men, and he slew them.	And he apprehended of the men of the country, that were the principal authors of the mischief, fifty men, and slew them.
1Mach.10.18	King Alexander to his brother, Jonathan, greetings.	King Alexander to his brother Jonathan, greeting.
1Mach.10.40	And I give every year fifteen thousand sickles of silver out of the king's accounts, of what belongs to me:	And I give every year fifteen thousand sicles of silver out of the king's accounts, of what belongs to me:
1Mach.10.42	Moreover, the five thousand sickles of silver, which they received from the account of the holy places, every year, shall also belong to the priests that execute the ministry.	Moreover the five thousand sicles of silver which they received from the account of the holy places, every year, shall also belong to the priests that execute the ministry.
1Mach.10.84	But Jonathan set fire to Azotus, and the cities that were round about it, and took the spoils of them and the temple of Dagon: and all them that were fled into it, he burnt with fire.	But Jonathan set fire to Azotus, and the cities that were around it, and took the spoils of them, and the temple of Dagon: and all them that were fled into it, he burnt with fire.
1Mach.11.26	And the king treated him as his predecessors had done before: and he exalted him in the sight of all his friends.	And the king treated him as his predecessor had done before: and he exalted him in the sight of all his friends.
1Mach.11.32	King Demetrius to Lasthenes, his parent, greetings.	King Demetrius to Lasthenes his parent, greeting.
1Mach.11.49	And they that were of the city saw that the Jews had got the city as they would: and they were discouraged in their mind, and cried to the king, making supplication, and saying:	And they that were of the city saw that the Jews had got the city as they would: and they were discouraged in their minds, and cried to the king, making supplication, and saying:
1Mach.11.69	And they that lay in ambush rose out of their places, and joined battle.	And they that lay in ambush arose out of their places, and joined battle.
1Mach.12.14	But we would not be troublesome to you, nor to the rest of our allies and friends, in these wars.	But we would not be troublesome to you, nor the rest of our allies and friends in these wars.
1Mach.12.17	And we have commanded them to go also to you, and salute you, and to deliver you our letters, concerning the renewing of our brotherhood.	And we have commanded them to go also to you, and to salute you, and to deliver you our letters, concerning the renewing of our brotherhood.
1Mach.13.25	And Simon sent, and took the bones of Jonathan, his brother, and buried them in Modin, the city of his fathers.	And Simon sent, and took the bones of Jonathan his brother, and buried them in Modin, in the city of his fathers.
1Mach.13.44	And they that were within the engine leapt into the city: and there was a great uproar in the city.	And they that were within the engine leaped into the city: and there was a great uproar in the city.
1Mach.14.21	The ambassadors that were sent to our people, have told us of your glory, and honour, and joy: and we rejoiced at their coming.	The ambassadors that were sent to our people, have told us of your glory, and honour, and joy: and we rejoice at their coming.
1Mach.14.24	And after this Simon sent Numenius to Rome, with a great shield of gold, of the weight of a thousand pounds, to confirm the league with them. And when the people of Rome had heard	And after this Simon sent Numenius to Rome, with a great shield of gold the weight of a thousand pounds, to confirm the league with them. And when the people of Rome had heard
1Mach.14.29	And Simon, the son of Mathathias, of the children of Jarib, and his brethren, have put themselves in danger, and resisted the enemies of their nation, for the maintenance of their holy places, and the law: and have raised their nation to great glory.	And Simon the son of Mathathias of the children of Jarib, and his brethren have put themselves in danger, and have resisted the enemies of their nation, for the maintenance of their holy places, and the law: and have raised their nation to great glory.
1Mach.14.36	And in his days things prospered in his hands, so that the heathens were taken away out of their country, and they also that were in the city of David, in Jerusalem, in the castle, out of which they issued forth, and profaned all places round about the sanctuary, and did much evil to purity.	And in his days things prospered in his hands, so that the heathens were taken away out of their country, and they also that were in the city of David in Jerusalem in the castle, out of which they issued forth, and profaned all places round about the sanctuary, and did much evil to its purity.
1Mach.15.25	But king Antiochus moved his camp to Dora the second time, assaulting it continually, and making engines: and he shut up Tryphon, that he could not go out.	But king Antiochus moved his camp to Dora the second time, assaulting it continually, and making engines: and shut up Tryphon, that he could not go out.
1Mach.15.29	Their borders you have wasted, and you have made great havoc in the land, and have got the dominion of many places in my kingdom.	Their borders you have wasted, and you have made great havock in the land, and have got the dominion of many places in my kingdom.
1Mach.15.31	But if not, give me for them five hundred talents of silver, and for the havoc that you have made, and the tributes of the cities, other five hundred talents: or else we will come and fight against you.	But if not, give me for them five hundred talents of silver, and for the havock that you have made, and the tributes of the cities other five hundred talents: or else we will come and fight against you.
1Mach.16.24	Behold, these are written in the book of the days of his priesthood, from the time that he was made high priest after his father.	Behold these are written in the book of the days of his priesthood, from the time he was made high priest after his father.
2Mach.2.30	For as the master builder of a new house must have care of the whole building: but he that taketh care to paint it, must seek out fit things for the adorning of it: so must it be judged of us.	For as the master builder of a new house must have care of the whole building: but he that taketh care to paint it, must seek out fit things for the adorning of it: so must it be judged for us.
2Mach.3.8	So Heliodorus forthwith began his journey, under a colour of visiting the cities of Celesyria and Phenicia, but indeed to fulfil the king's purpose.	So Heliodorus forthwith began his journey, under a colour of visiting the cities of Celesyria and Phenicia, but indeed to fulfill the king's purpose.
2Mach.4.1	But Simon, of whom we spoke before, who was the betrayer of the money, and of his country, spoke ill of Onias, as though he had incited Heliodorus to do these things, and had been the promoter of evils:	But Simon, of whom we spoke before, and of his country, spoke ill of Onias, as though he had incited Heliodorus to do these things, and had been the promoter of evils:
2Mach.4.30	When these things were in doing, it fell out that they of Tharsus, and Mallos, raised a sedition, because they were given for a gift to Antiochus, the king's concubine.	When these things were in doing, it fell out that they of Tharsus and Mallos raised a sedition, because they were given for a gift to Antiochis, the king's concubine.
2Mach.4.49	Wherefore even the Tyrians, being moved with indignation, were very liberal towards their burial.	Wherefore even the Tyrians being moved with indignation, were liberal towards their burial.
2Mach.5.20	And, therefore, the place also itself was made partaker of the evils of the people: but afterwards shall communicate in the good things thereof, and as it was forsaken in the wrath of Almighty God, shall be exalted again with great glory, when the great Lord shall be reconciled.	And therefore the place also itself was made partaker of the evils of the people: but afterward shall communicate in the good things thereof, and as it was forsaken in the wrath of almighty God, shall be exalted again with great glory, when the great Lord shall be reconciled.
2Mach.6.2	And to defile the temple that was in Jerusalem, and to call it the temple of Jupiter Olympius: and that in Garazim of Jupiter Hospitalis, according as they were that inhabited the place.	And to defile the temple that was in Jerusalem, and to call it the temple of Jupiter Olympius: and that in Gazarim of Jupiter Hospitalis, according as they were that inhabited the place.
2Mach.6.20	And considering in what manner he was to come to it, patiently bearing, he determined not to do any unlawful things for the love of life.	And considering in what manner he was come to it, patiently bearing, he determined not to do any unlawful things for the love of life.
2Mach.6.30	But when he was now ready to die with the stripes, he groaned: and said: O Lord, who hast the holy knowledge, thou knowest manifestly that whereas I might be delivered from death, I suffer grievous pains in body: but in soul am well content to suffer these things, because I fear thee.	But when he was now ready to die with the stripes, he groaned, and said: O Lord, who hast the holy knowledge, thou knowest manifestly that whereas I might be delivered from death, I suffer grevious pains in body: but in soul am well content to suffer these things because I fear thee.
2Mach.7.10	After him the third was made a mocking-stock, and when he was required, he quickly put forth his tongue, and courageously stretched out his hands:	After him the third was made a mocking stock, and when he was required, he quickly put forth his tongue, and courageously stretched out his hands:
2Mach.7.19	But do not think that thou shalt escape unpunished, for that thou hast attempted to fight against God.	But do not think that thou shalt escape unpunished, for that thou attempted to fight against God.
2Mach.7.20	Now the mother was to be admired above measure, and worthy to be remembered by good men, who beheld her seven sons slain in the space of one day, and bore it with a good courage, for the hope that she had in God:	Now the mother was to be admired above measure, and worthy to be remembered by good men, who beheld seven sons slain in the space of one day, and bore it with a good courage, for the hope that she had in God:
2Mach.8.30	Moreover, they slew above twenty thousand of them that were with Timotheus and Bacchides, who fought against them, and they made themselves masters of the high strong holds: and they divided amongst them many spoils, giving equal portions to the feeble, the fatherless, and the widows; yea, and the aged also.	Moreover they slew above twenty thousand of them that were with Timotheus and Bacchides who fought them, and they made themselves masters of the high strong holds: and they divided amongst them many spoils, giving equal portions to the feeble, the fatherless and the widows, yea and the aged also.
2Mach.9.14	And the city, to which he was going in haste to lay it even with the ground, and to make it a common burying place, he now desireth to make free:	And the city to which he was going in haste to lay it even with the ground, and to make it a, common buryingplace, he now desireth to make free.
2Mach.9.16	The holy temple also, which before he had spoiled, he promised to adorn with goodly gifts, and to multiply the holy vessels, and to allow out of his revenues the charges pertaining to the sacrifices.	The holy temple also which before he had spoiled, he promiseth to adorn with goodly gifts, and to multiply the holy vessels, and to allow out of his revenues the charges pertaining to the sacrifices.
2Mach.10.10	But now we will repeat the acts of Eupator, the son of that wicked Antiochus, abridging the account of the evils that happened in the wars.	But now we will relate the acts of Eupator the son of that wicked Antiochus, abridging the account of the evils that happened in the wars.
2Mach.10.15	And the Jews that occupied the most commodious holds, received those that were driven out of Jerusalem, and attempted to make war.	And the Jews that occupied the most commodious hold, received those that were driven out of Jerusalem, and attempted to make war.
2Mach.10.23	And having good success in arms, and all things he took in hand, he slew more than twenty thousand in the two holds.	And having good success in arms and in all things he took in hand, he slew more than twenty thousand in the two holds.
2Mach.10.30	Two of them took Machabeus between them, and covered him on every side with their arms, and kept him safe; but cast darts and fireballs against the enemy, so that they fell down, being both confounded with blindness, and filled with trouble.	Two of whom took Machabeus between them, and covered him on every side with their arms, and kept him safe: but cast darts and fireballs against the enemy, so that they fell down, being both confounded with blindness, and filled with trouble.
2Mach.11.12	And put all the rest to flight; and many of them being wounded, escaped naked: Yea, and Lysias himself fled away shamefully, and escaped.	And put all the rest to flight: many of them being wounded, escaped naked: yea and Lysias himself fled away shamefully, and escaped.
2Mach.11.35	Whatsoever Lysias, the king's cousin, hath granted to you, we also have granted.	Whatsoever Lysias the king's cousin hath granted you, we also have granted.
2Mach.12.37	Then beginning in his own language, and singing hymns with a loud voice, he put Gorgias's soldiers to flight.	Then beginning in his own language, and singing hymns with a loud voice, he put Gorgias' soldiers to flight.
2Mach.12.38	So Judas having gathered together his army, came into the city Odollam: and when the seventh day came, they purified themselves according to the custom, and kept the sabbath in the same place.	So Judas having gathered together his army, came into the city Odollam: and when the seventh day came, they purified themselves according to the custom, and kept the sabbath in the place.
2Mach.14.4	Came to king Demetrius in the year one hundred and fifty, presenting unto him a crown of gold, and a palm, and besides these, some boughs that seemed to belong to the temple. And that day indeed he held his peace.	Came to king Demetrius in the year one hundred and fifty, presenting unto him a crown of gold, and a palm, and besides these, some boughs which seemed to belong to the temple. And that day indeed he held his peace.
2Mach.14.8	Principally indeed out of fidelity to the king's interests, but in the next place also to provide for the good of my countrymen: for all our nation suffereth much from the evil proceedings of these men.	Principally indeed out of fidelity to the king's interests, but in the next place also to provide for the good of my countrymen: for all our nation suffereth much from the evil proceedings of those men.
2Mach.14.18	Nevertheless Nicanor hearing of the valour of Judas's companions, and the greatness of courage, with which they fought for their country, was afraid to try the matter by the sword.	Nevertheless Nicanor hearing of the valour of Judas' companions, and the greatness of courage with which they fought for their country, was afraid to try the matter by the sword.
2Mach.14.21	So they appointed a day upon which they might come together by themselves: and seats were brought out, and set for each one.	So they appointed a day upon which they might commune together by themselves: and seats were brought out, and set for each one.
2Mach.14.26	But Alcimus seeing the love they had one to another, and the covenants, came to Demetrius, and told him that Nicanor had assented to the foreign interest, for that he meant to make Judas, who was a traitor to the kingdom, his successor.	But Alcimus seeing the love they had one to another, and the covenants, came to Demetrius, and told him that Nicanor assented to the foreign interest, for that he meant to make Judas, who was a traitor to the kingdom, his successor.
2Mach.14.37	Now Razias, one of the ancients of Jerusalem, was accused to Nicanor, a man that was a lover of the city, and of good report, who for his kindness was called the father of the Jews.	Now Razias, one of the ancients of Jerusalem, was accused to Nicanor, a man that was a lover of the city, and of good report, who for his affection was called the father of the Jews.
2Mach.14.40	For he thought by ensnaring him to hurt the Jews very much.	For he thought by insnaring him to hurt the Jews very much.
2Mach.14.43	But whereas through haste he missed of giving a sure wound, and the crowd was breaking into the doors, he ran boldly to the wall, and manfully threw himself down to the crowd:	But whereas through haste he missed of giving himself a sure wound, and the crowd was breaking into the doors, he ran boldly to the wall, and manfully threw himself down to the crowd:
2Mach.15.12	Now the vision was in this manner. Onias, who had been high priest, a good and virtuous man, modest in his looks, gentle in his manners, and graceful in speech, and who from a child was exercised in virtues holding up his hands, prayed for all the people of the Jews:	Now the vision was in this manner: Onias who had been high priest, a good and virtuous man, modest in his looks, gentle in his manners, and graceful in his speech, and who from a child was exercised in virtues, holding up his hands, prayed for all the people of the Jews:
Matt.1.25	And he knew her not till she brought forth her first born son: and he called his name Jesus.	And he knew her not till she brought forth her firstborn son: and he called his name JESUS.
Matt.2.8	And sending them into Bethlehem, said: Go and diligently inquire after the child, and when you have found him, bring me word again, that I also may come and adore him.	And sending them into Bethlehem, said: Go and diligently inquire after the child, and when you have found him, bring me word again, that I also may come to adore him.
Matt.2.16	Then Herod perceiving that he was deluded by the wise men, was exceeding angry: and sending killed all the menchildren that were in Bethlehem, and in all the borders thereof, from two years old and under, according to the time which he had diligently inquired of the wise men.	Then Herod perceiving that he was deluded by the wise men, was exceeding angry; and sending killed all the men children that were in Bethlehem, and in all the borders thereof, from two years old and under, according to the time which he had diligently inquired of the wise men.
Matt.2.23	And coming he dwelt in a city called Nazareth: that it might be fulfilled which was said by the prophets: That he shall be called a Nazarene.	And coming he dwelt in a city called Nazareth: that it might be fulfilled which was said by prophets: That he shall be called a Nazarene.
Matt.3.11	I indeed baptize you in water unto penance, but he that shall come after me, is mightier than I, whose shoes I am not worthy to bear: he shall baptize you in the Holy Ghost and fire.	I indeed baptize you in the water unto penance, but he that shall come after me, is mightier than I, whose shoes I am not worthy to bear; he shall baptize you in the Holy Ghost and fire.
Matt.3.15	And Jesus answering, said to him: Suffer it to be so now. For so it becometh us to fulfil all justice. Then he suffered him.	And Jesus answering, said to him: Suffer it to be so now. For so it becometh us to fulfill all justice. Then he suffered him.
Matt.4.13	And leaving the city Nazareth, he came and dwelt in Capharnaum on the sea coast, in the borders of Zabulon and of Nephthalim;	And leaving the city Nazareth, he came and dwelt in Capharnaum on the sea coast, in the borders of Zabulon and Nephthalim;
Matt.4.24	And his fame went throughout all Syria, and they presented to him all sick people that were taken with divers diseases and torments, and such as were possessed by devils, and lunatics, and those that had the palsy, and he cured them:	And his fame went throughout all Syria, and they presented to him all sick people that were taken with divers diseases and torments, and such as were possessed by devils, and lunatics, and those that had palsy, and he cured them:
Matt.5.9	Blessed are the peacemakers: for they shall be called the children of God.	Blessed are the peacemakers: for they shall be called children of God.
Matt.5.13	You are the salt of the earth. But if the salt lose its savour, wherewith shall it be salted? It is good for nothing anymore but to be cast out, and to be trodden on by men.	You are the salt of the earth. But if the salt lose its savour, wherewith shall it be salted? It is good for nothing any more but to be cast out, and to be trodden on by men.
Matt.5.17	Do not think that I am come to destroy the law, or the prophets. I am not come to destroy, but to fulfil.	Do not think that I am come to destroy the law, or the prophets. I am not come to destroy, but to fulfill.
Matt.5.23	If therefore thou offer thy gift at the altar, and there thou remember that thy brother hath anything against thee;	If therefore thou offer thy gift at the altar, and there thou remember that thy brother hath any thing against thee;
Matt.5.29	And if thy right eye scandalize thee, pluck it out and cast it from thee. For it is expedient for thee that one of thy members should perish, rather than thy whole body be cast into hell.	And if thy right eye scandalize thee, pluck it out and cast it from thee. For it is expedient for thee that one of thy members should perish, rather than that thy whole body be cast into hell.
Matt.5.30	And if thy right hand scandalize thee, cut it off, and cast it from thee: for it is expedient for thee that one of thy members should perish, rather than that thy whole body go into hell.	And if thy right hand scandalize thee, cut it off, and cast it from thee: for it is expedient for thee that one of thy members should perish, rather than that thy whole body be cast into hell.
Matt.6.27	And which of you by taking thought, can add to his stature one cubit?	And which of you by taking thought, can add to his stature by one cubit?
Matt.6.30	And if the grass of the field, which is to day, and to morrow is cast into the oven, God doth so clothe: how much more you, O ye of little faith?	And if the grass of the field, which is today, and tomorrow is cast into the oven, God doth so clothe: how much more you, O ye of little faith?
Matt.6.34	Be not therefore solicitous for to morrow; for the morrow will be solicitous for itself. Sufficient for the day is the evil thereof.	Be not therefore solicitous for tomorrow; for the morrow will be solicitous for itself. Sufficient for the day is the evil thereof.
Matt.7.5	Thou hypocrite, cast out first the beam out of thy own eye, and then shalt thou see to cast out the mote out of thy brother's eye.	Thou hypocrite, cast out first the beam in thy own eye, and then shalt thou see to cast out the mote out of thy brother's eye.
Matt.8.6	And saying, Lord, my servant lieth at home sick of the palsy, and is grievously tormented.	And saying, Lord, my servant lieth at home sick of the palsy, and is grieviously tormented.
Matt.8.30	And there was, not far from them, a herd of many swine feeding.	And there was, not far from them, an herd of many swine feeding.
Matt.9.6	But that you may know that the Son of man hath power on earth to forgive sins, (then said he to the man sick of the palsy,) Arise, take up thy bed, and go into thy house.	But that you may know that the Son of man hath power on earth to forgive sins, (then said he to the man sick of palsy,) Arise, take up thy bed, and go into thy house.
Matt.9.9	And when Jesus passed on from thence, he saw a man sitting in the custom house, named Matthew; and he saith to him: Follow me. And he arose up and followed him.	And when Jesus passed on from hence, he saw a man sitting in the custom house, named Matthew; and he saith to him: Follow me. And he rose up and followed him.
Matt.10.25	It is enough for the disciple that he be as his master, and the servant as his lord. If they have called the good man of the house Beelzebub, how much more them of his household?	It is enough for the disciple that he be as his master, and the servant as his lord. If they have called the goodman of the house Beelzebub, how much more them of his household?
Matt.11.1	And it came to pass, when Jesus had made an end of commanding his twelve disciples, he passed from thence, to teach and to preach in their cities.	And it came to pass, when Jesus had made an end of commanding his twelve disciples, he passed from thence, to teach and preach in their cities.
Matt.11.25	At that time Jesus answered and said: I confess to thee, O Father, Lord of Heaven and earth, because thou hast hid these things from the wise and prudent, and hast revealed them to little ones.	At that time Jesus answered and said: I confess to thee, O Father, Lord of heaven and earth, because thou hast hid these things from the wise and prudent, and hast revealed them to the little ones.
Matt.11.28	Come to me all you that labor and are burdened, and I will refresh you.	Come to me, all you that labour, and are burdened, and I will refresh you.
Matt.12.24	But the Pharisees hearing it, said: This man casteth not out devils but by Beelzebub the prince of the devils.	But the Pharisees hearing it, said: This man casteth not out the devils but by Beelzebub the prince of the devils.
Matt.13.2	And great multitudes were gathered together unto him, so that he went up into a boat and sat: and all the multitude stood on the shore.	And great multitudes were gathered unto him, so that he went up into a boat and sat: and all the multitude stood on the shore.
Matt.13.8	And others fell upon good ground: and they brought forth fruit, some an hundred fold, some sixty fold, and some thirty fold.	And others fell upon good ground: and they brought forth fruit, some an hundredfold, some sixtyfold, and some thirtyfold.
Matt.13.24	Another parable he proposed to them, saying: The kingdom of heaven is likened to a man that sowed good seed in his field.	Another parable he proposed to them, saying: The kingdom of heaven is likened to a man that sowed good seeds in his field.
Matt.13.27	And the servants of the good man of the house coming said to him. Sir, didst thou not sow good seed in thy field? Whence then hath it cockle?	And the servants of the goodman of the house coming said to him: Sir, didst thou not sow good seed in thy field? whence then hath it cockle?
Matt.13.47	Again the kingdom of heaven is like to a net cast into the sea, and gathering together of all kinds of fishes.	Again the kingdom of heaven is like to a net cast into the sea, and gathering together of all kind of fishes.
Matt.14.1	At that time Herod the Tetrarch heard the fame of Jesus.	At the time Herod the Tetrarch heard the fame of Jesus.
Matt.14.13	Which when Jesus had heard, he retired from thence by a boat, into a desert place apart, and the multitudes having heard of it, followed him on foot out of the cities.	Which when Jesus had heard, he retired from thence by boat, into a desert place apart, and the multitudes having heard of it, followed him on foot out of the cities.
Matt.14.15	And when it was evening, his disciples came to him, saying: This is a desert place, and the hour is now passed: send away the multitudes, that going into the towns, they may buy themselves victuals.	And when it was evening, his disciples came to him, saying: This is a desert place, and the hour is now past: send away the multitudes, that going into the towns, they may buy themselves victuals.
Matt.14.18	Who said to them: Bring them hither to me.	He said to them: Bring them hither to me.
Matt.14.19	And when he had commanded the multitude to sit down upon the grass, he took the five loaves and the two fishes, and looking up to heaven, he blessed, and brake, and gave the loaves to his disciples, and the disciples to the multitudes.	And when he had commanded the multitudes to sit down upon the grass, he took the five loaves and the two fishes, and looking up to heaven, he blessed, and brake, and gave the loaves to his disciples, and the disciples to the multitudes.
Matt.14.26	And they seeing him walking upon the sea, were troubled, saying: It is an apparition. And they cried out for fear.	And they seeing him walk upon the sea, were troubled, saying: It is an apparition. And they cried out for fear.
Matt.15.13	But he answering, said: Every plant which my heavenly Father hath not planted, shall be rooted up.	But he answering them, said: Every plant which my heavenly Father hath not planted, shall be rooted up.
Matt.15.14	Let them alone: they are blind, and leaders of the blind. And if the blind lead the blind, both fall into the pit.	Let them alone: they are blind, and leaders of the blind. And if the blind lead the blind, both will fall into the pit.
Matt.15.22	And behold a woman of Canaan who came out of those coasts, crying out, said to him: Have mercy on me, O Lord, thou son of David: my daughter is grievously troubled by a devil.	And behold a woman of Canaan who came out of those coasts, crying out, said to him: Have mercy on me, O Lord, thou son of David: my daughter is grieviously troubled by the devil.
Matt.15.31	So that the multitudes marvelled seeing the dumb speak, the lame walk, the blind see: and they glorified the God of Israel.	So that the multitudes marvelled seeing the dumb speak, the lame walk, and the blind see: and they glorified the God of Israel.
Matt.15.36	And taking the seven loaves and the fishes, and giving thanks, he brake, and gave to his disciples, and the disciples gave to the people.	And taking the seven loaves and the fishes, and giving thanks, he brake, and gave to his disciples, and the disciples to the people.
Matt.16.3	And in the morning: To day there will be a storm, for the sky is red and lowering. You know then how to discern the face of the sky: and can you not know the signs of the times?	And in the morning: Today there will be a storm, for the sky is red and lowering. You know then how to discern the face of the sky: and can you not know the signs of the times?
Matt.16.11	Why do you not understand that it was not concerning bread I said to you: Beware of the leaven of the Pharisees and Sadducees?	Why do you not understand that it was not concerning the bread I said to you: Beware of the leaven of the Pharisees and Sadducees?
Matt.16.19	And I will give to thee the keys of the kingdom of heaven. And whatsoever thou shalt bind upon earth, it shall be bound also in heaven: and whatsoever thou shalt loose on earth, it shall be loosed also in heaven.	And I will give to thee the keys of the kingdom of heaven. And whatsoever thou shalt bind upon earth, it shall be bound also in heaven: and whatsoever thou shalt loose upon earth, it shall be loosed also in heaven.
Matt.17.23	And when they were come to Capharnaum, they that received the didrachmas, came to Peter, and said to him: Doth not your master pay the didrachma?	And when they were come to Capharnaum, they that received the didrachmas, came to Peter and said to him: Doth not your master pay the didrachmas?
Matt.18.19	Again I say to you, that if two of you shall consent upon earth, concerning anything whatsoever they shall ask, it shall be done to them by my Father who is in heaven.	Again I say to you, that if two of you shall consent upon earth, concerning any thing whatsoever they shall ask, it shall be done to them by my Father who is in heaven.
Matt.18.28	But when that servant was gone out, he found one of his fellow-servants that owed him an hundred pence: and laying hold of him, he throttled him, saying: Pay what thou owest.	But when that servant was gone out, he found one of his fellow servants that owed him an hundred pence: and laying hold of him, throttled him, saying: Pay what thou owest.
Matt.18.29	And his fellow-servant falling down, besought him, saying: Have patience with me, and I will pay thee all.	And his fellow servant falling down, besought him, saying: Have patience with me, and I will pay thee all.
Matt.19.3	And there came to him the Pharisees tempting him, saying: Is it lawful for a man to put away his wife for every cause?	And there came to him the Pharisees tempting him, and saying: Is it lawful for a man to put away his wife for every cause?
Matt.19.17	Who said to him: Why askest thou me concerning good? One is good, God. But if thou wilt enter into life, keep the commandments.	Who said to him: Why asketh thou me concerning good? One is good, God. But if thou wilt enter into life, keep the commandments.
Matt.19.20	The young man saith to him: All these have I kept from my youth, what is yet wanting to me?	The young man saith to him: All these I have kept from my youth, what is yet wanting to me?
Matt.19.25	And when they had heard this, the disciples wondered much, saying: Who then can be saved?	And when they had heard this, the disciples wondered very much, saying: Who then can be saved?
Matt.20.7	They say to him: Because no man hath hired us. He saith to them: Go ye also into my vineyard.	They say to him: Because no man hath hired us. He saith to them: Go you also into my vineyard.
Matt.20.25	But Jesus called them to him and said: You know that the princes of the Gentiles lord it over them; and that they that are the greater, exercise power upon them.	But Jesus called them to him, and said: You know that the princes of the Gentiles lord it over them; and they that are the greater, exercise power upon them.
Matt.20.26	It shall not be so among you: but whosoever is the greater among you, let him be your minister.	It shall not be so among you: but whosoever will be the greater among you, let him be your minister:
Matt.21.22	And all things whatsoever you shall ask in prayer believing, you shall receive.	And in all things whatsoever you shall ask in prayer, believing, you shall receive.
Matt.21.28	But what think you? A certain man had two sons: and coming to the first, he said: Son, go work to day in my vineyard.	But what think you? A certain man had two sons; and coming to the first, he said: Son, go work today in my vineyard.
Matt.22.5	But they neglected and went their ways, one to his farm and another to his merchandise.	But they neglected, and went their own ways, one to his farm, and another to his merchandise.
Matt.22.12	And he saith to him: Friend, how camest thou in hither not having on a wedding garment? But he was silent.	And he saith to him: Friend, how camest thou in hither not having a wedding garment? But he was silent.
Matt.22.35	And one of them, a doctor of the law, asked him, tempting him:	And one of them, a doctor of the law, asking him, tempting him:
Matt.22.36	Master, which is the great commandment in the law?	Master, which is the greatest commandment in the law?
Matt.23.37	Jerusalem, Jerusalem, thou that killest the prophets and stonest them that are sent unto thee, how often would I have gathered together thy children, as the hen doth gather her chickens under her wings, and thou wouldst not?	Jerusalem, Jerusalem, thou that killest the prophets, and stonest them that are sent unto thee, how often would I have gathered together thy children, as the hen doth gather her chickens under her wings, and thou wouldest not?
Matt.24.27	For as lightning cometh out of the east and appeareth even into the west: so shall also the coming of the Son of man be.	For as lightning cometh out of the east, and appeareth even into the west: so shall the coming of the Son of man be.
Matt.24.36	But of that day and hour no one knoweth: no, not the angels of heaven, but the Father alone.	But of that day and hour no one knoweth, not the angels of heaven, but the Father alone.
Matt.24.42	Watch ye therefore, because you know not what hour your Lord will come.	Watch ye therefore, because ye know not what hour your Lord will come.
Matt.24.43	But this know ye, that, if the goodman of the house knew at what hour the thief would come, he would certainly watch and would not suffer his house to be broken open.	But know this ye, that if the goodman of the house knew at what hour the thief would come, he would certainly watch, and would not suffer his house to be broken open.
Matt.25.11	But at last came also the other virgins, saying: Lord, Lord, open to us.	But at last come also the other virgins, saying: Lord, Lord, open to us.
Matt.25.28	Take ye away therefore the talent from him and give it him that hath ten talents.	Take ye away therefore the talent from him, and give it to him that hath ten talents.
Matt.25.38	Or when did we see thee a stranger and took thee in? Or naked and covered thee?	And when did we see thee a stranger, and took thee in? or naked, and covered thee?
Matt.26.12	For she in pouring this ointment on my body hath done it for my burial.	For she in pouring this ointment upon my body, hath done it for my burial.
Matt.26.31	Then Jesus saith to them: All you shall be scandalized in me this night. For it is written: I will strike the shepherd: and the sheep of the flock shall be dispersed.	Then Jesus said to them: All you shall be scandalized in me this night. For it is written: I will strike the shepherd, and the sheep of the flock shall be dispersed.
Matt.26.45	Then he cometh to his disciples and said to them: Sleep ye now and take your rest. Behold the hour is at hand: and the Son of man shall be betrayed into the hands of sinners.	Then he cometh to his disciples, and saith to them: Sleep ye now and take your rest; behold the hour is at hand, and the Son of man shall be betrayed into the hands of sinners.
Matt.27.8	For this cause that field was called Haceldama, that is, the field of blood, even to this day.	For this cause the field was called Haceldama, that is, The field of blood, even to this day.
Matt.27.25	And the whole people answering, said: His blood be upon us and upon our children.	And the whole people answering, said: His blood be upon us and our children.
Matt.28.14	And if the governor shall hear of this, we will persuade him and secure you.	And if the governor shall hear this, we will persuade him, and secure you.
Mark.2.15	And it came to pass as he sat at meat in his house, many publicans and sinners sat down together with Jesus and his disciples. For they were many, who also followed him.	And it came to pass, that as he sat at meat in his house, many publicans and sinners sat down together with Jesus and his disciples. For they were many, who also followed him.
Mark.6.4	And Jesus said to them: A prophet is not without honour, but in his own country, and in his own house, and among his own kindred.	And Jesus said to them: A prophet is not without honor, but in his own country, and in his own house, and among his own kindred.
Mark.8.1	In those days again, when there was a great multitude and they had nothing to eat; calling his disciples together, he saith to them:	In those days again, when there was a great multitude, and had nothing to eat; calling his disciples together, he saith to them:
Mark.8.6	And he commanded the people to sit down on the ground. And taking the seven loaves, giving thanks, he broke and gave to his disciples for to set before them. And they set them before the people.	And taking the seven loaves, giving thanks, he broke, and gave to his disciples for to set before them; and they set them before the people.
Mark.8.33	Who turning about and seeing his disciples, threatened Peter, saying: Go behind me, Satan, because thou savourest not the things that are of God but that are of men.	Who turning about and seeing his disciples, threatened Peter, saying: Go behind me, Satan, because thou savorest not the things that are of God, but that are of men.
Mark.9.21	And oftentimes hath he cast him into the fire and into the waters to destroy him. But if thou canst do any thing, help us, having compassion on us.	And oftentimes hath he cast him into the fire and into waters to destroy him. But if thou canst do any thing, help us, having compassion on us.
Mark.9.25	And crying out and greatly tearing him, he went our of him. And he became as dead, so that many said: He is dead.	And crying out, and greatly tearing him, he went out of him, and he became as dead, so that many said: He is dead.
Mark.9.34	And sitting down, he called the twelve and saith to them: If any man desire to be first, he shall be the last of all and be minister of all.	And sitting down, he called the twelve, and saith to them: If any man desire to be first, he shall be the last of all, and the minister of all.
Mark.9.41	And whosoever shall scandalize one of these little ones that believe in me: it were better for him that a millstone were hanged about his neck and he were cast into the sea.	And whosoever shall scandalize one of these little ones that believe in me; it were better for him that a millstone were hanged around his neck, and he were cast into the sea.
Mark.9.49	Salt is good. But if the salt become unsavoury, wherewith will you season it? Have salt in you: and have peace among you.	Salt is good. But if the salt became unsavoury; wherewith will you season it? Have salt in you, and have peace among you.
Mark.10.1	And rising up from thence, he cometh into the coasts of Judea beyond the Jordan: and the multitude flocked to him again. And as he was accustomed, he taught them again.	And rising up from thence, he cometh into the coasts of Judea beyond the Jordan: and the multitudes flock to him again. And as he was accustomed, he taught them again.
Mark.10.2	And the Pharisees coming to him asked him, tempting him: Is it lawful for a man to put away his wife?	And the Pharisees coming to him asked him: Is it lawful for a man to put away his wife? tempting him.
Mark.10.9	What therefore God hath joined together, let no man put asunder.	What therefore God hath joined together, let not man put asunder.
Mark.11.15	And they came to Jerusalem. And when he was entered into the temple, he began to cast out them that sold and bought in the temple: and over threw the tables of the moneychangers and the chairs of them that sold doves.	And they came to Jerusalem. And when he was entered into the temple, he began to cast out them that sold and bought in the temple, and overthrew the tables of the moneychangers, and the chairs of them that sold doves.
Mark.12.3	Who, having laid hands on him, beat and sent him away empty.	Who having laid hands on him, beat him, and sent him away empty.
Mark.13.12	And the brother shall betray his brother unto death, and the father his son; and children shall rise up against their parents and shall work their death.	And the brother shall betray his brother unto death, and the father his son; and children shall rise up against the parents, and shall work their death.
Mark.13.35	Watch ye therefore (for you know not when the lord of the house cometh, at even, or at midnight, or at the cock crowing, or in the morning):	Watch ye therefore, (for you know not when the lord of the house cometh: at even, or at midnight, or at the cockcrowing, or in the morning,)
Mark.14.8	She hath done what she could: she is come beforehand to anoint my body for the burial.	She hath done what she could: she is come beforehand to anoint my body for burial.
Mark.14.26	And when they had sung an hymn, they went forth to the mount of Olives.	And when they had said an hymn, they went forth to the mount of Olives.
Mark.14.30	And Jesus saith to him: Amen I say to thee, to-day, even in this night, before the cock crow twice, thou shalt deny me thrice.	And Jesus saith to him: Amen I say to thee, today, even in this night, before the cock crow twice, thou shall deny me thrice.
Mark.14.54	And Peter followed him afar off, even into the court of the high priest. And he sat with the servants at the fire and warmed himself.	And Peter followed him from afar off, even into the court of the high priest; and he sat with the servants at the fire, and warmed himself.
Mark.15.17	And they clothed him with purple: and, platting a crown of thorns, they put it upon him.	And they clothe him with purple, and platting a crown of thorns, they put it upon him.
Mark.16.18	They shall take up serpents: and if they shall drink any deadly thing, it shall not hurt them. They shall lay their hand upon the sick: and they shall recover.	They shall take up serpents; and if they shall drink any deadly thing, it shall not hurt them: they shall lay their hands upon the sick, and they shall recover.
Luke.1.58	And her neighbors and kinsfolks heard that the Lord had shewed his great mercy towards her: and they congratulated with her.	And her neighbours and kinsfolks heard that the Lord had shewed his great mercy towards her, and they congratulated with her.
Luke.2.7	And she brought forth her first born son and wrapped him up in swaddling clothes and laid him in a manger: because there was no room for them in the inn.	And she brought forth her firstborn son, and wrapped him up in swaddling clothes, and laid him in a manger; because there was no room for them in the inn.
Luke.4.9	And he brought him to Jerusalem and set him on a pinnacle of the temple and said to him: If thou be the Son of God, cast thyself from hence.	And he brought him to Jerusalem, and set him on a pinnacle of the temple, and he said to him: If thou be the Son of God, cast thyself from hence.
Luke.5.5	And Simon answering said to him: Master, we have laboured all the night and have taken nothing: but at thy word I will let down the net.	And Simon answering said to him: Master, we have labored all the night, and have taken nothing: but at thy word I will let down the net.
Luke.5.24	But that you may know that the Son of man hath the power on earth to forgive sins (he saith to the sick of the palsy), I say to thee, Arise, take up thy bed and go into thy house.	But that you may know that the Son of man hath power on earth to forgive sins, (he saith to the sick of the palsy,) I say to thee, Arise, take up thy bed, and go into thy house.
Luke.7.6	And Jesus went with them. And when he was now not far from the house, the centurion sent his friends to him, saying: Lord, trouble not thyself; for I am not worthy that thou shouldst enter under my roof.	And Jesus went with them. And when he was now not far from the house, the centurion sent his friends to him, saying: Lord, trouble not thyself; for I am not worthy that thou shouldest enter under my roof.
Luke.7.16	And there came a fear upon them all: and they glorified God saying: A great prophet is risen up among us: and, God hath visited his people.	And there came a fear on them all: and they glorified God, saying: A great prophet is risen up among us: and, God hath visited his people.
Luke.7.39	And the Pharisee, who had invited him, seeing it, spoke within himself, saying: This man, if he were if a prophet, would know surely who and what manner of woman this is that toucheth him, that she is a sinner.	And the Pharisee, who had invited him, seeing it, spoke within himself, saying: This man, if he were a prophet, would know surely who and what manner of woman this is that toucheth him, that she is a sinner.
Luke.7.41	A certain creditor had two debtors: the one owed five hundred pence and the other fifty.	A certain creditor had two debtors, the one who owed five hundred pence, and the other fifty.
Luke.9.47	But Jesus seeing the thoughts of their hearts, took a child and set him by him,	But Jesus seeing the thoughts of their heart, took a child and set him by him,
Luke.10.5	Into whatever house you enter, first say: Peace be to this house.	Into whatsoever house you enter, first say: Peace be to this house.
Luke.12.29	And seek not what you shall eat or what you shall drink: and be not lifted up on high.	And seek not you what you shall eat, or what you shall drink: and be not lifted up on high.
Luke.12.53	The father shall be divided against the son and the son against his father: the mother against the daughter and the daughter against her mother: the mother-in-law against the daughter-in-law and the daughter-in-law against her mother-in-law.	The father shall be divided against the son, and the son against his father, the mother against the daughter, and the daughter against the mother, the mother in law against her daughter in law, and the daughter in law against her mother in law.
Luke.14.32	Or else, while the other is yet afar off, sending an embassy, he desireth conditions of peace.	Or else, whilst the other is yet afar off, sending an embassy, he desireth conditions of peace.
Luke.18.29	Who said to them: Amen, I say to you, there is no man that hath left home or parents or brethren or wife or children, for the kingdom of God's sake,	Who said to them: Amen, I say to you, there is no man that hath left house, or parents, or brethren, or wife, or children, for the kingdom of God's sake,
Luke.19.1	And entering he walked through Jericho.	And entering in, he walked through Jericho.
Luke.20.5	But they thought within themselves, saying: If we shall say, From heaven: he will say: Why then did you not believe in him?	But they thought within themselves, saying: If we shall say, From heaven: he will say: Why then did you not believe him?
Luke.20.8	And Jesus said to them: Neither do I tell you by what authority I do these things.	And Jesus said to them: Neither do I tell thee by what authority I do these things.
Luke.20.46	Beware of the scribes, who desire to walk in long robes and love salutations in the market place and the first chairs in the synagogues and the chief rooms at feasts:	Beware of the scribes, who desire to walk in long robes, and love salutations in the marketplace, and the first chairs in the synagogues, and the chief rooms at feasts:
Luke.21.12	But before all these things, they will lay their hands on you and persecute you, delivering you up to the synagogues and into prisons, dragging you before kings and governors, for my name's sake.	But before all these things, they will lay their hands upon you, and persecute you, delivering you up to the synagogues and into prisons, dragging you before kings and governors, for my name's sake.
Luke.21.14	Lay it up therefore in your hearts, not to meditate before how you shall answer:	Lay it up therefore into your hearts, not to meditate before how you shall answer:
Luke.21.29	And he spoke to them a similitude. See the fig tree and all the trees:	And he spoke to them in a similitude. See the fig tree, and all the trees:
Luke.22.27	For which is greater, he that sitteth at table or he that serveth? Is not he that sitteth at table? But I am in the midst of you, as he that serveth.	For which is greater, he that sitteth at table, or he that serveth? Is it not he that sitteth at table? But I am in the midst of you, as he that serveth:
Luke.22.45	And when he rose up from prayer and was come to the disciples, he found them sleeping for sorrow.	And when he rose up from prayer, and was come to his disciples, he found them sleeping for sorrow.
Luke.23.40	But the other answering, rebuked him, saying: Neither dost thou fear God, seeing; thou art under the same condemnation?	But the other answering, rebuked him, saying: Neither dost thou fear God, seeing thou art condemned under the same condemnation?
Luke.23.46	And Jesus crying with a loud voice, said: Father, into thy hands I commend my spirit. And saying this, he gave up the ghost.	And Jesus crying out with a loud voice, said: Father, into thy hands I commend my spirit. And saying this, he gave up the ghost.
Luke.23.50	And behold there was a man named Joseph who was a counsellor, a good and a just man,	And behold there was a man named Joseph, who was a counsellor, a good and just man,
Luke.24.6	He is not here, but is risen. Remember how he spoke unto you, when he was yet in Galilee,	He is not here, but is risen. Remember how he spoke unto you, when he was in Galilee,
Luke.24.18	And the one of them, whose name was Cleophas, answering, said to him: Art thou only a stranger in Jerusalem, and hast not known the things that have been done there in these days?	And the one of them, whose name was Cleophas, answering, said to him: Art thou only a stranger to Jerusalem, and hast not known the things that have been done there in these days?
Luke.24.32	And they said one to the other: Was not our heart burning within us, whilst he spoke in the way and opened to us the scriptures?	And they said one to the other: Was not our heart burning within us, whilst he spoke in this way, and opened to us the scriptures?
Luke.24.33	And rising up, the same hour, they went back to Jerusalem: and they found the eleven gathered together, and those that were with them,	And rising up, the same hour, they went back to Jerusalem: and they found the eleven gathered together, and those that were staying with them,
Luke.24.35	And they told what things were done in the way: and how they knew him in the breaking of bread.	And they told what things were done in the way; and how they knew him in the breaking of the bread.
Luke.24.41	But while they yet believed not and wondered for joy, he said: Have you here any thing to eat?	But while they yet believed not, and wondered for joy, he said: Have you any thing to eat?
John.1.23	He said: I am the voice of one crying in the wilderness, make straight the way of the Lord, as said the prophet Isaias.	He said: I am the voice of one crying out in the wilderness, make straight the way of the Lord, as said the prophet Isaias.
John.4.15	The woman said to him: Sir, give me this water, that I may not thirst, nor come hither to draw.	The woman saith to him: Sir, give me this water, that I may not thirst, nor come hither to draw.
John.4.35	Do not you say: There are yet four months, and then the harvest cometh? Behold, I say to you, lift up your eyes, and see the countries. For they are white already to harvest.	Do you not say, There are yet four months, and then the harvest cometh? Behold, I say to you, lift up your eyes, and see the countries; for they are white already to harvest.
John.5.22	For neither does the Father judge any man: but hath given all judgment to the Son.	For neither doth the Father judge any man, but hath given all judgment to the Son.
John.5.26	For as the Father hath life in himself, so he hath given to the Son also to have life in himself.	For as the Father hath life in himself, so he hath given the Son also to have life in himself:
John.5.41	I receive not glory from men.	I receive glory not from men.
John.7.17	If any man will do the will of him, he shall know of the doctrine, whether it be of God, or whether I speak of myself.	If any man do the will of him; he shall know of the doctrine, whether it be of God, or whether I speak of myself.
John.7.19	Did not Moses give you the law, and yet none of you keepeth the law?	Did Moses not give you the law, and yet none of you keepeth the law?
John.7.31	But of the people many believed in him and said: When the Christ cometh, shall he do more miracles than this man doth?	But of the people many believed in him, and said: When the Christ cometh, shall he do more miracles, than these which this man doth?
John.7.44	And some of them would have apprehended him: but no man laid hands upon him.	And some of them would have apprehended him: but no man laid hands on him.
John.8.3	And the scribes and Pharisees bring unto him a woman taken in adultery: and they set her in the midst,	And the scribes and the Pharisees bring unto him a woman taken in adultery: and they set her in the midst,
John.9.6	When he had said these things, he spat on the ground and made clay of the spittle and spread the clay upon his eyes,	When he had said these things, he spat on the ground, and made clay of the spittle, and spread the clay on his eyes,
John.9.33	Unless this man were of God, he could not do anything.	Unless this man were of God, he could not do any thing.
John.10.32	Jesus answered them: Many good works I have shewed you from my Father. For which of those works do you stone me?	Jesus answered them: Many good works I have shewed you from my Father; for which of these works do you stone me?
John.10.33	The Jews answered him: For a good work we stone thee not, but for blasphemy: and because that thou, being a man, makest thyself God.	The Jews answered him: For a good work we stone thee not, but for blasphemy; and because that thou, being a man, maketh thyself God.
John.11.1	Now there was a certain man sick, named Lazarus, of Bethania, of the town of Mary and of Martha her sister.	Now there was a certain man sick, named Lazarus, of Bethania, of the town of Mary and Martha her sister.
John.11.20	Martha therefore, as soon as she heard that Jesus was come, went to meet him: but Mary sat at home.	Martha therefore, as soon as she heard that Jesus had come, went to meet him: but Mary sat at home.
John.12.12	And on the next day, a great multitude that was come to the festival day, when they had heard that Jesus was coming to Jerusalem,	And on the next day, a great multitude that was to come to the festival day, when they had heard that Jesus was coming to Jerusalem,
John.14.29	And now I have told you before it come to pass: that when it shall come to pass, you may believe.	And now I have told you before it comes to pass: that when it shall come to pass, you may believe.
John.15.21	But all these things they will do to you for my name's sake: because they know not him that sent me.	But all these things they will do to you for my name's sake: because they know not him who sent me.
John.16.15	All things whatsoever the Father hath are mine. Therefore I said that he shall receive of me and shew it to you.	All things whatsoever the Father hath, are mine. Therefore I said, that he shall receive of mine, and shew it to you.
John.16.17	Then some of his disciples said one to another: What is this that he saith to us: A little while, and you shall not see me: and again a little while, and you shall see me, and, Because I go to the Father?	Then some of the disciples said one to another: What is this that he saith to us: A little while, and you shall not see me; and again a little while, and you shall see me, and, because I go to the Father?
John.16.25	These things I have spoken to you in proverbs. The hour cometh when I will no longer speak to you in proverbs, but will shew you plainly of the Father.	These things I have spoken to you in proverbs. The hour cometh, when I will no more speak to you in proverbs, but will shew you plainly of the Father.
John.17.11	And now I am not in the world, and these are in the world, and I come to thee. Holy Father, keep them in thy name whom thou hast given me: that they may be one, as we also are.	And now I am not in the world, and these are in the world, and I come to thee. Holy Father, keep them in thy name whom thou has given me; that they may be one, as we also are.
John.18.13	And they led him away to Annas first, for he was father-in-law to Caiphas, who was the high priest of that year.	And they led him away to Annas first, for he was father in law to Caiphas, who was the high priest of that year.
John.18.21	Why askest thou me? Ask them who have heard what I have spoken unto them. Behold they know what things I have said.	Why asketh thou me? ask them who have heard what I have spoken unto them: behold they know what things I have said.
John.18.26	One of the servants of the high priest (a kinsman to him whose ear Peter cut off) saith to him: Did not I see thee in the garden with him?	One of the servants of the high priest (a kinsman to him whose ear Peter cut off) saith to him: Did I not see thee in the garden with him?
John.19.17	And bearing his own cross, he went forth to the place which is called Calvary, but in Hebrew Golgotha.	And bearing his own cross, he went forth to that place which is called Calvary, but in Hebrew Golgotha.
John.19.31	Then the Jews (because it was the parasceve), that the bodies might not remain upon the cross on the sabbath day (for that was a great sabbath day), besought Pilate that their legs might be broken: and that they might be taken away.	Then the Jews, (because it was the parasceve,) that the bodies might not remain on the cross on the sabbath day, (for that was a great sabbath day,) besought Pilate that their legs might be broken, and that they might be taken away.
John.19.38	And after these things, Joseph of Arimathea (because he was a disciple of Jesus, but secretly for fear of the Jews), besought Pilate that he might take away the body of Jesus. And Pilate gave leave. He came therefore and took away the body of Jesus.	And after these things, Joseph of Arimathea (because he was a disciple of Jesus, but secretly for fear of the Jews) besought Pilate that he might take away the body of Jesus. And Pilate gave leave. He came therefore, and took the body of Jesus.
John.20.15	Jesus saith to her: Woman, why weepest thou? Whom seekest thou? She, thinking that it was the gardener, saith to him: Sir, if thou hast taken him hence, tell me where thou hast laid him: and I will take him away.	Jesus saith to her: Woman, why weepest thou? whom seekest thou? She, thinking it was the gardener, saith to him: Sir, if thou hast taken him hence, tell me where thou hast laid him, and I will take him away.
John.20.17	Jesus saith to her: Do not touch me: for I am not yet ascended to my Father. But go to my brethren and say to them: I ascend to my Father and to your Father, to my God and to your God.	Jesus saith to her: Do not touch me, for I am not yet ascended to my Father. But go to my brethren, and say to them: I ascend to my Father and to your Father, to my God and your God.
John.20.19	Now when it was late the same day, the first of the week, and the doors were shut, where the disciples were gathered together, for fear of the Jews, Jesus came and stood in the midst and said to them: Peace be to you.	Now when it was late that same day, the first of the week, and the doors were shut, where the disciples were gathered together, for fear of the Jews, Jesus came and stood in the midst, and said to them: Peace be to you.
John.20.27	Then he said to Thomas: Put in thy finger hither and see my hands. And bring hither thy hand and put it into my side. And be not faithless, but believing.	Then he saith to Thomas: Put in thy finger hither, and see my hands; and bring hither thy hand, and put it into my side; and be not faithless, but believing.
Acts.1.6	They therefore who were come together, asked him, saying: Lord, wilt thou at this time restore again the kingdom of Israel?	They therefore who were come together, asked him, saying: Lord, wilt thou at this time restore again the kingdom to Israel?
Acts.1.24	And praying, they said: Thou, Lord, who knowest the heart of all men, shew whether of these two thou hast chosen,	And praying, they said: Thou, Lord, who knowest the hearts of all men, shew whether of these two thou hast chosen,
Acts.2.20	The sun shall be turned into darkness and the moon into blood, before the great and manifest day of the Lord shall come.	The sun shall be turned into darkness, and the moon into blood, before the great and manifest day of the Lord come.
Acts.4.16	Saying: What shall we do to these men? For indeed a miracle hath been done by them, known to all the inhabitants of Jerusalem. It is manifest: and we cannot deny it.	Saying: What shall we do to these men? for indeed a known miracle hath been done by them, to all the inhabitants of Jerusalem: it is manifest, and we cannot deny it.
Acts.9.24	But their lying in wait was made known to Saul. And they watched the gates also day and night, that they might kill him.	But their laying in wait was made known to Saul. And they watched the gates also day and night, that they might kill him.
Acts.9.40	And they all being put forth, Peter, kneeling down, prayed. And turning to the body, he said: Tabitha, arise. And she opened her eyes and, seeing Peter, sat up.	And they all being put forth, Peter kneeling down prayed, and turning to the body, he said: Tabitha, arise. And she opened her eyes; and seeing Peter, she sat up.
Acts.11.21	And the hand of he Lord was with them: and a great number believing, were converted to the Lord.	And the hand of the Lord was with them: and a great number believing, were converted to the Lord.
Acts.15.5	But there arose of the sect of the Pharisees some that believed, saying: They must be circumcised and be commanded to observe the law of Moses.	But there arose some of the sect of the Pharisees that believed, saying: They must be circumcised, and be commanded to observe the law of Moses.
Acts.16.7	And when they were come into Mysia, they attempted to go into Bithynia: and the Spirit of Jesus suffered them not.	And when they were come into Mysia, they attempted to go into Bythynia, and the Spirit of Jesus suffered them not.
Acts.16.19	But her masters, seeing that the hope of their gain was gone, apprehending Paul and Silas, brought them into the market place to the rulers.	But her masters, seeing that the hope of their gain was gone, apprehending Paul and Silas, brought them into the marketplace to the rulers.
Acts.16.27	And the keeper of the prison, awakening out of his sleep and seeing the doors of the prison open, drawing his sword, would have killed himself, supposing that the prisoners had been fled.	And the keeper of the prison, awaking out of his sleep, and seeing the doors of the prison open, drawing his sword, would have killed himself, supposing that the prisoners had been fled.
Acts.17.17	He disputed, therefore, in the synagogue with the Jews and with them that served God: and in the market place, every day, with them that were there.	He disputed, therefore, in the synagogue with the Jews, and with them that served God, and in the marketplace, every day with them that were there.
Acts.17.27	That they should seek God, if haply they may feel after him or find him, although he be not far from every one of us.	That they should seek God, if happily they may feel after him or find him, although he be not far from every one of us:
Acts.19.10	And this continued for the space of two years, so that all who dwelt in Asia heard the word of the Lord, both Jews and Gentiles.	And this continued for the space of two years, so that all they who dwelt in Asia, heard the word of the Lord, both Jews and Gentiles.
Acts.19.17	And this became known to all the Jews and the Gentiles that dwelt a Ephesus. And fear fell on them all: and the name of the Lord Jesus was magnified.	And this became known to all the Jews and the Gentiles that dwelt at Ephesus; and fear fell on them all, and the name of the Lord Jesus was magnified.
Acts.24.1	And after five days, the high priest, Ananias, came down with some ancients and one Tertullus, an orator, who went to the governor against Paul.	And after five days the high priest Ananias came down, with some of the ancients, and one Tertullus an orator, who went to the governor against Paul.
Acts.24.4	But that I be no further tedious to thee, I desire thee of thy clemency to hear us in a few words.	But that I be no further tedious to thee, I desire thee of thy clemency to hear us in few words.
Acts.24.19	But certain Jews of Asia, who ought to be present before thee and to accuse, if they had anything against me:	But certain Jews of Asia, who ought to be present before thee, and to accuse, if they had any thing against me:
Acts.25.7	Who being brought, the Jews stood about him, who were come down from Jerusalem, objecting many and grievious causes, which they could not prove:	Who being brought, the Jews stood about him, who were come down from Jerusalem, objecting many and grievous causes, which they could not prove;
Acts.25.18	Against whom, when the accusers stood up, they brought no accusation of this which I thought ill of:	Against whom, when the accusers stood up, they brought no accusation of things which I thought ill of:
Acts.28.19	But the Jews contradicting it, I was constrained to appeal unto Caesar: not that I had anything to accuse my nation of.	But the Jews contradicting it, I was constrained to appeal unto Caesar; not that I had any thing to accuse my nation of.
Rom.2.27	And shall not that which by nature is uncircumcision, if it fulfil the law, judge thee, who by the letter and circumcision art a transgressor of the law?	And shall not that which by nature is uncircumcision, if it fulfill the law, judge thee, who by the letter and circumcision art a transgressor of the law?
Rom.4.12	And he might be the father of circumcision; not to them only that are of the circumcision, but to them also that follow the steps of the faith that is in the uncircumcision of our father Abraham.	And might be the father of circumcision; not to them only, that are of the circumcision, but to them also that follow the steps of the faithful, that is in the uncircumcision of our father Abraham.
Rom.6.12	Let not sin therefore reign in your mortal body, so as to obey the lusts thereof.	Let no sin therefore reign in your mortal body, so as to obey the lusts thereof.
Rom.8.33	Who shall accuse against the elect of God? God is he that justifieth:	Who shall accuse against the elect of God? God that justifieth.
Rom.9.24	Even us, whom also he hath called, not only of the Jews but also of the Gentiles.	Even us, whom also he hath called, nor only of the Jews, but also of the Gentiles.
Rom.9.26	And it shalt be in the place where it was said unto them: you are not my people; there they shall be called the sons of the living God.	And it shall be, in the place where it was said unto them, You are not my people; there they shall be called the sons of the living God.
Rom.9.27	And Isaias cried out concerning Israel: If the number of the children of Israel be as the sand of the sea, a remnant shall be saved.	And Isaias crieth out concerning Israel: If the number of the children of Israel be as the sand of the sea, a remnant shall be saved.
Rom.9.29	And as Isaias foretold: Unless the Lord of Sabbaoth had left us a seed, we had been made as Sodom and we had been like unto Gomorrha.	And as Isaias foretold: Unless the Lord of Sabaoth had left us a seed, we had been made as Sodom, and we had been like unto Gomorrha.
Rom.10.4	For the end of the law is Christ: unto justice to everyone that believeth.	For the end of the law is Christ, unto justice to every one that believeth.
Rom.11.21	For if God hath not spared the natural branches, fear lest perhaps also he spare not thee.	For if God hath not spared the natural branches, fear lest perhaps he also spare not thee.
Rom.11.24	For if thou wert cut out of the wild olive tree, which is natural to thee; and, contrary to nature, wert grafted into the good olive tree: how much more shall they that are the natural branches be grafted into their own olive tree?	For if thou wert cut out of the wild olive tree, which is natural to thee; and, contrary to nature, were grafted into the good olive tree; how much more shall they that are the natural branches, be grafted into their own olive tree?
1Cor.1.12	Now this I say, that every one of you saith: I indeed am of Paul; and I am of Apollo; and I of Cephas; and I of Christ.	Now this I say, that every one of you saith: I indeed am of Paul; and I am of Apollo; and I am of Cephas; and I of Christ.
1Cor.2.16	For who hath known the mind of the Lord, that he may instruct him? But we have the mind of Christ.	For who hath known the mind of the Lord, that we may instruct him? But we have the mind of Christ.
1Cor.3.3	For, whereas there is among you envying and contention, are you not carnal and walk you not according to man?	For, whereas there is among you envying and contention, are you not carnal, and walk according to man?
1Cor.4.4	For I am not conscious to myself of anything. Yet am I not hereby justified: but he that judgeth me is the Lord.	For I am not conscious to myself of any thing, yet am I not hereby justified; but he that judgeth me, is the Lord.
1Cor.5.2	And you are puffed up and have not rather mourned: that he might be taken away from among you that hath done this thing.	And you are puffed up; and have not rather mourned, that he might be taken away from among you, that hath done this deed.
1Cor.6.7	Already indeed there is plainly a fault among you, that you have law suits one with another. Why do you not rather take wrong? Why do you not rather suffer yourselves to be defrauded?	Already indeed there is plainly a fault among you, that you have lawsuits one with another. Why do you not rather take wrong? Why do you not rather suffer yourselves to be defrauded?
1Cor.7.1	Now concerning the things whereof you wrote to me: It is good for a man not to touch a woman.	Now concerning the thing whereof you wrote to me: It is good for a man not to touch a woman.
1Cor.7.30	And they that weep, as though they wept not: and they that rejoice, as if they rejoiced not: and they that buy as if they possessed not:	And they that weep, as though they wept not; and they that rejoice, as if they rejoiced not; and they that buy, as though they possessed not;
1Cor.10.27	If any of them that believe not, invite you, and you be willing to go: eat of any thing that is set before you, asking no question for conscience' sake.	If any of them that believe not, invite you, and you will be willing to go; eat of any thing that is set before you, asking no question for conscience' sake.
1Cor.10.32	Be without offence to the Jew, and to the Gentiles and to the church of God:	Be without offence to the Jews, and to the Gentiles, and to the church of God:
1Cor.10.33	As I also in all things please all men, not seeking that which is profitable to myself but to many: that they may be saved.	As I also in all things please all men, not seeking that which is profitable to myself, but to many, that may be saved.
1Cor.11.22	What, have you no houses to eat and to drink in? Or despise ye the church of God and put them to shame that have not? What shall I say to you? Do I praise you? In this I praise you not.	What, have you not houses to eat and to drink in? Or despise ye the church of God; and put them to shame that have not? What shall I say to you? Do I praise you? In this I praise you not.
1Cor.12.28	And God indeed hath set some in the church; first apostles, secondly prophets, thirdly doctors: after that miracles: then the graces of healings, helps, governments, kinds of tongues, interpretations of speeches.	And God indeed hath set some in the church; first apostles, secondly prophets, thirdly doctors; after that miracles; then the graces of healing, helps, governments, kinds of tongues, interpretations of speeches.
1Cor.14.35	But if they would learn anything, let them ask their husbands at home. For it is a shame for a woman to speak in the church.	But if they would learn any thing, let them ask their husbands at home. For it is a shame for a woman to speak in the church.
1Cor.15.6	Then was he seen by more than five hundred brethren at once: of whom many remain until this present, and some are fallen asleep.	Then he was seen by more than five hundred brethren at once: of whom many remain until this present, and some are fallen asleep.
1Cor.15.32	If (according to man) I fought with beasts at Ephesus, what doth it profit me, if the dead rise not again? Let us eat and drink, for to morrow we shall die.	If (according to man) I fought with beasts at Ephesus, what doth it profit me, if the dead rise not again? Let us eat and drink, for tomorrow we shall die.
1Cor.16.15	And I beseech you, brethren, you know the house of Stephanus, and of Fortunatus, and of Achaicus, that they are the firstfruits of Achaia, and have dedicated themselves to the ministry of the saints:	And I beseech you, brethren, you know the house of Stephanas, and of Fortunatus, and of Achaicus, that they are the firstfruits of Achaia, and have dedicated themselves to the ministry of the saints:
1Cor.16.17	And I rejoice in the presence of Stephanus and Fortunatus and Achaicus: because that which was wanting on your part, they have supplied.	And I rejoice in the presence of Stephanas, and Fortunatus, and Achaicus, because that which was wanting on your part, they have supplied.
2Cor.6.18	And I will receive you. And will be a Father to you: and you shall be my sons and daughters, saith the Lord Almighty.	And I will receive you; and I will be a Father to you; and you shall be my sons and daughters, saith the Lord Almighty.
2Cor.7.15	And his bowels are more abundantly towards you: remembering the obedience of you all, how with fear and trembling you received him.	And his bowels are more abundantly towards you; remembering the obedience of you all, how with fear and trembling you have received him.
2Cor.8.13	For I mean not that others should be eased and you burdened, but by an equality.	For I mean not that others should be eased, and you burthened, but by an equality.
2Cor.10.5	And every height that exalteth itself against the knowledge of God: and bringing into captivity every understanding unto the obedience of Christ:	And every height that exhalteth itself against the knowledge of God, and bringing into captivity every understanding unto the obedience of Christ;
Gal.5.3	And I testify again to every man circumcising himself that he is a debtor to do the whole law.	And I testify again to every man circumcising himself, that he is a debtor to the whole law.
Gal.5.7	You did run well. What hath hindered you, that you should not obey the truth?	You did run well, who hath hindered you, that you should not obey the truth?
Gal.6.2	Bear ye one another's burdens: and so you shall fulfil the law of Christ.	Bear ye one another's burdens; and so you shall fulfill the law of Christ.
Eph.1.18	The eyes of your heart enlightened that you may know what the hope is of his calling and what are the riches of the glory of his inheritance in the saints.	The eyes of your heart enlightened, that you may know what the hope is of the glory of his inheritance in the saints.
Phil.2.2	Fulfil ye my joy, that you be of one mind, having the same charity, being of one accord, agreeing in sentiment.	Fulfill ye my joy, that you may be of one mind, having the same charity, being of one accord, agreeing in sentiment.
Phil.2.30	Because for the work of Christ he came to the point of death: delivering his life, that he might fulfil that which on your part was wanting towards my service.	Because for the work of Christ he came to the point of death: delivering his life, that he might fulfill that which on your part was wanting towards my service.
Phil.3.1	As to the rest, my brethren, rejoice in the Lord. To write the same things to you, to me indeed is not wearisome, but to you is necessary.	As to the rest, my brethren, rejoice in the Lord. To write the same things to you, to me indeed is not wearisome, but to you it is necessary.
Phil.4.12	I know both how to be brought low, and I know how to abound (every where and in all things I am instructed): both to be full and to be hungry: both to abound and to suffer need.	I know both how to be brought low, and I know how to abound: (everywhere, and in all things I am instructed) both to be full, and to be hungry; both to abound, and to suffer need.
Phil.4.13	I can do all things in him who strengtheneth me.	I can do all these things in him who strengtheneth me.
Col.1.25	Whereof I am made a minister according to the dispensation of God, which is given me towards you, that I may fulfil the word of God:	Whereof I am made a minister according to the dispensation of God, which is given me towards you, that I may fulfill the word of God:
Col.2.19	And not holding the head, from which the whole body, by joints and bands, being supplied with nourishment and compacted, groweth into the increase of God.	And not holding the head, from which the whole body, by joints and bands, being supplied with nourishment and compacted, groweth unto the increase of God.
Col.4.10	Aristarchus, my fellow prisoner, saluteth you: and Mark, the cousin german of Barnabas, touching whom you have received commandments. If he come unto you, receive him.	Aristarchus, my fellow prisoner, saluteth you, and Mark, the cousin german of Barnabus, touching whom you have received commandments; if he come unto you, receive him:
Col.4.17	And say to Archippus: Take heed to the ministry which thou hast received in the Lord, that thou fulfil it.	And say to Archippus: Take heed to the ministry which thou hast received in the Lord, that thou fulfill it.
1Thess.5.8	But let us, who are of the day, be sober, having on the breast plate of faith and charity and, for a helmet, the hope of salvation.	But let us, who are of the day, be sober, having on the breastplate of faith and charity, and for a helmet the hope of salvation.
2Thess.1.11	Wherefore also we pray always for you: That our God would make you worthy of his vocation and fulfil all the good pleasure of his goodness and the work of faith in power:	Wherefore also we pray always for you; that our God would make you worthy of his vocation, and fulfill all the good pleasure of his goodness and the work of faith in power;
1Tim.1.1	Paul, an apostle of Jesus Christ, according to the commandment of God our Saviour and Christ Jesus our hope:	Paul, an apostle of Jesus Christ, according to the commandment of God our Saviour, and of Christ Jesus our hope:
1Tim.1.12	I give him thanks who hath strengthened me, even to Christ Jesus our Lord, for that he hath counted me faithful, putting me in the ministry:	I give thanks who hath strengthened me, even to Christ Jesus our Lord, for that he hath counted me faithful, putting me in the ministry;
1Tim.1.15	A faithful saying, and worthy of all acceptation, that Christ Jesus came into the world to save sinners, of whom I am the chief.	A faithful saying, and worthy of all acceptation, that Christ Jesus came into this world to save sinners, of whom I am the chief.
1Tim.2.15	Yet she shall be saved through child bearing; if she continue in faith and love and sanctification with sobriety.	Yet she shall be saved through childbearing; if she continue in faith, and love, and sanctification, with sobriety.
1Tim.4.10	For therefore we labour and are reviled, because we hope in the living God, who is the Saviour of all men, especially of the faithful.	For therefore we labor and are reviled, because we hope in the living God, who is the Saviour of all men, especially of the faithful.
1Tim.4.14	Neglect not the grace that is in thee, which was given thee by prophecy, with imposition of the hands of the priesthood.	Neglect not the grace that is in thee, which was given thee by prophesy, with imposition of the hands of the priesthood.
1Tim.5.13	And withal being idle they learn to go about from house to house: and are not only idle, but tattlers also and busy bodies, speaking things which they ought not.	And withal being idle they learn to go about from house to house: and are not only idle, but tattlers also, and busybodies, speaking things which they ought not.
2Tim.2.13	If we believe not, he continueth faithful, he cannot deny himself.	If we believe not, he continueth faithful, he can not deny himself.
2Tim.2.20	But in a great house there are not only vessels of gold and of silver, but also of wood and of earth: and some indeed unto honour, but some unto dishonour.	But in a great house there are not only vessels of gold and silver, but also of wood and earth: and some indeed unto honour, but some unto dishonour.
2Tim.2.24	But the servant of the Lord must not wrangle: but be mild toward all men, apt to teach, patient,	But the servant of the Lord must not wrangle: but be mild towards all men, apt to teach, patient,
2Tim.4.5	But be thou vigilant, labour in all things, do the work of an evangelist, fulfil thy ministry. Be sober.	But be thou vigilant, labour in all things, do the work of an evangelist, fulfill thy ministry. Be sober.
Tit.1.12	One of them a prophet of their own, said: The Cretans are always liars, evil beasts, slothful bellies.	One of them a prophet of their own, said, The Cretians are always liars, evil beasts, slothful bellies.
Heb.2.16	For nowhere doth he take hold of the angels: but of the seed of Abraham he taketh hold.	For no where doth he take hold of the angels: but of the seed of Abraham he taketh hold.
Heb.2.17	Wherefore, it behoved him in all things to be made like unto his brethren, that he might become a merciful and faithful high priest before God, that he might be a propitiation for the sins of the people.	Wherefore it behoved him in all things to be made like unto his brethren, that he might become a merciful and faithful priest before God, that he might be a propitiation for the sins of the people.
Heb.3.13	But exhort one another every day, whilst it is called to day, that none of you be hardened through the deceitfulness of sin.	But exhort one another every day, whilst it is called today, that none of you be hardened through the deceitfulness of sin.
Heb.3.15	While it is said: To day, if you shall hear his voice, harden not your hearts, as in that provocation.	While it is said, Today if you shall hear his voice, harden not your hearts, as in that provocation.
Heb.4.7	Again he limiteth a certain day, saying in David; To day, after so long a time as it is above said: To day if you shall hear his voice, harden not your hearts.	Again he limiteth a certain day, saying in David, Today, after so long a time, as it is above said: Today if you shall hear his voice, harden not your hearts.
Heb.4.15	For we have not a high priest who cannot have compassion on our infirmities: but one tempted in all things like as we are, without sin.	For we have not a high priest, who can not have compassion on our infirmities: but one tempted in all things like as we are, without sin.
Heb.5.13	For every one that is a partaker of milk is unskilful in the word of justice: for he is a little child.	For every one that is a partaker of milk, is unskillful in the word of justice: for he is a little child.
Heb.6.18	That by two immutable things in which it is impossible for God to lie, we may have the strongest comfort, we who have fled for refuge to hold fast the hope set before us.	That by two immutable things, in which it is impossible for God to lie, we may have the strongest comfort, who have fled for refuge to hold fast the hope set before us.
Heb.7.8	And here indeed, men that die receive tithes: but there, he hath witness that he liveth.	And here indeed, men that die, receive thithes: but there he hath witness, that he liveth.
Heb.9.9	Which is a parable of the time present: according to which gifts and sacrifices are offered, which cannot, as to the conscience, make him perfect that serveth, only in meats and in drinks,	Which is a parable of the time present: according to which gifts and sacrifices are offered, which can not, as to the conscience, make him perfect that serveth, only in meats and in drinks,
Heb.11.9	By faith he abode in the land of promise, as in a strange country, dwelling in cottages, with Isaac and Jacob, the co-heirs of the same promise.	By faith he abode in the land, dwelling in cottages, with Isaac and Jacob, the co-heirs of the same promise.
Heb.12.25	See that you refuse him not that speaketh. For if they escaped not who refused him that spoke upon earth, much more shall not we that turn away from him that speaketh to us from heaven.	See that you refuse him not that speaketh. For if they escaped not who refused him that spoke upon the earth, much more shall not we, that turn away from him that speaketh to us from heaven.
James.1.12	Blessed is the man that endureth temptation: for, when he hath been proved, he shall receive the crown of life which God hath promised to them that love him.	Blessed is the man that endureth temptation; for when he hath been proved, he shall receive a crown of life, which God hath promised to them that love him.
James.1.18	For of his own will hath he begotten us by the word of truth, that we might be some beginning of his creature.	For of his own will hath he begotten us by the word of truth, that we might be some beginning of his creatures.
James.2.8	If then you fulfil the royal law, according to the scriptures: Thou shalt love thy neighbour as thyself; you do well.	If then you fulfill the royal law, according to the scriptures, Thou shalt love thy neighbour as thyself; you do well.
James.4.2	You covet, and have not: you kill and envy and cannot obtain. You contend and war, and you have not: because you ask not.	You covet, and have not: you kill, and envy, and can not obtain. You contend and war, and you have not, because you ask not.
1Pet.1.4	Unto an inheritance, incorruptible, and undefiled and that cannot fade, reserved in heaven for you,	Unto an inheritance incorruptible, and undefiled, and that can not fade, reserved in heaven for you,
1Pet.2.9	But you are a chosen generation, a kingly priesthood, a holy nation, a purchased people: that you may declare his virtues, who hath called you out of darkness into his marvelous light:	But you are a chosen generation, a kingly priesthood, a holy nation, a purchased people: that you may declare his virtues, who hath called you out of darkness into his marvellous light:
1Pet.4.11	If any man speak, let him speak, as the words of God. If any minister, let him do it, as of the power which God administereth: that in all things God may be honoured through Jesus Christ: to whom is glory and empire for ever and ever. Amen.	If any man speak, let him speak, as the words of God. If any man minister, let him do it, as of the power, which God administereth: that in all things God may be honoured through Jesus Christ: to whom is glory and empire for ever and ever. Amen.
1Pet.4.17	For the time is, that judgment should begin at the house of God. And if at first at us, what shall be the end of them that believe not the gospel of God?	For the time is, that judgment should begin at the house of God. And if first at us, what shall be the end of them that believe not the gospel of God?
1Pet.5.10	But the God of all grace, who hath called us unto his eternal glory in Christ Jesus, after you have suffered a little, will himself perfect you and confirm you and establish you.	But the God of all grace, who hath called us into his eternal glory in Christ Jesus, after you have suffered a little, will himself perfect you, and confirm you, and establish you.
1John.3.9	Whosoever is born of God committeth not sin: for his seed abideth in him. And he cannot sin, because he is born of God.	Whosoever is born of God, committeth not sin: for his seed abideth in him, and he can not sin, because he is born of God.
Jude.1.15	To execute judgment upon all and to reprove all the ungodly for all the works of their ungodliness, whereby they have done ungodly: and for all the hard things which ungodly sinners have spoken against God.	To execute judgment upon all, and to reprove all the ungodly for all the works of their ungodliness, whereby they have done ungodly, and of all the hard things which ungodly sinners have spoken against God.
Apoc.1.16	And he had in his right hand seven stars. And from his mouth came out a sharp two-edged sword. And his face was as the sun shineth in his power.	And he had in his right hand seven stars. And from his mouth came out a sharp two edged sword: and his face was as the sun shineth in his power.
Apoc.2.10	Fear none of those things which thou shalt suffer. Behold, the devil will cast some of you into prison, that you may be tried: and you shall have tribulation ten days. Be thou faithful unto death: and I will give thee the crown of life.	Fear none of those things which thou shalt suffer. Behold, the devil will cast some of you into prison that you may be tried: and you shall have tribulation ten days. Be thou faithful until death: and I will give thee the crown of life.
Apoc.2.12	And to the angel of the church of Pergamus write: These things saith he that hath the sharp two-edged sword:	And to the angel of the church of Pergamus write: These things, saith he, that hath the sharp two edged sword:
Apoc.3.10	Because thou hast kept the word of my patience, I will also keep thee from the hour of temptation, which shall come upon the whole world to try them that dwell upon the earth.	Because thou hast kept the word of my patience, I will also keep thee from the hour of the temptation, which shall come upon the whole world to try them that dwell upon the earth.
Apoc.7.5	Of the tribe of Juda, twelve thousand signed: Of the tribe of Ruben, twelve thousand signed: Of the tribe of Gad, twelve thousand signed:	Of the tribe of Juda, were twelve thousand signed: Of the tribe of Ruben, twelve thousand signed: Of the tribe of Gad, twelve thousand signed:
Apoc.9.13	And the sixth angel sounded the trumpet: and I heard a voice from the four horns of the golden altar which is before the eyes of God,	And the sixth angel sounded the trumpet: and I heard a voice from the four horns of the great altar, which is before the eyes of God,
Apoc.19.15	And out of his mouth proceedeth a sharp two-edged sword, that with it he may strike the nations. And he shall rule them with a rod of iron: and he treadeth the winepress of the fierceness of the wrath of God the Almighty.	And out of his mouth proceedeth a sharp two edged sword; that with it he may strike the nations. And he shall rule them with a rod of iron; and he treadeth the winepress of the fierceness of the wrath of God the Almighty.
Apoc.21.17	And he measured the wall thereof an hundred forty-four cubits, the measure of a man, which is of an angel.	And he measured the wall thereof an hundred and forty-four cubits, the measure of a man, which is of an angel.
Apoc.22.2	In the midst of the street thereof, and on both sides of the river, was the tree of life, bearing twelve fruits, yielding its fruits every month: and the leaves of the tree for the healing of the nations.	In the midst of the street thereof, and on both sides of the river, was the tree of life, bearing twelve fruits, yielding its fruits every month, and the leaves of the tree were for the healing of the nations.
