book	chapter	verse	text
1Par	1	1	Adam, Seth, Enos,
1Par	1	2	Cainan, Malaleel, Jared,
1Par	1	3	Henoch, Mathusale, Lamech,
1Par	1	4	Noë, Sem, Cham, et Japtheth.
1Par	1	5	Filii Japheth: Gomer, et Magog, et Madai, et Javan, Thubal, Mosoch, Thiras.
1Par	1	6	Porro filii Gomer: Ascenez, et Riphath, et Thogorma.
1Par	1	7	Filii autem Javan: Elisa et Tharsis, Cethim et Dodanim.
1Par	1	8	Filii Cham: Chus, et Mesraim, et Phut, et Chanaan.
1Par	1	9	Filii autem Chus: Saba, et Hevila, Sabatha, et Regma, et Sabathacha. Porro filii Regma: Saba, et Dadan.
1Par	1	10	Chus autem genuit Nemrod: iste cœpit esse potens in terra.
1Par	1	11	Mesraim vero genuit Ludim, et Anamim, et Laabim, et Nephtuim,
1Par	1	12	Phetrusim quoque, et Casluim: de quibus egressi sunt Philisthiim, et Caphtorim.
1Par	1	13	Chanaan vero genuit Sidonem primogenitum suum, Hethæum quoque,
1Par	1	14	et Jebusæum, et Amorrhæum, et Gergesæum,
1Par	1	15	Hevæumque et Aracæum, et Sinæum.
1Par	1	16	Aradium quoque, et Samaræum, et Hamathæum.
1Par	1	17	Filii Sem: Ælam, et Assur, et Arphaxad, et Lud, et Aram, et Hus, et Hul, et Gether, et Mosoch.
1Par	1	18	Arphaxad autem genuit Sale, qui et ipse genuit Heber.
1Par	1	19	Porro Heber nati sunt duo filii: nomen uni Phaleg, quia in diebus ejus divisa est terra; et nomen fratris ejus Jectan.
1Par	1	20	Jectan autem genuit Elmodad, et Saleph, et Asarmoth, et Jare,
1Par	1	21	Adoram quoque, et Huzal, et Decla,
1Par	1	22	Hebal etiam, et Abimaël, et Saba, necnon
1Par	1	23	et Ophir, et Hevila, et Jobab: omnes isti filii Jectan.
1Par	1	24	Sem, Arphaxad, Sale,
1Par	1	25	Heber, Phaleg, Ragau,
1Par	1	26	Serug, Nachor, Thare,
1Par	1	27	Abram: iste est Abraham.
1Par	1	28	Filii autem Abraham, Isaac et Ismahel.
1Par	1	29	Et hæ generationes eorum. Primogenitus Ismahelis, Nabaioth, et Cedar, et Adbeel, et Mabsam,
1Par	1	30	et Masma, et Duma, Massa, Hadad, et Thema,
1Par	1	31	Jetur, Naphis, Cedma: hi sunt filii Ismahelis.
1Par	1	32	Filii autem Ceturæ concubinæ Abraham, quos genuit: Zamran, Jecsan, Madan, Madian, Jesboc, et Sue. Porro filii Jecsan: Saba, et Dadan. Filii autem Dadan: Assurim, et Latussim, et Laomim.
1Par	1	33	Filii autem Madian: Epha, et Epher, et Henoch, et Abida, et Eldaa: omnes hi filii Ceturæ.
1Par	1	34	Genuit autem Abraham Isaac: cujus fuerunt filii Esau, et Israël.
1Par	1	35	Filii Esau: Eliphaz, Rahuel, Jehus, Ihelom, et Core.
1Par	1	36	Filii Eliphaz: Theman, Omar, Sephi, Gathan, Cenez, Thamna, Amalec.
1Par	1	37	Filii Rahuel: Nahath, Zara, Samma, Meza.
1Par	1	38	Filii Seir: Lotan, Sobal, Sebeon, Ana, Dison, Eser, Disan.
1Par	1	39	Filii Lotan: Hori, Homam. Soror autem Lotan fuit Thamna.
1Par	1	40	Filii Sobal: Alian, et Manahath, et Ebal, Sephi et Onam. Filii Sebeon: Aja et Ana. Filii Ana: Dison.
1Par	1	41	Filii Dison: Hamram, et Heseban, et Jethran, et Charan.
1Par	1	42	Filii Eser: Balaan, et Zavan, et Jacan. Filii Disan: Hus et Aran.
1Par	1	43	Isti sunt reges qui imperaverunt in terra Edom, antequam esset rex super filios Israël. Bale filius Beor: et nomen civitatis ejus, Denaba.
1Par	1	44	Mortuus est autem Bale, et regnavit pro eo Jobab filius Zare de Bosra.
1Par	1	45	Cumque et Jobab fuisset mortuus, regnavit pro eo Husam de terra Themanorum.
1Par	1	46	Obiit quoque et Husam, et regnavit pro eo Adad filius Badad, qui percussit Madian in terra Moab: et nomen civitatis ejus Avith.
1Par	1	47	Cumque et Adad fuisset mortuus, regnavit pro eo Semla de Masreca.
1Par	1	48	Sed et Semla mortuus est, et regnavit pro eo Saul de Rohoboth, quæ juxta amnem sita est.
1Par	1	49	Mortuo quoque Saul, regnavit pro eo Balanan filius Achobor.
1Par	1	50	Sed et hic mortuus est, et regnavit pro eo Adad: cujus urbis nomen fuit Phau, et appellata est uxor ejus Meetabel filia Matred filiæ Mezaab.
1Par	1	51	Adad autem mortuo, duces pro regibus in Edom esse cœperunt: dux Thamna, dux Alva, dux Jetheth,
1Par	1	52	dux Oolibama, dux Ela, dux Phinon,
1Par	1	53	dux Cenez, dux Theman, dux Mabsar,
1Par	1	54	dux Magdiel, dux Hiram: hi duces Edom.
1Par	2	1	Filii autem Israël: Ruben, Simeon, Levi, Juda, Issachar, et Zabulon,
1Par	2	2	Dan, Joseph, Benjamin, Nephthali, Gad, et Aser.
1Par	2	3	Filii Juda: Her, Onan, et Sela: hi tres nati sunt ei de filia Sue Chananitide. Fuit autem Her primogenitus Juda malus coram Domino, et occidit eum.
1Par	2	4	Thamar autem nurus ejus peperit ei Phares et Zara: omnes ergo filii Juda, quinque.
1Par	2	5	Filii autem Phares: Hesron et Hamul.
1Par	2	6	Filii quoque Zaræ: Zamri, et Ethan, et Eman, Chalchal quoque, et Dara, simul quinque.
1Par	2	7	Filii Charmi: Achar, qui turbavit Israël, et peccavit in furto anathematis.
1Par	2	8	Filii Ethan: Azarias.
1Par	2	9	Filii autem Hesron qui nati sunt ei: Jerameel, et Ram, et Calubi.
1Par	2	10	Porro Ram genuit Aminadab. Aminadab autem genuit Nahasson, principem filiorum Juda.
1Par	2	11	Nahasson quoque genuit Salma, de quo ortus est Booz.
1Par	2	12	Booz vero genuit Obed, qui et ipse genuit Isai.
1Par	2	13	Isai autem genuit primogenitum Eliab, secundum Abinadab, tertium Simmaa,
1Par	2	14	quartum Nathanaël, quintum Raddai,
1Par	2	15	sextum Asom, septimum David.
1Par	2	16	Quorum sorores fuerunt Sarvia et Abigail. Filii Sarviæ: Abisai, Joab, et Asaël, tres.
1Par	2	17	Abigail autem genuit Amasa, cujus pater fuit Jether Ismahelites.
1Par	2	18	Caleb vero filius Hesron accepit uxorem nomine Azuba, de qua genuit Jerioth: fueruntque filii ejus Jaser, et Sobab, et Ardon.
1Par	2	19	Cumque mortua fuisset Azuba, accepit uxorem Caleb Ephratha, quæ peperit ei Hur.
1Par	2	20	Porro Hur genuit Uri, et Uri genuit Bezeleel.
1Par	2	21	Post hæc ingressus est Hesron ad filiam Machir patris Galaad, et accepit eam cum esset annorum sexaginta: quæ peperit ei Segub.
1Par	2	22	Sed et Segub genuit Jair, et possedit viginti tres civitates in terra Galaad.
1Par	2	23	Cepitque Gessur et Aram oppida Jair, et Canath, et viculos ejus sexaginta civitatum: omnes isti filii Machir patris Galaad.
1Par	2	24	Cum autem mortuus esset Hesron, ingressus est Caleb ad Ephratha. Habuit quoque Hesron uxorem Abia, quæ peperit ei Assur patrem Thecuæ.
1Par	2	25	Nati sunt autem filii Jerameel primogeniti Hesron, Ram primogenitus ejus, et Buna, et Aram, et Asom, et Achia.
1Par	2	26	Duxit quoque uxorem alteram Jerameel, nomine Atara, quæ fuit mater Onam.
1Par	2	27	Sed et filii Ram primogeniti Jerameel fuerunt Moos, Jamin, et Achar.
1Par	2	28	Onam autem habuit filios Semei et Jada. Filii autem Semei: Nadab et Abisur.
1Par	2	29	Nomen vero uxoris Abisur, Abihail, quæ peperit ei Ahobban et Molid.
1Par	2	30	Filii autem Nadab fuerunt Saled et Apphaim. Mortuus est autem Saled absque liberis.
1Par	2	31	Filius vero Apphaim, Jesi: qui Jesi genuit Sesan. Porro Sesan genuit Oholai.
1Par	2	32	Filii autem Jada fratris Semei: Jether, et Jonathan. Sed et Jether mortuus est absque liberis.
1Par	2	33	Porro Jonathan genuit Phaleth, et Ziza. Isti fuerunt filii Jerameel.
1Par	2	34	Sesan autem non habuit filios, sed filias: et servum ægyptium nomine Jeraa.
1Par	2	35	Deditque ei filiam suam uxorem: quæ peperit ei Ethei.
1Par	2	36	Ethei autem genuit Nathan, et Nathan genuit Zabad.
1Par	2	37	Zabad quoque genuit Ophlal, et Ophlal genuit Obed.
1Par	2	38	Obed genuit Jehu, Jehu genuit Azariam,
1Par	2	39	Azarias genuit Helles, et Helles genuit Elasa.
1Par	2	40	Elasa genuit Sisamoi, Sisamoi genuit Sellum,
1Par	2	41	Sellum genuit Icamiam, Icamia autem genuit Elisama.
1Par	2	42	Filii autem Caleb fratris Jerameel: Mesa primogenitus ejus; ipse est pater Ziph: et filii Maresa patris Hebron.
1Par	2	43	Porro filii Hebron, Core, et Taphua, et Recem, et Samma.
1Par	2	44	Samma autem genuit Raham, patrem Jercaam, et Recem genuit Sammai.
1Par	2	45	Filius Sammai, Maon: et Maon pater Bethsur.
1Par	2	46	Epha autem concubina Caleb peperit Haran, et Mosa, et Gezez. Porro Haran genuit Gezez.
1Par	2	47	Filii autem Jahaddai, Regom, et Joathan, et Gesan, et Phalet, et Epha, et Saaph.
1Par	2	48	Concubina Caleb Maacha, peperit Saber, et Tharana.
1Par	2	49	Genuit autem Saaph pater Madmena Sue, patrem Machbena et patrem Gabaa. Filia vero Caleb fuit Achsa.
1Par	2	50	Hi erant filii Caleb, filii Hur primogeniti Ephratha, Sobal pater Cariathiarim.
1Par	2	51	Salma pater Bethlehem, Hariph pater Bethgader.
1Par	2	52	Fuerunt autem filii Sobal patris Cariathiarim, qui videbat dimidium requietionum.
1Par	2	53	Et de cognatione Cariathiarim, Jethrei, et Aphuthei, et Semathei, et Maserei. Ex his egressi sunt Saraitæ, et Esthaolitæ.
1Par	2	54	Filii Salma, Bethlehem, et Netophathi, coronæ domus Joab, et dimidium requietionis Sarai:
1Par	2	55	cognationes quoque scribarum habitantium in Jabes, canentes atque resonantes, et in tabernaculis commorantes. Hi sunt Cinæi, qui venerunt de Calore patris domus Rechab.
1Par	3	1	David vero hos habuit filios, qui ei nati sunt in Hebron: primogenitum Amnon ex Achinoam Jezrahelitide, secundum Daniel de Abigail Carmelitide,
1Par	3	2	tertium Absalom filium Maacha filiæ Tholmai regis Gessur, quartum Adoniam filium Aggith,
1Par	3	3	quintum Saphathiam ex Abital, sextum Jethraham de Egla uxore sua.
1Par	3	4	Sex ergo nati sunt ei in Hebron, ubi regnavit septem annis et sex mensibus. Triginta autem et tribus annis regnavit in Jerusalem.
1Par	3	5	Porro in Jerusalem nati sunt ei filii, Simmaa, et Sobab, et Nathan, et Salomon, quatuor de Bethsabee filia Ammiel:
1Par	3	6	Jebaar quoque et Elisama,
1Par	3	7	et Eliphaleth, et Noge, et Nepheg, et Japhia,
1Par	3	8	necnon Elisama, et Eliada, et Elipheleth, novem:
1Par	3	9	omnes hi, filii David absque filiis concubinarum: habueruntque sororem Thamar.
1Par	3	10	Filius autem Salomonis, Roboam: cujus Abia filius genuit Asa. De hoc quoque natus est Josaphat,
1Par	3	11	pater Joram: qui Joram genuit Ochoziam, ex quo ortus est Joas:
1Par	3	12	et hujus Amasias filius genuit Azariam. Porro Azariæ filius Joatham
1Par	3	13	procreavit Achaz patrem Ezechiæ, de quo natus est Manasses.
1Par	3	14	Sed et Manasses genuit Amon patrem Josiæ.
1Par	3	15	Filii autem Josiæ fuerunt: primogenitus Johanan, secundus Joakim, tertius Sedecias, quartus Sellum.
1Par	3	16	De Joakim natus est Jechonias, et Sedecias.
1Par	3	17	Filii Jechoniæ fuerunt: Asir, Salathiel,
1Par	3	18	Melchiram, Phadaia, Senneser, et Jecemia, Sama, et Nadabia.
1Par	3	19	De Phadaia orti sunt Zorobabel et Semei. Zorobabel genuit Mosollam, Hananiam, et Salomith sororem eorum:
1Par	3	20	Hasaban quoque, et Ohol, et Barachian, et Hasadian, Josabhesed, quinque.
1Par	3	21	Filius autem Hananiæ, Phaltias pater Jeseiæ, cujus filius Raphaia: hujus quoque filius, Arnan, de quo natus est Obdia, cujus filius fuit Sechenias.
1Par	3	22	Filius Secheniæ, Semeia: cujus filii Hattus, et Jegaal, et Baria, et Naaria, et Saphat, sex numero.
1Par	3	23	Filius Naariæ, Elioënai, et Ezechias, et Ezricam, tres.
1Par	3	24	Filii Elioënai, Oduia, et Eliasub, et Pheleia, et Accub, et Johanan, et Dalaia, et Anani, septem.
1Par	4	1	Filii Juda: Phares, Hesron, et Charmi, et Hur, et Sobal.
1Par	4	2	Raia vero filius Sobal genuit Jahath, de quo nati sunt Ahumai, et Laad: hæ cognationes Sarathi.
1Par	4	3	Ista quoque stirps Etam: Jezrahel, et Jesema, et Jedebos. Nomen quoque sororis eorum, Asalelphuni.
1Par	4	4	Phanuel autem pater Gedor, et Ezer pater Hosa: isti sunt filii Hur primogeniti Ephratha patris Bethlehem.
1Par	4	5	Assur vero patri Thecuæ erant duæ uxores, Halaa et Naara.
1Par	4	6	Peperit autem ei Naara, Oozam, et Hepher, et Themani, et Ahasthari: isti sunt filii Naara.
1Par	4	7	Porro filii Halaa, Sereth, Isaar et Ethnan.
1Par	4	8	Cos autem genuit Anob, et Soboba, et cognationem Aharehel filii Arum.
1Par	4	9	Fuit autem Jabes inclytus præ fratribus suis, et mater ejus vocavit nomen illius Jabes, dicens: Quia peperi eum in dolore.
1Par	4	10	Invocavit vero Jabes Deum Israël, dicens: Si benedicens benedixeris mihi, et dilataveris terminos meos, et fuerit manus tua mecum, et feceris me a malitia non opprimi. Et præstitit Deus quæ precatus est.
1Par	4	11	Caleb autem frater Sua genuit Mahir, qui fuit pater Esthon.
1Par	4	12	Porro Esthon genuit Bethrapha, et Phesse, et Tehinna patrem urbis Naas: hi sunt viri Recha.
1Par	4	13	Filii autem Cenez, Othoniel, et Saraia. Porro filii Othoniel, Hathath, et Maonathi.
1Par	4	14	Maonathi genuit Ophra, Saraia autem genuit Joab patrem Vallis artificum: ibi quippe artifices erant.
1Par	4	15	Filii vero Caleb filii Jephone, Hir, et Ela, et Naham. Filii quoque Ela: Cenez.
1Par	4	16	Filii quoque Jaleleel: Ziph, et Zipha, Thiria, et Asraël.
1Par	4	17	Et filii Ezra, Jether, et Mered, et Epher, et Jalon, genuitque Mariam, et Sammai, et Jesba patrem Esthamo.
1Par	4	18	Uxor quoque ejus Judaia, peperit Jared patrem Gedor, et Heber patrem Socho, et Icuthiel patrem Zanoë: hi autem filii Bethiæ filiæ Pharaonis, quam accepit Mered.
1Par	4	19	Et filii uxoris Odaiæ sororis Naham patris Ceila, Garmi, et Esthamo, qui fuit de Machathi.
1Par	4	20	Filii quoque Simon, Amnon, et Rinna filius Hanan, et Thilon. Et filii Jesi, Zoheth, et Benzoheth.
1Par	4	21	Filii Sela, filii Juda: Her pater Lecha, et Laada pater Maresa, et cognationes domus operantium byssum in domo juramenti.
1Par	4	22	Et qui stare fecit solem, virique Mendacii, et Securus, et Incendens, qui principes fuerunt in Moab, et qui reversi sunt in Lahem: hæc autem verba vetera.
1Par	4	23	Hi sunt figuli habitantes in plantationibus et in sepibus, apud regem in operibus ejus: commoratique sunt ibi.
1Par	4	24	Filii Simeon: Namuel et Jamin, Jarib, Zara, Saul.
1Par	4	25	Sellum filius ejus, Mapsam filius ejus, Masma filius ejus.
1Par	4	26	Filii Masma: Hamuel filius ejus, Zachur filius ejus, Semei filius ejus.
1Par	4	27	Filii Semei sedecim, et filiæ sex: fratres autem ejus non habuerunt filios multos, et universa cognatio non potuit adæquare summam filiorum Juda.
1Par	4	28	Habitaverunt autem in Bersabee, et Molada, et Hasarsuhal,
1Par	4	29	et in Bala, et in Asom, et in Tholad,
1Par	4	30	et in Bathuel, et in Horma, et in Siceleg,
1Par	4	31	et in Bethmarchaboth, et in Hasarsusim, et in Bethberai, et in Saarim: hæ civitates eorum usque ad regem David.
1Par	4	32	Villæ quoque eorum: Etam, et Aën, Remmon, et Thochen, et Asan, civitates quinque.
1Par	4	33	Et universi viculi eorum per circuitum civitatum istarum usque ad Baal: hæc est habitatio eorum, et sedium distributio.
1Par	4	34	Mosobab quoque et Jemlech, et Josa filius Amasiæ,
1Par	4	35	et Joël, et Jehu filius Josabiæ filii Saraiæ filii Asiel,
1Par	4	36	et Elioënai, et Jacoba, et Isuhaia, et Asaia, et Adiel, et Ismiel, et Banaia,
1Par	4	37	Ziza quoque filius Sephei filii Allon filii Idaia filii Semri filii Samaia.
1Par	4	38	Isti sunt nominati principes in cognationibus suis, et in domo affinitatum suarum multiplicati sunt vehementer.
1Par	4	39	Et profecti sunt ut ingrederentur in Gador usque ad orientem vallis, et ut quærerent pascua gregibus suis.
1Par	4	40	Inveneruntque pascuas uberes, et valde bonas, et terram latissimam et quietam et fertilem, in qua ante habitaverant de stirpe Cham.
1Par	4	41	Hi ergo venerunt, quos supra descripsimus nominatim, in diebus Ezechiæ regis Juda: et percusserunt tabernacula eorum, et habitatores qui inventi fuerant ibi, et deleverunt eos usque in præsentem diem: habitaveruntque pro eis, quoniam uberrimas pascuas ibidem repererunt.
1Par	4	42	De filiis quoque Simeon abierunt in montem Seir viri quingenti, habentes principes Phalthiam et Naariam et Raphaiam et Oziel filios Jesi:
1Par	4	43	et percusserunt reliquias, quæ evadere potuerant, Amalecitarum, et habitaverunt ibi pro eis usque ad diem hanc.
1Par	5	1	Filii quoque Ruben primogeniti Israël. (Ipse quippe fuit primogenitus ejus: sed cum violasset thorum patris sui, data sunt primogenita ejus filiis Joseph filii Israël, et non est ille reputatus in primogenitum.
1Par	5	2	Porro Judas, qui erat fortissimus inter fratres suos, de stirpe ejus principes germinati sunt: primogenita autem reputata sunt Joseph.)
1Par	5	3	Filii ergo Ruben primogeniti Israël: Enoch, et Phallu, Esron, et Carmi.
1Par	5	4	Filii Joël: Samia filius ejus, Gog filius ejus, Semei filius ejus,
1Par	5	5	Micha filius ejus, Reia filius ejus, Baal filius ejus,
1Par	5	6	Beera filius ejus, quem captivum duxit Thelgathphalnasar rex Assyriorum, et fuit princeps in tribu Ruben.
1Par	5	7	Fratres autem ejus, et universa cognatio ejus, quando numerabantur per familias suas, habuerunt principes Jehiel, et Zachariam.
1Par	5	8	Porro Bala filius Azaz filii Samma filii Joël, ipse habitavit in Aroër usque ad Nebo, et Beelmeon.
1Par	5	9	Contra orientalem quoque plagam habitavit usque ad introitum eremi, et flumen Euphraten. Multum quippe jumentorum numerum possidebant in terra Galaad.
1Par	5	10	In diebus autem Saul præliati sunt contra Agareos, et interfecerunt illos, habitaveruntque pro eis in tabernaculis eorum, in omni plaga quæ respicit ad orientem Galaad.
1Par	5	11	Filii vero Gad e regione eorum habitaverunt in terra Basan usque Selcha:
1Par	5	12	Joël in capite, et Saphan secundus: Janai autem et Saphat in Basan.
1Par	5	13	Fratres vero eorum secundum domos cognationum suarum, Michaël, et Mosollam, et Sebe, et Jorai, et Jachan, et Zie, et Heber, septem.
1Par	5	14	Hi filii Abihail, filii Huri, filii Jara, filii Galaad, filii Michaël, filii Jesesi, filii Jeddo, filii Buz.
1Par	5	15	Fratres quoque, filii Abdiel filii Guni, princeps domus in familiis suis.
1Par	5	16	Et habitaverunt in Galaad, et in Basan, et in viculis ejus, et in cunctis suburbanis Saron, usque ad terminos.
1Par	5	17	Omnes hi numerati sunt in diebus Joathan regis Juda, et in diebus Jeroboam regis Israël.
1Par	5	18	Filii Ruben, et Gad, et dimidiæ tribus Manasse, viri bellatores, scuta portantes et gladios, et tendentes arcum, eruditique ad prælia, quadraginta quatuor millia et septingenti sexaginta, procedentes ad pugnam.
1Par	5	19	Dimicaverunt contra Agareos: Ituræi vero, et Naphis, et Nodab
1Par	5	20	præbuerunt eis auxilium. Traditique sunt in manus eorum Agarei, et universi qui fuerant cum eis, quia Deum invocaverunt cum præliarentur: et exaudivit eos, eo quod credidissent in eum.
1Par	5	21	Ceperuntque omnia quæ possederant, camelorum quinquaginta millia, et ovium ducenta quinquaginta millia, et asinos duo millia, et animas hominum centum millia.
1Par	5	22	Vulnerati autem multi corruerunt: fuit enim bellum Domini. Habitaveruntque pro eis usque ad transmigrationem.
1Par	5	23	Filii quoque dimidiæ tribus Manasse possederunt terram a finibus Basan usque Baal, Hermon, et Sanir, et montem Hermon: ingens quippe numerus erat.
1Par	5	24	Et hi fuerunt principes domus cognationis eorum: Epher, et Jesi, et Eliel, et Ezriel, et Jeremia, et Odoia, et Jediel, viri fortissimi et potentes, et nominati duces in familiis suis.
1Par	5	25	Reliquerunt autem Deum patrum suorum, et fornicati sunt post deos populorum terræ, quos abstulit Deus coram eis.
1Par	5	26	Et suscitavit Deus Israël spiritum Phul regis Assyriorum, et spiritum Thelgathphalnasar regis Assur: et transtulit Ruben, et Gad, et dimidiam tribum Manasse, et adduxit eos in Lahela, et in Habor, et Ara, et fluvium Gozan, usque ad diem hanc.
1Par	6	1	Filii Levi: Gerson, Caath, et Merari.
1Par	6	2	Filii Caath: Amram, Isaar, Hebron, et Oziel.
1Par	6	3	Filii Amram: Aaron, Moyses, et Maria. Filii Aaron: Nadab et Abiu, Eleazar, et Ithamar.
1Par	6	4	Eleazar genuit Phinees, et Phinees genuit Abisue.
1Par	6	5	Abisue vero genuit Bocci, et Bocci genuit Ozi.
1Par	6	6	Ozi genuit Zaraiam, et Zaraias genuit Meraioth.
1Par	6	7	Porro Meraioth genuit Amariam, et Amarias genuit Achitob.
1Par	6	8	Achitob genuit Sadoc, et Sadoc genuit Achimaas,
1Par	6	9	Achimaas genuit Azariam, Azarias genuit Johanan,
1Par	6	10	Johanan genuit Azariam: ipse est qui sacerdotio functus est in domo quam ædificavit Salomon in Jerusalem.
1Par	6	11	Genuit autem Azarias Amariam, et Amarias genuit Achitob,
1Par	6	12	Achitob genuit Sadoc, et Sadoc genuit Sellum,
1Par	6	13	Sellum genuit Helciam, et Helcias genuit Azariam,
1Par	6	14	Azarias genuit Saraiam, et Saraias genuit Josedec.
1Par	6	15	Porro Josedec egressus est, quando transtulit Dominus Judam et Jerusalem per manus Nabuchodonosor.
1Par	6	16	Filii ergo Levi: Gersom, Caath, et Merari.
1Par	6	17	Et hæc nomina filiorum Gersom: Lobni, et Semei.
1Par	6	18	Filii Caath: Amram, et Isaar, et Hebron, et Oziel.
1Par	6	19	Filii Merari: Moholi et Musi. Hæ autem cognationes Levi secundum familias eorum.
1Par	6	20	Gersom: Lobni filius ejus, Jahath filius ejus, Zamma filius ejus,
1Par	6	21	Joah filius ejus, Addo filius ejus, Zara filius ejus, Jethrai filius ejus.
1Par	6	22	Filii Caath: Aminadab filius ejus, Core filius ejus, Asir filius ejus,
1Par	6	23	Elcana filius ejus, Abiasaph filius ejus, Asir filius ejus,
1Par	6	24	Thahath filius ejus, Uriel filius ejus, Ozias filius ejus, Saul filius ejus.
1Par	6	25	Filii Elcana, Amasai et Achimoth
1Par	6	26	et Elcana. Filii Elcana: Sophai filius ejus, Nahath filius ejus,
1Par	6	27	Eliab filius ejus, Jeroham filius ejus, Elcana filius ejus.
1Par	6	28	Filii Samuel: primogenitus Vasseni, et Abia.
1Par	6	29	Filii autem Merari, Moholi: Lobni filius ejus, Semei filius ejus, Oza filius ejus,
1Par	6	30	Sammaa filius ejus, Haggia filius ejus, Asaia filius ejus.
1Par	6	31	Isti sunt quos constituit David super cantores domus Domini, ex quo collocata est arca:
1Par	6	32	et ministrabant coram tabernaculo testimonii, canentes donec ædificaret Salomon domum Domini in Jerusalem: stabant autem juxta ordinem suum in ministerio.
1Par	6	33	Hi vero sunt qui assistebant cum filiis suis, de filiis Caath, Hemam cantor filius Johel, filii Samuel,
1Par	6	34	filii Elcana, filii Jeroham, filii Eliel, filii Thohu,
1Par	6	35	filii Suph, filii Elcana, filii Mahath, filii Amasai,
1Par	6	36	filii Elcana, filii Johel, filii Azariæ, filii Sophoniæ,
1Par	6	37	filii Thahath, filii Asir, filii Abiasaph, filii Core,
1Par	6	38	filii Isaar, filii Caath, filii Levi, filii Israël.
1Par	6	39	Et frater ejus Asaph, qui stabat a dextris ejus, Asaph filius Barachiæ, filii Samaa,
1Par	6	40	filii Michaël, filii Basaiæ, filii Melchiæ,
1Par	6	41	filii Athanai, filii Zara, filii Adaia,
1Par	6	42	filii Ethan, filii Zamma, filii Semei,
1Par	6	43	filii Jeth, filii Gersom, filii Levi.
1Par	6	44	Filii autem Merari fratres eorum, ad sinistram, Ethan filius Cusi, filii Abdi, filii Maloch,
1Par	6	45	filii Hasabiæ, filii Amasiæ, filii Helciæ,
1Par	6	46	filii Amasai, filii Boni, filii Somer,
1Par	6	47	filii Moholi, filii Musi, filii Merari, filii Levi.
1Par	6	48	Fratres quoque eorum Levitæ, qui ordinati sunt in cunctum ministerium tabernaculi domus Domini.
1Par	6	49	Aaron vero et filii ejus adolebant incensum super altare holocausti, et super altare thymiamatis, in omne opus Sancti sanctorum: et ut precarentur pro Israël juxta omnia quæ præceperat Moyses servus Dei.
1Par	6	50	Hi sunt autem filii Aaron: Eleazar filius ejus, Phinees filius ejus, Abisue filius ejus,
1Par	6	51	Bocci filius ejus, Ozi filius ejus, Zarahia filius ejus,
1Par	6	52	Meraioth filius ejus, Amarias filius ejus, Achitob filius ejus,
1Par	6	53	Sadoc filius ejus, Achimaas filius ejus.
1Par	6	54	Et hæc habitacula eorum per vicos atque confinia, filiorum scilicet Aaron, juxta cognationes Caathitarum: ipsis enim sorte contigerant.
1Par	6	55	Dederunt igitur eis Hebron in terra Juda, et suburbana ejus per circuitum:
1Par	6	56	agros autem civitatis, et villas, Caleb filio Jephone.
1Par	6	57	Porro filiis Aaron dederunt civitates ad confugiendum Hebron, et Lobna, et suburbana ejus,
1Par	6	58	Jether quoque, et Esthemo cum suburbanis suis, sed et Helon, et Dabir cum suburbanis suis,
1Par	6	59	Asan quoque, et Bethsemes, et suburbana earum.
1Par	6	60	De tribu autem Benjamin, Gabee et suburbana ejus, et Almath cum suburbanis suis, Anathoth quoque cum suburbanis suis: omnes civitates, tredecim, per cognationes suas.
1Par	6	61	Filiis autem Caath residuis de cognatione sua dederunt ex dimidia tribu Manasse in possessionem urbes decem.
1Par	6	62	Porro filiis Gersom per cognationes suas de tribu Issachar, et de tribu Aser, et de tribu Nephthali, et de tribu Manasse in Basan, urbes tredecim.
1Par	6	63	Filiis autem Merari per cognationes suas de tribu Ruben, et de tribu Gad, et de tribu Zabulon, dederunt sorte civitates duodecim.
1Par	6	64	Dederunt quoque filii Israël Levitis civitates, et suburbana earum:
1Par	6	65	dederuntque per sortem, ex tribu filiorum Juda, et ex tribu filiorum Simeon, et ex tribu filiorum Benjamin urbes has, quas vocaverunt nominibus suis,
1Par	6	66	et his, qui erant de cognatione filiorum Caath, fueruntque civitates in terminis eorum de tribu Ephraim.
1Par	6	67	Dederunt ergo eis urbes ad confugiendum, Sichem cum suburbanis suis in monte Ephraim, et Gazer cum suburbanis suis,
1Par	6	68	Jecmaam quoque cum suburbanis suis, et Bethoron similiter,
1Par	6	69	necnon et Helon cum suburbanis suis, et Gethremmon in eumdem modum.
1Par	6	70	Porro ex dimidia tribu Manasse, Aner et suburbana ejus, Balaam et suburbana ejus: his videlicet, qui de cognatione filiorum Caath reliqui erant.
1Par	6	71	Filiis autem Gersom de cognatione dimidiæ tribus Manasse, Gaulon in Basan, et suburbana ejus, et Astaroth cum suburbanis suis.
1Par	6	72	De tribu Issachar, Cedes et suburbanis suis, et Dabereth cum suburbanis suis,
1Par	6	73	Ramoth quoque et suburbana ejus, et Anem cum suburbanis suis.
1Par	6	74	De tribu vero Aser: Masal cum suburbanis suis, et Abdon similiter,
1Par	6	75	Hucac quoque et suburbana ejus, et Rohob cum suburbanis suis.
1Par	6	76	Porro de tribu Nephthali, Cedes in Galilæa et suburbana ejus, Hamon cum suburbanis suis, et Cariathaim et suburbana ejus.
1Par	6	77	Filiis autem Merari residuis: de tribu Zabulon, Remmono et suburbana ejus, et Thabor cum suburbanis sus:
1Par	6	78	trans Jordanem quoque ex adverso Jericho contra orientem Jordanis, de tribu Ruben, Bosor in solitudine cum suburbanis suis, et Jassa cum suburbanis suis,
1Par	6	79	Cademoth quoque et suburbana ejus, et Mephaat cum suburbanis suis.
1Par	6	80	Necnon et de tribu Gad, Ramoth in Galaad et suburbana ejus, et Manaim cum suburbanis suis,
1Par	6	81	sed et Hesebon cum suburbanis suis, et Jezer cum suburbanis suis.
1Par	7	1	Porro filii Issachar: Thola, et Phua, Jasub, et Simeron, quatuor.
1Par	7	2	Filii Thola: Ozi, et Raphaia, et Jeriel, et Jemai, et Jebsem, et Samuel, principes per domos cognationum suarum. De stirpe Thola viri fortissimi numerati sunt in diebus David, viginti duo millia sexcenti.
1Par	7	3	Filii Ozi: Izrahia, de quo nati sunt Michaël, et Obadia, et Joël, et Jesia, quinque omnes principes.
1Par	7	4	Cumque eis per familias et populos suos, accincti ad prælium, viri fortissimi, triginta sex millia: multas enim habuerunt uxores, et filios.
1Par	7	5	Fratres quoque eorum per omnem cognationem Issachar robustissimi ad pugnandum, octoginta septem millia numerati sunt.
1Par	7	6	Filii Benjamin: Bela, et Bechor, et Jadihel, tres.
1Par	7	7	Filii Bela: Esbon, et Ozi, et Oziel, et Jerimoth, et Urai, quinque principes familiarum, et ad pugnandum robustissimi: numerus autem eorum, viginti duo millia et triginta quatuor.
1Par	7	8	Porro filii Bechor: Zamira, et Joas, et Eliezer, et Elioënai, et Amri, et Jerimoth, et Abia, et Anathoth, et Almath: omnes hi filii Bechor.
1Par	7	9	Numerati sunt autem per familias suas principes cognationum suarum ad bella fortissimi, viginti millia et ducenti.
1Par	7	10	Porro filii Jadihel: Balan. Filii autem Balan: Jehus, et Benjamin, et Aod, et Chanana, et Zethan, et Tharsis, et Ahisahar:
1Par	7	11	omnes hi filii Jadihel, principes cognationum suarum viri fortissimi, decem et septem millia et ducenti ad prælium procedentes.
1Par	7	12	Sepham quoque et Hapham filii Hir: et Hasim filii Aher.
1Par	7	13	Filii autem Nephthali: Jaziel, et Guni, et Jeser, et Sellum, filii Bala.
1Par	7	14	Porro filius Manasse, Esriel: concubinaque ejus Syra peperit Machir patrem Galaad.
1Par	7	15	Machir autem accepit uxores filiis suis Happhim, et Saphan: et habuit sororem nomine Maacha: nomen autem secundi, Salphaad, natæque sunt Salphaad filiæ.
1Par	7	16	Et peperit Maacha uxor Machir filium, vocavitque nomen ejus Phares: porro nomen fratris ejus, Sares: et filii ejus, Ulam, et Recen.
1Par	7	17	Filius autem Ulam, Badan: hi sunt filii Galaad, filii Machir, filii Manasse.
1Par	7	18	Soror autem ejus Regina peperit Virum decorum, et Abiezer, et Mohola.
1Par	7	19	Erant autem filii Semida, Ahin, et Sechem, et Leci, et Aniam.
1Par	7	20	Filii autem Ephraim: Suthala, Bared filius ejus, Thahath filius ejus, Elada filius ejus, Thahath filius ejus, hujus filius Zabad,
1Par	7	21	et hujus filius Suthula, et hujus filius Ezer et Elad: occiderunt autem eos viri Geth indigenæ, quia descenderant ut invaderent possessiones eorum.
1Par	7	22	Luxit igitur Ephraim pater eorum multis diebus, et venerunt fratres ejus ut consolarentur eum.
1Par	7	23	Ingressusque est ad uxorem suam: quæ concepit, et peperit filium, et vocavit nomen ejus Beria, eo quod in malis domus ejus ortus esset:
1Par	7	24	filia autem ejus fuit Sara, quæ ædificavit Bethoron inferiorem et superiorem, et Ozensara.
1Par	7	25	Porro filius ejus Rapha, et Reseph, et Thale, de quo natus est Thaan,
1Par	7	26	qui genuit Laadan: hujus quoque filius Ammiud, qui genuit Elisama,
1Par	7	27	de quo ortus est Nun, qui habuit filium Josue.
1Par	7	28	Possessio autem eorum et habitatio, Bethel cum filiabus suis, et contra orientem Noran, ad occidentalem plagam Gazer et filiæ ejus, Sichem quoque cum filiabus suis, usque ad Aza cum filiabus ejus.
1Par	7	29	Juxta filios quoque Manasse, Bethsan et filias ejus, Thanach et filias ejus, Mageddo et filias ejus, Dor et filias ejus: in his habitaverunt filii Joseph, filii Israël.
1Par	7	30	Filii Aser: Jemna, et Jesua, et Jessui, et Baria, et Sara soror eorum.
1Par	7	31	Filii autem Baria: Heber, et Melchiel: ipse est pater Barsaith.
1Par	7	32	Heber autem genuit Jephlat, et Somer, et Hotham, et Suaa sororem eorum.
1Par	7	33	Filii Jephlat: Phosech, et Chamaal, et Asoth: hi filii Jephlat.
1Par	7	34	Porro filii Somer: Ahi, et Roaga, et Haba, et Aram.
1Par	7	35	Filii autem Helem fratris ejus: Supha, et Jemna, et Selles, et Amal.
1Par	7	36	Filii Supha: Sue, Harnapher, et Sual, et Beri, et Jamra,
1Par	7	37	Bosor, et Hod, et Samma, et Salusa, et Jethran, et Bera.
1Par	7	38	Filii Jether: Jephone, et Phaspha, et Ara.
1Par	7	39	Filii autem Olla: Aree, et Haniel, et Resia.
1Par	7	40	Omnes hi filii Aser, principes cognationum, electi atque fortissimi duces ducum: numerus autem eorum ætatis quæ apta esset ad bellum, viginti sex millia.
1Par	8	1	Benjamin autem genuit Bale primogenitum suum, Asbel secundum, Ahara tertium,
1Par	8	2	Nohaa quartum, et Rapha quintum.
1Par	8	3	Fueruntque filii Bale: Addar, et Gera, et Abiud,
1Par	8	4	Abisue quoque et Naaman, et Ahoë,
1Par	8	5	sed et Gera, et Sephuphan, et Huram.
1Par	8	6	Hi sunt filii Ahod, principes cognationum habitantium in Gabaa, qui translati sunt in Manahath.
1Par	8	7	Naaman autem, et Achia, et Gera, ipse transtulit eos, et genuit Osa, et Ahiud.
1Par	8	8	Porro Saharaim genuit in regione Moab, postquam dimisit Husim et Bara uxores suas.
1Par	8	9	Genuit autem de Hodes uxore sua Jobab, et Sebia, et Mosa, et Molchom,
1Par	8	10	Jehus quoque, et Sechia, et Marma: hi sunt filii ejus principes in familiis suis.
1Par	8	11	Mehusim vero genuit Abitob et Elphaal.
1Par	8	12	Porro filii Elphaal: Heber, et Misaam, et Samad: hic ædificavit Ono, et Lod, et filias ejus.
1Par	8	13	Baria autem et Sama principes cognationum habitantium in Ajalon: hi fugaverunt habitatores Geth.
1Par	8	14	Et Ahio, et Sesac, et Jerimoth,
1Par	8	15	et Zabadia, et Arod, et Heder,
1Par	8	16	Michaël quoque, et Jespha, et Joha filii Baria.
1Par	8	17	Et Zabadia, et Mosollam, et Hezeci, et Heber,
1Par	8	18	et Jesamari, et Jezlia, et Jobab filii Elphaal,
1Par	8	19	et Jacim, et Zechri, et Zabdi,
1Par	8	20	et Elioënai, et Selethai, et Eliel,
1Par	8	21	et Adaia, et Baraia, et Samarath, filii Semei.
1Par	8	22	Et Jespham, et Heber, et Eliel,
1Par	8	23	et Abdon, et Zechri, et Hanan,
1Par	8	24	et Hanania, et Ælam, et Anathothia,
1Par	8	25	et Jephdaia, et Phanuel, filii Sesac.
1Par	8	26	Et Samsari, et Sohoria, et Otholia,
1Par	8	27	et Jersia, et Elia, et Zechri, filii Jeroham.
1Par	8	28	Hi patriarchæ, et cognationum principes, qui habitaverunt in Jerusalem.
1Par	8	29	In Gabaon autem habitaverunt Abigabaon, et nomen uxoris ejus Maacha:
1Par	8	30	filiusque ejus primogenitus Abdon, et Sur, et Cis, et Baal, et Nadab,
1Par	8	31	Gedor quoque, et Ahio, et Zacher, et Macelloth:
1Par	8	32	et Macelloth genuit Samaa: habitaveruntque ex adverso fratrum suorum in Jerusalem cum fratribus suis.
1Par	8	33	Ner autem genuit Cis, et Cis genuit Saul. Porro Saul genuit Jonathan, et Melchisua, et Abinadab, et Esbaal.
1Par	8	34	Filius autem Jonathan, Meribbaal: et Meribbaal genuit Micha.
1Par	8	35	Filii Micha, Phithon, et Melech, et Tharaa, et Ahaz.
1Par	8	36	Et Ahaz genuit Joada, et Joada genuit Alamath, et Azmoth, et Zamri: porro Zamri genuit Mosa,
1Par	8	37	et Mosa genuit Banaa, cujus filius fuit Rapha, de quo ortus est Elasa, qui genuit Asel.
1Par	8	38	Porro Asel sex filii fuerunt his nominibus: Ezricam, Bocru, Ismahel, Saria, Obdia, et Hanan: omnes hi filii Asel.
1Par	8	39	Filii autem Esec fratris ejus, Ulam primogenitus, et Jehus secundus, et Eliphalet tertius.
1Par	8	40	Fueruntque filii Ulam viri robustissimi, et magno robore tendentes arcum: et multos habentes filios ac nepotes, usque ad centum quinquaginta. Omnes hi filii Benjamin.
1Par	9	1	Universus ergo Israël dinumeratus est, et summa eorum scripta est in libro regum Israël et Juda: translatique sunt in Babylonem propter delictum suum.
1Par	9	2	Qui autem habitaverunt primi in possessionibus et in urbibus suis: Israël, et sacerdotes, et Levitæ, et Nathinæi.
1Par	9	3	Commorati sunt in Jerusalem de filiis Juda, et de filiis Benjamin, de filiis quoque Ephraim, et Manasse.
1Par	9	4	Othei filius Ammiud, filii Amri, filii Omrai, filii Bonni, de filiis Phares filii Juda.
1Par	9	5	Et de Siloni: Asaia primogenitus, et filii ejus.
1Par	9	6	De filiis autem Zara, Jehuel, et fratres eorum, sexcenti nonaginta.
1Par	9	7	Porro de filiis Benjamin: Salo filius Mosollam, filii Oduia, filii Asana,
1Par	9	8	et Jobania filius Jeroham, et Ela filius Ozi, filii Mochori, et Mosollam filius Saphatiæ, filii Rahuel, filii Jebaniæ,
1Par	9	9	et fratres eorum per familias suas, nongenti quinquaginta sex. Omnes hi principes cognationum per domos patrum suorum.
1Par	9	10	De sacerdotibus autem: Jedaia, Jojarib, et Jachin:
1Par	9	11	Azarias quoque filius Helciæ, filii Mosollam, filii Sadoc, filii Maraioth, filii Achitob, pontifex domus Dei.
1Par	9	12	Porro Adaias filius Jeroham, filii Phassur, filii Melchiæ, et Maasai filius Adiel filii Jezra, filii Mosollam, filii Mosollamith, filii Emmer.
1Par	9	13	Fratres quoque eorum principes per familias suas, mille septingenti sexaginta, fortissimi robore ad faciendum opus ministerii in domo Dei.
1Par	9	14	De Levitis autem: Semeia filius Hassub filii Ezricam, filii Hasebia de filiis Merari.
1Par	9	15	Bacbacar quoque carpentarius, et Galal, et Mathania filius Micha, filii Zechri, filii Asaph:
1Par	9	16	et Obdia filius Semeiæ, filii Galal, filii Idithun: et Barachia filius Asa, filii Elcana, qui habitavit in atriis Netophati.
1Par	9	17	Janitores autem: Sellum, et Accub, et Telmon, et Ahimam: et frater eorum Sellum princeps,
1Par	9	18	usque ad illud tempus, in porta regis ad orientem, observabant per vices suas de filiis Levi.
1Par	9	19	Sellum vero filius Core filii Abiasaph, filii Core, cum fratribus suis, et domo patris sui, hi sunt Coritæ super opera ministerii, custodes vestibulorum tabernaculi: et familiæ eorum per vices castrorum Domini custodientes introitum.
1Par	9	20	Phinees autem filius Eleazari erat dux eorum coram Domino.
1Par	9	21	Porro Zacharias filius Mosollamia, janitor portæ tabernaculi testimonii.
1Par	9	22	Omnes hi electi in ostiarios per portas, ducenti duodecim: et descripti in villis propriis, quos constituerunt David, et Samuel videns, in fide sua,
1Par	9	23	tam ipsos quam filios eorum, in ostiis domus Domini et in tabernaculo vicibus suis.
1Par	9	24	Per quatuor ventos erant ostiarii: id est, ad orientem, et ad occidentem, et ad aquilonem, et ad austrum.
1Par	9	25	Fratres autem eorum in viculis morabantur, et veniebant in sabbatis suis de tempore usque ad tempus.
1Par	9	26	His quatuor Levitis creditus erat omnis numerus janitorum, et erant super exedras et thesauros domus Domini.
1Par	9	27	Per gyrum quoque templi Domini morabantur in custodiis suis: ut cum tempus fuisset, ipsi mane aperirent fores.
1Par	9	28	De horum genere erant et super vasa ministerii: ad numerum enim et inferebantur vasa, et efferebantur.
1Par	9	29	De ipsis et qui credita habebant utensilia sanctuarii, præerant similæ, et vino, et oleo, et thuri, et aromatibus.
1Par	9	30	Filii autem sacerdotum unguenta ex aromatibus conficiebant.
1Par	9	31	Et Mathathias Levites primogenitus Sellum Coritæ, præfectus erat eorum quæ in sartagine frigebantur.
1Par	9	32	Porro de filiis Caath fratribus eorum, super panes erant propositionis, ut semper novos per singula sabbata præpararent.
1Par	9	33	Hi sunt principes cantorum per familias Levitarum, qui in exedris morabantur, ut die ac nocte jugiter suo ministerio deservirent.
1Par	9	34	Capita Levitarum, per familias suas principes, manserunt in Jerusalem.
1Par	9	35	In Gabaon autem commorati sunt pater Gabaon Jehiel, et nomen uxoris ejus Maacha.
1Par	9	36	Filius primogenitus ejus Abdon, et Sur, et Cis, et Baal, et Ner, et Nadab,
1Par	9	37	Gedor quoque, et Ahio, et Zacharias, et Macelloth.
1Par	9	38	Porro Macelloth genuit Samaan: isti habitaverunt e regione fratrum suorum in Jerusalem cum fratribus suis.
1Par	9	39	Ner autem genuit Cis, et Cis genuit Saul, et Saul genuit Jonathan, et Melchisua, et Abinadab, et Esbaal.
1Par	9	40	Filius autem Jonathan, Meribbaal: et Meribbaal genuit Micha.
1Par	9	41	Porro filii Micha, Phithon, et Melech, et Tharaa, et Ahaz.
1Par	9	42	Ahaz autem genuit Jara, et Jara genuit Alamath, et Azmoth, et Zamri. Zamri autem genuit Mosa.
1Par	9	43	Mosa vero genuit Banaa, cujus filius Raphaia, genuit Elasa, de quo ortus est Asel.
1Par	9	44	Porro Asel sex filios habuit, his nominibus: Ezricam, Bocru, Ismahel, Saria, Obdia, Hanan: hi sunt filii Asel.
1Par	10	1	Philisthiim autem pugnabant contra Israël, fugeruntque viri Israël Palæsthinos, et ceciderunt vulnerati in monte Gelboë.
1Par	10	2	Cumque appropinquassent Philisthæi, persequentes Saul et filios ejus, percusserunt Jonathan, et Abinadab, et Melchisua filios Saul.
1Par	10	3	Et aggravatum est prælium contra Saul, inveneruntque eum sagittarii, et vulneraverunt jaculis.
1Par	10	4	Et dixit Saul ad armigerum suum: Evagina gladium tuum, et interfice me, ne forte veniant incircumcisi isti, et illudant mihi. Noluit autem armiger ejus hoc facere, timore perterritus: arripuit ergo Saul ensem, et irruit in eum.
1Par	10	5	Quod cum vidisset armiger ejus, videlicet mortuum esse Saul, irruit etiam ipse in gladium suum, et mortuus est.
1Par	10	6	Interiit ergo Saul: et tres filii ejus, et omnis domus illius pariter concidit.
1Par	10	7	Quod cum vidissent viri Israël qui habitabant in campestribus, fugerunt: et Saul ac filiis ejus mortuis, dereliquerunt urbes suas, et huc illucque dispersi sunt: veneruntque Philisthiim, et habitaverunt in eis.
1Par	10	8	Die igitur altero detrahentes Philisthiim spolia cæsorum, invenerunt Saul et filios ejus jacentes in monte Gelboë.
1Par	10	9	Cumque spoliassent eum, et amputassent caput, armisque nudassent, miserunt in terram suam, ut circumferretur, et ostenderetur idolorum templis, et populis:
1Par	10	10	arma autem ejus consecraverunt in fano dei sui, et caput affixerunt in templo Dagon.
1Par	10	11	Hoc cum audissent viri Jabes Galaad, omnia scilicet quæ Philisthiim fecerant super Saul,
1Par	10	12	consurrexerunt singuli virorum fortium, et tulerunt cadavera Saul et filiorum ejus: attuleruntque ea in Jabes, et sepelierunt ossa eorum subter quercum, quæ erat in Jabes, et jejunaverunt septem diebus.
1Par	10	13	Mortuus est ergo Saul propter iniquitates suas, eo quod prævaricatus sit mandatum Domini quod præceperat, et non custodierit illud: sed insuper etiam pythonissam consuluerit,
1Par	10	14	nec speraverit in Domino: propter quod interfecit eum, et transtulit regnum ejus ad David filium Isai.
1Par	11	1	Congregatus est igitur omnis Israël ad David in Hebron, dicens: Os tuum sumus, et caro tua.
1Par	11	2	Heri quoque et nudiustertius cum adhuc regnaret Saul, tu eras qui educebas et introducebas Israël: tibi enim dixit Dominus Deus tuus: Tu pasces populum meum Israël, et tu eris princeps super eum.
1Par	11	3	Venerunt ergo omnes majores natu Israël ad regem in Hebron, et iniit David cum eis fœdus coram Domino: unxeruntque eum regem super Israël, juxta sermonem Domini quem locutus est in manu Samuel.
1Par	11	4	Abiit quoque David et omnis Israël in Jerusalem: hæc est Jebus, ubi erant Jebusæi habitatores terræ.
1Par	11	5	Dixeruntque qui habitabant in Jebus ad David: Non ingredieris huc. Porro David cepit arcem Sion, quæ est civitas David,
1Par	11	6	dixitque: Omnis qui percusserit Jebusæum in primis, erit princeps et dux. Ascendit igitur primus Joab filius Sarviæ, et factus est princeps.
1Par	11	7	Habitavit autem David in arce, et idcirco appellata est civitas David.
1Par	11	8	Ædificavitque urbem in circuitu a Mello usque ad gyrum; Joab autem reliqua urbis exstruxit.
1Par	11	9	Proficiebatque David vadens et crescens, et Dominus exercituum erat cum eo.
1Par	11	10	Hi principes virorum fortium David, qui adjuverunt eum ut rex fieret super omnem Israël, juxta verbum Domini quod locutus est ad Israël.
1Par	11	11	Et iste numerus robustorum David: Jesbaam filius Hachamoni princeps inter triginta: iste levavit hastam suam super trecentos vulneratos una vice.
1Par	11	12	Et post eum Eleazar filius patrui ejus Ahohites, qui erat inter tres potentes.
1Par	11	13	Iste fuit cum David in Phesdomim, quando Philisthiim congregati sunt ad locum illum in prælium: et erat ager regionis illius plenus hordeo, fugeratque populus a facie Philisthinorum.
1Par	11	14	Hi steterunt in medio agri, et defenderunt eum: cumque percussissent Philisthæos, dedit Dominus salutem magnam populo suo.
1Par	11	15	Descenderunt autem tres de triginta principibus ad petram, in qua erat David, ad speluncam Odollam, quando Philisthiim fuerant castrametati in valle Raphaim.
1Par	11	16	Porro David erat in præsidio, et statio Philisthinorum in Bethlehem.
1Par	11	17	Desideravit igitur David, et dixit: O si quis daret mihi aquam de cisterna Bethlehem, quæ est in porta !
1Par	11	18	Tres ergo isti per media castra Philisthinorum perrexerunt, et hauserunt aquam de cisterna Bethlehem quæ erat in porta, et attulerunt ad David ut biberet. Qui noluit, sed magis libavit illam Domino,
1Par	11	19	dicens: Absit ut in conspectu Dei mei hoc faciam, et sanguinem istorum virorum bibam: quia in periculo animarum suarum attulerunt mihi aquam. Et ob hanc causam noluit bibere: hæc fecerunt tres robustissimi.
1Par	11	20	Abisai quoque frater Joab ipse erat princeps trium, et ipse levavit hastam suam contra trecentos vulneratos, et ipse erat inter tres nominatissimus,
1Par	11	21	et inter tres secundos inclytus, et princeps eorum: verumtamen usque ad tres primos non pervenerat.
1Par	11	22	Banaias filius Jojadæ viri robustissimi, qui multa opera perpetrarat, de Cabseel: ipse percussit duos ariel Moab, et ipse descendit et interfecit leonem in media cisterna tempore nivis.
1Par	11	23	Et ipse percussit virum ægyptium, cujus statura erat quinque cubitorum, et habebat lanceam ut liciatorium texentium: descendit igitur ad eum cum virga, et rapuit hastam quam tenebat manu, et interfecit eum hasta sua.
1Par	11	24	Hæc fecit Banaias filius Jojadæ, qui erat inter tres robustos nominatissimus,
1Par	11	25	inter triginta primus, verumtamen ad tres usque non pervenerat: posuit autem eum David ad auriculam suam.
1Par	11	26	Porro fortissimi viri in exercitu, Asahel frater Joab, et Elchanan filius patrui ejus de Bethlehem,
1Par	11	27	Sammoth Arorites, Helles Pharonites,
1Par	11	28	Ira filius Acces Thecuites, Abiezer Anathothites,
1Par	11	29	Sobbochai Husathites, Ilai Ahohites,
1Par	11	30	Maharai Netophathites, Heled filius Baana Netophathites,
1Par	11	31	Ethai filius Ribai de Gabaath filiorum Benjamin, Banaia Pharatonites,
1Par	11	32	Hurai de torrente Gaas, Abiel Arbathites, Azmoth Bauramites, Eliaba Salabonites.
1Par	11	33	Filii Assem Gezonites, Jonathan filius Sage Ararites,
1Par	11	34	Ahiam filius Sachar Ararites,
1Par	11	35	Eliphal filius Ur,
1Par	11	36	Hepher Mecherathites, Ahia Phelonites,
1Par	11	37	Hesro Carmelites, Naarai filius Asbai,
1Par	11	38	Joël frater Nathan, Mibahar filius Agarai,
1Par	11	39	Selec Ammonites, Naharai Berothites armiger Joab filii Sarviæ,
1Par	11	40	Ira Jethræus, Gareb Jethræus,
1Par	11	41	Urias Hethæus, Zabad filius Oholi,
1Par	11	42	Adina filius Siza Rubenites princeps Rubenitarum, et cum eo triginta:
1Par	11	43	Hanan filius Maacha, et Josaphat Mathanites,
1Par	11	44	Ozia Astarothites, Samma, et Jehiel filii Hotham Arorites,
1Par	11	45	Jedihel filius Samri, et Joha frater ejus Thosaites,
1Par	11	46	Eliel Mahumites, et Jeribai, et Josaia filii Elnaëm, et Jethma Moabites, Eliel, et Obed, et Jasiel de Masobia.
1Par	12	1	Hi quoque venerunt ad David in Siceleg, cum adhuc fugeret Saul filium Cis, qui erant fortissimi et egregii pugnatores,
1Par	12	2	tendentes arcum, et utraque manu fundis saxa jacientes, et dirigentes sagittas, de fratribus Saul ex Benjamin.
1Par	12	3	Princeps Ahiecer, et Joas filii Samaa Gabaathites, et Jaziel, et Phallet filii Azmoth, et Baracha, et Jehu Anathotites.
1Par	12	4	Samaias quoque Gabaonites fortissimus inter triginta et super triginta. Jeremias, et Jeheziel, et Johanan, et Jezabad Gaderothites.
1Par	12	5	Et Eluzai, et Jerimuth, et Baalia, et Samaria, et Saphatia Haruphites.
1Par	12	6	Elcana, et Jesia, et Azareel, et Joëzer, et Jesbaam de Carehim:
1Par	12	7	Joëla quoque, et Zabadia filii Jeroham de Gedor.
1Par	12	8	Sed et de Gaddi transfugerunt ad David cum lateret in deserto, viri robustissimi, et pugnatores optimi, tenentes clypeum et hastam: facies eorum quasi facies leonis, et veloces quasi capreæ in montibus:
1Par	12	9	Ezer princeps, Obdias secundus, Eliab tertius,
1Par	12	10	Masmana quartus, Jeremias quintus,
1Par	12	11	Ethi sextus, Eliel septimus,
1Par	12	12	Johanan octavus, Elzebad nonus,
1Par	12	13	Jeremias decimus, Machbanai undecimus.
1Par	12	14	Hi de filiis Gad principes exercitus: novissimus centum militibus præerat, et maximus mille.
1Par	12	15	Isti sunt qui transierunt Jordanem mense primo, quando inundare consuevit super ripas suas: et omnes fugaverunt qui morabantur in vallibus ad orientalem plagam et occidentalem.
1Par	12	16	Venerunt autem et de Benjamin et de Juda ad præsidium in quo morabatur David.
1Par	12	17	Egressusque est David obviam eis, et ait: Si pacifice venistis ad me ut auxiliemini mihi, cor meum jungatur vobis: si autem insidiamini mihi pro adversariis meis, cum ego iniquitatem in manibus non habeam, videat Deus patrum nostrorum, et judicet.
1Par	12	18	Spiritus vero induit Amasai principem inter triginta, et ait: Tui sumus, o David, et tecum, fili Isai. Pax, pax tibi, et pax adjutoribus tuis: te enim adjuvat Deus tuus. Suscepit ergo eos David, et constituit principes turmæ.
1Par	12	19	Porro de Manasse transfugerunt ad David, quando veniebat cum Philisthiim adversus Saul ut pugnaret: et non dimicavit cum eis, quia inito consilio remiserunt eum principes Philisthinorum, dicentes: Periculo capitis nostri revertetur ad dominum suum Saul.
1Par	12	20	Quando igitur reversus est in Siceleg, transfugerunt ad eum de Manasse, Ednas, et Jozabad, et Jedihel, et Michaël, et Ednas, et Jozabad, et Eliu, et Salathi, principes millium in Manasse.
1Par	12	21	Hi præbuerunt auxilium David adversus latrunculos: omnes enim erant viri fortissimi, et facti sunt principes in exercitu.
1Par	12	22	Sed et per singulos dies veniebant ad David ad auxiliandum ei, usque dum fieret grandis numerus, quasi exercitus Dei.
1Par	12	23	Iste quoque est numerus principum exercitus qui venerunt ad David cum esset in Hebron, ut transferrent regnum Saul ad eum, juxta verbum Domini.
1Par	12	24	Filii Juda portantes clypeum et hastam, sex millia octingenti expediti ad prælium.
1Par	12	25	De filiis Simeon virorum fortissimorum ad pugnandum, septem millia centum.
1Par	12	26	De filiis Levi, quatuor millia sexcenti.
1Par	12	27	Jojoda quoque princeps de stirpe Aaron, et cum eo tria millia septingenti.
1Par	12	28	Sadoc etiam puer egregiæ indolis, et domus patris ejus, principes viginti duo.
1Par	12	29	De filiis autem Benjamin fratribus Saul, tria millia: magna enim pars eorum adhuc sequebatur domum Saul.
1Par	12	30	Porro de filiis Ephraim viginti millia octingenti, fortissimi robore, viri nominati in cognationibus suis.
1Par	12	31	Et ex dimidia tribu Manasse, decem et octo millia, singuli per nomina sua, venerunt ut constituerent regem David.
1Par	12	32	De filiis quoque Issachar viri eruditi, qui noverant singula tempora ad præcipiendum quid facere deberet Israël, principes ducenti: omnis autem reliqua tribus eorum consilium sequebatur.
1Par	12	33	Porro de Zabulon qui egrediebantur ad prælium, et stabant in acie instructi armis bellicis, quinquaginta millia venerunt in auxilium, non in corde duplici.
1Par	12	34	Et de Nephthali, principes mille, et cum eis instructi clypeo et hasta, triginta et septem millia.
1Par	12	35	De Dan etiam præparati ad prælium, viginti octo millia sexcenti.
1Par	12	36	Et de Aser egredientes ad pugnam, et in acie provocantes, quadraginta millia.
1Par	12	37	Trans Jordanem autem de filiis Ruben, et de Gad, et dimidia parte tribus Manasse, instructi armis bellicis, centum viginti millia.
1Par	12	38	Omnes isti viri bellatores expediti ad pugnandum, corde perfecto venerunt in Hebron, ut constituerent regem David super universum Israël: sed et omnes reliqui ex Israël uno corde erant, ut rex fieret David.
1Par	12	39	Fueruntque ibi apud David tribus diebus comedentes et bibentes: præparaverant enim eis fratres sui.
1Par	12	40	Sed et qui juxta eos erant, usque ad Issachar, et Zabulon, et Nephthali, afferebant panes in asinis, et camelis, et mulis, et bobus ad vescendum: farinam, palathas, uvam passam, vinum, oleum, boves, arietes ad omnem copiam: gaudium quippe erat in Israël.
1Par	13	1	Iniit autem consilium David cum tribunis, et centurionibus, et universis principibus,
1Par	13	2	et ait ad omnem cœtum Israël: Si placet vobis, et a Domino Deo nostro egreditur sermo quem loquor, mittamus ad fratres nostros reliquos in universas regiones Israël, et ad sacerdotes et Levitas qui habitant in suburbanis urbium, ut congregentur ad nos,
1Par	13	3	et reducamus arcam Dei nostri ad nos: non enim requisivimus eam in diebus Saul.
1Par	13	4	Et respondit universa multitudo ut ita fieret: placuerat enim sermo omni populo.
1Par	13	5	Congregavit ergo David cunctum Israël, a Sihor Ægypti usque dum ingrediaris Emath, ut adduceret arcam Dei de Cariathiarim.
1Par	13	6	Et ascendit David, et omnis vir Israël, ad collem Cariathiarim, qui est in Juda, ut afferret inde arcam Domini Dei sedentis super cherubim, ubi invocatum est nomen ejus.
1Par	13	7	Imposueruntque arcam Dei super plaustrum novum, de domo Abinadab: Oza autem, et frater ejus minabant plaustrum.
1Par	13	8	Porro David, et universus Israël, ludebant coram Deo omni virtute in canticis, et in citharis, et psalteriis, et tympanis, et cymbalis, et tubis.
1Par	13	9	Cum autem pervenisset ad aream Chidon, tetendit Oza manum suam, ut sustentaret arcam: bos quippe lasciviens paululum inclinaverat eam.
1Par	13	10	Iratus est itaque Dominus contra Ozam, et percussit eum, eo quod tetigisset arcam: et mortuus est ibi coram Domino.
1Par	13	11	Contristatusque est David, eo quod divisisset Dominus Ozam: vocavitque locum illum Divisio Ozæ, usque in præsentem diem.
1Par	13	12	Et timuit Deum tunc temporis, dicens: Quomodo possum ad me introducere arcam Dei?
1Par	13	13	et ob hanc causam non adduxit eam ad se, hoc est, in civitatem David, sed avertit in domum Obededom Gethæi.
1Par	13	14	Mansit ergo arca Dei in domo Obededom tribus mensibus: et benedixit Dominus domui ejus, et omnibus quæ habebat.
1Par	14	1	Misit quoque Hiram rex Tyri nuntios ad David, et ligna cedrina, et artifices parietum, lignorumque, ut ædificarent ei domum.
1Par	14	2	Cognovitque David quod confirmasset eum Dominus in regem super Israël, et sublevatum esset regnum suum super populum ejus Israël.
1Par	14	3	Accepit quoque David alias uxores in Jerusalem, genuitque filios et filias.
1Par	14	4	Et hæc nomina eorum, qui nati sunt ei in Jerusalem: Samua, et Sobab, Nathan, et Salomon,
1Par	14	5	Jebahar, et Elisua, et Eliphalet,
1Par	14	6	Noga quoque, et Napheg, et Japhia,
1Par	14	7	Elisama, et Baaliada, et Eliphalet.
1Par	14	8	Audientes autem Philisthiim eo quod unctus esset David regem super universum Israël, ascenderunt omnes ut quærerent eum: quod cum audisset David, egressus est obviam eis.
1Par	14	9	Porro Philisthiim venientes, diffusi sunt in valle Raphaim.
1Par	14	10	Consuluitque David Dominum, dicens: Si ascendam ad Philisthæos, et si trades eos in manu mea? Et dixit ei Dominus: Ascende, et tradam eos in manu tua.
1Par	14	11	Cumque illi ascendissent in Baalpharasim, percussit eos ibi David, et dixit: Divisit Deus inimicos meos per manum meam, sicut dividuntur aquæ: et idcirco vocatum est nomen illius loci Baalpharasim.
1Par	14	12	Dereliqueruntque ibi deos suos, quos David jussit exuri.
1Par	14	13	Alia etiam vice Philisthiim irruerunt, et diffusi sunt in valle.
1Par	14	14	Consuluitque rursum David Deum, et dixit ei Deus: Non ascendas post eos: recede ab eis, et venies contra illos ex adverso pyrorum.
1Par	14	15	Cumque audieris sonitum gradientis in cacumine pyrorum, tunc egredieris ad bellum: egressus est enim Deus ante te, ut percutiat castra Philisthiim.
1Par	14	16	Fecit ergo David sicut præceperat ei Deus, et percussit castra Philisthinorum, de Gabaon usque Gazera.
1Par	14	17	Divulgatumque est nomen David in universis regionibus, et Dominus dedit pavorem ejus super omnes gentes.
1Par	15	1	Fecit quoque sibi domos in civitate David: et ædificavit locum arcæ Dei, tetenditque ei tabernaculum.
1Par	15	2	Tunc dixit David: Illicitum est ut a quocumque portetur arca Dei nisi a Levitis, quos elegit Dominus ad portandum eam, et ad ministrandum sibi usque in æternum.
1Par	15	3	Congregavitque universum Israël in Jerusalem, ut afferretur arca Dei in locum suum, quem præparaverat ei:
1Par	15	4	necnon et filios Aaron, et Levitas.
1Par	15	5	De filiis Caath, Uriel princeps fuit, et fratres ejus centum viginti.
1Par	15	6	De filiis Merari, Asaia princeps: et fratres ejus ducenti viginti.
1Par	15	7	De filiis Gersom, Joël princeps: et fratres ejus centum triginta.
1Par	15	8	De filiis Elisaphan, Semeias princeps: et fratres ejus ducenti.
1Par	15	9	De filiis Hebron, Eliel princeps: et fratres ejus octoginta.
1Par	15	10	De filiis Oziel, Aminadab princeps: et fratres ejus centum duodecim.
1Par	15	11	Vocavitque David Sadoc et Abiathar sacerdotes, et Levitas, Uriel, Asaiam, Joël, Semeiam, Eliel, et Aminadab:
1Par	15	12	et dixit ad eos: Vos, qui estis principes familiarum Leviticarum, sanctificamini cum fratribus vestris, et afferte arcam Domini Dei Israël ad locum qui ei præparatus est:
1Par	15	13	ne ut a principio, quia non eratis præsentes, percussit nos Dominus; sic et nunc fiat, illicitum quid nobis agentibus.
1Par	15	14	Sanctificati sunt ergo sacerdotes et Levitæ ut portarent arcam Domini Dei Israël.
1Par	15	15	Et tulerunt filii Levi arcam Dei, sicut præceperat Moyses juxta verbum Domini, humeris suis in vectibus.
1Par	15	16	Dixitque David principibus Levitarum, ut constituerent de fratribus suis cantores in organis musicorum, nablis videlicet, et lyris, et cymbalis, ut resonaret in excelsis sonitus lætitiæ.
1Par	15	17	Constitueruntque Levitas: Heman filium Joël, et de fratribus ejus Asaph filium Barachiæ: de filiis vero Merari, fratribus eorum: Ethan filium Casaiæ.
1Par	15	18	Et cum eis fratres eorum: in secundo ordine, Zachariam, et Ben, et Jaziel, et Semiramoth, et Jahiel, et Ani, Eliab, et Banaiam, et Maasiam, et Mathathiam, et Eliphalu, et Maceniam, et Obededom, et Jehiel, janitores.
1Par	15	19	Porro cantores, Heman, Asaph, et Ethan, in cymbalis æneis concrepantes.
1Par	15	20	Zacharias autem, et Oziel, et Semiramoth, et Jahiel, et Ani, et Eliab, et Maasias, et Banaias in nablis arcana cantabant.
1Par	15	21	Porro Mathathias, et Eliphalu, et Macenias, et Obededom, et Jehiel, et Ozaziu, in citharis pro octava canebant epinicion.
1Par	15	22	Chonenias autem princeps Levitarum, prophetiæ præerat, ad præcinendam melodiam: erat quippe valde sapiens.
1Par	15	23	Et Barachias, et Elcana, janitores arcæ.
1Par	15	24	Porro Sebenias, et Josaphat, et Nathanaël, et Amasai, et Zacharias, et Banaias, et Eliezer sacerdotes, clangebant tubis coram arca Dei: et Obededom et Jehias erant janitores arcæ.
1Par	15	25	Igitur David, et omnes majores natu Israël, et tribuni, ierunt ad deportandam arcam fœderis Domini de domo Obededom cum lætitia.
1Par	15	26	Cumque adjuvisset Deus Levitas qui portabant arcam fœderis Domini, immolabantur septem tauri, et septem arietes.
1Par	15	27	Porro David erat indutus stola byssina, et universi Levitæ qui portabant arcam, cantoresque, et Chonenias princeps prophetiæ inter cantores: David autem etiam indutus erat ephod lineo.
1Par	15	28	Universusque Israël deducebant arcam fœderis Domini in jubilo, et sonitu buccinæ, et tubis, et cymbalis, et nablis, et citharis concrepantes.
1Par	15	29	Cumque pervenisset arca fœderis Domini usque ad civitatem David, Michol filia Saul prospiciens per fenestram vidit regem David saltantem atque ludentem, et despexit eum in corde suo.
1Par	16	1	Attulerunt igitur arcam Dei, et constituerunt eam in medio tabernaculi quod tetenderat ei David: et obtulerunt holocausta et pacifica coram Deo.
1Par	16	2	Cumque complesset David offerens holocausta et pacifica, benedixit populo in nomine Domini.
1Par	16	3	Et divisit universis per singulos, a viro usque ad mulierem, tortam panis, et partem assæ carnis bubalæ, et frixam oleo similam.
1Par	16	4	Constituitque coram arca Domini de Levitis, qui ministrarent, et recordarentur operum ejus, et glorificarent atque laudarent Dominum Deum Israël:
1Par	16	5	Asaph principem, et secundum ejus Zachariam: porro Jahiel, et Semiramoth, et Jehiel, et Mathathiam, et Eliab, et Banaiam, et Obededom: Jehiel super organa psalterii et lyras: Asaph autem ut cymbalis personaret:
1Par	16	6	Banaiam vero et Jaziel sacerdotes canere tuba jugiter coram arca fœderis Domini.
1Par	16	7	In illo die fecit David principem ad confitendum Domino Asaph et fratres ejus:
1Par	16	8	Confitemini Domino, et invocate nomen ejus: notas facite in populis adinventiones ejus.
1Par	16	9	Cantate ei, et psallite ei, et narrate omnia mirabilia ejus.
1Par	16	10	Laudate nomen sanctum ejus: lætetur cor quærentium Dominum.
1Par	16	11	Quærite Dominum, et virtutem ejus: quærite faciem ejus semper.
1Par	16	12	Recordamini mirabilium ejus quæ fecit; signorum illius, et judiciorum oris ejus,
1Par	16	13	semen Israël servi ejus, filii Jacob electi ejus.
1Par	16	14	Ipse Dominus Deus noster: in universa terra judicia ejus.
1Par	16	15	Recordamini in sempiternum pacti ejus: sermonis quem præcepit in mille generationes,
1Par	16	16	quem pepigit cum Abraham, et juramenti illius cum Isaac.
1Par	16	17	Et constituit illud Jacob in præceptum, et Israël in pactum sempiternum,
1Par	16	18	dicens: Tibi dabo terram Chanaan, funiculum hæreditatis vestræ:
1Par	16	19	cum essent pauci numero, parvi et coloni ejus.
1Par	16	20	Et transierunt de gente in gentem, et de regno ad populum alterum.
1Par	16	21	Non dimisit quemquam calumniari eos, sed increpavit pro eis reges.
1Par	16	22	Nolite tangere christos meos, et in prophetis meis nolite malignari.
1Par	16	23	Cantate Domino omnis terra; annuntiate ex die in diem salutare ejus:
1Par	16	24	narrate in gentibus gloriam ejus; in cunctis populis mirabilia ejus.
1Par	16	25	Quia magnus Dominus, et laudabilis nimis, et horribilis super omnes deos.
1Par	16	26	Omnes enim dii populorum idola: Dominus autem cælos fecit.
1Par	16	27	Confessio et magnificentia coram eo: fortitudo et gaudium in loco ejus.
1Par	16	28	Afferte Domino, familiæ populorum: afferte Domino gloriam et imperium.
1Par	16	29	Date Domino gloriam; nomini ejus levate sacrificium, et venite in conspectu ejus: et adorate Dominum in decore sancto.
1Par	16	30	Commoveatur a facie ejus omnis terra: ipse enim fundavit orbem immobilem.
1Par	16	31	Lætentur cæli, et exultet terra, et dicant in nationibus: Dominus regnavit.
1Par	16	32	Tonet mare et plenitudo ejus; exultent agri, et omnia quæ in eis sunt.
1Par	16	33	Tunc laudabunt ligna saltus coram Domino: quia venit judicare terram.
1Par	16	34	Confitemini Domino, quoniam bonus: quoniam in æternum misericordia ejus.
1Par	16	35	Et dicite: Salva nos, Deus salvator noster, et congrega nos, et erue de gentibus: ut confiteamur nomini sancto tuo, et exultemus in carminibus tuis.
1Par	16	36	Benedictus Dominus Deus Israël, ab æterno usque in æternum. Et dicat omnis populo: Amen, et hymnum Domino.
1Par	16	37	Reliquit itaque ibi coram arca fœderis Domini Asaph et fratres ejus, ut ministrarent in conspectu arcæ jugiter per singulos dies, et vices suas.
1Par	16	38	Porro Obededom, et fratres ejus sexaginta octo: et Obededom filium Idithun, et Hosa, constituit janitores;
1Par	16	39	Sadoc autem sacerdotem, et fratres ejus sacerdotes, coram tabernaculo Domini in excelso quod erat in Gabaon,
1Par	16	40	ut offerrent holocausta Domino super altare holocautomatis jugiter, mane et vespere, juxta omnia quæ scripta sunt in lege Domini, quam præcepit Israëli.
1Par	16	41	Et post eum Heman, et Idithun, et reliquos electos, unumquemque vocabulo suo ad confitendum Domino, quoniam in æternum misericordia ejus.
1Par	16	42	Heman quoque et Idithun canentes tuba, et quatientes cymbala et omnia musicorum organa ad canendum Deo: filios autem Idithun fecit esse portarios.
1Par	16	43	Reversusque est omnis populus in domum suam: et David, ut benediceret etiam domui suæ.
1Par	17	1	Cum autem habitaret David in domo sua, dixit ad Nathan prophetam: Ecce ego habito in domo cedrina: arca autem fœderis Domini sub pellibus est.
1Par	17	2	Et ait Nathan ad David: Omnia quæ in corde tuo sunt, fac: Deus enim tecum est.
1Par	17	3	Igitur nocte illa factus est sermo Dei ad Nathan, dicens:
1Par	17	4	Vade, et loquere David servo meo: Hæc dicit Dominus: Non ædificabis tu mihi domum ad habitandum.
1Par	17	5	Neque enim mansi in domo ex eo tempore quo eduxi Israël usque ad diem hanc: sed fui semper mutans loca tabernaculi, et in tentorio
1Par	17	6	manens cum omni Israël. Numquid locutus sum saltem uni judicum Israël, quibus præceperam ut pascerent populum meum, et dixi: Quare non ædificastis mihi domum cedrinam?
1Par	17	7	Nunc itaque sic loqueris ad servum meum David: Hæc dicit Dominus exercituum: Ego tuli te, cum in pascuis sequereris gregem, ut esses dux populi mei Israël:
1Par	17	8	et fui tecum quocumque perrexisti, et interfeci omnes inimicos tuos coram te, fecique tibi nomen quasi unius magnorum qui celebrantur in terra.
1Par	17	9	Et dedi locum populo meo Israël: plantabitur, et habitabit in eo, et ultra non commovebitur: nec filii iniquitatis atterent eos, sicut a principio,
1Par	17	10	ex diebus quibus dedi judices populo meo Israël, et humiliavi universos inimicos tuos. Annuntio ergo tibi, quod ædificaturus sit tibi Dominus domum.
1Par	17	11	Cumque impleveris dies tuos ut vadas ad patres tuos, suscitabo semen tuum post te, quod erit de filiis tuis: et stabiliam regnum ejus.
1Par	17	12	Ipse ædificabit mihi domum, et firmabo solium ejus usque in æternum.
1Par	17	13	Ego ero ei in patrem, et ipse erit mihi in filium: et misericordiam meam non auferam ab eo, sicut abstuli ab eo qui ante te fuit.
1Par	17	14	Et statuam eum in domo mea, et in regno meo usque in sempiternum: et thronus ejus erit firmissimus in perpetuum.
1Par	17	15	Juxta omnia verba hæc, et juxta universam visionem istam, sic locutus est Nathan ad David.
1Par	17	16	Cumque venisset rex David, et sedisset coram Domino, dixit: Quis ego sum, Domine Deus, et quæ domus mea, ut præstares mihi talia?
1Par	17	17	sed et hoc parum visum est in conspectu tuo, ideoque locutus es super domum servi tui etiam in futurum: et fecisti me spectabilem super omnes homines, Domine Deus.
1Par	17	18	Quid ultra addere potest David, cum ita glorificaveris servum tuum, et cognoveris eum?
1Par	17	19	Domine, propter famulum tuum juxta cor tuum fecisti omnem magnificentiam hanc, et nota esse voluisti universa magnalia.
1Par	17	20	Domine, non est similis tui, et non est alius deus absque te, ex omnibus quos audivimus auribus nostris.
1Par	17	21	Quis enim est alius, ut populus tuus Israël, gens una in terra, ad quam perrexit Deus ut liberaret et faceret populum sibi, et magnitudine sua atque terroribus ejiceret nationes a facie ejus, quem de Ægypto liberarat?
1Par	17	22	Et posuisti populum tuum Israël tibi in populum usque in æternum, et tu, Domine, factus es Deus ejus.
1Par	17	23	Nunc igitur Domine, sermo quem locutus es famulo tuo et super domum ejus confirmetur in perpetuum, et fac sicut locutus es.
1Par	17	24	Permaneatque et magnificetur nomen tuum usque in sempiternum, et dicatur: Dominus exercituum Deus Israël, et domus David servi ejus permanens coram eo.
1Par	17	25	Tu enim, Domine Deus meus, revelasti auriculam servi tui, ut ædificares ei domum: et idcirco invenit servus tuus fiduciam, ut oret coram te.
1Par	17	26	Nunc ergo Domine, tu es Deus, et locutus es ad servum tuum tanta beneficia.
1Par	17	27	Et cœpisti benedicere domui servi tui, ut sit semper coram te: te enim, Domine, benedicente, benedicta erit in perpetuum.
1Par	18	1	Factum est autem post hæc, ut percuteret David Philisthiim, et humiliaret eos, et tolleret Geth et filias ejus de manu Philisthiim,
1Par	18	2	percuteretque Moab, et fierent Moabitæ servi David, offerentes ei munera.
1Par	18	3	Eo tempore percussit David etiam Adarezer regem Soba regionis Hemath, quando perrexit ut dilataret imperium suum usque ad flumen Euphraten.
1Par	18	4	Cepit ergo David mille quadrigas ejus, et septem millia equitum, ac viginti millia virorum peditum, subnervavitque omnes equos curruum, exceptis centum quadrigis, quas reservavit sibi.
1Par	18	5	Supervenit autem et Syrus Damascenus, ut auxilium præberet Adarezer regi Soba: sed et hujus percussit David viginti duo millia virorum.
1Par	18	6	Et posuit milites in Damasco, ut Syria quoque serviret sibi, et offerret munera. Adjuvitque eum Dominus in cunctis ad quæ perrexerat.
1Par	18	7	Tulit quoque David pharetras aureas, quas habuerant servi Adarezer, et attulit eas in Jerusalem.
1Par	18	8	Necnon de Thebath et Chun urbibus Adarezer æris plurimum, de quo fecit Salomon mare æneum, et columnas, et vasa ænea.
1Par	18	9	Quod cum audisset Thou rex Hemath, percussisse videlicet David omnem exercitum Adarezer regis Soba,
1Par	18	10	misit Adoram filium suum ad regem David, ut postularet ab eo pacem, et congratularetur ei quod percussisset et expugnasset Adarezer: adversarius quippe erat Thou Adarezer.
1Par	18	11	Sed et omnia vasa aurea, et argentea, et ænea consecravit David rex Domino, cum argento et auro quod tulerat ex universis gentibus, tam de Idumæa, et Moab, et filiis Ammon, quam de Philisthiim et Amalec.
1Par	18	12	Abisai vero filius Sarviæ percussit Edom in valle Salinarum, decem et octo millia:
1Par	18	13	et constituit in Edom præsidium, ut serviret Idumæa David: salvavitque Dominus David in cunctis ad quæ perrexerat.
1Par	18	14	Regnavit ergo David super universum Israël, et faciebat judicium atque justitiam cuncto populo suo.
1Par	18	15	Porro Joab filius Sarviæ erat super exercitum, et Josaphat filius Ahilud a commentariis:
1Par	18	16	Sadoc autem filius Achitob, et Ahimelech filius Abiathar, sacerdotes: et Susa, scriba:
1Par	18	17	Banaias quoque filius Jojadæ super legiones Cerethi et Phelethi: porro filii David, primi ad manum regis.
1Par	19	1	Accidit autem ut moreretur Naas rex filiorum Ammon, et regnaret filius ejus pro eo.
1Par	19	2	Dixitque David: Faciam misericordiam cum Hanon filio Naas: præstitit enim mihi pater ejus gratiam. Misitque David nuntios ad consolandum eum super morte patris sui. Qui cum pervenissent in terram filiorum Ammon ut consolarentur Hanon,
1Par	19	3	dixerunt principes filiorum Ammon ad Hanon: Tu forsitan putas, quod David honoris causa in patrem tuum miserit qui consolentur te: nec animadvertis quod ut explorent, et investigent, et scrutentur terram tuam, venerint ad te servi ejus.
1Par	19	4	Igitur Hanon pueros David decalvavit, et rasit, et præcidit tunicas eorum a natibus usque ad pedes, et dimisit eos.
1Par	19	5	Qui cum abiissent, et hoc mandassent David, misit in occursum eorum (grandem enim contumeliam sustinuerant) et præcepit ut manerent in Jericho, donec cresceret barba eorum, et tunc reverterentur.
1Par	19	6	Videntes autem filii Ammon quod injuriam fecissent David, tam Hanon quam reliquus populus, miserunt mille talenta argenti, ut conducerent sibi de Mesopotamia, et de Syria Maacha, et de Soba currus et equites.
1Par	19	7	Conduxeruntque triginta duo millia curruum, et regem Maacha cum populo ejus. Qui cum venissent, castrametati sunt e regione Medaba. Filii quoque Ammon congregati de urbibus suis venerunt ad bellum.
1Par	19	8	Quod cum audisset David, misit Joab, et omnem exercitum virorum fortium:
1Par	19	9	egressique filii Ammon, direxerunt aciem juxta portam civitatis; reges autem, qui ad auxilium ejus venerant, separatim in agro steterunt.
1Par	19	10	Igitur Joab, intelligens bellum ex adverso et post tergum contra se fieri, elegit viros fortissimos de universo Israël, et perrexit contra Syrum.
1Par	19	11	Reliquam autem partem populi dedit sub manu Abisai fratris sui: et perrexerunt contra filios Ammon.
1Par	19	12	Dixitque: Si vicerit me Syrus, auxilio eris mihi: si autem superaverint te filii Ammon, ero tibi in præsidium.
1Par	19	13	Confortare, et agamus viriliter pro populo nostro, et pro urbibus Dei nostri: Dominus autem, quod in conspectu suo bonum est, faciet.
1Par	19	14	Perrexit ergo Joab et populus qui cum eo erat, contra Syrum ad prælium: et fugavit eos.
1Par	19	15	Porro filii Ammon videntes quod fugisset Syrus, ipsi quoque fugerunt Abisai fratrem ejus, et ingressi sunt civitatem: reversusque est etiam Joab in Jerusalem.
1Par	19	16	Videns autem Syrus quod cecidisset coram Israël, misit nuntios, et adduxit Syrum, qui erat trans fluvium: Sophach autem princeps militiæ Adarezer erat dux eorum.
1Par	19	17	Quod cum nuntiatum esset David, congregavit universum Israël, et transivit Jordanem, irruitque in eos et direxit ex adverso aciem, illis contra pugnantibus.
1Par	19	18	Fugit autem Syrus Israël, et interfecit David de Syris septem millia curruum, et quadraginta millia peditum, et Sophach exercitus principem.
1Par	19	19	Videntes autem servi Adarezer se ab Israël esse superatos, transfugerunt ad David, et servierunt ei: noluitque ultra Syria auxilium præbere filiis Ammon.
1Par	20	1	Factum est autem post anni circulum, eo tempore quo solent reges ad bella procedere, congregavit Joab exercitum, et robur militiæ, et vastavit terram filiorum Ammon: perrexitque et obsedit Rabba. Porro David manebat in Jerusalem, quando Joab percussit Rabba et destruxit eam.
1Par	20	2	Tulit autem David coronam Melchom de capite ejus, et invenit in ea auri pondo talentum, et pretiosissimas gemmas, fecitque sibi inde diadema: manubias quoque urbis plurimas tulit;
1Par	20	3	populum autem, qui erat in ea, eduxit, et fecit super eos tribulas, et trahas, et ferrata carpenta transire, ita ut dissecarentur et contererentur. Sic fecit David cunctis urbibus filiorum Ammon: et reversus est cum omni populo suo in Jerusalem.
1Par	20	4	Post hæc initum est bellum in Gazer adversum Philisthæos, in quo percussit Sobochai Husathites, Saphai de genere Raphaim, et humiliavit eos.
1Par	20	5	Aliud quoque bellum gestum est adversus Philisthæos, in quo percussit Adeodatus filius Saltus Bethlehemites fratrem Goliath Gethæi, cujus hastæ lignum erat quasi liciatorium texentium.
1Par	20	6	Sed et aliud bellum accidit in Geth, in quo fuit homo longissimus, senos habens digitos, id est, simul viginti quatuor: qui et ipse de Rapha fuerat stirpe generatus.
1Par	20	7	Hic blasphemavit Israël: et percussit eum Jonathan filius Samaa fratris David. Hi sunt filii Rapha in Geth, qui ceciderunt in manu David et servorum ejus.
1Par	21	1	Consurrexit autem Satan contra Israël, et concitavit David ut numeraret Israël.
1Par	21	2	Dixitque David ad Joab et ad principes populi: Ite, et numerate Israël a Bersabee usque Dan: et afferte mihi numerum ut sciam.
1Par	21	3	Responditque Joab: Augeat Dominus populum suum centuplum quam sunt: nonne, domine mi rex, omnes servi tui sunt? quare hoc quærit dominus meus, quod in peccatum reputetur Israëli?
1Par	21	4	Sed sermo regis magis prævaluit: egressusque est Joab, et circuivit universum Israël: et reversus est Jerusalem,
1Par	21	5	deditque David numerum eorum quos circuierat: et inventus est omnis numerus Israël, mille millia et centum millia virorum educentium gladium: de Juda autem quadringenta septuaginta millia bellatorum.
1Par	21	6	Nam Levi et Benjamin non numeravit: eo quod Joab invitus exsequeretur regis imperium.
1Par	21	7	Displicuit autem Deo quod jussum erat: et percussit Israël.
1Par	21	8	Dixitque David ad Deum: Peccavi nimis ut hoc facerem: obsecro, aufer iniquitatem servi tui, quia insipienter egi.
1Par	21	9	Et locutus est Dominus ad Gad videntem David, dicens:
1Par	21	10	Vade, et loquere ad David, et dic ei: Hæc dicit Dominus: Trium tibi optionem do: unum, quod volueris, elige, et faciam tibi.
1Par	21	11	Cumque venisset Gad ad David, dixit ei: Hæc dicit Doinus: Elige, quod volueris:
1Par	21	12	aut tribus annis famem; aut tribus mensibus te fugere hostes tuos, et gladium eorum non posse evadere; aut tribus diebus gladium Domini, et pestilentiam versari in terra, et angelum Domini interficere in universis finibus Israël: nunc igitur vide quid respondeam ei qui misit me.
1Par	21	13	Et dixit David ad Gad: Ex omni parte me angustiæ premunt: sed melius mihi est ut incidam in manus Domini, quia multæ sunt miserationes ejus, quam in manus hominum.
1Par	21	14	Misit ergo Dominus pestilentiam in Israël: et ceciderunt de Israël septuaginta millia virorum.
1Par	21	15	Misit quoque angelum in Jerusalem ut percuteret eam: cumque percuteretur, vidit Dominus, et misertus est super magnitudine mali: et imperavit angelo qui percutiebat: Sufficit, jam cesset manus tua. Porro angelus Domini stabat juxta aream Ornan Jebusæi.
1Par	21	16	Levansque David oculos suos, vidit angelum Domini stantem inter cælum et terram, et evaginatum gladium in manu ejus, et versum contra Jerusalem: et ceciderunt tam ipse quam majores natu, vestiti ciliciis, proni in terram.
1Par	21	17	Dixitque David ad Deum: Nonne ego sum, qui jussi ut numeraretur populus? ego, qui peccavi? ego, qui malum feci? iste grex, quid commeruit? Domine Deus meus, vertatur, obsecro, manus tua in me, et in domum patris mei: populus autem tuus non percutiatur.
1Par	21	18	Angelus autem Domini præcepit Gad ut diceret Davidi ut ascenderet, exstrueretque altare Domino Deo in area Ornan Jebusæi.
1Par	21	19	Ascendit ergo David juxta sermonem Gad, quem locutus ei fuerat ex nomine Domini.
1Par	21	20	Porro Ornan cum suspexisset et vidisset angelum, quatuorque filii ejus cum eo, absconderunt se: nam eo tempore terebat in area triticum.
1Par	21	21	Igitur cum veniret David ad Ornan, conspexit eum Ornan, et processit ei obviam de area, et adoravit eum pronus in terram.
1Par	21	22	Dixitque ei David: Da mihi locum areæ tuæ, ut ædificem in ea altare Domino: ita ut quantum valet argenti accipias, et cesset plaga a populo.
1Par	21	23	Dixit autem Ornan ad David: Tolle, et faciat dominus meus rex quodcumque ei placet: sed et boves do in holocaustum, et tribulas in ligna, et triticum in sacrificium: omnia libens præbebo.
1Par	21	24	Dixitque ei rex David: Nequaquam ita fiet, sed argentum dabo quantum valet: neque enim tibi auferre debeo, et sic offerre Domino holocausta gratuita.
1Par	21	25	Dedit ergo David Ornan pro loco siclos auri justissimi ponderis sexcentos.
1Par	21	26	Et ædificavit ibi altare Domino, obtulitque holocausta et pacifica, et invocavit Dominum; et exaudivit eum in igne de cælo super altare holocausti.
1Par	21	27	Præcepitque Dominus angelo, et convertit gladium suum in vaginam.
1Par	21	28	Protinus ergo David, videns quod exaudisset eum Dominus in area Ornan Jebusæi, immolavit ibi victimas.
1Par	21	29	Tabernaculum autem Domini, quod fecerat Moyses in deserto, et altare holocaustorum, ea tempestate erat in excelso Gabaon.
1Par	21	30	Et non prævaluit David ire ad altare ut ibi obsecraret Deum: nimio enim fuerat in timore perterritus, videns gladium angeli Domini.
1Par	22	1	Dixitque David: Hæc est domus Dei, et hoc altare in holocaustum Israëli.
1Par	22	2	Et præcepit ut congregarentur omnes proselyti de terra Israël, et constituit ex eis latomos ad cædendos lapides et poliendos, ut ædificaretur domus Dei.
1Par	22	3	Ferrum quoque plurimum ad clavos januarum, et ad commissuras atque juncturas, præparavit David: et æris pondus innumerabile.
1Par	22	4	Ligna quoque cedrina non poterant æstimari, quæ Sidonii et Tyrii deportaverant ad David.
1Par	22	5	Et dixit David: Solomon filius meus puer parvulus est et delicatus: domus autem, quam ædificari volo Domino, talis esse debet ut in cunctis regionibus nominetur: præparabo ergo ei necessaria. Et ob hanc causam ante mortem suam omnes præparavit impensas.
1Par	22	6	Vocavitque Salomonem filium suum, et præcepit ei ut ædificaret domum Domino Deo Israël.
1Par	22	7	Dixitque David ad Salomonem: Fili mi, voluntatis meæ fuit ut ædificarem domum nomini Domini Dei mei:
1Par	22	8	sed factus est sermo Domini ad me, dicens: Multum sanguinem effudisti, et plurima bella bellasti: non poteris ædificare domum nomini meo, tanto effuso sanguine coram me:
1Par	22	9	filius qui nascetur tibi, erit vir quietissimus: faciam enim eum requiescere ab omnibus inimicis suis per circuitum: et ob hanc causam Pacificus vocabitur: et pacem et otium dabo in Israël cunctis diebus ejus.
1Par	22	10	Ipse ædificabit domum nomini meo, et ipse erit mihi in filium, et ego ero illi in patrem: firmaboque solium regni ejus super Israël in æternum.
1Par	22	11	Nunc ergo fili mi, sit Dominus tecum, et prosperare, et ædifica domum Domino Deo tuo sicut locutus est de te.
1Par	22	12	Det quoque Dominus prudentiam et sensum ut regere possis Israël, et custodire legem Domini Dei tui.
1Par	22	13	Tunc enim proficere poteris, si custodieris mandata et judicia quæ præcepit Dominus Moysi ut doceret Israël. Confortare, et viriliter age: ne timeas, neque paveas.
1Par	22	14	Ecce ego in paupertate mea præparavi impensas domus Domini, auri talenta centum millia, et argenti mille millia talentorum: æris vero et ferri non est pondus, vincitur enim numerus magnitudine; ligna et lapides præparavi ad universa impendia.
1Par	22	15	Habes quoque plurimos artifices, latomos, et cæmentarios, artificesque lignorum, et omnium artium ad faciendum opus prudentissimos,
1Par	22	16	in auro et argento et ære et ferro, cujus non est numerus. Surge igitur et fac, et erit Dominus tecum.
1Par	22	17	Præcepit quoque David cunctis principibus Israël ut adjuvarent Salomonem filium suum:
1Par	22	18	Cernitis, inquiens, quod Dominus Deus vester vobiscum sit, et dederit vobis requiem per circuitum, et tradiderit omnes inimicos vestros in manus vestras, et subjecta sit terra coram Domino, et coram populo ejus.
1Par	22	19	Præbete igitur corda vestra et animas vestras, ut quæratis Dominum Deum vestrum: et consurgite, et ædificate sanctuarium Domino Deo, ut introducatur arca fœderis Domini, et vasa Domino consecrata, in domum quæ ædificatur nomini Domini.
1Par	23	1	Igitur David, senex et plenus dierum, regem constituit Salomonem filium suum super Israël.
1Par	23	2	Et congregavit omnes principes Israël, et sacerdotes atque Levitas.
1Par	23	3	Numeratique sunt Levitæ a triginta annis et supra: et inventa sunt triginta octo millia virorum.
1Par	23	4	Ex his electi sunt, et distributi in ministerium domus Domini, viginti quatuor millia: præpositorum autem et judicum, sex millia.
1Par	23	5	Porro quatuor millia janitores, et totidem psaltæ, canentes Domino in organis quæ fecerat ad canendum.
1Par	23	6	Et distribuit eos David per vices filiorum Levi, Gerson videlicet, et Caath, et Merari.
1Par	23	7	Filii Gerson: Leedan, et Semei.
1Par	23	8	Filii Leedan: princeps Jahiel, et Zethan, et Joël, tres.
1Par	23	9	Filii Semei: Salomith, et Hosiel, et Aran, tres: isti principes familiarum Leedan.
1Par	23	10	Porro filii Semei: Leheth, et Ziza, et Jaus, et Baria: isti filii Semei, quatuor.
1Par	23	11	Erat autem Leheth prior, Ziza secundus: porro Jaus et Baria non habuerunt plurimos filios, et idcirco in una familia, unaque domo computati sunt.
1Par	23	12	Filii Caath: Amram, et Isaar, Hebron, et Oziel, quatuor.
1Par	23	13	Filii Amram: Aaron et Moyses. Separatusque est Aaron ut ministraret in Sancto sanctorum, ipse et filii ejus in sempiternum, et adoleret incensum Domino secundum ritum suum, ac benediceret nomini ejus in perpetuum.
1Par	23	14	Moysi quoque hominis Dei filii annumerati sunt in tribu Levi.
1Par	23	15	Filii Moysi: Gersom et Eliezer.
1Par	23	16	Filii Gersom: Subuel primus.
1Par	23	17	Fuerunt autem filii Eliezer: Rohobia primus: et non erant Eliezer filii alii. Porro filii Rohobia multiplicati sunt nimis.
1Par	23	18	Filii Isaar: Salomith primus.
1Par	23	19	Filii Hebron: Jeriau primus, Amarias secundus, Jahaziel tertius, Jecmaam quartus.
1Par	23	20	Filii Oziel: Micha primus, Jesia secundus.
1Par	23	21	Filii Merari: Moholi, et Musi. Filii Moholi: Eleazar et Cis.
1Par	23	22	Mortuus est autem Eleazar, et non habuit filios, sed filias: acceperuntque eas filii Cis fratres earum.
1Par	23	23	Filii Musi: Moholi, et Eder, et Jerimoth, tres.
1Par	23	24	Hi filii Levi in cognationibus et familiis suis, principes per vices, et numerum capitum singulorum qui faciebant opera ministerii domus Domini, a viginti annis et supra.
1Par	23	25	Dixit enim David: Requiem dedit Dominus Deus Israël populo suo, et habitationem Jerusalem usque in æternum.
1Par	23	26	Nec erit officii Levitarum ut ultra portent tabernaculum et omnia vasa ejus ad ministrandum.
1Par	23	27	Juxta præcepta quoque David novissima, supputabitur numerus filiorum Levi a viginti annis et supra.
1Par	23	28	Et erunt sub manu filiorum Aaron in cultum domus Domini, in vestibulis, et in exedris, et in loco purificationis, et in sanctuario, et in universis operibus ministerii templi Domini.
1Par	23	29	Sacerdotes autem, super panes propositionis, et ad similæ sacrificium, et ad lagana azyma, et sartaginem, et ad torrendum, et super omne pondus atque mensuram.
1Par	23	30	Levitæ vero ut stent mane ad confitendum et canendum Domino: similiterque ad vesperam,
1Par	23	31	tam in oblatione holocaustorum Domini, quam in sabbatis et calendis et solemnitatibus reliquis juxta numerum et cæremonias uniuscujusque rei, jugiter coram Domino.
1Par	23	32	Et custodiant observationes tabernaculi fœderis, et ritum sanctuarii, et observationem filiorum Aaron fratrum suorum, ut ministrent in domo Domini.
1Par	24	1	Porro filiis Aaron hæ partitiones erant. Filii Aaron: Nadab, et Abiu, et Eleazar, et Ithamar.
1Par	24	2	Mortui sunt autem Nadab et Abiu ante patrem suum absque liberis: sacerdotioque functus est Eleazar, et Ithamar.
1Par	24	3	Et divisit eos David, id est, Sadoc de filiis Eleazari, et Ahimelech de filiis Ithamar, secundum vices suas et ministerium.
1Par	24	4	Inventique sunt multo plures filii Eleazar in principibus viris, quam filii Ithamar. Divisit autem eis, hoc est, filiis Eleazar, principes per familias sedecim: et filiis Ithamar per familias et domos suas octo.
1Par	24	5	Porro divisit utrasque inter se familias sortibus: erant enim principes sanctuarii, et principes Dei, tam de filiis Eleazar quam de filiis Ithamar.
1Par	24	6	Descripsitque eos Semeias filius Nathanaël scriba Levites, coram rege et principibus, et Sadoc sacerdote, et Ahimelech filio Abiathar, principibus quoque familiarum sacerdotalium, et Leviticarum: unam domum, quæ ceteris præerat, Eleazar: et alteram domum, quæ sub se habebat ceteros, Ithamar.
1Par	24	7	Exivit autem sors prima Jojarib, secunda Jedei,
1Par	24	8	tertia Harim, quarta Seorim,
1Par	24	9	quinta Melchia, sexta Maiman,
1Par	24	10	septima Accos, octava Abia,
1Par	24	11	nona Jesua, decima Sechenia,
1Par	24	12	undecima Eliasib, duodecima Jacim,
1Par	24	13	tertiadecima Hoppha, decimaquarta Isbaab,
1Par	24	14	decimaquinta Belga, decimasexta Emmer,
1Par	24	15	decimaseptima Hezir, decimaoctava Aphses,
1Par	24	16	decimanona Pheteia, vigesima Hezechiel,
1Par	24	17	vigesima prima Jachin, vigesima secunda Gamul,
1Par	24	18	vigesima tertia Dalaiau, vigesima quarta Maaziau.
1Par	24	19	Hæ vices eorum secundum ministeria sua, ut ingrediantur domum Domini, et juxta ritum suum sub manu Aaron patris eorum, sicut præceperat Dominus Deus Israël.
1Par	24	20	Porro filiorum Levi qui reliqui fuerant, de filiis Amram erat Subaël, et de filiis Subaël, Jehedeia.
1Par	24	21	De filiis quoque Rohobiæ, princeps Jesias.
1Par	24	22	Isaari vero filius Salemoth, filiusque Salemoth Jahath:
1Par	24	23	filiusque ejus Jeriau primus, Amarias secundus, Jahaziel tertius, Jecmaan quartus.
1Par	24	24	Filius Oziel, Micha: filius Micha, Samir.
1Par	24	25	Frater Micha, Jesia: filiusque Jesiæ, Zacharias.
1Par	24	26	Filii Merari: Moholi, et Musi. Filius Oziau: Benno.
1Par	24	27	Filius quoque Merari: Oziau, et Soam, et Zachur, et Hebri.
1Par	24	28	Porro Moholi filius, Eleazar, qui non habebat liberos.
1Par	24	29	Filius vero Cis, Jerameel.
1Par	24	30	Filii Musi: Moholi, Eder et Jerimoth: isti filii Levi secundum domos familiarum suarum.
1Par	24	31	Miseruntque et ipsi sortes contra fratres suos filios Aaron coram David rege, et Sadoc, et Ahimelech, et principibus familiarum sacerdotalium et Leviticarum, tam majores quam minores: omnes sors æqualiter dividebat.
1Par	25	1	Igitur David et magistratus exercitus segregaverunt in ministerium filios Asaph, et Heman, et Idithun, qui prophetarent in citharis, et psalteriis, et cymbalis secundum numerum suum, dedicato sibi officio servientes.
1Par	25	2	De filiis Asaph: Zachur, et Joseph, et Nathania, et Asarela, filii Asaph: sub manu Asaph prophetantis juxta regem.
1Par	25	3	Porro Idithun: filii Idithun, Godolias, Sori, Jeseias, et Hasabias, et Mathathias, sex, sub manu patris sui Idithun, qui in cithara prophetabat super confitentes et laudantes Dominum.
1Par	25	4	Heman quoque: filii Heman, Bocciau, Mathaniau, Oziel, Subuel, et Jerimoth, Hananias, Hanani, Eliatha, Geddelthi, et Romemthiezer, et Jesbacassa, Mellothi, Othir, Mahazioth:
1Par	25	5	omnes isti filii Heman videntis regis in sermonibus Dei, ut exaltaret cornu: deditque Deus Heman filios quatuordecim, et filias tres.
1Par	25	6	Universi sub manu patris sui ad cantandum in templo Domini distributi erant, in cymbalis, et psalteriis, et citharis, in ministeria domus Domini juxta regem: Asaph videlicet, et Idithun, et Heman.
1Par	25	7	Fuit autem numerus eorum cum fratribus suis, qui erudiebant canticum Domini, cuncti doctores, ducenti octoginta octo.
1Par	25	8	Miseruntque sortes per vices suas, ex æquo tam major quam minor, doctus pariter et indoctus.
1Par	25	9	Egressaque est sors prima Joseph, qui erat de Asaph. Secunda Godoliæ, ipsi et filiis ejus, et fratribus ejus duodecim.
1Par	25	10	Tertia Zachur, filiis et fratribus ejus duodecim.
1Par	25	11	Quarta Isari, filiis et fratribus ejus duodecim.
1Par	25	12	Quinta Nathaniæ, filiis et fratribus ejus duodecim.
1Par	25	13	Sexta Bocciau, filiis et fratribus ejus duodecim.
1Par	25	14	Septima Isreela, filiis et fratribus ejus duodecim.
1Par	25	15	Octava Jesaiæ, filiis et fratribus ejus duodecim.
1Par	25	16	Nona Mathaniæ, filiis et fratribus ejus duodecim.
1Par	25	17	Decima Semeiæ, filiis et fratribus ejus duodecim.
1Par	25	18	Undecima Azareel, filiis et fratribus ejus duodecim.
1Par	25	19	Duodecima Hasabiæ, filiis et fratribus ejus duodecim.
1Par	25	20	Tertiadecima Subaël, filiis et fratribus ejus duodecim.
1Par	25	21	Quartadecima Mathathiæ, filiis et fratribus ejus duodecim.
1Par	25	22	Quintadecima Jerimoth, filiis et fratribus ejus duodecim.
1Par	25	23	Sextadecima Hananiæ, filiis et fratribus ejus duodecim.
1Par	25	24	Septimadecima Jesbacassæ, filiis et fratribus ejus duodecim.
1Par	25	25	Octavadecima Hanani, filiis et fratribus ejus duodecim.
1Par	25	26	Nonadecima Mellothi, filiis et fratribus ejus duodecim.
1Par	25	27	Vigesima Eliatha, filiis et fratribus ejus duodecim.
1Par	25	28	Vigesima prima Othir, filiis et fratribus ejus duodecim.
1Par	25	29	Vigesima secunda Geddelthi, filiis et fratribus ejus duodecim.
1Par	25	30	Vigesima tertia Mahazioth, filiis et fratribus ejus duodecim.
1Par	25	31	Vigesima quarta Romemthiezer, filiis et fratribus ejus duodecim.
1Par	26	1	Divisiones autem janitorum: de Coritis Meselemia, filius Core, de filiis Asaph.
1Par	26	2	Filii Meselemiæ: Zacharias primogenitus, Jadihel secundus, Zabadias tertius, Jathanaël quartus,
1Par	26	3	Ælam quintus, Johanan sextus, Elioënai septimus.
1Par	26	4	Filii autem Obededom: Semeias primogenitus, Jozabad secundus, Joaha tertius, Sachar quartus, Nathanaël quintus,
1Par	26	5	Ammiel sextus, Issachar septimus, Phollathi octavus: quia benedixit illi Dominus.
1Par	26	6	Semei autem filio ejus nati sunt filii, præfecti familiarum suarum: erant enim viri fortissimi.
1Par	26	7	Filii ergo Semeiæ: Othni, et Raphaël, et Obed, Elzabad, fratres ejus viri fortissimi: Eliu quoque et Samachias.
1Par	26	8	Omnes hi, de filiis Obededom: ipsi, et filii et fratres eorum, fortissimi ad ministrandum, sexaginta duo de Obededom.
1Par	26	9	Porro Meselemiæ filii, et fratres eorum robustissimi, decem et octo.
1Par	26	10	De Hosa autem, id est, de filiis Merari: Semri princeps (non enim habuerat primogenitum, et idcirco posuerat eum pater ejus in principem),
1Par	26	11	Helcias secundus, Tabelias tertius, Zacharias quartus: omnes hi filii et fratres Hosa, tredecim.
1Par	26	12	Hi divisi sunt in janitores, ut semper principes custodiarum, sicut et fratres eorum ministrarent in domo Domini.
1Par	26	13	Missæ sunt ergo sortes ex æquo, et parvis et magnis, per familias suas in unamquamque portarum.
1Par	26	14	Cecidit ergo sors orientalis, Selemiæ. Porro Zachariæ filio ejus, viro prudentissimo et erudito, sortito obtigit plaga septentrionalis.
1Par	26	15	Obededom vero et filiis ejus ad austrum: in qua parte domus erat seniorum concilium.
1Par	26	16	Sephim et Hosa ad occidentem, juxta portam, quæ ducit ad viam ascensionis: custodia contra custodiam.
1Par	26	17	Ad orientem vero Levitæ sex: et ad aquilonem, quatuor per diem: atque ad meridiem similiter in die quatuor: et ubi erat concilium bini et bini.
1Par	26	18	In cellulis quoque janitorum ad occidentem quatuor in via, binique per cellulas.
1Par	26	19	Hæ sunt divisiones janitorum filiorum Core et Merari.
1Par	26	20	Porro Achias erat super thesauros domus Dei, et vasa sanctorum.
1Par	26	21	Filii Ledan, filii Gersonni: de Ledan principes familiarum Ledan, et Gersonni, Jehieli.
1Par	26	22	Filii Jehieli: Zathan, et Joël fratres ejus super thesauros domus Domini.
1Par	26	23	Amramitis, et Isaaritis, et Hebronitis, et Ozihelitis.
1Par	26	24	Subaël autem filius Gersom filii Moysi, præpositus thesauris.
1Par	26	25	Fratres quoque ejus Eliezer, cujus filius Rahabia, et hujus filius Isaias, et hujus filius Joram, hujus quoque filius Zechri, et hujus filius Selemith.
1Par	26	26	Ipse Selemith, et fratres ejus, super thesauros sanctorum quæ sanctificavit David rex, et principes familiarum, et tribuni, et centuriones, et duces exercitus,
1Par	26	27	de bellis et manubiis præliorum, quæ consecraverant ad instaurationem et supellectilem templi Domini.
1Par	26	28	Hæc autem universa sanctificavit Samuel videns, et Saul filius Cis, et Abner filius Ner, et Joab filius Sarviæ: omnes qui sanctificaverant ea per manum Selemith et fratrum ejus.
1Par	26	29	Isaaritis vero præerat Chonenias, et filii ejus ad opera forinsecus super Israël ad docendum et judicandum eos.
1Par	26	30	Porro de Hebronitis Hasabias, et fratres ejus viri fortissimi, mille septingenti præerant Israëli trans Jordanem contra occidentem, in cunctis operibus Domini, et in ministerium regis.
1Par	26	31	Hebronitarum autem princeps fuit Jeria secundum familias et cognationes eorum. Quadragesimo anno regni David recensiti sunt, et inventi sunt viri fortissimi in Jazer Galaad,
1Par	26	32	fratresque ejus robustioris ætatis, duo millia septingenti principes familiarum. Præposuit autem eos David rex Rubenitis, et Gadditis, et dimidiæ tribui Manasse, in omne ministerium Dei et regis.
1Par	27	1	Filii autem Israël secundum numerum suum, principes familiarum, tribuni, et centuriones, et præfecti, qui ministrabant regi juxta turmas suas, ingredientes et egredientes per singulos menses in anno, viginti quatuor millibus singuli præerant.
1Par	27	2	Primæ turmæ in primo mense Jesboam præerat filius Zabdiel, et sub eo viginti quatuor millia;
1Par	27	3	de filiis Phares, princeps cunctorum principum in exercitu mense primo.
1Par	27	4	Secundi mensis habebat turmam Dudia Ahohites, et post se alter nomine Macelloth, qui regebat partem exercitus viginti quatuor millium.
1Par	27	5	Dux quoque turmæ tertiæ in mense tertio erat Banaias filius Jojadæ sacerdos: et in divisione sua viginti quatuor millia.
1Par	27	6	Ipse est Banaias fortissimus inter triginta, et super triginta: præerat autem turmæ ipsius Amizabad filius ejus.
1Par	27	7	Quartus, mense quarto, Asahel frater Joab, et Zabadias filius ejus post eum: et in turma ejus viginti quatuor millia.
1Par	27	8	Quintus, mense quinto, princeps Samaoth Jezerites: et in turma ejus viginti quatuor millia.
1Par	27	9	Sextus, mense sexto, Hira filius Acces Thecuites: et in turma ejus viginti quatuor millia.
1Par	27	10	Septimus, mense septimo, Helles Phallonites de filiis Ephraim: et in turma ejus viginti quatuor millia.
1Par	27	11	Octavus, mense octavo, Sobochai Husathites de stirpe Zarahi: et in turma ejus viginti quatuor millia.
1Par	27	12	Nonus, mense nono, Abiezer Anathothites de filiis Jemini: et in turma ejus viginti quatuor millia.
1Par	27	13	Decimus, mense decimo, Marai, et ipse Netophathites de stirpe Zarai: et in turma ejus viginti quatuor millia.
1Par	27	14	Undecimus, mense undecimo, Banaias Pharathonites de filiis Ephraim: et in turma ejus viginti quatuor millia.
1Par	27	15	Duodecimus, mense duodecimo, Holdai Netophathites, de stirpe Gothoniel: et in turma ejus viginti quatuor millia.
1Par	27	16	Porro tribubus præerant Israël, Rubenitis, dux Eliezer filius Zechri: Simeonitis, dux Saphatias filius Maacha:
1Par	27	17	Levitis, Hasabias filius Camuel: Aaronitis, Sadoc:
1Par	27	18	Juda, Eliu frater David: Issachar, Amri filius Michaël.
1Par	27	19	Zabulonitis, Jesmaias filius Abdiæ: Nephthalitibus, Jerimoth filius Ozriel:
1Par	27	20	filiis Ephraim, Osee filius Ozaziu: dimidiæ tribui Manasse, Joël filius Phadaiæ:
1Par	27	21	et dimidiæ tribui Manasse in Galaad, Jaddo filius Zachariæ: Benjamin autem, Jasiel filius Abner:
1Par	27	22	Dan vero, Ezrihel filius Jeroham: hi principes filiorum Israël.
1Par	27	23	Noluit autem David numerare eos a viginti annis inferius: quia dixerat Dominus ut multiplicaret Israël quasi stellas cæli.
1Par	27	24	Joab filius Sarviæ cœperat numerare, nec complevit: quia super hoc ira irruerat in Israël, et idcirco numerus eorum qui fuerant recensiti, non est relatus in fastos regis David.
1Par	27	25	Super thesauros autem regis fuit Azmoth filius Adiel: his autem thesauris, qui erant in urbibus, et in vicis, et in turribus, præsidebat Jonathan filius Oziæ.
1Par	27	26	Operi autem rustico, et agricolis qui exercebant terram, præerat Ezri filius Chelub:
1Par	27	27	vinearumque cultoribus, Semeias Romathites: cellis autem vinariis, Zabdias Aphonites.
1Par	27	28	Nam super oliveta et ficeta quæ erant in campestribus, Balanam Gederites: super apothecas autem olei, Joas.
1Par	27	29	Porro armentis quæ pascebantur in Saron, præpositus fuit Setrai Saronites: et super boves in vallibus, Saphat filius Adli:
1Par	27	30	super camelos vero, Ubil Ismahelites: et super asinos, Jadias Meronathites:
1Par	27	31	super oves quoque, Jaziz Agareus: omnes hi, principes substantiæ regis David.
1Par	27	32	Jonathan autem patruus David, consiliarius, vir prudens et litteratus: ipse et Jahiel filius Hachamoni erant cum filiis regis.
1Par	27	33	Achitophel etiam consiliarius regis, et Chusai Arachites amicus regis.
1Par	27	34	Post Achitophel fuit Jojada filius Banaiæ, et Abiathar. Princeps autem exercitus regis erat Joab.
1Par	28	1	Convocavit igitur David omnes principes Israël, duces tribuum, et præpositos turmarum, qui ministrabant regi: tribunos quoque et centuriones, et qui præerant substantiæ et possessionibus regis, filiosque suos cum eunuchis, et potentes et robustissimos quosque in exercitu Jerusalem.
1Par	28	2	Cumque surrexisset rex, et stetisset, ait: Audite me, fratres mei et populus meus: cogitavi ut ædificarem domum, in qua requiesceret arca fœderis Domini, et scabellum pedum Dei nostri: et ad ædificandum, omnia præparavi.
1Par	28	3	Deus autem dixit mihi: Non ædificabis domum nomini meo, eo quod sis vir bellator, et sanguinem fuderis.
1Par	28	4	Sed elegit Dominus Deus Israël me de universa domo patris mei, ut essem rex super Israël in sempiternum: de Juda enim elegit principes: porro de domo Juda, domum patris mei, et de filiis patris mei placuit ei ut me eligeret regem super cunctum Israël.
1Par	28	5	Sed et de filiis meis (filios enim mihi multos dedit Dominus) elegit Salomonem filium meum ut sederet in throno regni Domini super Israël,
1Par	28	6	dixitque mihi: Salomon filius tuus ædificabit domum meam, et atria mea: ipsum enim elegi mihi in filium, et ego ero ei in patrem.
1Par	28	7	Et firmabo regnum ejus usque in æternum, si perseveraverit facere præcepta mea et judicia, sicut et hodie.
1Par	28	8	Nunc ergo coram universo cœtu Israël audiente Deo nostro, custodite, et perquirite cuncta mandata Domini Dei nostri: ut possideatis terram bonam, et relinquatis eam filiis vestris post vos usque in sempiternum.
1Par	28	9	Tu autem, Salomon fili mi, scito Deum patris tui, et servito ei corde perfecto, animo voluntario: omnia enim corda scrutatur Dominus, et universas mentium cogitationes intelligit. Si quæsieris eum, invenies: si autem dereliqueris eum, projiciet te in æternum.
1Par	28	10	Nunc ergo quia elegit te Dominus ut ædificares domum sanctuarii, confortare, et perfice.
1Par	28	11	Dedit autem David Salomoni filio suo descriptionem porticus, et templi, et cellariorum, et cœnaculi, et cubiculorum in adytis, et domus propitiationis,
1Par	28	12	necnon et omnium quæ cogitaverat atriorum et exedrarum per circuitum in thesauros domus Domini, et in thesauros sanctorum,
1Par	28	13	divisionumque sacerdotalium et Leviticarum, in omnia opera domus Domini, et in universa vasa ministerii templi Domini.
1Par	28	14	Aurum in pondere per singula vasa ministerii. Argenti quoque pondus pro vasorum et operum diversitate.
1Par	28	15	Sed et in candelabra aurea, et ad lucernas eorum, aurum pro mensura uniuscujusque candelabri et lucernarum. Similiter et in candelabra argentea, et in lucernas eorum, pro diversitate mensuræ, pondus argenti tradidit.
1Par	28	16	Aurum quoque dedit in mensas propositionis pro diversitate mensarum: similiter et argentum in alias mensas argenteas.
1Par	28	17	Ad fuscinulas quoque, et phialas, et thuribula ex auro purissimo, et leunculos aureos pro qualitate mensuræ pondus distribuit in leunculum et leunculum. Similiter et in leones argenteos diversum argenti pondus separavit.
1Par	28	18	Altari autem, in quo adoletur incensum, aurum purissimum dedit: ut ex ipso fieret similitudo quadrigæ cherubim extendentium alas, et velantium arcam fœderis Domini.
1Par	28	19	Omnia, inquit, venerunt scripta manu Domini ad me, ut intelligerem universa opera exemplaris.
1Par	28	20	Dixit quoque David Salomoni filio suo: Viriliter age, et confortare, et fac: ne timeas, et ne paveas: Dominus enim Deus meus tecum erit, et non dimittet te nec derelinquet, donec perficias omne opus ministerii domus Domini.
1Par	28	21	Ecce divisiones sacerdotum et Levitarum: in omne ministerium domus Domini assistunt tibi, et parati sunt, et noverunt tam principes quam populus facere omnia præcepta tua.
1Par	29	1	Locutusque est David rex ad omnem ecclesiam: Salomonem filium meum unum elegit Deus, adhuc puerum et tenellum: opus namque grande est, neque enim homini præparatur habitatio, sed Deo.
1Par	29	2	Ego autem totis viribus meis præparavi impensas domus Dei mei. Aurum ad vasa aurea, et argentum in argentea, æs in ænea, ferrum in ferrea, ligna ad lignea: et lapides onychinos, et quasi stibinos, et diversorum colorum, omnemque pretiosum lapidem, et marmor Parium abundantissime:
1Par	29	3	et super hæc quæ obtuli in domum Dei mei de peculio meo aurum et argentum, do in templum Dei mei, exceptis his quæ præparavi in ædem sanctam.
1Par	29	4	Tria millia talenta auri de auro Ophir, et septem millia talentorum argenti probatissimi ad deaurandos parietes templi.
1Par	29	5	Et ubicumque opus est aurum de auro, et ubicumque opus est argentum de argento, opera fiant per manus artificum: et si quis sponte offert, impleat manum suam hodie, et offerat quod voluerit Domino.
1Par	29	6	Polliciti sunt itaque principes familiarum, et proceres tribuum Israël, tribuni quoque, et centuriones, et principes possessionum regis.
1Par	29	7	Dederuntque in opera domus Dei auri talenta quinque millia, et solidos decem millia: argenti talenta decem millia, et æris talenta decem et octo millia: ferri quoque centum millia talentorum.
1Par	29	8	Et apud quemcumque inventi sunt lapides, dederunt in thesauros domus Domini per manum Jahiel Gersonitis.
1Par	29	9	Lætatusque est populus cum vota sponte promitterent, quia corde toto offerebant ea Domino: sed et David rex lætatus est gaudio magno.
1Par	29	10	Et benedixit Domino coram universa multitudine, et ait: Benedictus es, Domine Deus Israël patris nostri, ab æterno in æternum.
1Par	29	11	Tua est, Domine, magnificentia, et potentia, et gloria, atque victoria: et tibi laus: cuncta enim quæ in cælo sunt et in terra, tua sunt: tuum, Domine, regnum, et tu es super omnes principes.
1Par	29	12	Tuæ divitiæ, et tua est gloria: tu dominaris omnium. In manu tua virtus et potentia: in manu tua magnitudo, et imperium omnium.
1Par	29	13	Nunc igitur Deus noster, confitemur tibi, et laudamus nomen tuum inclytum.
1Par	29	14	Quis ego, et quis populus meus, ut possimus hæc tibi universa promittere? Tua sunt omnia: et quæ de manu tua accepimus, dedimus tibi.
1Par	29	15	Peregrini enim sumus coram te, et advenæ, sicut omnes patres nostri. Dies nostri quasi umbra super terram, et nulla est mora.
1Par	29	16	Domine Deus noster, omnis hæc copia quam paravimus ut ædificaretur domus nomini sancto tuo, de manu tua est, et tua sunt omnia.
1Par	29	17	Scio, Deus meus, quod probes corda, et simplicitatem diligas, unde et ego in simplicitate cordis mei lætus obtuli universa hæc: et populum tuum qui hic repertus est, vidi cum ingenti gaudio tibi offerre donaria.
1Par	29	18	Domine Deus Abraham, et Isaac, et Israël patrum nostrorum, custodi in æternum hanc voluntatem cordis eorum, et semper in venerationem tui mens ista permaneat.
1Par	29	19	Salomoni quoque filio meo da cor perfectum, ut custodiat mandata tua, testimonia tua, et cæremonias tuas, et faciat universa: et ædificet ædem, cujus impensas paravi.
1Par	29	20	Præcepit autem David universæ ecclesiæ: Benedicite Domino Deo nostro. Et benedixit omnis ecclesia Domino Deo patrum suorum: et inclinaverunt se, et adoraverunt Deum, et deinde regem.
1Par	29	21	Immolaveruntque victimas Domino: et obtulerunt holocausta die sequenti, tauros mille, arietes mille, agnos mille cum libaminibus suis, et universo ritu abundantissime in omnem Israël.
1Par	29	22	Et comederunt, et biberunt coram Domino in die illo cum grandi lætitia. Et unxerunt secundo Salomonem filium David. Unxerunt autem eum Domino in principem, et Sadoc in pontificem.
1Par	29	23	Seditque Salomon super solium Domini in regem pro David patre suo, et cunctis placuit: et paruit illi omnis Israël.
1Par	29	24	Sed et universi principes, et potentes, et cuncti filii regis David dederunt manum, et subjecti fuerunt Salomoni regi.
1Par	29	25	Magnificavit ergo Dominus Salomonem super omnem Israël: et dedit illi gloriam regni, qualem nullus habuit ante eum rex Israël.
1Par	29	26	Igitur David filius Isai regnavit super universum Israël.
1Par	29	27	Et dies quibus regnavit super Israël, fuerunt quadraginta anni: in Hebron regnavit septem annis, et in Jerusalem annis triginta tribus.
1Par	29	28	Et mortuus est in senectute bona, plenus dierum, et divitiis, et gloria: et regnavit Salomon filius ejus pro eo.
1Par	29	29	Gesta autem David regis priora et novissima scripta sunt in libro Samuelis videntis, et in libro Nathan prophetæ, atque in volumine Gad videntis:
1Par	29	30	universique regni ejus, et fortitudinis, et temporum quæ transierunt sub eo, sive in Israël, sive in cunctis regnis terrarum.
