cited_locus	resolves_to	kind	note
Dan.13.1	Sus.1.1	renumber	vulgate Dan 13:1 stands in this edition at Sus 1:1
Dan.13.10	Sus.1.10	renumber	vulgate Dan 13:10 stands in this edition at Sus 1:10
Dan.13.11	Sus.1.11	renumber	vulgate Dan 13:11 stands in this edition at Sus 1:11
Dan.13.12	Sus.1.12	renumber	vulgate Dan 13:12 stands in this edition at Sus 1:12
Dan.13.13	Sus.1.13	renumber	vulgate Dan 13:13 stands in this edition at Sus 1:13
Dan.13.14	Sus.1.14	renumber	vulgate Dan 13:14 stands in this edition at Sus 1:14
Dan.13.15	Sus.1.15	renumber	vulgate Dan 13:15 stands in this edition at Sus 1:15
Dan.13.16	Sus.1.16	renumber	vulgate Dan 13:16 stands in this edition at Sus 1:16
Dan.13.17	Sus.1.17	renumber	vulgate Dan 13:17 stands in this edition at Sus 1:17
Dan.13.18	Sus.1.18	renumber	vulgate Dan 13:18 stands in this edition at Sus 1:18
Dan.13.19	Sus.1.19	renumber	vulgate Dan 13:19 stands in this edition at Sus 1:19
Dan.13.2	Sus.1.2	renumber	vulgate Dan 13:2 stands in this edition at Sus 1:2
Dan.13.20	Sus.1.20	renumber	vulgate Dan 13:20 stands in this edition at Sus 1:20
Dan.13.21	Sus.1.21	renumber	vulgate Dan 13:21 stands in this edition at Sus 1:21
Dan.13.22	Sus.1.22	renumber	vulgate Dan 13:22 stands in this edition at Sus 1:22
Dan.13.23	Sus.1.23	renumber	vulgate Dan 13:23 stands in this edition at Sus 1:23
Dan.13.24	Sus.1.24	renumber	vulgate Dan 13:24 stands in this edition at Sus 1:24
Dan.13.25	Sus.1.25	renumber	vulgate Dan 13:25 stands in this edition at Sus 1:25
Dan.13.26	Sus.1.26	renumber	vulgate Dan 13:26 stands in this edition at Sus 1:26
Dan.13.27	Sus.1.27	renumber	vulgate Dan 13:27 stands in this edition at Sus 1:27
Dan.13.28	Sus.1.28	renumber	vulgate Dan 13:28 stands in this edition at Sus 1:28
Dan.13.29	Sus.1.29	renumber	vulgate Dan 13:29 stands in this edition at Sus 1:29
Dan.13.3	Sus.1.3	renumber	vulgate Dan 13:3 stands in this edition at Sus 1:3
Dan.13.30	Sus.1.30	renumber	vulgate Dan 13:30 stands in this edition at Sus 1:30
Dan.13.31	Sus.1.31	renumber	vulgate Dan 13:31 stands in this edition at Sus 1:31
Dan.13.32	Sus.1.32	renumber	vulgate Dan 13:32 stands in this edition at Sus 1:32
Dan.13.33	Sus.1.33	renumber	vulgate Dan 13:33 stands in this edition at Sus 1:33
Dan.13.34	Sus.1.34	renumber	vulgate Dan 13:34 stands in this edition at Sus 1:34
Dan.13.35	Sus.1.35	renumber	vulgate Dan 13:35 stands in this edition at Sus 1:35
Dan.13.36	Sus.1.36	renumber	vulgate Dan 13:36 stands in this edition at Sus 1:36
Dan.13.37	Sus.1.37	renumber	vulgate Dan 13:37 stands in this edition at Sus 1:37
Dan.13.38	Sus.1.38	renumber	vulgate Dan 13:38 stands in this edition at Sus 1:38
Dan.13.39	Sus.1.39	renumber	vulgate Dan 13:39 stands in this edition at Sus 1:39
Dan.13.4	Sus.1.4	renumber	vulgate Dan 13:4 stands in this edition at Sus 1:4
Dan.13.40	Sus.1.40	renumber	vulgate Dan 13:40 stands in this edition at Sus 1:40
Dan.13.41	Sus.1.41	renumber	vulgate Dan 13:41 stands in this edition at Sus 1:41
Dan.13.42	Sus.1.42	renumber	vulgate Dan 13:42 stands in this edition at Sus 1:42
Dan.13.43	Sus.1.43	renumber	vulgate Dan 13:43 stands in this edition at Sus 1:43
Dan.13.44	Sus.1.44	renumber	vulgate Dan 13:44 stands in this edition at Sus 1:44
Dan.13.45	Sus.1.45	renumber	vulgate Dan 13:45 stands in this edition at Sus 1:45
Dan.13.46	Sus.1.46	renumber	vulgate Dan 13:46 stands in this edition at Sus 1:46
Dan.13.47	Sus.1.47	renumber	vulgate Dan 13:47 stands in this edition at Sus 1:47
Dan.13.48	Sus.1.48	renumber	vulgate Dan 13:48 stands in this edition at Sus 1:48
Dan.13.49	Sus.1.49	renumber	vulgate Dan 13:49 stands in this edition at Sus 1:49
Dan.13.5	Sus.1.5	renumber	vulgate Dan 13:5 stands in this edition at Sus 1:5
Dan.13.50	Sus.1.50	renumber	vulgate Dan 13:50 stands in this edition at Sus 1:50
Dan.13.51	Sus.1.51	renumber	vulgate Dan 13:51 stands in this edition at Sus 1:51
Dan.13.52	Sus.1.52	renumber	vulgate Dan 13:52 stands in this edition at Sus 1:52
Dan.13.53	Sus.1.53	renumber	vulgate Dan 13:53 stands in this edition at Sus 1:53
Dan.13.54	Sus.1.54	renumber	vulgate Dan 13:54 stands in this edition at Sus 1:54
Dan.13.55	Sus.1.55	renumber	vulgate Dan 13:55 stands in this edition at Sus 1:55
Dan.13.56	Sus.1.56	renumber	vulgate Dan 13:56 stands in this edition at Sus 1:56
Dan.13.57	Sus.1.57	renumber	vulgate Dan 13:57 stands in this edition at Sus 1:57
Dan.13.58	Sus.1.58	renumber	vulgate Dan 13:58 stands in this edition at Sus 1:58
Dan.13.59	Sus.1.59	renumber	vulgate Dan 13:59 stands in this edition at Sus 1:59
Dan.13.6	Sus.1.6	renumber	vulgate Dan 13:6 stands in this edition at Sus 1:6
Dan.13.60	Sus.1.60	renumber	vulgate Dan 13:60 stands in this edition at Sus 1:60
Dan.13.61	Sus.1.61	renumber	vulgate Dan 13:61 stands in this edition at Sus 1:61
Dan.13.62	Sus.1.62	renumber	vulgate Dan 13:62 stands in this edition at Sus 1:62
Dan.13.63	Sus.1.63	renumber	vulgate Dan 13:63 stands in this edition at Sus 1:63
Dan.13.64	Sus.1.64	renumber	vulgate Dan 13:64 stands in this edition at Sus 1:64
Dan.13.65	Bel.1.1	renumber	vulgate Dan 13:65 stands in this edition at Bel 1:1
Dan.13.7	Sus.1.7	renumber	vulgate Dan 13:7 stands in this edition at Sus 1:7
Dan.13.8	Sus.1.8	renumber	vulgate Dan 13:8 stands in this edition at Sus 1:8
Dan.13.9	Sus.1.9	renumber	vulgate Dan 13:9 stands in this edition at Sus 1:9
Dan.14.1	Bel.1.2	renumber	vulgate Dan 14:1 stands in this edition at Bel 1:2
Dan.14.10	Bel.1.11	renumber	vulgate Dan 14:10 stands in this edition at Bel 1:11
Dan.14.11	Bel.1.12	renumber	vulgate Dan 14:11 stands in this edition at Bel 1:12
Dan.14.12	Bel.1.13	renumber	vulgate Dan 14:12 stands in this edition at Bel 1:13
Dan.14.13	Bel.1.14	renumber	vulgate Dan 14:13 stands in this edition at Bel 1:14
Dan.14.14	Bel.1.15	renumber	vulgate Dan 14:14 stands in this edition at Bel 1:15
Dan.14.15	Bel.1.16	renumber	vulgate Dan 14:15 stands in this edition at Bel 1:16
Dan.14.16	Bel.1.17	renumber	vulgate Dan 14:16 stands in this edition at Bel 1:17
Dan.14.17	Bel.1.18	renumber	vulgate Dan 14:17 stands in this edition at Bel 1:18
Dan.14.18	Bel.1.19	renumber	vulgate Dan 14:18 stands in this edition at Bel 1:19
Dan.14.19	Bel.1.20	renumber	vulgate Dan 14:19 stands in this edition at Bel 1:20
Dan.14.2	Bel.1.3	renumber	vulgate Dan 14:2 stands in this edition at Bel 1:3
Dan.14.20	Bel.1.21	renumber	vulgate Dan 14:20 stands in this edition at Bel 1:21
Dan.14.21	Bel.1.22	renumber	vulgate Dan 14:21 stands in this edition at Bel 1:22
Dan.14.22	Bel.1.23	renumber	vulgate Dan 14:22 stands in this edition at Bel 1:23
Dan.14.23	Bel.1.24	renumber	vulgate Dan 14:23 stands in this edition at Bel 1:24
Dan.14.24	Bel.1.25	renumber	vulgate Dan 14:24 stands in this edition at Bel 1:25
Dan.14.25	Bel.1.26	renumber	vulgate Dan 14:25 stands in this edition at Bel 1:26
Dan.14.26	Bel.1.27	renumber	vulgate Dan 14:26 stands in this edition at Bel 1:27
Dan.14.27	Bel.1.28	renumber	vulgate Dan 14:27 stands in this edition at Bel 1:28
Dan.14.28	Bel.1.29	renumber	vulgate Dan 14:28 stands in this edition at Bel 1:29
Dan.14.29	Bel.1.30	renumber	vulgate Dan 14:29 stands in this edition at Bel 1:30
Dan.14.3	Bel.1.4	renumber	vulgate Dan 14:3 stands in this edition at Bel 1:4
Dan.14.30	Bel.1.31	renumber	vulgate Dan 14:30 stands in this edition at Bel 1:31
Dan.14.31	Bel.1.32	renumber	vulgate Dan 14:31 stands in this edition at Bel 1:32
Dan.14.32	Bel.1.33	renumber	vulgate Dan 14:32 stands in this edition at Bel 1:33
Dan.14.33	Bel.1.34	renumber	vulgate Dan 14:33 stands in this edition at Bel 1:34
Dan.14.34	Bel.1.35	renumber	vulgate Dan 14:34 stands in this edition at Bel 1:35
Dan.14.35	Bel.1.36	renumber	vulgate Dan 14:35 stands in this edition at Bel 1:36
Dan.14.36	Bel.1.37	renumber	vulgate Dan 14:36 stands in this edition at Bel 1:37
Dan.14.37	Bel.1.38	renumber	vulgate Dan 14:37 stands in this edition at Bel 1:38
Dan.14.38	Bel.1.39	renumber	vulgate Dan 14:38 stands in this edition at Bel 1:39
Dan.14.39	Bel.1.40	renumber	vulgate Dan 14:39 stands in this edition at Bel 1:40
Dan.14.4	Bel.1.5	renumber	vulgate Dan 14:4 stands in this edition at Bel 1:5
Dan.14.40	Bel.1.41	renumber	vulgate Dan 14:40 stands in this edition at Bel 1:41
Dan.14.41	Bel.1.42	renumber	vulgate Dan 14:41 stands in this edition at Bel 1:42
Dan.14.42		absent	vulgate Dan 14:42 has no counterpart in greek: let all the inhabitants of the whole earth fear the God of Daniel; Bel ends at 42, which is Vulgate 14:41
Dan.14.5	Bel.1.6	renumber	vulgate Dan 14:5 stands in this edition at Bel 1:6
Dan.14.6	Bel.1.7	renumber	vulgate Dan 14:6 stands in this edition at Bel 1:7
Dan.14.7	Bel.1.8	renumber	vulgate Dan 14:7 stands in this edition at Bel 1:8
Dan.14.8	Bel.1.9	renumber	vulgate Dan 14:8 stands in this edition at Bel 1:9
Dan.14.9	Bel.1.10	renumber	vulgate Dan 14:9 stands in this edition at Bel 1:10
Dan.3.100	Dan.4.3	renumber	vulgate Dan 3:100 stands in this edition at Dan 4:3
Dan.3.24	SgThree.1.1	renumber	vulgate Dan 3:24 stands in this edition at SgThree 1:1
Dan.3.25	SgThree.1.2	renumber	vulgate Dan 3:25 stands in this edition at SgThree 1:2
Dan.3.26	SgThree.1.3	renumber	vulgate Dan 3:26 stands in this edition at SgThree 1:3
Dan.3.27	SgThree.1.4	renumber	vulgate Dan 3:27 stands in this edition at SgThree 1:4
Dan.3.28	SgThree.1.5	renumber	vulgate Dan 3:28 stands in this edition at SgThree 1:5
Dan.3.29	SgThree.1.6	renumber	vulgate Dan 3:29 stands in this edition at SgThree 1:6
Dan.3.30	SgThree.1.7	renumber	vulgate Dan 3:30 stands in this edition at SgThree 1:7
Dan.3.31	SgThree.1.8	renumber	vulgate Dan 3:31 stands in this edition at SgThree 1:8
Dan.3.32	SgThree.1.9	renumber	vulgate Dan 3:32 stands in this edition at SgThree 1:9
Dan.3.33	SgThree.1.10	renumber	vulgate Dan 3:33 stands in this edition at SgThree 1:10
Dan.3.34	SgThree.1.11	renumber	vulgate Dan 3:34 stands in this edition at SgThree 1:11
Dan.3.35	SgThree.1.12	renumber	vulgate Dan 3:35 stands in this edition at SgThree 1:12
Dan.3.36	SgThree.1.13	renumber	vulgate Dan 3:36 stands in this edition at SgThree 1:13
Dan.3.37	SgThree.1.14	renumber	vulgate Dan 3:37 stands in this edition at SgThree 1:14
Dan.3.38	SgThree.1.15	renumber	vulgate Dan 3:38 stands in this edition at SgThree 1:15
Dan.3.39	SgThree.1.16	renumber	vulgate Dan 3:39 stands in this edition at SgThree 1:16
Dan.3.40	SgThree.1.17	renumber	vulgate Dan 3:40 stands in this edition at SgThree 1:17
Dan.3.41	SgThree.1.18	renumber	vulgate Dan 3:41 stands in this edition at SgThree 1:18
Dan.3.42	SgThree.1.19	renumber	vulgate Dan 3:42 stands in this edition at SgThree 1:19
Dan.3.43	SgThree.1.20	renumber	vulgate Dan 3:43 stands in this edition at SgThree 1:20
Dan.3.44	SgThree.1.21	renumber	vulgate Dan 3:44 stands in this edition at SgThree 1:21
Dan.3.45	SgThree.1.22	renumber	vulgate Dan 3:45 stands in this edition at SgThree 1:22
Dan.3.46	SgThree.1.23	renumber	vulgate Dan 3:46 stands in this edition at SgThree 1:23
Dan.3.47	SgThree.1.24	renumber	vulgate Dan 3:47 stands in this edition at SgThree 1:24
Dan.3.48	SgThree.1.25	renumber	vulgate Dan 3:48 stands in this edition at SgThree 1:25
Dan.3.49	SgThree.1.26	renumber	vulgate Dan 3:49 stands in this edition at SgThree 1:26
Dan.3.50	SgThree.1.27	renumber	vulgate Dan 3:50 stands in this edition at SgThree 1:27
Dan.3.51	SgThree.1.28	renumber	vulgate Dan 3:51 stands in this edition at SgThree 1:28
Dan.3.52		unrecorded	vulgate Dan 3:52 is greek SgThree 1:29-30 in greek, which is more than one verse, and a reference to one verse cannot select it without cutting it
Dan.3.53	SgThree.1.31	renumber	vulgate Dan 3:53 stands in this edition at SgThree 1:31
Dan.3.54	SgThree.1.33	renumber	vulgate Dan 3:54 stands in this edition at SgThree 1:33
Dan.3.55	SgThree.1.32	renumber	vulgate Dan 3:55 stands in this edition at SgThree 1:32
Dan.3.56	SgThree.1.34	renumber	vulgate Dan 3:56 stands in this edition at SgThree 1:34
Dan.3.57	SgThree.1.35	renumber	vulgate Dan 3:57 stands in this edition at SgThree 1:35
Dan.3.58	SgThree.1.37	renumber	vulgate Dan 3:58 stands in this edition at SgThree 1:37
Dan.3.59	SgThree.1.36	renumber	vulgate Dan 3:59 stands in this edition at SgThree 1:36
Dan.3.60	SgThree.1.38	renumber	vulgate Dan 3:60 stands in this edition at SgThree 1:38
Dan.3.61	SgThree.1.39	renumber	vulgate Dan 3:61 stands in this edition at SgThree 1:39
Dan.3.62	SgThree.1.40	renumber	vulgate Dan 3:62 stands in this edition at SgThree 1:40
Dan.3.63	SgThree.1.41	renumber	vulgate Dan 3:63 stands in this edition at SgThree 1:41
Dan.3.64	SgThree.1.42	renumber	vulgate Dan 3:64 stands in this edition at SgThree 1:42
Dan.3.65	SgThree.1.43	renumber	vulgate Dan 3:65 stands in this edition at SgThree 1:43
Dan.3.66	SgThree.1.44	renumber	vulgate Dan 3:66 stands in this edition at SgThree 1:44
Dan.3.67	SgThree.1.45	renumber	vulgate Dan 3:67 stands in this edition at SgThree 1:45
Dan.3.68	SgThree.1.46	renumber	vulgate Dan 3:68 stands in this edition at SgThree 1:46
Dan.3.69	SgThree.1.49	renumber	vulgate Dan 3:69 stands in this edition at SgThree 1:49
Dan.3.70	SgThree.1.50	renumber	vulgate Dan 3:70 stands in this edition at SgThree 1:50
Dan.3.71	SgThree.1.47	renumber	vulgate Dan 3:71 stands in this edition at SgThree 1:47
Dan.3.72	SgThree.1.48	renumber	vulgate Dan 3:72 stands in this edition at SgThree 1:48
Dan.3.73	SgThree.1.51	renumber	vulgate Dan 3:73 stands in this edition at SgThree 1:51
Dan.3.74	SgThree.1.52	renumber	vulgate Dan 3:74 stands in this edition at SgThree 1:52
Dan.3.75	SgThree.1.53	renumber	vulgate Dan 3:75 stands in this edition at SgThree 1:53
Dan.3.76	SgThree.1.54	renumber	vulgate Dan 3:76 stands in this edition at SgThree 1:54
Dan.3.77		unrecorded	see verse 55: this edition's fountains are unprinted and its 56 carries the seas and rivers instead
Dan.3.78		unrecorded	the King James Apocrypha repeats the mountains of verse 53 here, where the Revised Version and the Latin both have the seas and rivers, so its 55 and 56 are one line out of step with the rest of the Greek witness
Dan.3.79	SgThree.1.57	renumber	vulgate Dan 3:79 stands in this edition at SgThree 1:57
Dan.3.80	SgThree.1.58	renumber	vulgate Dan 3:80 stands in this edition at SgThree 1:58
Dan.3.81	SgThree.1.59	renumber	vulgate Dan 3:81 stands in this edition at SgThree 1:59
Dan.3.82	SgThree.1.60	renumber	vulgate Dan 3:82 stands in this edition at SgThree 1:60
Dan.3.83	SgThree.1.61	renumber	vulgate Dan 3:83 stands in this edition at SgThree 1:61
Dan.3.84	SgThree.1.62	renumber	vulgate Dan 3:84 stands in this edition at SgThree 1:62
Dan.3.85	SgThree.1.63	renumber	vulgate Dan 3:85 stands in this edition at SgThree 1:63
Dan.3.86	SgThree.1.64	renumber	vulgate Dan 3:86 stands in this edition at SgThree 1:64
Dan.3.87	SgThree.1.65	renumber	vulgate Dan 3:87 stands in this edition at SgThree 1:65
Dan.3.88	SgThree.1.66	renumber	vulgate Dan 3:88 stands in this edition at SgThree 1:66
Dan.3.89	SgThree.1.67	renumber	vulgate Dan 3:89 stands in this edition at SgThree 1:67
Dan.3.90	SgThree.1.68	renumber	vulgate Dan 3:90 stands in this edition at SgThree 1:68
Dan.3.91	Dan.3.24	renumber	vulgate Dan 3:91 stands in this edition at Dan 3:24
Dan.3.92	Dan.3.25	renumber	vulgate Dan 3:92 stands in this edition at Dan 3:25
Dan.3.93	Dan.3.26	renumber	vulgate Dan 3:93 stands in this edition at Dan 3:26
Dan.3.94	Dan.3.27	renumber	vulgate Dan 3:94 stands in this edition at Dan 3:27
Dan.3.95	Dan.3.28	renumber	vulgate Dan 3:95 stands in this edition at Dan 3:28
Dan.3.96	Dan.3.29	renumber	vulgate Dan 3:96 stands in this edition at Dan 3:29
Dan.3.97	Dan.3.30	renumber	vulgate Dan 3:97 stands in this edition at Dan 3:30
Dan.3.98	Dan.4.1	renumber	vulgate Dan 3:98 stands in this edition at Dan 4:1
Dan.3.99	Dan.4.2	renumber	vulgate Dan 3:99 stands in this edition at Dan 4:2
Dan.4.1	Dan.4.4	renumber	vulgate Dan 4:1 stands in this edition at Dan 4:4
Dan.4.10	Dan.4.13	renumber	vulgate Dan 4:10 stands in this edition at Dan 4:13
Dan.4.11	Dan.4.14	renumber	vulgate Dan 4:11 stands in this edition at Dan 4:14
Dan.4.12	Dan.4.15	renumber	vulgate Dan 4:12 stands in this edition at Dan 4:15
Dan.4.13	Dan.4.16	renumber	vulgate Dan 4:13 stands in this edition at Dan 4:16
Dan.4.14	Dan.4.17	renumber	vulgate Dan 4:14 stands in this edition at Dan 4:17
Dan.4.15	Dan.4.18	renumber	vulgate Dan 4:15 stands in this edition at Dan 4:18
Dan.4.16	Dan.4.19	renumber	vulgate Dan 4:16 stands in this edition at Dan 4:19
Dan.4.17	Dan.4.20	renumber	vulgate Dan 4:17 stands in this edition at Dan 4:20
Dan.4.18	Dan.4.21	renumber	vulgate Dan 4:18 stands in this edition at Dan 4:21
Dan.4.19	Dan.4.22	renumber	vulgate Dan 4:19 stands in this edition at Dan 4:22
Dan.4.2	Dan.4.5	renumber	vulgate Dan 4:2 stands in this edition at Dan 4:5
Dan.4.20	Dan.4.23	renumber	vulgate Dan 4:20 stands in this edition at Dan 4:23
Dan.4.21	Dan.4.24	renumber	vulgate Dan 4:21 stands in this edition at Dan 4:24
Dan.4.22	Dan.4.25	renumber	vulgate Dan 4:22 stands in this edition at Dan 4:25
Dan.4.23	Dan.4.26	renumber	vulgate Dan 4:23 stands in this edition at Dan 4:26
Dan.4.24	Dan.4.27	renumber	vulgate Dan 4:24 stands in this edition at Dan 4:27
Dan.4.25	Dan.4.28	renumber	vulgate Dan 4:25 stands in this edition at Dan 4:28
Dan.4.26	Dan.4.29	renumber	vulgate Dan 4:26 stands in this edition at Dan 4:29
Dan.4.27	Dan.4.30	renumber	vulgate Dan 4:27 stands in this edition at Dan 4:30
Dan.4.28	Dan.4.31	renumber	vulgate Dan 4:28 stands in this edition at Dan 4:31
Dan.4.29	Dan.4.32	renumber	vulgate Dan 4:29 stands in this edition at Dan 4:32
Dan.4.3	Dan.4.6	renumber	vulgate Dan 4:3 stands in this edition at Dan 4:6
Dan.4.30	Dan.4.33	renumber	vulgate Dan 4:30 stands in this edition at Dan 4:33
Dan.4.31	Dan.4.34	renumber	vulgate Dan 4:31 stands in this edition at Dan 4:34
Dan.4.32	Dan.4.35	renumber	vulgate Dan 4:32 stands in this edition at Dan 4:35
Dan.4.33	Dan.4.36	renumber	vulgate Dan 4:33 stands in this edition at Dan 4:36
Dan.4.34	Dan.4.37	renumber	vulgate Dan 4:34 stands in this edition at Dan 4:37
Dan.4.4	Dan.4.7	renumber	vulgate Dan 4:4 stands in this edition at Dan 4:7
Dan.4.5	Dan.4.8	renumber	vulgate Dan 4:5 stands in this edition at Dan 4:8
Dan.4.6	Dan.4.9	renumber	vulgate Dan 4:6 stands in this edition at Dan 4:9
Dan.4.7	Dan.4.10	renumber	vulgate Dan 4:7 stands in this edition at Dan 4:10
Dan.4.8	Dan.4.11	renumber	vulgate Dan 4:8 stands in this edition at Dan 4:11
Dan.4.9	Dan.4.12	renumber	vulgate Dan 4:9 stands in this edition at Dan 4:12
Ecclus.1.1		unrecorded	vulgate Ecclus 1:1-40 is not mapped onto greek: the Vulgate and the Greek divide Ecclesiasticus differently in all fifty-one chapters and no verse-level correspondence has been established; see the artifact record
Ecclus.1.10		unrecorded	vulgate Ecclus 1:1-40 is not mapped onto greek: the Vulgate and the Greek divide Ecclesiasticus differently in all fifty-one chapters and no verse-level correspondence has been established; see the artifact record
Ecclus.1.11		unrecorded	vulgate Ecclus 1:1-40 is not mapped onto greek: the Vulgate and the Greek divide Ecclesiasticus differently in all fifty-one chapters and no verse-level correspondence has been established; see the artifact record
Ecclus.1.12		unrecorded	vulgate Ecclus 1:1-40 is not mapped onto greek: the Vulgate and the Greek divide Ecclesiasticus differently in all fifty-one chapters and no verse-level correspondence has been established; see the artifact record
Ecclus.1.13		unrecorded	vulgate Ecclus 1:1-40 is not mapped onto greek: the Vulgate and the Greek divide Ecclesiasticus differently in all fifty-one chapters and no verse-level correspondence has been established; see the artifact record
Ecclus.1.14		unrecorded	vulgate Ecclus 1:1-40 is not mapped onto greek: the Vulgate and the Greek divide Ecclesiasticus differently in all fifty-one chapters and no verse-level correspondence has been established; see the artifact record
Ecclus.1.15		unrecorded	vulgate Ecclus 1:1-40 is not mapped onto greek: the Vulgate and the Greek divide Ecclesiasticus differently in all fifty-one chapters and no verse-level correspondence has been established; see the artifact record
Ecclus.1.16		unrecorded	vulgate Ecclus 1:1-40 is not mapped onto greek: the Vulgate and the Greek divide Ecclesiasticus differently in all fifty-one chapters and no verse-level correspondence has been established; see the artifact record
Ecclus.1.17		unrecorded	vulgate Ecclus 1:1-40 is not mapped onto greek: the Vulgate and the Greek divide Ecclesiasticus differently in all fifty-one chapters and no verse-level correspondence has been established; see the artifact record
Ecclus.1.18		unrecorded	vulgate Ecclus 1:1-40 is not mapped onto greek: the Vulgate and the Greek divide Ecclesiasticus differently in all fifty-one chapters and no verse-level correspondence has been established; see the artifact record
Ecclus.1.19		unrecorded	vulgate Ecclus 1:1-40 is not mapped onto greek: the Vulgate and the Greek divide Ecclesiasticus differently in all fifty-one chapters and no verse-level correspondence has been established; see the artifact record
Ecclus.1.2		unrecorded	vulgate Ecclus 1:1-40 is not mapped onto greek: the Vulgate and the Greek divide Ecclesiasticus differently in all fifty-one chapters and no verse-level correspondence has been established; see the artifact record
Ecclus.1.20		unrecorded	vulgate Ecclus 1:1-40 is not mapped onto greek: the Vulgate and the Greek divide Ecclesiasticus differently in all fifty-one chapters and no verse-level correspondence has been established; see the artifact record
Ecclus.1.21		unrecorded	vulgate Ecclus 1:1-40 is not mapped onto greek: the Vulgate and the Greek divide Ecclesiasticus differently in all fifty-one chapters and no verse-level correspondence has been established; see the artifact record
Ecclus.1.22		unrecorded	vulgate Ecclus 1:1-40 is not mapped onto greek: the Vulgate and the Greek divide Ecclesiasticus differently in all fifty-one chapters and no verse-level correspondence has been established; see the artifact record
Ecclus.1.23		unrecorded	vulgate Ecclus 1:1-40 is not mapped onto greek: the Vulgate and the Greek divide Ecclesiasticus differently in all fifty-one chapters and no verse-level correspondence has been established; see the artifact record
Ecclus.1.24		unrecorded	vulgate Ecclus 1:1-40 is not mapped onto greek: the Vulgate and the Greek divide Ecclesiasticus differently in all fifty-one chapters and no verse-level correspondence has been established; see the artifact record
Ecclus.1.25		unrecorded	vulgate Ecclus 1:1-40 is not mapped onto greek: the Vulgate and the Greek divide Ecclesiasticus differently in all fifty-one chapters and no verse-level correspondence has been established; see the artifact record
Ecclus.1.26		unrecorded	vulgate Ecclus 1:1-40 is not mapped onto greek: the Vulgate and the Greek divide Ecclesiasticus differently in all fifty-one chapters and no verse-level correspondence has been established; see the artifact record
Ecclus.1.27		unrecorded	vulgate Ecclus 1:1-40 is not mapped onto greek: the Vulgate and the Greek divide Ecclesiasticus differently in all fifty-one chapters and no verse-level correspondence has been established; see the artifact record
Ecclus.1.28		unrecorded	vulgate Ecclus 1:1-40 is not mapped onto greek: the Vulgate and the Greek divide Ecclesiasticus differently in all fifty-one chapters and no verse-level correspondence has been established; see the artifact record
Ecclus.1.29		unrecorded	vulgate Ecclus 1:1-40 is not mapped onto greek: the Vulgate and the Greek divide Ecclesiasticus differently in all fifty-one chapters and no verse-level correspondence has been established; see the artifact record
Ecclus.1.3		unrecorded	vulgate Ecclus 1:1-40 is not mapped onto greek: the Vulgate and the Greek divide Ecclesiasticus differently in all fifty-one chapters and no verse-level correspondence has been established; see the artifact record
Ecclus.1.30		unrecorded	vulgate Ecclus 1:1-40 is not mapped onto greek: the Vulgate and the Greek divide Ecclesiasticus differently in all fifty-one chapters and no verse-level correspondence has been established; see the artifact record
Ecclus.1.31		unrecorded	vulgate Ecclus 1:1-40 is not mapped onto greek: the Vulgate and the Greek divide Ecclesiasticus differently in all fifty-one chapters and no verse-level correspondence has been established; see the artifact record
Ecclus.1.32		unrecorded	vulgate Ecclus 1:1-40 is not mapped onto greek: the Vulgate and the Greek divide Ecclesiasticus differently in all fifty-one chapters and no verse-level correspondence has been established; see the artifact record
Ecclus.1.33		unrecorded	vulgate Ecclus 1:1-40 is not mapped onto greek: the Vulgate and the Greek divide Ecclesiasticus differently in all fifty-one chapters and no verse-level correspondence has been established; see the artifact record
Ecclus.1.34		unrecorded	vulgate Ecclus 1:1-40 is not mapped onto greek: the Vulgate and the Greek divide Ecclesiasticus differently in all fifty-one chapters and no verse-level correspondence has been established; see the artifact record
Ecclus.1.35		unrecorded	vulgate Ecclus 1:1-40 is not mapped onto greek: the Vulgate and the Greek divide Ecclesiasticus differently in all fifty-one chapters and no verse-level correspondence has been established; see the artifact record
Ecclus.1.36		unrecorded	vulgate Ecclus 1:1-40 is not mapped onto greek: the Vulgate and the Greek divide Ecclesiasticus differently in all fifty-one chapters and no verse-level correspondence has been established; see the artifact record
Ecclus.1.37		unrecorded	vulgate Ecclus 1:1-40 is not mapped onto greek: the Vulgate and the Greek divide Ecclesiasticus differently in all fifty-one chapters and no verse-level correspondence has been established; see the artifact record
Ecclus.1.38		unrecorded	vulgate Ecclus 1:1-40 is not mapped onto greek: the Vulgate and the Greek divide Ecclesiasticus differently in all fifty-one chapters and no verse-level correspondence has been established; see the artifact record
Ecclus.1.39		unrecorded	vulgate Ecclus 1:1-40 is not mapped onto greek: the Vulgate and the Greek divide Ecclesiasticus differently in all fifty-one chapters and no verse-level correspondence has been established; see the artifact record
Ecclus.1.4		unrecorded	vulgate Ecclus 1:1-40 is not mapped onto greek: the Vulgate and the Greek divide Ecclesiasticus differently in all fifty-one chapters and no verse-level correspondence has been established; see the artifact record
Ecclus.1.40		unrecorded	vulgate Ecclus 1:1-40 is not mapped onto greek: the Vulgate and the Greek divide Ecclesiasticus differently in all fifty-one chapters and no verse-level correspondence has been established; see the artifact record
Ecclus.1.5		unrecorded	vulgate Ecclus 1:1-40 is not mapped onto greek: the Vulgate and the Greek divide Ecclesiasticus differently in all fifty-one chapters and no verse-level correspondence has been established; see the artifact record
Ecclus.1.6		unrecorded	vulgate Ecclus 1:1-40 is not mapped onto greek: the Vulgate and the Greek divide Ecclesiasticus differently in all fifty-one chapters and no verse-level correspondence has been established; see the artifact record
Ecclus.1.7		unrecorded	vulgate Ecclus 1:1-40 is not mapped onto greek: the Vulgate and the Greek divide Ecclesiasticus differently in all fifty-one chapters and no verse-level correspondence has been established; see the artifact record
Ecclus.1.8		unrecorded	vulgate Ecclus 1:1-40 is not mapped onto greek: the Vulgate and the Greek divide Ecclesiasticus differently in all fifty-one chapters and no verse-level correspondence has been established; see the artifact record
Ecclus.1.9		unrecorded	vulgate Ecclus 1:1-40 is not mapped onto greek: the Vulgate and the Greek divide Ecclesiasticus differently in all fifty-one chapters and no verse-level correspondence has been established; see the artifact record
Ecclus.10.1		unrecorded	vulgate Ecclus 10:1-34 is not mapped onto greek: the Vulgate and the Greek divide Ecclesiasticus differently in all fifty-one chapters and no verse-level correspondence has been established; see the artifact record
Ecclus.10.10		unrecorded	vulgate Ecclus 10:1-34 is not mapped onto greek: the Vulgate and the Greek divide Ecclesiasticus differently in all fifty-one chapters and no verse-level correspondence has been established; see the artifact record
Ecclus.10.11		unrecorded	vulgate Ecclus 10:1-34 is not mapped onto greek: the Vulgate and the Greek divide Ecclesiasticus differently in all fifty-one chapters and no verse-level correspondence has been established; see the artifact record
Ecclus.10.12		unrecorded	vulgate Ecclus 10:1-34 is not mapped onto greek: the Vulgate and the Greek divide Ecclesiasticus differently in all fifty-one chapters and no verse-level correspondence has been established; see the artifact record
Ecclus.10.13		unrecorded	vulgate Ecclus 10:1-34 is not mapped onto greek: the Vulgate and the Greek divide Ecclesiasticus differently in all fifty-one chapters and no verse-level correspondence has been established; see the artifact record
Ecclus.10.14		unrecorded	vulgate Ecclus 10:1-34 is not mapped onto greek: the Vulgate and the Greek divide Ecclesiasticus differently in all fifty-one chapters and no verse-level correspondence has been established; see the artifact record
Ecclus.10.15		unrecorded	vulgate Ecclus 10:1-34 is not mapped onto greek: the Vulgate and the Greek divide Ecclesiasticus differently in all fifty-one chapters and no verse-level correspondence has been established; see the artifact record
Ecclus.10.16		unrecorded	vulgate Ecclus 10:1-34 is not mapped onto greek: the Vulgate and the Greek divide Ecclesiasticus differently in all fifty-one chapters and no verse-level correspondence has been established; see the artifact record
Ecclus.10.17		unrecorded	vulgate Ecclus 10:1-34 is not mapped onto greek: the Vulgate and the Greek divide Ecclesiasticus differently in all fifty-one chapters and no verse-level correspondence has been established; see the artifact record
Ecclus.10.18		unrecorded	vulgate Ecclus 10:1-34 is not mapped onto greek: the Vulgate and the Greek divide Ecclesiasticus differently in all fifty-one chapters and no verse-level correspondence has been established; see the artifact record
Ecclus.10.19		unrecorded	vulgate Ecclus 10:1-34 is not mapped onto greek: the Vulgate and the Greek divide Ecclesiasticus differently in all fifty-one chapters and no verse-level correspondence has been established; see the artifact record
Ecclus.10.2		unrecorded	vulgate Ecclus 10:1-34 is not mapped onto greek: the Vulgate and the Greek divide Ecclesiasticus differently in all fifty-one chapters and no verse-level correspondence has been established; see the artifact record
Ecclus.10.20		unrecorded	vulgate Ecclus 10:1-34 is not mapped onto greek: the Vulgate and the Greek divide Ecclesiasticus differently in all fifty-one chapters and no verse-level correspondence has been established; see the artifact record
Ecclus.10.21		unrecorded	vulgate Ecclus 10:1-34 is not mapped onto greek: the Vulgate and the Greek divide Ecclesiasticus differently in all fifty-one chapters and no verse-level correspondence has been established; see the artifact record
Ecclus.10.22		unrecorded	vulgate Ecclus 10:1-34 is not mapped onto greek: the Vulgate and the Greek divide Ecclesiasticus differently in all fifty-one chapters and no verse-level correspondence has been established; see the artifact record
Ecclus.10.23		unrecorded	vulgate Ecclus 10:1-34 is not mapped onto greek: the Vulgate and the Greek divide Ecclesiasticus differently in all fifty-one chapters and no verse-level correspondence has been established; see the artifact record
Ecclus.10.24		unrecorded	vulgate Ecclus 10:1-34 is not mapped onto greek: the Vulgate and the Greek divide Ecclesiasticus differently in all fifty-one chapters and no verse-level correspondence has been established; see the artifact record
Ecclus.10.25		unrecorded	vulgate Ecclus 10:1-34 is not mapped onto greek: the Vulgate and the Greek divide Ecclesiasticus differently in all fifty-one chapters and no verse-level correspondence has been established; see the artifact record
Ecclus.10.26		unrecorded	vulgate Ecclus 10:1-34 is not mapped onto greek: the Vulgate and the Greek divide Ecclesiasticus differently in all fifty-one chapters and no verse-level correspondence has been established; see the artifact record
Ecclus.10.27		unrecorded	vulgate Ecclus 10:1-34 is not mapped onto greek: the Vulgate and the Greek divide Ecclesiasticus differently in all fifty-one chapters and no verse-level correspondence has been established; see the artifact record
Ecclus.10.28		unrecorded	vulgate Ecclus 10:1-34 is not mapped onto greek: the Vulgate and the Greek divide Ecclesiasticus differently in all fifty-one chapters and no verse-level correspondence has been established; see the artifact record
Ecclus.10.29		unrecorded	vulgate Ecclus 10:1-34 is not mapped onto greek: the Vulgate and the Greek divide Ecclesiasticus differently in all fifty-one chapters and no verse-level correspondence has been established; see the artifact record
Ecclus.10.3		unrecorded	vulgate Ecclus 10:1-34 is not mapped onto greek: the Vulgate and the Greek divide Ecclesiasticus differently in all fifty-one chapters and no verse-level correspondence has been established; see the artifact record
Ecclus.10.30		unrecorded	vulgate Ecclus 10:1-34 is not mapped onto greek: the Vulgate and the Greek divide Ecclesiasticus differently in all fifty-one chapters and no verse-level correspondence has been established; see the artifact record
Ecclus.10.31		unrecorded	vulgate Ecclus 10:1-34 is not mapped onto greek: the Vulgate and the Greek divide Ecclesiasticus differently in all fifty-one chapters and no verse-level correspondence has been established; see the artifact record
Ecclus.10.32		unrecorded	vulgate Ecclus 10:1-34 is not mapped onto greek: the Vulgate and the Greek divide Ecclesiasticus differently in all fifty-one chapters and no verse-level correspondence has been established; see the artifact record
Ecclus.10.33		unrecorded	vulgate Ecclus 10:1-34 is not mapped onto greek: the Vulgate and the Greek divide Ecclesiasticus differently in all fifty-one chapters and no verse-level correspondence has been established; see the artifact record
Ecclus.10.34		unrecorded	vulgate Ecclus 10:1-34 is not mapped onto greek: the Vulgate and the Greek divide Ecclesiasticus differently in all fifty-one chapters and no verse-level correspondence has been established; see the artifact record
Ecclus.10.4		unrecorded	vulgate Ecclus 10:1-34 is not mapped onto greek: the Vulgate and the Greek divide Ecclesiasticus differently in all fifty-one chapters and no verse-level correspondence has been established; see the artifact record
Ecclus.10.5		unrecorded	vulgate Ecclus 10:1-34 is not mapped onto greek: the Vulgate and the Greek divide Ecclesiasticus differently in all fifty-one chapters and no verse-level correspondence has been established; see the artifact record
Ecclus.10.6		unrecorded	vulgate Ecclus 10:1-34 is not mapped onto greek: the Vulgate and the Greek divide Ecclesiasticus differently in all fifty-one chapters and no verse-level correspondence has been established; see the artifact record
Ecclus.10.7		unrecorded	vulgate Ecclus 10:1-34 is not mapped onto greek: the Vulgate and the Greek divide Ecclesiasticus differently in all fifty-one chapters and no verse-level correspondence has been established; see the artifact record
Ecclus.10.8		unrecorded	vulgate Ecclus 10:1-34 is not mapped onto greek: the Vulgate and the Greek divide Ecclesiasticus differently in all fifty-one chapters and no verse-level correspondence has been established; see the artifact record
Ecclus.10.9		unrecorded	vulgate Ecclus 10:1-34 is not mapped onto greek: the Vulgate and the Greek divide Ecclesiasticus differently in all fifty-one chapters and no verse-level correspondence has been established; see the artifact record
Ecclus.11.1		unrecorded	vulgate Ecclus 11:1-36 is not mapped onto greek: the Vulgate and the Greek divide Ecclesiasticus differently in all fifty-one chapters and no verse-level correspondence has been established; see the artifact record
Ecclus.11.10		unrecorded	vulgate Ecclus 11:1-36 is not mapped onto greek: the Vulgate and the Greek divide Ecclesiasticus differently in all fifty-one chapters and no verse-level correspondence has been established; see the artifact record
Ecclus.11.11		unrecorded	vulgate Ecclus 11:1-36 is not mapped onto greek: the Vulgate and the Greek divide Ecclesiasticus differently in all fifty-one chapters and no verse-level correspondence has been established; see the artifact record
Ecclus.11.12		unrecorded	vulgate Ecclus 11:1-36 is not mapped onto greek: the Vulgate and the Greek divide Ecclesiasticus differently in all fifty-one chapters and no verse-level correspondence has been established; see the artifact record
Ecclus.11.13		unrecorded	vulgate Ecclus 11:1-36 is not mapped onto greek: the Vulgate and the Greek divide Ecclesiasticus differently in all fifty-one chapters and no verse-level correspondence has been established; see the artifact record
Ecclus.11.14		unrecorded	vulgate Ecclus 11:1-36 is not mapped onto greek: the Vulgate and the Greek divide Ecclesiasticus differently in all fifty-one chapters and no verse-level correspondence has been established; see the artifact record
Ecclus.11.15		unrecorded	vulgate Ecclus 11:1-36 is not mapped onto greek: the Vulgate and the Greek divide Ecclesiasticus differently in all fifty-one chapters and no verse-level correspondence has been established; see the artifact record
Ecclus.11.16		unrecorded	vulgate Ecclus 11:1-36 is not mapped onto greek: the Vulgate and the Greek divide Ecclesiasticus differently in all fifty-one chapters and no verse-level correspondence has been established; see the artifact record
Ecclus.11.17		unrecorded	vulgate Ecclus 11:1-36 is not mapped onto greek: the Vulgate and the Greek divide Ecclesiasticus differently in all fifty-one chapters and no verse-level correspondence has been established; see the artifact record
Ecclus.11.18		unrecorded	vulgate Ecclus 11:1-36 is not mapped onto greek: the Vulgate and the Greek divide Ecclesiasticus differently in all fifty-one chapters and no verse-level correspondence has been established; see the artifact record
Ecclus.11.19		unrecorded	vulgate Ecclus 11:1-36 is not mapped onto greek: the Vulgate and the Greek divide Ecclesiasticus differently in all fifty-one chapters and no verse-level correspondence has been established; see the artifact record
Ecclus.11.2		unrecorded	vulgate Ecclus 11:1-36 is not mapped onto greek: the Vulgate and the Greek divide Ecclesiasticus differently in all fifty-one chapters and no verse-level correspondence has been established; see the artifact record
Ecclus.11.20		unrecorded	vulgate Ecclus 11:1-36 is not mapped onto greek: the Vulgate and the Greek divide Ecclesiasticus differently in all fifty-one chapters and no verse-level correspondence has been established; see the artifact record
Ecclus.11.21		unrecorded	vulgate Ecclus 11:1-36 is not mapped onto greek: the Vulgate and the Greek divide Ecclesiasticus differently in all fifty-one chapters and no verse-level correspondence has been established; see the artifact record
Ecclus.11.22		unrecorded	vulgate Ecclus 11:1-36 is not mapped onto greek: the Vulgate and the Greek divide Ecclesiasticus differently in all fifty-one chapters and no verse-level correspondence has been established; see the artifact record
Ecclus.11.23		unrecorded	vulgate Ecclus 11:1-36 is not mapped onto greek: the Vulgate and the Greek divide Ecclesiasticus differently in all fifty-one chapters and no verse-level correspondence has been established; see the artifact record
Ecclus.11.24		unrecorded	vulgate Ecclus 11:1-36 is not mapped onto greek: the Vulgate and the Greek divide Ecclesiasticus differently in all fifty-one chapters and no verse-level correspondence has been established; see the artifact record
Ecclus.11.25		unrecorded	vulgate Ecclus 11:1-36 is not mapped onto greek: the Vulgate and the Greek divide Ecclesiasticus differently in all fifty-one chapters and no verse-level correspondence has been established; see the artifact record
Ecclus.11.26		unrecorded	vulgate Ecclus 11:1-36 is not mapped onto greek: the Vulgate and the Greek divide Ecclesiasticus differently in all fifty-one chapters and no verse-level correspondence has been established; see the artifact record
Ecclus.11.27		unrecorded	vulgate Ecclus 11:1-36 is not mapped onto greek: the Vulgate and the Greek divide Ecclesiasticus differently in all fifty-one chapters and no verse-level correspondence has been established; see the artifact record
Ecclus.11.28		unrecorded	vulgate Ecclus 11:1-36 is not mapped onto greek: the Vulgate and the Greek divide Ecclesiasticus differently in all fifty-one chapters and no verse-level correspondence has been established; see the artifact record
Ecclus.11.29		unrecorded	vulgate Ecclus 11:1-36 is not mapped onto greek: the Vulgate and the Greek divide Ecclesiasticus differently in all fifty-one chapters and no verse-level correspondence has been established; see the artifact record
Ecclus.11.3		unrecorded	vulgate Ecclus 11:1-36 is not mapped onto greek: the Vulgate and the Greek divide Ecclesiasticus differently in all fifty-one chapters and no verse-level correspondence has been established; see the artifact record
Ecclus.11.30		unrecorded	vulgate Ecclus 11:1-36 is not mapped onto greek: the Vulgate and the Greek divide Ecclesiasticus differently in all fifty-one chapters and no verse-level correspondence has been established; see the artifact record
Ecclus.11.31		unrecorded	vulgate Ecclus 11:1-36 is not mapped onto greek: the Vulgate and the Greek divide Ecclesiasticus differently in all fifty-one chapters and no verse-level correspondence has been established; see the artifact record
Ecclus.11.32		unrecorded	vulgate Ecclus 11:1-36 is not mapped onto greek: the Vulgate and the Greek divide Ecclesiasticus differently in all fifty-one chapters and no verse-level correspondence has been established; see the artifact record
Ecclus.11.33		unrecorded	vulgate Ecclus 11:1-36 is not mapped onto greek: the Vulgate and the Greek divide Ecclesiasticus differently in all fifty-one chapters and no verse-level correspondence has been established; see the artifact record
Ecclus.11.34		unrecorded	vulgate Ecclus 11:1-36 is not mapped onto greek: the Vulgate and the Greek divide Ecclesiasticus differently in all fifty-one chapters and no verse-level correspondence has been established; see the artifact record
Ecclus.11.35		unrecorded	vulgate Ecclus 11:1-36 is not mapped onto greek: the Vulgate and the Greek divide Ecclesiasticus differently in all fifty-one chapters and no verse-level correspondence has been established; see the artifact record
Ecclus.11.36		unrecorded	vulgate Ecclus 11:1-36 is not mapped onto greek: the Vulgate and the Greek divide Ecclesiasticus differently in all fifty-one chapters and no verse-level correspondence has been established; see the artifact record
Ecclus.11.4		unrecorded	vulgate Ecclus 11:1-36 is not mapped onto greek: the Vulgate and the Greek divide Ecclesiasticus differently in all fifty-one chapters and no verse-level correspondence has been established; see the artifact record
Ecclus.11.5		unrecorded	vulgate Ecclus 11:1-36 is not mapped onto greek: the Vulgate and the Greek divide Ecclesiasticus differently in all fifty-one chapters and no verse-level correspondence has been established; see the artifact record
Ecclus.11.6		unrecorded	vulgate Ecclus 11:1-36 is not mapped onto greek: the Vulgate and the Greek divide Ecclesiasticus differently in all fifty-one chapters and no verse-level correspondence has been established; see the artifact record
Ecclus.11.7		unrecorded	vulgate Ecclus 11:1-36 is not mapped onto greek: the Vulgate and the Greek divide Ecclesiasticus differently in all fifty-one chapters and no verse-level correspondence has been established; see the artifact record
Ecclus.11.8		unrecorded	vulgate Ecclus 11:1-36 is not mapped onto greek: the Vulgate and the Greek divide Ecclesiasticus differently in all fifty-one chapters and no verse-level correspondence has been established; see the artifact record
Ecclus.11.9		unrecorded	vulgate Ecclus 11:1-36 is not mapped onto greek: the Vulgate and the Greek divide Ecclesiasticus differently in all fifty-one chapters and no verse-level correspondence has been established; see the artifact record
Ecclus.12.1		unrecorded	vulgate Ecclus 12:1-19 is not mapped onto greek: the Vulgate and the Greek divide Ecclesiasticus differently in all fifty-one chapters and no verse-level correspondence has been established; see the artifact record
Ecclus.12.10		unrecorded	vulgate Ecclus 12:1-19 is not mapped onto greek: the Vulgate and the Greek divide Ecclesiasticus differently in all fifty-one chapters and no verse-level correspondence has been established; see the artifact record
Ecclus.12.11		unrecorded	vulgate Ecclus 12:1-19 is not mapped onto greek: the Vulgate and the Greek divide Ecclesiasticus differently in all fifty-one chapters and no verse-level correspondence has been established; see the artifact record
Ecclus.12.12		unrecorded	vulgate Ecclus 12:1-19 is not mapped onto greek: the Vulgate and the Greek divide Ecclesiasticus differently in all fifty-one chapters and no verse-level correspondence has been established; see the artifact record
Ecclus.12.13		unrecorded	vulgate Ecclus 12:1-19 is not mapped onto greek: the Vulgate and the Greek divide Ecclesiasticus differently in all fifty-one chapters and no verse-level correspondence has been established; see the artifact record
Ecclus.12.14		unrecorded	vulgate Ecclus 12:1-19 is not mapped onto greek: the Vulgate and the Greek divide Ecclesiasticus differently in all fifty-one chapters and no verse-level correspondence has been established; see the artifact record
Ecclus.12.15		unrecorded	vulgate Ecclus 12:1-19 is not mapped onto greek: the Vulgate and the Greek divide Ecclesiasticus differently in all fifty-one chapters and no verse-level correspondence has been established; see the artifact record
Ecclus.12.16		unrecorded	vulgate Ecclus 12:1-19 is not mapped onto greek: the Vulgate and the Greek divide Ecclesiasticus differently in all fifty-one chapters and no verse-level correspondence has been established; see the artifact record
Ecclus.12.17		unrecorded	vulgate Ecclus 12:1-19 is not mapped onto greek: the Vulgate and the Greek divide Ecclesiasticus differently in all fifty-one chapters and no verse-level correspondence has been established; see the artifact record
Ecclus.12.18		unrecorded	vulgate Ecclus 12:1-19 is not mapped onto greek: the Vulgate and the Greek divide Ecclesiasticus differently in all fifty-one chapters and no verse-level correspondence has been established; see the artifact record
Ecclus.12.19		unrecorded	vulgate Ecclus 12:1-19 is not mapped onto greek: the Vulgate and the Greek divide Ecclesiasticus differently in all fifty-one chapters and no verse-level correspondence has been established; see the artifact record
Ecclus.12.2		unrecorded	vulgate Ecclus 12:1-19 is not mapped onto greek: the Vulgate and the Greek divide Ecclesiasticus differently in all fifty-one chapters and no verse-level correspondence has been established; see the artifact record
Ecclus.12.3		unrecorded	vulgate Ecclus 12:1-19 is not mapped onto greek: the Vulgate and the Greek divide Ecclesiasticus differently in all fifty-one chapters and no verse-level correspondence has been established; see the artifact record
Ecclus.12.4		unrecorded	vulgate Ecclus 12:1-19 is not mapped onto greek: the Vulgate and the Greek divide Ecclesiasticus differently in all fifty-one chapters and no verse-level correspondence has been established; see the artifact record
Ecclus.12.5		unrecorded	vulgate Ecclus 12:1-19 is not mapped onto greek: the Vulgate and the Greek divide Ecclesiasticus differently in all fifty-one chapters and no verse-level correspondence has been established; see the artifact record
Ecclus.12.6		unrecorded	vulgate Ecclus 12:1-19 is not mapped onto greek: the Vulgate and the Greek divide Ecclesiasticus differently in all fifty-one chapters and no verse-level correspondence has been established; see the artifact record
Ecclus.12.7		unrecorded	vulgate Ecclus 12:1-19 is not mapped onto greek: the Vulgate and the Greek divide Ecclesiasticus differently in all fifty-one chapters and no verse-level correspondence has been established; see the artifact record
Ecclus.12.8		unrecorded	vulgate Ecclus 12:1-19 is not mapped onto greek: the Vulgate and the Greek divide Ecclesiasticus differently in all fifty-one chapters and no verse-level correspondence has been established; see the artifact record
Ecclus.12.9		unrecorded	vulgate Ecclus 12:1-19 is not mapped onto greek: the Vulgate and the Greek divide Ecclesiasticus differently in all fifty-one chapters and no verse-level correspondence has been established; see the artifact record
Ecclus.13.1		unrecorded	vulgate Ecclus 13:1-32 is not mapped onto greek: the Vulgate and the Greek divide Ecclesiasticus differently in all fifty-one chapters and no verse-level correspondence has been established; see the artifact record
Ecclus.13.10		unrecorded	vulgate Ecclus 13:1-32 is not mapped onto greek: the Vulgate and the Greek divide Ecclesiasticus differently in all fifty-one chapters and no verse-level correspondence has been established; see the artifact record
Ecclus.13.11		unrecorded	vulgate Ecclus 13:1-32 is not mapped onto greek: the Vulgate and the Greek divide Ecclesiasticus differently in all fifty-one chapters and no verse-level correspondence has been established; see the artifact record
Ecclus.13.12		unrecorded	vulgate Ecclus 13:1-32 is not mapped onto greek: the Vulgate and the Greek divide Ecclesiasticus differently in all fifty-one chapters and no verse-level correspondence has been established; see the artifact record
Ecclus.13.13		unrecorded	vulgate Ecclus 13:1-32 is not mapped onto greek: the Vulgate and the Greek divide Ecclesiasticus differently in all fifty-one chapters and no verse-level correspondence has been established; see the artifact record
Ecclus.13.14		unrecorded	vulgate Ecclus 13:1-32 is not mapped onto greek: the Vulgate and the Greek divide Ecclesiasticus differently in all fifty-one chapters and no verse-level correspondence has been established; see the artifact record
Ecclus.13.15		unrecorded	vulgate Ecclus 13:1-32 is not mapped onto greek: the Vulgate and the Greek divide Ecclesiasticus differently in all fifty-one chapters and no verse-level correspondence has been established; see the artifact record
Ecclus.13.16		unrecorded	vulgate Ecclus 13:1-32 is not mapped onto greek: the Vulgate and the Greek divide Ecclesiasticus differently in all fifty-one chapters and no verse-level correspondence has been established; see the artifact record
Ecclus.13.17		unrecorded	vulgate Ecclus 13:1-32 is not mapped onto greek: the Vulgate and the Greek divide Ecclesiasticus differently in all fifty-one chapters and no verse-level correspondence has been established; see the artifact record
Ecclus.13.18		unrecorded	vulgate Ecclus 13:1-32 is not mapped onto greek: the Vulgate and the Greek divide Ecclesiasticus differently in all fifty-one chapters and no verse-level correspondence has been established; see the artifact record
Ecclus.13.19		unrecorded	vulgate Ecclus 13:1-32 is not mapped onto greek: the Vulgate and the Greek divide Ecclesiasticus differently in all fifty-one chapters and no verse-level correspondence has been established; see the artifact record
Ecclus.13.2		unrecorded	vulgate Ecclus 13:1-32 is not mapped onto greek: the Vulgate and the Greek divide Ecclesiasticus differently in all fifty-one chapters and no verse-level correspondence has been established; see the artifact record
Ecclus.13.20		unrecorded	vulgate Ecclus 13:1-32 is not mapped onto greek: the Vulgate and the Greek divide Ecclesiasticus differently in all fifty-one chapters and no verse-level correspondence has been established; see the artifact record
Ecclus.13.21		unrecorded	vulgate Ecclus 13:1-32 is not mapped onto greek: the Vulgate and the Greek divide Ecclesiasticus differently in all fifty-one chapters and no verse-level correspondence has been established; see the artifact record
Ecclus.13.22		unrecorded	vulgate Ecclus 13:1-32 is not mapped onto greek: the Vulgate and the Greek divide Ecclesiasticus differently in all fifty-one chapters and no verse-level correspondence has been established; see the artifact record
Ecclus.13.23		unrecorded	vulgate Ecclus 13:1-32 is not mapped onto greek: the Vulgate and the Greek divide Ecclesiasticus differently in all fifty-one chapters and no verse-level correspondence has been established; see the artifact record
Ecclus.13.24		unrecorded	vulgate Ecclus 13:1-32 is not mapped onto greek: the Vulgate and the Greek divide Ecclesiasticus differently in all fifty-one chapters and no verse-level correspondence has been established; see the artifact record
Ecclus.13.25		unrecorded	vulgate Ecclus 13:1-32 is not mapped onto greek: the Vulgate and the Greek divide Ecclesiasticus differently in all fifty-one chapters and no verse-level correspondence has been established; see the artifact record
Ecclus.13.26		unrecorded	vulgate Ecclus 13:1-32 is not mapped onto greek: the Vulgate and the Greek divide Ecclesiasticus differently in all fifty-one chapters and no verse-level correspondence has been established; see the artifact record
Ecclus.13.27		unrecorded	vulgate Ecclus 13:1-32 is not mapped onto greek: the Vulgate and the Greek divide Ecclesiasticus differently in all fifty-one chapters and no verse-level correspondence has been established; see the artifact record
Ecclus.13.28		unrecorded	vulgate Ecclus 13:1-32 is not mapped onto greek: the Vulgate and the Greek divide Ecclesiasticus differently in all fifty-one chapters and no verse-level correspondence has been established; see the artifact record
Ecclus.13.29		unrecorded	vulgate Ecclus 13:1-32 is not mapped onto greek: the Vulgate and the Greek divide Ecclesiasticus differently in all fifty-one chapters and no verse-level correspondence has been established; see the artifact record
Ecclus.13.3		unrecorded	vulgate Ecclus 13:1-32 is not mapped onto greek: the Vulgate and the Greek divide Ecclesiasticus differently in all fifty-one chapters and no verse-level correspondence has been established; see the artifact record
Ecclus.13.30		unrecorded	vulgate Ecclus 13:1-32 is not mapped onto greek: the Vulgate and the Greek divide Ecclesiasticus differently in all fifty-one chapters and no verse-level correspondence has been established; see the artifact record
Ecclus.13.31		unrecorded	vulgate Ecclus 13:1-32 is not mapped onto greek: the Vulgate and the Greek divide Ecclesiasticus differently in all fifty-one chapters and no verse-level correspondence has been established; see the artifact record
Ecclus.13.32		unrecorded	vulgate Ecclus 13:1-32 is not mapped onto greek: the Vulgate and the Greek divide Ecclesiasticus differently in all fifty-one chapters and no verse-level correspondence has been established; see the artifact record
Ecclus.13.4		unrecorded	vulgate Ecclus 13:1-32 is not mapped onto greek: the Vulgate and the Greek divide Ecclesiasticus differently in all fifty-one chapters and no verse-level correspondence has been established; see the artifact record
Ecclus.13.5		unrecorded	vulgate Ecclus 13:1-32 is not mapped onto greek: the Vulgate and the Greek divide Ecclesiasticus differently in all fifty-one chapters and no verse-level correspondence has been established; see the artifact record
Ecclus.13.6		unrecorded	vulgate Ecclus 13:1-32 is not mapped onto greek: the Vulgate and the Greek divide Ecclesiasticus differently in all fifty-one chapters and no verse-level correspondence has been established; see the artifact record
Ecclus.13.7		unrecorded	vulgate Ecclus 13:1-32 is not mapped onto greek: the Vulgate and the Greek divide Ecclesiasticus differently in all fifty-one chapters and no verse-level correspondence has been established; see the artifact record
Ecclus.13.8		unrecorded	vulgate Ecclus 13:1-32 is not mapped onto greek: the Vulgate and the Greek divide Ecclesiasticus differently in all fifty-one chapters and no verse-level correspondence has been established; see the artifact record
Ecclus.13.9		unrecorded	vulgate Ecclus 13:1-32 is not mapped onto greek: the Vulgate and the Greek divide Ecclesiasticus differently in all fifty-one chapters and no verse-level correspondence has been established; see the artifact record
Ecclus.14.1		unrecorded	vulgate Ecclus 14:1-27 is not mapped onto greek: the Vulgate and the Greek divide Ecclesiasticus differently in all fifty-one chapters and no verse-level correspondence has been established; see the artifact record
Ecclus.14.10		unrecorded	vulgate Ecclus 14:1-27 is not mapped onto greek: the Vulgate and the Greek divide Ecclesiasticus differently in all fifty-one chapters and no verse-level correspondence has been established; see the artifact record
Ecclus.14.11		unrecorded	vulgate Ecclus 14:1-27 is not mapped onto greek: the Vulgate and the Greek divide Ecclesiasticus differently in all fifty-one chapters and no verse-level correspondence has been established; see the artifact record
Ecclus.14.12		unrecorded	vulgate Ecclus 14:1-27 is not mapped onto greek: the Vulgate and the Greek divide Ecclesiasticus differently in all fifty-one chapters and no verse-level correspondence has been established; see the artifact record
Ecclus.14.13		unrecorded	vulgate Ecclus 14:1-27 is not mapped onto greek: the Vulgate and the Greek divide Ecclesiasticus differently in all fifty-one chapters and no verse-level correspondence has been established; see the artifact record
Ecclus.14.14		unrecorded	vulgate Ecclus 14:1-27 is not mapped onto greek: the Vulgate and the Greek divide Ecclesiasticus differently in all fifty-one chapters and no verse-level correspondence has been established; see the artifact record
Ecclus.14.15		unrecorded	vulgate Ecclus 14:1-27 is not mapped onto greek: the Vulgate and the Greek divide Ecclesiasticus differently in all fifty-one chapters and no verse-level correspondence has been established; see the artifact record
Ecclus.14.16		unrecorded	vulgate Ecclus 14:1-27 is not mapped onto greek: the Vulgate and the Greek divide Ecclesiasticus differently in all fifty-one chapters and no verse-level correspondence has been established; see the artifact record
Ecclus.14.17		unrecorded	vulgate Ecclus 14:1-27 is not mapped onto greek: the Vulgate and the Greek divide Ecclesiasticus differently in all fifty-one chapters and no verse-level correspondence has been established; see the artifact record
Ecclus.14.18		unrecorded	vulgate Ecclus 14:1-27 is not mapped onto greek: the Vulgate and the Greek divide Ecclesiasticus differently in all fifty-one chapters and no verse-level correspondence has been established; see the artifact record
Ecclus.14.19		unrecorded	vulgate Ecclus 14:1-27 is not mapped onto greek: the Vulgate and the Greek divide Ecclesiasticus differently in all fifty-one chapters and no verse-level correspondence has been established; see the artifact record
Ecclus.14.2		unrecorded	vulgate Ecclus 14:1-27 is not mapped onto greek: the Vulgate and the Greek divide Ecclesiasticus differently in all fifty-one chapters and no verse-level correspondence has been established; see the artifact record
Ecclus.14.20		unrecorded	vulgate Ecclus 14:1-27 is not mapped onto greek: the Vulgate and the Greek divide Ecclesiasticus differently in all fifty-one chapters and no verse-level correspondence has been established; see the artifact record
Ecclus.14.21		unrecorded	vulgate Ecclus 14:1-27 is not mapped onto greek: the Vulgate and the Greek divide Ecclesiasticus differently in all fifty-one chapters and no verse-level correspondence has been established; see the artifact record
Ecclus.14.22		unrecorded	vulgate Ecclus 14:1-27 is not mapped onto greek: the Vulgate and the Greek divide Ecclesiasticus differently in all fifty-one chapters and no verse-level correspondence has been established; see the artifact record
Ecclus.14.23		unrecorded	vulgate Ecclus 14:1-27 is not mapped onto greek: the Vulgate and the Greek divide Ecclesiasticus differently in all fifty-one chapters and no verse-level correspondence has been established; see the artifact record
Ecclus.14.24		unrecorded	vulgate Ecclus 14:1-27 is not mapped onto greek: the Vulgate and the Greek divide Ecclesiasticus differently in all fifty-one chapters and no verse-level correspondence has been established; see the artifact record
Ecclus.14.25		unrecorded	vulgate Ecclus 14:1-27 is not mapped onto greek: the Vulgate and the Greek divide Ecclesiasticus differently in all fifty-one chapters and no verse-level correspondence has been established; see the artifact record
Ecclus.14.26		unrecorded	vulgate Ecclus 14:1-27 is not mapped onto greek: the Vulgate and the Greek divide Ecclesiasticus differently in all fifty-one chapters and no verse-level correspondence has been established; see the artifact record
Ecclus.14.27		unrecorded	vulgate Ecclus 14:1-27 is not mapped onto greek: the Vulgate and the Greek divide Ecclesiasticus differently in all fifty-one chapters and no verse-level correspondence has been established; see the artifact record
Ecclus.14.3		unrecorded	vulgate Ecclus 14:1-27 is not mapped onto greek: the Vulgate and the Greek divide Ecclesiasticus differently in all fifty-one chapters and no verse-level correspondence has been established; see the artifact record
Ecclus.14.4		unrecorded	vulgate Ecclus 14:1-27 is not mapped onto greek: the Vulgate and the Greek divide Ecclesiasticus differently in all fifty-one chapters and no verse-level correspondence has been established; see the artifact record
Ecclus.14.5		unrecorded	vulgate Ecclus 14:1-27 is not mapped onto greek: the Vulgate and the Greek divide Ecclesiasticus differently in all fifty-one chapters and no verse-level correspondence has been established; see the artifact record
Ecclus.14.6		unrecorded	vulgate Ecclus 14:1-27 is not mapped onto greek: the Vulgate and the Greek divide Ecclesiasticus differently in all fifty-one chapters and no verse-level correspondence has been established; see the artifact record
Ecclus.14.7		unrecorded	vulgate Ecclus 14:1-27 is not mapped onto greek: the Vulgate and the Greek divide Ecclesiasticus differently in all fifty-one chapters and no verse-level correspondence has been established; see the artifact record
Ecclus.14.8		unrecorded	vulgate Ecclus 14:1-27 is not mapped onto greek: the Vulgate and the Greek divide Ecclesiasticus differently in all fifty-one chapters and no verse-level correspondence has been established; see the artifact record
Ecclus.14.9		unrecorded	vulgate Ecclus 14:1-27 is not mapped onto greek: the Vulgate and the Greek divide Ecclesiasticus differently in all fifty-one chapters and no verse-level correspondence has been established; see the artifact record
Ecclus.15.1		unrecorded	vulgate Ecclus 15:1-22 is not mapped onto greek: the Vulgate and the Greek divide Ecclesiasticus differently in all fifty-one chapters and no verse-level correspondence has been established; see the artifact record
Ecclus.15.10		unrecorded	vulgate Ecclus 15:1-22 is not mapped onto greek: the Vulgate and the Greek divide Ecclesiasticus differently in all fifty-one chapters and no verse-level correspondence has been established; see the artifact record
Ecclus.15.11		unrecorded	vulgate Ecclus 15:1-22 is not mapped onto greek: the Vulgate and the Greek divide Ecclesiasticus differently in all fifty-one chapters and no verse-level correspondence has been established; see the artifact record
Ecclus.15.12		unrecorded	vulgate Ecclus 15:1-22 is not mapped onto greek: the Vulgate and the Greek divide Ecclesiasticus differently in all fifty-one chapters and no verse-level correspondence has been established; see the artifact record
Ecclus.15.13		unrecorded	vulgate Ecclus 15:1-22 is not mapped onto greek: the Vulgate and the Greek divide Ecclesiasticus differently in all fifty-one chapters and no verse-level correspondence has been established; see the artifact record
Ecclus.15.14		unrecorded	vulgate Ecclus 15:1-22 is not mapped onto greek: the Vulgate and the Greek divide Ecclesiasticus differently in all fifty-one chapters and no verse-level correspondence has been established; see the artifact record
Ecclus.15.15		unrecorded	vulgate Ecclus 15:1-22 is not mapped onto greek: the Vulgate and the Greek divide Ecclesiasticus differently in all fifty-one chapters and no verse-level correspondence has been established; see the artifact record
Ecclus.15.16		unrecorded	vulgate Ecclus 15:1-22 is not mapped onto greek: the Vulgate and the Greek divide Ecclesiasticus differently in all fifty-one chapters and no verse-level correspondence has been established; see the artifact record
Ecclus.15.17		unrecorded	vulgate Ecclus 15:1-22 is not mapped onto greek: the Vulgate and the Greek divide Ecclesiasticus differently in all fifty-one chapters and no verse-level correspondence has been established; see the artifact record
Ecclus.15.18		unrecorded	vulgate Ecclus 15:1-22 is not mapped onto greek: the Vulgate and the Greek divide Ecclesiasticus differently in all fifty-one chapters and no verse-level correspondence has been established; see the artifact record
Ecclus.15.19		unrecorded	vulgate Ecclus 15:1-22 is not mapped onto greek: the Vulgate and the Greek divide Ecclesiasticus differently in all fifty-one chapters and no verse-level correspondence has been established; see the artifact record
Ecclus.15.2		unrecorded	vulgate Ecclus 15:1-22 is not mapped onto greek: the Vulgate and the Greek divide Ecclesiasticus differently in all fifty-one chapters and no verse-level correspondence has been established; see the artifact record
Ecclus.15.20		unrecorded	vulgate Ecclus 15:1-22 is not mapped onto greek: the Vulgate and the Greek divide Ecclesiasticus differently in all fifty-one chapters and no verse-level correspondence has been established; see the artifact record
Ecclus.15.21		unrecorded	vulgate Ecclus 15:1-22 is not mapped onto greek: the Vulgate and the Greek divide Ecclesiasticus differently in all fifty-one chapters and no verse-level correspondence has been established; see the artifact record
Ecclus.15.22		unrecorded	vulgate Ecclus 15:1-22 is not mapped onto greek: the Vulgate and the Greek divide Ecclesiasticus differently in all fifty-one chapters and no verse-level correspondence has been established; see the artifact record
Ecclus.15.3		unrecorded	vulgate Ecclus 15:1-22 is not mapped onto greek: the Vulgate and the Greek divide Ecclesiasticus differently in all fifty-one chapters and no verse-level correspondence has been established; see the artifact record
Ecclus.15.4		unrecorded	vulgate Ecclus 15:1-22 is not mapped onto greek: the Vulgate and the Greek divide Ecclesiasticus differently in all fifty-one chapters and no verse-level correspondence has been established; see the artifact record
Ecclus.15.5		unrecorded	vulgate Ecclus 15:1-22 is not mapped onto greek: the Vulgate and the Greek divide Ecclesiasticus differently in all fifty-one chapters and no verse-level correspondence has been established; see the artifact record
Ecclus.15.6		unrecorded	vulgate Ecclus 15:1-22 is not mapped onto greek: the Vulgate and the Greek divide Ecclesiasticus differently in all fifty-one chapters and no verse-level correspondence has been established; see the artifact record
Ecclus.15.7		unrecorded	vulgate Ecclus 15:1-22 is not mapped onto greek: the Vulgate and the Greek divide Ecclesiasticus differently in all fifty-one chapters and no verse-level correspondence has been established; see the artifact record
Ecclus.15.8		unrecorded	vulgate Ecclus 15:1-22 is not mapped onto greek: the Vulgate and the Greek divide Ecclesiasticus differently in all fifty-one chapters and no verse-level correspondence has been established; see the artifact record
Ecclus.15.9		unrecorded	vulgate Ecclus 15:1-22 is not mapped onto greek: the Vulgate and the Greek divide Ecclesiasticus differently in all fifty-one chapters and no verse-level correspondence has been established; see the artifact record
Ecclus.16.1		unrecorded	vulgate Ecclus 16:1-31 is not mapped onto greek: the Vulgate and the Greek divide Ecclesiasticus differently in all fifty-one chapters and no verse-level correspondence has been established; see the artifact record
Ecclus.16.10		unrecorded	vulgate Ecclus 16:1-31 is not mapped onto greek: the Vulgate and the Greek divide Ecclesiasticus differently in all fifty-one chapters and no verse-level correspondence has been established; see the artifact record
Ecclus.16.11		unrecorded	vulgate Ecclus 16:1-31 is not mapped onto greek: the Vulgate and the Greek divide Ecclesiasticus differently in all fifty-one chapters and no verse-level correspondence has been established; see the artifact record
Ecclus.16.12		unrecorded	vulgate Ecclus 16:1-31 is not mapped onto greek: the Vulgate and the Greek divide Ecclesiasticus differently in all fifty-one chapters and no verse-level correspondence has been established; see the artifact record
Ecclus.16.13		unrecorded	vulgate Ecclus 16:1-31 is not mapped onto greek: the Vulgate and the Greek divide Ecclesiasticus differently in all fifty-one chapters and no verse-level correspondence has been established; see the artifact record
Ecclus.16.14		unrecorded	vulgate Ecclus 16:1-31 is not mapped onto greek: the Vulgate and the Greek divide Ecclesiasticus differently in all fifty-one chapters and no verse-level correspondence has been established; see the artifact record
Ecclus.16.15		unrecorded	vulgate Ecclus 16:1-31 is not mapped onto greek: the Vulgate and the Greek divide Ecclesiasticus differently in all fifty-one chapters and no verse-level correspondence has been established; see the artifact record
Ecclus.16.16		unrecorded	vulgate Ecclus 16:1-31 is not mapped onto greek: the Vulgate and the Greek divide Ecclesiasticus differently in all fifty-one chapters and no verse-level correspondence has been established; see the artifact record
Ecclus.16.17		unrecorded	vulgate Ecclus 16:1-31 is not mapped onto greek: the Vulgate and the Greek divide Ecclesiasticus differently in all fifty-one chapters and no verse-level correspondence has been established; see the artifact record
Ecclus.16.18		unrecorded	vulgate Ecclus 16:1-31 is not mapped onto greek: the Vulgate and the Greek divide Ecclesiasticus differently in all fifty-one chapters and no verse-level correspondence has been established; see the artifact record
Ecclus.16.19		unrecorded	vulgate Ecclus 16:1-31 is not mapped onto greek: the Vulgate and the Greek divide Ecclesiasticus differently in all fifty-one chapters and no verse-level correspondence has been established; see the artifact record
Ecclus.16.2		unrecorded	vulgate Ecclus 16:1-31 is not mapped onto greek: the Vulgate and the Greek divide Ecclesiasticus differently in all fifty-one chapters and no verse-level correspondence has been established; see the artifact record
Ecclus.16.20		unrecorded	vulgate Ecclus 16:1-31 is not mapped onto greek: the Vulgate and the Greek divide Ecclesiasticus differently in all fifty-one chapters and no verse-level correspondence has been established; see the artifact record
Ecclus.16.21		unrecorded	vulgate Ecclus 16:1-31 is not mapped onto greek: the Vulgate and the Greek divide Ecclesiasticus differently in all fifty-one chapters and no verse-level correspondence has been established; see the artifact record
Ecclus.16.22		unrecorded	vulgate Ecclus 16:1-31 is not mapped onto greek: the Vulgate and the Greek divide Ecclesiasticus differently in all fifty-one chapters and no verse-level correspondence has been established; see the artifact record
Ecclus.16.23		unrecorded	vulgate Ecclus 16:1-31 is not mapped onto greek: the Vulgate and the Greek divide Ecclesiasticus differently in all fifty-one chapters and no verse-level correspondence has been established; see the artifact record
Ecclus.16.24		unrecorded	vulgate Ecclus 16:1-31 is not mapped onto greek: the Vulgate and the Greek divide Ecclesiasticus differently in all fifty-one chapters and no verse-level correspondence has been established; see the artifact record
Ecclus.16.25		unrecorded	vulgate Ecclus 16:1-31 is not mapped onto greek: the Vulgate and the Greek divide Ecclesiasticus differently in all fifty-one chapters and no verse-level correspondence has been established; see the artifact record
Ecclus.16.26		unrecorded	vulgate Ecclus 16:1-31 is not mapped onto greek: the Vulgate and the Greek divide Ecclesiasticus differently in all fifty-one chapters and no verse-level correspondence has been established; see the artifact record
Ecclus.16.27		unrecorded	vulgate Ecclus 16:1-31 is not mapped onto greek: the Vulgate and the Greek divide Ecclesiasticus differently in all fifty-one chapters and no verse-level correspondence has been established; see the artifact record
Ecclus.16.28		unrecorded	vulgate Ecclus 16:1-31 is not mapped onto greek: the Vulgate and the Greek divide Ecclesiasticus differently in all fifty-one chapters and no verse-level correspondence has been established; see the artifact record
Ecclus.16.29		unrecorded	vulgate Ecclus 16:1-31 is not mapped onto greek: the Vulgate and the Greek divide Ecclesiasticus differently in all fifty-one chapters and no verse-level correspondence has been established; see the artifact record
Ecclus.16.3		unrecorded	vulgate Ecclus 16:1-31 is not mapped onto greek: the Vulgate and the Greek divide Ecclesiasticus differently in all fifty-one chapters and no verse-level correspondence has been established; see the artifact record
Ecclus.16.30		unrecorded	vulgate Ecclus 16:1-31 is not mapped onto greek: the Vulgate and the Greek divide Ecclesiasticus differently in all fifty-one chapters and no verse-level correspondence has been established; see the artifact record
Ecclus.16.31		unrecorded	vulgate Ecclus 16:1-31 is not mapped onto greek: the Vulgate and the Greek divide Ecclesiasticus differently in all fifty-one chapters and no verse-level correspondence has been established; see the artifact record
Ecclus.16.4		unrecorded	vulgate Ecclus 16:1-31 is not mapped onto greek: the Vulgate and the Greek divide Ecclesiasticus differently in all fifty-one chapters and no verse-level correspondence has been established; see the artifact record
Ecclus.16.5		unrecorded	vulgate Ecclus 16:1-31 is not mapped onto greek: the Vulgate and the Greek divide Ecclesiasticus differently in all fifty-one chapters and no verse-level correspondence has been established; see the artifact record
Ecclus.16.6		unrecorded	vulgate Ecclus 16:1-31 is not mapped onto greek: the Vulgate and the Greek divide Ecclesiasticus differently in all fifty-one chapters and no verse-level correspondence has been established; see the artifact record
Ecclus.16.7		unrecorded	vulgate Ecclus 16:1-31 is not mapped onto greek: the Vulgate and the Greek divide Ecclesiasticus differently in all fifty-one chapters and no verse-level correspondence has been established; see the artifact record
Ecclus.16.8		unrecorded	vulgate Ecclus 16:1-31 is not mapped onto greek: the Vulgate and the Greek divide Ecclesiasticus differently in all fifty-one chapters and no verse-level correspondence has been established; see the artifact record
Ecclus.16.9		unrecorded	vulgate Ecclus 16:1-31 is not mapped onto greek: the Vulgate and the Greek divide Ecclesiasticus differently in all fifty-one chapters and no verse-level correspondence has been established; see the artifact record
Ecclus.17.1		unrecorded	vulgate Ecclus 17:1-31 is not mapped onto greek: the Vulgate and the Greek divide Ecclesiasticus differently in all fifty-one chapters and no verse-level correspondence has been established; see the artifact record
Ecclus.17.10		unrecorded	vulgate Ecclus 17:1-31 is not mapped onto greek: the Vulgate and the Greek divide Ecclesiasticus differently in all fifty-one chapters and no verse-level correspondence has been established; see the artifact record
Ecclus.17.11		unrecorded	vulgate Ecclus 17:1-31 is not mapped onto greek: the Vulgate and the Greek divide Ecclesiasticus differently in all fifty-one chapters and no verse-level correspondence has been established; see the artifact record
Ecclus.17.12		unrecorded	vulgate Ecclus 17:1-31 is not mapped onto greek: the Vulgate and the Greek divide Ecclesiasticus differently in all fifty-one chapters and no verse-level correspondence has been established; see the artifact record
Ecclus.17.13		unrecorded	vulgate Ecclus 17:1-31 is not mapped onto greek: the Vulgate and the Greek divide Ecclesiasticus differently in all fifty-one chapters and no verse-level correspondence has been established; see the artifact record
Ecclus.17.14		unrecorded	vulgate Ecclus 17:1-31 is not mapped onto greek: the Vulgate and the Greek divide Ecclesiasticus differently in all fifty-one chapters and no verse-level correspondence has been established; see the artifact record
Ecclus.17.15		unrecorded	vulgate Ecclus 17:1-31 is not mapped onto greek: the Vulgate and the Greek divide Ecclesiasticus differently in all fifty-one chapters and no verse-level correspondence has been established; see the artifact record
Ecclus.17.16		unrecorded	vulgate Ecclus 17:1-31 is not mapped onto greek: the Vulgate and the Greek divide Ecclesiasticus differently in all fifty-one chapters and no verse-level correspondence has been established; see the artifact record
Ecclus.17.17		unrecorded	vulgate Ecclus 17:1-31 is not mapped onto greek: the Vulgate and the Greek divide Ecclesiasticus differently in all fifty-one chapters and no verse-level correspondence has been established; see the artifact record
Ecclus.17.18		unrecorded	vulgate Ecclus 17:1-31 is not mapped onto greek: the Vulgate and the Greek divide Ecclesiasticus differently in all fifty-one chapters and no verse-level correspondence has been established; see the artifact record
Ecclus.17.19		unrecorded	vulgate Ecclus 17:1-31 is not mapped onto greek: the Vulgate and the Greek divide Ecclesiasticus differently in all fifty-one chapters and no verse-level correspondence has been established; see the artifact record
Ecclus.17.2		unrecorded	vulgate Ecclus 17:1-31 is not mapped onto greek: the Vulgate and the Greek divide Ecclesiasticus differently in all fifty-one chapters and no verse-level correspondence has been established; see the artifact record
Ecclus.17.20		unrecorded	vulgate Ecclus 17:1-31 is not mapped onto greek: the Vulgate and the Greek divide Ecclesiasticus differently in all fifty-one chapters and no verse-level correspondence has been established; see the artifact record
Ecclus.17.21		unrecorded	vulgate Ecclus 17:1-31 is not mapped onto greek: the Vulgate and the Greek divide Ecclesiasticus differently in all fifty-one chapters and no verse-level correspondence has been established; see the artifact record
Ecclus.17.22		unrecorded	vulgate Ecclus 17:1-31 is not mapped onto greek: the Vulgate and the Greek divide Ecclesiasticus differently in all fifty-one chapters and no verse-level correspondence has been established; see the artifact record
Ecclus.17.23		unrecorded	vulgate Ecclus 17:1-31 is not mapped onto greek: the Vulgate and the Greek divide Ecclesiasticus differently in all fifty-one chapters and no verse-level correspondence has been established; see the artifact record
Ecclus.17.24		unrecorded	vulgate Ecclus 17:1-31 is not mapped onto greek: the Vulgate and the Greek divide Ecclesiasticus differently in all fifty-one chapters and no verse-level correspondence has been established; see the artifact record
Ecclus.17.25		unrecorded	vulgate Ecclus 17:1-31 is not mapped onto greek: the Vulgate and the Greek divide Ecclesiasticus differently in all fifty-one chapters and no verse-level correspondence has been established; see the artifact record
Ecclus.17.26		unrecorded	vulgate Ecclus 17:1-31 is not mapped onto greek: the Vulgate and the Greek divide Ecclesiasticus differently in all fifty-one chapters and no verse-level correspondence has been established; see the artifact record
Ecclus.17.27		unrecorded	vulgate Ecclus 17:1-31 is not mapped onto greek: the Vulgate and the Greek divide Ecclesiasticus differently in all fifty-one chapters and no verse-level correspondence has been established; see the artifact record
Ecclus.17.28		unrecorded	vulgate Ecclus 17:1-31 is not mapped onto greek: the Vulgate and the Greek divide Ecclesiasticus differently in all fifty-one chapters and no verse-level correspondence has been established; see the artifact record
Ecclus.17.29		unrecorded	vulgate Ecclus 17:1-31 is not mapped onto greek: the Vulgate and the Greek divide Ecclesiasticus differently in all fifty-one chapters and no verse-level correspondence has been established; see the artifact record
Ecclus.17.3		unrecorded	vulgate Ecclus 17:1-31 is not mapped onto greek: the Vulgate and the Greek divide Ecclesiasticus differently in all fifty-one chapters and no verse-level correspondence has been established; see the artifact record
Ecclus.17.30		unrecorded	vulgate Ecclus 17:1-31 is not mapped onto greek: the Vulgate and the Greek divide Ecclesiasticus differently in all fifty-one chapters and no verse-level correspondence has been established; see the artifact record
Ecclus.17.31		unrecorded	vulgate Ecclus 17:1-31 is not mapped onto greek: the Vulgate and the Greek divide Ecclesiasticus differently in all fifty-one chapters and no verse-level correspondence has been established; see the artifact record
Ecclus.17.4		unrecorded	vulgate Ecclus 17:1-31 is not mapped onto greek: the Vulgate and the Greek divide Ecclesiasticus differently in all fifty-one chapters and no verse-level correspondence has been established; see the artifact record
Ecclus.17.5		unrecorded	vulgate Ecclus 17:1-31 is not mapped onto greek: the Vulgate and the Greek divide Ecclesiasticus differently in all fifty-one chapters and no verse-level correspondence has been established; see the artifact record
Ecclus.17.6		unrecorded	vulgate Ecclus 17:1-31 is not mapped onto greek: the Vulgate and the Greek divide Ecclesiasticus differently in all fifty-one chapters and no verse-level correspondence has been established; see the artifact record
Ecclus.17.7		unrecorded	vulgate Ecclus 17:1-31 is not mapped onto greek: the Vulgate and the Greek divide Ecclesiasticus differently in all fifty-one chapters and no verse-level correspondence has been established; see the artifact record
Ecclus.17.8		unrecorded	vulgate Ecclus 17:1-31 is not mapped onto greek: the Vulgate and the Greek divide Ecclesiasticus differently in all fifty-one chapters and no verse-level correspondence has been established; see the artifact record
Ecclus.17.9		unrecorded	vulgate Ecclus 17:1-31 is not mapped onto greek: the Vulgate and the Greek divide Ecclesiasticus differently in all fifty-one chapters and no verse-level correspondence has been established; see the artifact record
Ecclus.18.1		unrecorded	vulgate Ecclus 18:1-33 is not mapped onto greek: the Vulgate and the Greek divide Ecclesiasticus differently in all fifty-one chapters and no verse-level correspondence has been established; see the artifact record
Ecclus.18.10		unrecorded	vulgate Ecclus 18:1-33 is not mapped onto greek: the Vulgate and the Greek divide Ecclesiasticus differently in all fifty-one chapters and no verse-level correspondence has been established; see the artifact record
Ecclus.18.11		unrecorded	vulgate Ecclus 18:1-33 is not mapped onto greek: the Vulgate and the Greek divide Ecclesiasticus differently in all fifty-one chapters and no verse-level correspondence has been established; see the artifact record
Ecclus.18.12		unrecorded	vulgate Ecclus 18:1-33 is not mapped onto greek: the Vulgate and the Greek divide Ecclesiasticus differently in all fifty-one chapters and no verse-level correspondence has been established; see the artifact record
Ecclus.18.13		unrecorded	vulgate Ecclus 18:1-33 is not mapped onto greek: the Vulgate and the Greek divide Ecclesiasticus differently in all fifty-one chapters and no verse-level correspondence has been established; see the artifact record
Ecclus.18.14		unrecorded	vulgate Ecclus 18:1-33 is not mapped onto greek: the Vulgate and the Greek divide Ecclesiasticus differently in all fifty-one chapters and no verse-level correspondence has been established; see the artifact record
Ecclus.18.15		unrecorded	vulgate Ecclus 18:1-33 is not mapped onto greek: the Vulgate and the Greek divide Ecclesiasticus differently in all fifty-one chapters and no verse-level correspondence has been established; see the artifact record
Ecclus.18.16		unrecorded	vulgate Ecclus 18:1-33 is not mapped onto greek: the Vulgate and the Greek divide Ecclesiasticus differently in all fifty-one chapters and no verse-level correspondence has been established; see the artifact record
Ecclus.18.17		unrecorded	vulgate Ecclus 18:1-33 is not mapped onto greek: the Vulgate and the Greek divide Ecclesiasticus differently in all fifty-one chapters and no verse-level correspondence has been established; see the artifact record
Ecclus.18.18		unrecorded	vulgate Ecclus 18:1-33 is not mapped onto greek: the Vulgate and the Greek divide Ecclesiasticus differently in all fifty-one chapters and no verse-level correspondence has been established; see the artifact record
Ecclus.18.19		unrecorded	vulgate Ecclus 18:1-33 is not mapped onto greek: the Vulgate and the Greek divide Ecclesiasticus differently in all fifty-one chapters and no verse-level correspondence has been established; see the artifact record
Ecclus.18.2		unrecorded	vulgate Ecclus 18:1-33 is not mapped onto greek: the Vulgate and the Greek divide Ecclesiasticus differently in all fifty-one chapters and no verse-level correspondence has been established; see the artifact record
Ecclus.18.20		unrecorded	vulgate Ecclus 18:1-33 is not mapped onto greek: the Vulgate and the Greek divide Ecclesiasticus differently in all fifty-one chapters and no verse-level correspondence has been established; see the artifact record
Ecclus.18.21		unrecorded	vulgate Ecclus 18:1-33 is not mapped onto greek: the Vulgate and the Greek divide Ecclesiasticus differently in all fifty-one chapters and no verse-level correspondence has been established; see the artifact record
Ecclus.18.22		unrecorded	vulgate Ecclus 18:1-33 is not mapped onto greek: the Vulgate and the Greek divide Ecclesiasticus differently in all fifty-one chapters and no verse-level correspondence has been established; see the artifact record
Ecclus.18.23		unrecorded	vulgate Ecclus 18:1-33 is not mapped onto greek: the Vulgate and the Greek divide Ecclesiasticus differently in all fifty-one chapters and no verse-level correspondence has been established; see the artifact record
Ecclus.18.24		unrecorded	vulgate Ecclus 18:1-33 is not mapped onto greek: the Vulgate and the Greek divide Ecclesiasticus differently in all fifty-one chapters and no verse-level correspondence has been established; see the artifact record
Ecclus.18.25		unrecorded	vulgate Ecclus 18:1-33 is not mapped onto greek: the Vulgate and the Greek divide Ecclesiasticus differently in all fifty-one chapters and no verse-level correspondence has been established; see the artifact record
Ecclus.18.26		unrecorded	vulgate Ecclus 18:1-33 is not mapped onto greek: the Vulgate and the Greek divide Ecclesiasticus differently in all fifty-one chapters and no verse-level correspondence has been established; see the artifact record
Ecclus.18.27		unrecorded	vulgate Ecclus 18:1-33 is not mapped onto greek: the Vulgate and the Greek divide Ecclesiasticus differently in all fifty-one chapters and no verse-level correspondence has been established; see the artifact record
Ecclus.18.28		unrecorded	vulgate Ecclus 18:1-33 is not mapped onto greek: the Vulgate and the Greek divide Ecclesiasticus differently in all fifty-one chapters and no verse-level correspondence has been established; see the artifact record
Ecclus.18.29		unrecorded	vulgate Ecclus 18:1-33 is not mapped onto greek: the Vulgate and the Greek divide Ecclesiasticus differently in all fifty-one chapters and no verse-level correspondence has been established; see the artifact record
Ecclus.18.3		unrecorded	vulgate Ecclus 18:1-33 is not mapped onto greek: the Vulgate and the Greek divide Ecclesiasticus differently in all fifty-one chapters and no verse-level correspondence has been established; see the artifact record
Ecclus.18.30		unrecorded	vulgate Ecclus 18:1-33 is not mapped onto greek: the Vulgate and the Greek divide Ecclesiasticus differently in all fifty-one chapters and no verse-level correspondence has been established; see the artifact record
Ecclus.18.31		unrecorded	vulgate Ecclus 18:1-33 is not mapped onto greek: the Vulgate and the Greek divide Ecclesiasticus differently in all fifty-one chapters and no verse-level correspondence has been established; see the artifact record
Ecclus.18.32		unrecorded	vulgate Ecclus 18:1-33 is not mapped onto greek: the Vulgate and the Greek divide Ecclesiasticus differently in all fifty-one chapters and no verse-level correspondence has been established; see the artifact record
Ecclus.18.33		unrecorded	vulgate Ecclus 18:1-33 is not mapped onto greek: the Vulgate and the Greek divide Ecclesiasticus differently in all fifty-one chapters and no verse-level correspondence has been established; see the artifact record
Ecclus.18.4		unrecorded	vulgate Ecclus 18:1-33 is not mapped onto greek: the Vulgate and the Greek divide Ecclesiasticus differently in all fifty-one chapters and no verse-level correspondence has been established; see the artifact record
Ecclus.18.5		unrecorded	vulgate Ecclus 18:1-33 is not mapped onto greek: the Vulgate and the Greek divide Ecclesiasticus differently in all fifty-one chapters and no verse-level correspondence has been established; see the artifact record
Ecclus.18.6		unrecorded	vulgate Ecclus 18:1-33 is not mapped onto greek: the Vulgate and the Greek divide Ecclesiasticus differently in all fifty-one chapters and no verse-level correspondence has been established; see the artifact record
Ecclus.18.7		unrecorded	vulgate Ecclus 18:1-33 is not mapped onto greek: the Vulgate and the Greek divide Ecclesiasticus differently in all fifty-one chapters and no verse-level correspondence has been established; see the artifact record
Ecclus.18.8		unrecorded	vulgate Ecclus 18:1-33 is not mapped onto greek: the Vulgate and the Greek divide Ecclesiasticus differently in all fifty-one chapters and no verse-level correspondence has been established; see the artifact record
Ecclus.18.9		unrecorded	vulgate Ecclus 18:1-33 is not mapped onto greek: the Vulgate and the Greek divide Ecclesiasticus differently in all fifty-one chapters and no verse-level correspondence has been established; see the artifact record
Ecclus.19.1		unrecorded	vulgate Ecclus 19:1-28 is not mapped onto greek: the Vulgate and the Greek divide Ecclesiasticus differently in all fifty-one chapters and no verse-level correspondence has been established; see the artifact record
Ecclus.19.10		unrecorded	vulgate Ecclus 19:1-28 is not mapped onto greek: the Vulgate and the Greek divide Ecclesiasticus differently in all fifty-one chapters and no verse-level correspondence has been established; see the artifact record
Ecclus.19.11		unrecorded	vulgate Ecclus 19:1-28 is not mapped onto greek: the Vulgate and the Greek divide Ecclesiasticus differently in all fifty-one chapters and no verse-level correspondence has been established; see the artifact record
Ecclus.19.12		unrecorded	vulgate Ecclus 19:1-28 is not mapped onto greek: the Vulgate and the Greek divide Ecclesiasticus differently in all fifty-one chapters and no verse-level correspondence has been established; see the artifact record
Ecclus.19.13		unrecorded	vulgate Ecclus 19:1-28 is not mapped onto greek: the Vulgate and the Greek divide Ecclesiasticus differently in all fifty-one chapters and no verse-level correspondence has been established; see the artifact record
Ecclus.19.14		unrecorded	vulgate Ecclus 19:1-28 is not mapped onto greek: the Vulgate and the Greek divide Ecclesiasticus differently in all fifty-one chapters and no verse-level correspondence has been established; see the artifact record
Ecclus.19.15		unrecorded	vulgate Ecclus 19:1-28 is not mapped onto greek: the Vulgate and the Greek divide Ecclesiasticus differently in all fifty-one chapters and no verse-level correspondence has been established; see the artifact record
Ecclus.19.16		unrecorded	vulgate Ecclus 19:1-28 is not mapped onto greek: the Vulgate and the Greek divide Ecclesiasticus differently in all fifty-one chapters and no verse-level correspondence has been established; see the artifact record
Ecclus.19.17		unrecorded	vulgate Ecclus 19:1-28 is not mapped onto greek: the Vulgate and the Greek divide Ecclesiasticus differently in all fifty-one chapters and no verse-level correspondence has been established; see the artifact record
Ecclus.19.18		unrecorded	vulgate Ecclus 19:1-28 is not mapped onto greek: the Vulgate and the Greek divide Ecclesiasticus differently in all fifty-one chapters and no verse-level correspondence has been established; see the artifact record
Ecclus.19.19		unrecorded	vulgate Ecclus 19:1-28 is not mapped onto greek: the Vulgate and the Greek divide Ecclesiasticus differently in all fifty-one chapters and no verse-level correspondence has been established; see the artifact record
Ecclus.19.2		unrecorded	vulgate Ecclus 19:1-28 is not mapped onto greek: the Vulgate and the Greek divide Ecclesiasticus differently in all fifty-one chapters and no verse-level correspondence has been established; see the artifact record
Ecclus.19.20		unrecorded	vulgate Ecclus 19:1-28 is not mapped onto greek: the Vulgate and the Greek divide Ecclesiasticus differently in all fifty-one chapters and no verse-level correspondence has been established; see the artifact record
Ecclus.19.21		unrecorded	vulgate Ecclus 19:1-28 is not mapped onto greek: the Vulgate and the Greek divide Ecclesiasticus differently in all fifty-one chapters and no verse-level correspondence has been established; see the artifact record
Ecclus.19.22		unrecorded	vulgate Ecclus 19:1-28 is not mapped onto greek: the Vulgate and the Greek divide Ecclesiasticus differently in all fifty-one chapters and no verse-level correspondence has been established; see the artifact record
Ecclus.19.23		unrecorded	vulgate Ecclus 19:1-28 is not mapped onto greek: the Vulgate and the Greek divide Ecclesiasticus differently in all fifty-one chapters and no verse-level correspondence has been established; see the artifact record
Ecclus.19.24		unrecorded	vulgate Ecclus 19:1-28 is not mapped onto greek: the Vulgate and the Greek divide Ecclesiasticus differently in all fifty-one chapters and no verse-level correspondence has been established; see the artifact record
Ecclus.19.25		unrecorded	vulgate Ecclus 19:1-28 is not mapped onto greek: the Vulgate and the Greek divide Ecclesiasticus differently in all fifty-one chapters and no verse-level correspondence has been established; see the artifact record
Ecclus.19.26		unrecorded	vulgate Ecclus 19:1-28 is not mapped onto greek: the Vulgate and the Greek divide Ecclesiasticus differently in all fifty-one chapters and no verse-level correspondence has been established; see the artifact record
Ecclus.19.27		unrecorded	vulgate Ecclus 19:1-28 is not mapped onto greek: the Vulgate and the Greek divide Ecclesiasticus differently in all fifty-one chapters and no verse-level correspondence has been established; see the artifact record
Ecclus.19.28		unrecorded	vulgate Ecclus 19:1-28 is not mapped onto greek: the Vulgate and the Greek divide Ecclesiasticus differently in all fifty-one chapters and no verse-level correspondence has been established; see the artifact record
Ecclus.19.3		unrecorded	vulgate Ecclus 19:1-28 is not mapped onto greek: the Vulgate and the Greek divide Ecclesiasticus differently in all fifty-one chapters and no verse-level correspondence has been established; see the artifact record
Ecclus.19.4		unrecorded	vulgate Ecclus 19:1-28 is not mapped onto greek: the Vulgate and the Greek divide Ecclesiasticus differently in all fifty-one chapters and no verse-level correspondence has been established; see the artifact record
Ecclus.19.5		unrecorded	vulgate Ecclus 19:1-28 is not mapped onto greek: the Vulgate and the Greek divide Ecclesiasticus differently in all fifty-one chapters and no verse-level correspondence has been established; see the artifact record
Ecclus.19.6		unrecorded	vulgate Ecclus 19:1-28 is not mapped onto greek: the Vulgate and the Greek divide Ecclesiasticus differently in all fifty-one chapters and no verse-level correspondence has been established; see the artifact record
Ecclus.19.7		unrecorded	vulgate Ecclus 19:1-28 is not mapped onto greek: the Vulgate and the Greek divide Ecclesiasticus differently in all fifty-one chapters and no verse-level correspondence has been established; see the artifact record
Ecclus.19.8		unrecorded	vulgate Ecclus 19:1-28 is not mapped onto greek: the Vulgate and the Greek divide Ecclesiasticus differently in all fifty-one chapters and no verse-level correspondence has been established; see the artifact record
Ecclus.19.9		unrecorded	vulgate Ecclus 19:1-28 is not mapped onto greek: the Vulgate and the Greek divide Ecclesiasticus differently in all fifty-one chapters and no verse-level correspondence has been established; see the artifact record
Ecclus.2.1		unrecorded	vulgate Ecclus 2:1-23 is not mapped onto greek: the Vulgate and the Greek divide Ecclesiasticus differently in all fifty-one chapters and no verse-level correspondence has been established; see the artifact record
Ecclus.2.10		unrecorded	vulgate Ecclus 2:1-23 is not mapped onto greek: the Vulgate and the Greek divide Ecclesiasticus differently in all fifty-one chapters and no verse-level correspondence has been established; see the artifact record
Ecclus.2.11		unrecorded	vulgate Ecclus 2:1-23 is not mapped onto greek: the Vulgate and the Greek divide Ecclesiasticus differently in all fifty-one chapters and no verse-level correspondence has been established; see the artifact record
Ecclus.2.12		unrecorded	vulgate Ecclus 2:1-23 is not mapped onto greek: the Vulgate and the Greek divide Ecclesiasticus differently in all fifty-one chapters and no verse-level correspondence has been established; see the artifact record
Ecclus.2.13		unrecorded	vulgate Ecclus 2:1-23 is not mapped onto greek: the Vulgate and the Greek divide Ecclesiasticus differently in all fifty-one chapters and no verse-level correspondence has been established; see the artifact record
Ecclus.2.14		unrecorded	vulgate Ecclus 2:1-23 is not mapped onto greek: the Vulgate and the Greek divide Ecclesiasticus differently in all fifty-one chapters and no verse-level correspondence has been established; see the artifact record
Ecclus.2.15		unrecorded	vulgate Ecclus 2:1-23 is not mapped onto greek: the Vulgate and the Greek divide Ecclesiasticus differently in all fifty-one chapters and no verse-level correspondence has been established; see the artifact record
Ecclus.2.16		unrecorded	vulgate Ecclus 2:1-23 is not mapped onto greek: the Vulgate and the Greek divide Ecclesiasticus differently in all fifty-one chapters and no verse-level correspondence has been established; see the artifact record
Ecclus.2.17		unrecorded	vulgate Ecclus 2:1-23 is not mapped onto greek: the Vulgate and the Greek divide Ecclesiasticus differently in all fifty-one chapters and no verse-level correspondence has been established; see the artifact record
Ecclus.2.18		unrecorded	vulgate Ecclus 2:1-23 is not mapped onto greek: the Vulgate and the Greek divide Ecclesiasticus differently in all fifty-one chapters and no verse-level correspondence has been established; see the artifact record
Ecclus.2.19		unrecorded	vulgate Ecclus 2:1-23 is not mapped onto greek: the Vulgate and the Greek divide Ecclesiasticus differently in all fifty-one chapters and no verse-level correspondence has been established; see the artifact record
Ecclus.2.2		unrecorded	vulgate Ecclus 2:1-23 is not mapped onto greek: the Vulgate and the Greek divide Ecclesiasticus differently in all fifty-one chapters and no verse-level correspondence has been established; see the artifact record
Ecclus.2.20		unrecorded	vulgate Ecclus 2:1-23 is not mapped onto greek: the Vulgate and the Greek divide Ecclesiasticus differently in all fifty-one chapters and no verse-level correspondence has been established; see the artifact record
Ecclus.2.21		unrecorded	vulgate Ecclus 2:1-23 is not mapped onto greek: the Vulgate and the Greek divide Ecclesiasticus differently in all fifty-one chapters and no verse-level correspondence has been established; see the artifact record
Ecclus.2.22		unrecorded	vulgate Ecclus 2:1-23 is not mapped onto greek: the Vulgate and the Greek divide Ecclesiasticus differently in all fifty-one chapters and no verse-level correspondence has been established; see the artifact record
Ecclus.2.23		unrecorded	vulgate Ecclus 2:1-23 is not mapped onto greek: the Vulgate and the Greek divide Ecclesiasticus differently in all fifty-one chapters and no verse-level correspondence has been established; see the artifact record
Ecclus.2.3		unrecorded	vulgate Ecclus 2:1-23 is not mapped onto greek: the Vulgate and the Greek divide Ecclesiasticus differently in all fifty-one chapters and no verse-level correspondence has been established; see the artifact record
Ecclus.2.4		unrecorded	vulgate Ecclus 2:1-23 is not mapped onto greek: the Vulgate and the Greek divide Ecclesiasticus differently in all fifty-one chapters and no verse-level correspondence has been established; see the artifact record
Ecclus.2.5		unrecorded	vulgate Ecclus 2:1-23 is not mapped onto greek: the Vulgate and the Greek divide Ecclesiasticus differently in all fifty-one chapters and no verse-level correspondence has been established; see the artifact record
Ecclus.2.6		unrecorded	vulgate Ecclus 2:1-23 is not mapped onto greek: the Vulgate and the Greek divide Ecclesiasticus differently in all fifty-one chapters and no verse-level correspondence has been established; see the artifact record
Ecclus.2.7		unrecorded	vulgate Ecclus 2:1-23 is not mapped onto greek: the Vulgate and the Greek divide Ecclesiasticus differently in all fifty-one chapters and no verse-level correspondence has been established; see the artifact record
Ecclus.2.8		unrecorded	vulgate Ecclus 2:1-23 is not mapped onto greek: the Vulgate and the Greek divide Ecclesiasticus differently in all fifty-one chapters and no verse-level correspondence has been established; see the artifact record
Ecclus.2.9		unrecorded	vulgate Ecclus 2:1-23 is not mapped onto greek: the Vulgate and the Greek divide Ecclesiasticus differently in all fifty-one chapters and no verse-level correspondence has been established; see the artifact record
Ecclus.20.1		unrecorded	vulgate Ecclus 20:1-33 is not mapped onto greek: the Vulgate and the Greek divide Ecclesiasticus differently in all fifty-one chapters and no verse-level correspondence has been established; see the artifact record
Ecclus.20.10		unrecorded	vulgate Ecclus 20:1-33 is not mapped onto greek: the Vulgate and the Greek divide Ecclesiasticus differently in all fifty-one chapters and no verse-level correspondence has been established; see the artifact record
Ecclus.20.11		unrecorded	vulgate Ecclus 20:1-33 is not mapped onto greek: the Vulgate and the Greek divide Ecclesiasticus differently in all fifty-one chapters and no verse-level correspondence has been established; see the artifact record
Ecclus.20.12		unrecorded	vulgate Ecclus 20:1-33 is not mapped onto greek: the Vulgate and the Greek divide Ecclesiasticus differently in all fifty-one chapters and no verse-level correspondence has been established; see the artifact record
Ecclus.20.13		unrecorded	vulgate Ecclus 20:1-33 is not mapped onto greek: the Vulgate and the Greek divide Ecclesiasticus differently in all fifty-one chapters and no verse-level correspondence has been established; see the artifact record
Ecclus.20.14		unrecorded	vulgate Ecclus 20:1-33 is not mapped onto greek: the Vulgate and the Greek divide Ecclesiasticus differently in all fifty-one chapters and no verse-level correspondence has been established; see the artifact record
Ecclus.20.15		unrecorded	vulgate Ecclus 20:1-33 is not mapped onto greek: the Vulgate and the Greek divide Ecclesiasticus differently in all fifty-one chapters and no verse-level correspondence has been established; see the artifact record
Ecclus.20.16		unrecorded	vulgate Ecclus 20:1-33 is not mapped onto greek: the Vulgate and the Greek divide Ecclesiasticus differently in all fifty-one chapters and no verse-level correspondence has been established; see the artifact record
Ecclus.20.17		unrecorded	vulgate Ecclus 20:1-33 is not mapped onto greek: the Vulgate and the Greek divide Ecclesiasticus differently in all fifty-one chapters and no verse-level correspondence has been established; see the artifact record
Ecclus.20.18		unrecorded	vulgate Ecclus 20:1-33 is not mapped onto greek: the Vulgate and the Greek divide Ecclesiasticus differently in all fifty-one chapters and no verse-level correspondence has been established; see the artifact record
Ecclus.20.19		unrecorded	vulgate Ecclus 20:1-33 is not mapped onto greek: the Vulgate and the Greek divide Ecclesiasticus differently in all fifty-one chapters and no verse-level correspondence has been established; see the artifact record
Ecclus.20.2		unrecorded	vulgate Ecclus 20:1-33 is not mapped onto greek: the Vulgate and the Greek divide Ecclesiasticus differently in all fifty-one chapters and no verse-level correspondence has been established; see the artifact record
Ecclus.20.20		unrecorded	vulgate Ecclus 20:1-33 is not mapped onto greek: the Vulgate and the Greek divide Ecclesiasticus differently in all fifty-one chapters and no verse-level correspondence has been established; see the artifact record
Ecclus.20.21		unrecorded	vulgate Ecclus 20:1-33 is not mapped onto greek: the Vulgate and the Greek divide Ecclesiasticus differently in all fifty-one chapters and no verse-level correspondence has been established; see the artifact record
Ecclus.20.22		unrecorded	vulgate Ecclus 20:1-33 is not mapped onto greek: the Vulgate and the Greek divide Ecclesiasticus differently in all fifty-one chapters and no verse-level correspondence has been established; see the artifact record
Ecclus.20.23		unrecorded	vulgate Ecclus 20:1-33 is not mapped onto greek: the Vulgate and the Greek divide Ecclesiasticus differently in all fifty-one chapters and no verse-level correspondence has been established; see the artifact record
Ecclus.20.24		unrecorded	vulgate Ecclus 20:1-33 is not mapped onto greek: the Vulgate and the Greek divide Ecclesiasticus differently in all fifty-one chapters and no verse-level correspondence has been established; see the artifact record
Ecclus.20.25		unrecorded	vulgate Ecclus 20:1-33 is not mapped onto greek: the Vulgate and the Greek divide Ecclesiasticus differently in all fifty-one chapters and no verse-level correspondence has been established; see the artifact record
Ecclus.20.26		unrecorded	vulgate Ecclus 20:1-33 is not mapped onto greek: the Vulgate and the Greek divide Ecclesiasticus differently in all fifty-one chapters and no verse-level correspondence has been established; see the artifact record
Ecclus.20.27		unrecorded	vulgate Ecclus 20:1-33 is not mapped onto greek: the Vulgate and the Greek divide Ecclesiasticus differently in all fifty-one chapters and no verse-level correspondence has been established; see the artifact record
Ecclus.20.28		unrecorded	vulgate Ecclus 20:1-33 is not mapped onto greek: the Vulgate and the Greek divide Ecclesiasticus differently in all fifty-one chapters and no verse-level correspondence has been established; see the artifact record
Ecclus.20.29		unrecorded	vulgate Ecclus 20:1-33 is not mapped onto greek: the Vulgate and the Greek divide Ecclesiasticus differently in all fifty-one chapters and no verse-level correspondence has been established; see the artifact record
Ecclus.20.3		unrecorded	vulgate Ecclus 20:1-33 is not mapped onto greek: the Vulgate and the Greek divide Ecclesiasticus differently in all fifty-one chapters and no verse-level correspondence has been established; see the artifact record
Ecclus.20.30		unrecorded	vulgate Ecclus 20:1-33 is not mapped onto greek: the Vulgate and the Greek divide Ecclesiasticus differently in all fifty-one chapters and no verse-level correspondence has been established; see the artifact record
Ecclus.20.31		unrecorded	vulgate Ecclus 20:1-33 is not mapped onto greek: the Vulgate and the Greek divide Ecclesiasticus differently in all fifty-one chapters and no verse-level correspondence has been established; see the artifact record
Ecclus.20.32		unrecorded	vulgate Ecclus 20:1-33 is not mapped onto greek: the Vulgate and the Greek divide Ecclesiasticus differently in all fifty-one chapters and no verse-level correspondence has been established; see the artifact record
Ecclus.20.33		unrecorded	vulgate Ecclus 20:1-33 is not mapped onto greek: the Vulgate and the Greek divide Ecclesiasticus differently in all fifty-one chapters and no verse-level correspondence has been established; see the artifact record
Ecclus.20.4		unrecorded	vulgate Ecclus 20:1-33 is not mapped onto greek: the Vulgate and the Greek divide Ecclesiasticus differently in all fifty-one chapters and no verse-level correspondence has been established; see the artifact record
Ecclus.20.5		unrecorded	vulgate Ecclus 20:1-33 is not mapped onto greek: the Vulgate and the Greek divide Ecclesiasticus differently in all fifty-one chapters and no verse-level correspondence has been established; see the artifact record
Ecclus.20.6		unrecorded	vulgate Ecclus 20:1-33 is not mapped onto greek: the Vulgate and the Greek divide Ecclesiasticus differently in all fifty-one chapters and no verse-level correspondence has been established; see the artifact record
Ecclus.20.7		unrecorded	vulgate Ecclus 20:1-33 is not mapped onto greek: the Vulgate and the Greek divide Ecclesiasticus differently in all fifty-one chapters and no verse-level correspondence has been established; see the artifact record
Ecclus.20.8		unrecorded	vulgate Ecclus 20:1-33 is not mapped onto greek: the Vulgate and the Greek divide Ecclesiasticus differently in all fifty-one chapters and no verse-level correspondence has been established; see the artifact record
Ecclus.20.9		unrecorded	vulgate Ecclus 20:1-33 is not mapped onto greek: the Vulgate and the Greek divide Ecclesiasticus differently in all fifty-one chapters and no verse-level correspondence has been established; see the artifact record
Ecclus.21.1		unrecorded	vulgate Ecclus 21:1-31 is not mapped onto greek: the Vulgate and the Greek divide Ecclesiasticus differently in all fifty-one chapters and no verse-level correspondence has been established; see the artifact record
Ecclus.21.10		unrecorded	vulgate Ecclus 21:1-31 is not mapped onto greek: the Vulgate and the Greek divide Ecclesiasticus differently in all fifty-one chapters and no verse-level correspondence has been established; see the artifact record
Ecclus.21.11		unrecorded	vulgate Ecclus 21:1-31 is not mapped onto greek: the Vulgate and the Greek divide Ecclesiasticus differently in all fifty-one chapters and no verse-level correspondence has been established; see the artifact record
Ecclus.21.12		unrecorded	vulgate Ecclus 21:1-31 is not mapped onto greek: the Vulgate and the Greek divide Ecclesiasticus differently in all fifty-one chapters and no verse-level correspondence has been established; see the artifact record
Ecclus.21.13		unrecorded	vulgate Ecclus 21:1-31 is not mapped onto greek: the Vulgate and the Greek divide Ecclesiasticus differently in all fifty-one chapters and no verse-level correspondence has been established; see the artifact record
Ecclus.21.14		unrecorded	vulgate Ecclus 21:1-31 is not mapped onto greek: the Vulgate and the Greek divide Ecclesiasticus differently in all fifty-one chapters and no verse-level correspondence has been established; see the artifact record
Ecclus.21.15		unrecorded	vulgate Ecclus 21:1-31 is not mapped onto greek: the Vulgate and the Greek divide Ecclesiasticus differently in all fifty-one chapters and no verse-level correspondence has been established; see the artifact record
Ecclus.21.16		unrecorded	vulgate Ecclus 21:1-31 is not mapped onto greek: the Vulgate and the Greek divide Ecclesiasticus differently in all fifty-one chapters and no verse-level correspondence has been established; see the artifact record
Ecclus.21.17		unrecorded	vulgate Ecclus 21:1-31 is not mapped onto greek: the Vulgate and the Greek divide Ecclesiasticus differently in all fifty-one chapters and no verse-level correspondence has been established; see the artifact record
Ecclus.21.18		unrecorded	vulgate Ecclus 21:1-31 is not mapped onto greek: the Vulgate and the Greek divide Ecclesiasticus differently in all fifty-one chapters and no verse-level correspondence has been established; see the artifact record
Ecclus.21.19		unrecorded	vulgate Ecclus 21:1-31 is not mapped onto greek: the Vulgate and the Greek divide Ecclesiasticus differently in all fifty-one chapters and no verse-level correspondence has been established; see the artifact record
Ecclus.21.2		unrecorded	vulgate Ecclus 21:1-31 is not mapped onto greek: the Vulgate and the Greek divide Ecclesiasticus differently in all fifty-one chapters and no verse-level correspondence has been established; see the artifact record
Ecclus.21.20		unrecorded	vulgate Ecclus 21:1-31 is not mapped onto greek: the Vulgate and the Greek divide Ecclesiasticus differently in all fifty-one chapters and no verse-level correspondence has been established; see the artifact record
Ecclus.21.21		unrecorded	vulgate Ecclus 21:1-31 is not mapped onto greek: the Vulgate and the Greek divide Ecclesiasticus differently in all fifty-one chapters and no verse-level correspondence has been established; see the artifact record
Ecclus.21.22		unrecorded	vulgate Ecclus 21:1-31 is not mapped onto greek: the Vulgate and the Greek divide Ecclesiasticus differently in all fifty-one chapters and no verse-level correspondence has been established; see the artifact record
Ecclus.21.23		unrecorded	vulgate Ecclus 21:1-31 is not mapped onto greek: the Vulgate and the Greek divide Ecclesiasticus differently in all fifty-one chapters and no verse-level correspondence has been established; see the artifact record
Ecclus.21.24		unrecorded	vulgate Ecclus 21:1-31 is not mapped onto greek: the Vulgate and the Greek divide Ecclesiasticus differently in all fifty-one chapters and no verse-level correspondence has been established; see the artifact record
Ecclus.21.25		unrecorded	vulgate Ecclus 21:1-31 is not mapped onto greek: the Vulgate and the Greek divide Ecclesiasticus differently in all fifty-one chapters and no verse-level correspondence has been established; see the artifact record
Ecclus.21.26		unrecorded	vulgate Ecclus 21:1-31 is not mapped onto greek: the Vulgate and the Greek divide Ecclesiasticus differently in all fifty-one chapters and no verse-level correspondence has been established; see the artifact record
Ecclus.21.27		unrecorded	vulgate Ecclus 21:1-31 is not mapped onto greek: the Vulgate and the Greek divide Ecclesiasticus differently in all fifty-one chapters and no verse-level correspondence has been established; see the artifact record
Ecclus.21.28		unrecorded	vulgate Ecclus 21:1-31 is not mapped onto greek: the Vulgate and the Greek divide Ecclesiasticus differently in all fifty-one chapters and no verse-level correspondence has been established; see the artifact record
Ecclus.21.29		unrecorded	vulgate Ecclus 21:1-31 is not mapped onto greek: the Vulgate and the Greek divide Ecclesiasticus differently in all fifty-one chapters and no verse-level correspondence has been established; see the artifact record
Ecclus.21.3		unrecorded	vulgate Ecclus 21:1-31 is not mapped onto greek: the Vulgate and the Greek divide Ecclesiasticus differently in all fifty-one chapters and no verse-level correspondence has been established; see the artifact record
Ecclus.21.30		unrecorded	vulgate Ecclus 21:1-31 is not mapped onto greek: the Vulgate and the Greek divide Ecclesiasticus differently in all fifty-one chapters and no verse-level correspondence has been established; see the artifact record
Ecclus.21.31		unrecorded	vulgate Ecclus 21:1-31 is not mapped onto greek: the Vulgate and the Greek divide Ecclesiasticus differently in all fifty-one chapters and no verse-level correspondence has been established; see the artifact record
Ecclus.21.4		unrecorded	vulgate Ecclus 21:1-31 is not mapped onto greek: the Vulgate and the Greek divide Ecclesiasticus differently in all fifty-one chapters and no verse-level correspondence has been established; see the artifact record
Ecclus.21.5		unrecorded	vulgate Ecclus 21:1-31 is not mapped onto greek: the Vulgate and the Greek divide Ecclesiasticus differently in all fifty-one chapters and no verse-level correspondence has been established; see the artifact record
Ecclus.21.6		unrecorded	vulgate Ecclus 21:1-31 is not mapped onto greek: the Vulgate and the Greek divide Ecclesiasticus differently in all fifty-one chapters and no verse-level correspondence has been established; see the artifact record
Ecclus.21.7		unrecorded	vulgate Ecclus 21:1-31 is not mapped onto greek: the Vulgate and the Greek divide Ecclesiasticus differently in all fifty-one chapters and no verse-level correspondence has been established; see the artifact record
Ecclus.21.8		unrecorded	vulgate Ecclus 21:1-31 is not mapped onto greek: the Vulgate and the Greek divide Ecclesiasticus differently in all fifty-one chapters and no verse-level correspondence has been established; see the artifact record
Ecclus.21.9		unrecorded	vulgate Ecclus 21:1-31 is not mapped onto greek: the Vulgate and the Greek divide Ecclesiasticus differently in all fifty-one chapters and no verse-level correspondence has been established; see the artifact record
Ecclus.22.1		unrecorded	vulgate Ecclus 22:1-33 is not mapped onto greek: the Vulgate and the Greek divide Ecclesiasticus differently in all fifty-one chapters and no verse-level correspondence has been established; see the artifact record
Ecclus.22.10		unrecorded	vulgate Ecclus 22:1-33 is not mapped onto greek: the Vulgate and the Greek divide Ecclesiasticus differently in all fifty-one chapters and no verse-level correspondence has been established; see the artifact record
Ecclus.22.11		unrecorded	vulgate Ecclus 22:1-33 is not mapped onto greek: the Vulgate and the Greek divide Ecclesiasticus differently in all fifty-one chapters and no verse-level correspondence has been established; see the artifact record
Ecclus.22.12		unrecorded	vulgate Ecclus 22:1-33 is not mapped onto greek: the Vulgate and the Greek divide Ecclesiasticus differently in all fifty-one chapters and no verse-level correspondence has been established; see the artifact record
Ecclus.22.13		unrecorded	vulgate Ecclus 22:1-33 is not mapped onto greek: the Vulgate and the Greek divide Ecclesiasticus differently in all fifty-one chapters and no verse-level correspondence has been established; see the artifact record
Ecclus.22.14		unrecorded	vulgate Ecclus 22:1-33 is not mapped onto greek: the Vulgate and the Greek divide Ecclesiasticus differently in all fifty-one chapters and no verse-level correspondence has been established; see the artifact record
Ecclus.22.15		unrecorded	vulgate Ecclus 22:1-33 is not mapped onto greek: the Vulgate and the Greek divide Ecclesiasticus differently in all fifty-one chapters and no verse-level correspondence has been established; see the artifact record
Ecclus.22.16		unrecorded	vulgate Ecclus 22:1-33 is not mapped onto greek: the Vulgate and the Greek divide Ecclesiasticus differently in all fifty-one chapters and no verse-level correspondence has been established; see the artifact record
Ecclus.22.17		unrecorded	vulgate Ecclus 22:1-33 is not mapped onto greek: the Vulgate and the Greek divide Ecclesiasticus differently in all fifty-one chapters and no verse-level correspondence has been established; see the artifact record
Ecclus.22.18		unrecorded	vulgate Ecclus 22:1-33 is not mapped onto greek: the Vulgate and the Greek divide Ecclesiasticus differently in all fifty-one chapters and no verse-level correspondence has been established; see the artifact record
Ecclus.22.19		unrecorded	vulgate Ecclus 22:1-33 is not mapped onto greek: the Vulgate and the Greek divide Ecclesiasticus differently in all fifty-one chapters and no verse-level correspondence has been established; see the artifact record
Ecclus.22.2		unrecorded	vulgate Ecclus 22:1-33 is not mapped onto greek: the Vulgate and the Greek divide Ecclesiasticus differently in all fifty-one chapters and no verse-level correspondence has been established; see the artifact record
Ecclus.22.20		unrecorded	vulgate Ecclus 22:1-33 is not mapped onto greek: the Vulgate and the Greek divide Ecclesiasticus differently in all fifty-one chapters and no verse-level correspondence has been established; see the artifact record
Ecclus.22.21		unrecorded	vulgate Ecclus 22:1-33 is not mapped onto greek: the Vulgate and the Greek divide Ecclesiasticus differently in all fifty-one chapters and no verse-level correspondence has been established; see the artifact record
Ecclus.22.22		unrecorded	vulgate Ecclus 22:1-33 is not mapped onto greek: the Vulgate and the Greek divide Ecclesiasticus differently in all fifty-one chapters and no verse-level correspondence has been established; see the artifact record
Ecclus.22.23		unrecorded	vulgate Ecclus 22:1-33 is not mapped onto greek: the Vulgate and the Greek divide Ecclesiasticus differently in all fifty-one chapters and no verse-level correspondence has been established; see the artifact record
Ecclus.22.24		unrecorded	vulgate Ecclus 22:1-33 is not mapped onto greek: the Vulgate and the Greek divide Ecclesiasticus differently in all fifty-one chapters and no verse-level correspondence has been established; see the artifact record
Ecclus.22.25		unrecorded	vulgate Ecclus 22:1-33 is not mapped onto greek: the Vulgate and the Greek divide Ecclesiasticus differently in all fifty-one chapters and no verse-level correspondence has been established; see the artifact record
Ecclus.22.26		unrecorded	vulgate Ecclus 22:1-33 is not mapped onto greek: the Vulgate and the Greek divide Ecclesiasticus differently in all fifty-one chapters and no verse-level correspondence has been established; see the artifact record
Ecclus.22.27		unrecorded	vulgate Ecclus 22:1-33 is not mapped onto greek: the Vulgate and the Greek divide Ecclesiasticus differently in all fifty-one chapters and no verse-level correspondence has been established; see the artifact record
Ecclus.22.28		unrecorded	vulgate Ecclus 22:1-33 is not mapped onto greek: the Vulgate and the Greek divide Ecclesiasticus differently in all fifty-one chapters and no verse-level correspondence has been established; see the artifact record
Ecclus.22.29		unrecorded	vulgate Ecclus 22:1-33 is not mapped onto greek: the Vulgate and the Greek divide Ecclesiasticus differently in all fifty-one chapters and no verse-level correspondence has been established; see the artifact record
Ecclus.22.3		unrecorded	vulgate Ecclus 22:1-33 is not mapped onto greek: the Vulgate and the Greek divide Ecclesiasticus differently in all fifty-one chapters and no verse-level correspondence has been established; see the artifact record
Ecclus.22.30		unrecorded	vulgate Ecclus 22:1-33 is not mapped onto greek: the Vulgate and the Greek divide Ecclesiasticus differently in all fifty-one chapters and no verse-level correspondence has been established; see the artifact record
Ecclus.22.31		unrecorded	vulgate Ecclus 22:1-33 is not mapped onto greek: the Vulgate and the Greek divide Ecclesiasticus differently in all fifty-one chapters and no verse-level correspondence has been established; see the artifact record
Ecclus.22.32		unrecorded	vulgate Ecclus 22:1-33 is not mapped onto greek: the Vulgate and the Greek divide Ecclesiasticus differently in all fifty-one chapters and no verse-level correspondence has been established; see the artifact record
Ecclus.22.33		unrecorded	vulgate Ecclus 22:1-33 is not mapped onto greek: the Vulgate and the Greek divide Ecclesiasticus differently in all fifty-one chapters and no verse-level correspondence has been established; see the artifact record
Ecclus.22.4		unrecorded	vulgate Ecclus 22:1-33 is not mapped onto greek: the Vulgate and the Greek divide Ecclesiasticus differently in all fifty-one chapters and no verse-level correspondence has been established; see the artifact record
Ecclus.22.5		unrecorded	vulgate Ecclus 22:1-33 is not mapped onto greek: the Vulgate and the Greek divide Ecclesiasticus differently in all fifty-one chapters and no verse-level correspondence has been established; see the artifact record
Ecclus.22.6		unrecorded	vulgate Ecclus 22:1-33 is not mapped onto greek: the Vulgate and the Greek divide Ecclesiasticus differently in all fifty-one chapters and no verse-level correspondence has been established; see the artifact record
Ecclus.22.7		unrecorded	vulgate Ecclus 22:1-33 is not mapped onto greek: the Vulgate and the Greek divide Ecclesiasticus differently in all fifty-one chapters and no verse-level correspondence has been established; see the artifact record
Ecclus.22.8		unrecorded	vulgate Ecclus 22:1-33 is not mapped onto greek: the Vulgate and the Greek divide Ecclesiasticus differently in all fifty-one chapters and no verse-level correspondence has been established; see the artifact record
Ecclus.22.9		unrecorded	vulgate Ecclus 22:1-33 is not mapped onto greek: the Vulgate and the Greek divide Ecclesiasticus differently in all fifty-one chapters and no verse-level correspondence has been established; see the artifact record
Ecclus.23.1		unrecorded	vulgate Ecclus 23:1-38 is not mapped onto greek: the Vulgate and the Greek divide Ecclesiasticus differently in all fifty-one chapters and no verse-level correspondence has been established; see the artifact record
Ecclus.23.10		unrecorded	vulgate Ecclus 23:1-38 is not mapped onto greek: the Vulgate and the Greek divide Ecclesiasticus differently in all fifty-one chapters and no verse-level correspondence has been established; see the artifact record
Ecclus.23.11		unrecorded	vulgate Ecclus 23:1-38 is not mapped onto greek: the Vulgate and the Greek divide Ecclesiasticus differently in all fifty-one chapters and no verse-level correspondence has been established; see the artifact record
Ecclus.23.12		unrecorded	vulgate Ecclus 23:1-38 is not mapped onto greek: the Vulgate and the Greek divide Ecclesiasticus differently in all fifty-one chapters and no verse-level correspondence has been established; see the artifact record
Ecclus.23.13		unrecorded	vulgate Ecclus 23:1-38 is not mapped onto greek: the Vulgate and the Greek divide Ecclesiasticus differently in all fifty-one chapters and no verse-level correspondence has been established; see the artifact record
Ecclus.23.14		unrecorded	vulgate Ecclus 23:1-38 is not mapped onto greek: the Vulgate and the Greek divide Ecclesiasticus differently in all fifty-one chapters and no verse-level correspondence has been established; see the artifact record
Ecclus.23.15		unrecorded	vulgate Ecclus 23:1-38 is not mapped onto greek: the Vulgate and the Greek divide Ecclesiasticus differently in all fifty-one chapters and no verse-level correspondence has been established; see the artifact record
Ecclus.23.16		unrecorded	vulgate Ecclus 23:1-38 is not mapped onto greek: the Vulgate and the Greek divide Ecclesiasticus differently in all fifty-one chapters and no verse-level correspondence has been established; see the artifact record
Ecclus.23.17		unrecorded	vulgate Ecclus 23:1-38 is not mapped onto greek: the Vulgate and the Greek divide Ecclesiasticus differently in all fifty-one chapters and no verse-level correspondence has been established; see the artifact record
Ecclus.23.18		unrecorded	vulgate Ecclus 23:1-38 is not mapped onto greek: the Vulgate and the Greek divide Ecclesiasticus differently in all fifty-one chapters and no verse-level correspondence has been established; see the artifact record
Ecclus.23.19		unrecorded	vulgate Ecclus 23:1-38 is not mapped onto greek: the Vulgate and the Greek divide Ecclesiasticus differently in all fifty-one chapters and no verse-level correspondence has been established; see the artifact record
Ecclus.23.2		unrecorded	vulgate Ecclus 23:1-38 is not mapped onto greek: the Vulgate and the Greek divide Ecclesiasticus differently in all fifty-one chapters and no verse-level correspondence has been established; see the artifact record
Ecclus.23.20		unrecorded	vulgate Ecclus 23:1-38 is not mapped onto greek: the Vulgate and the Greek divide Ecclesiasticus differently in all fifty-one chapters and no verse-level correspondence has been established; see the artifact record
Ecclus.23.21		unrecorded	vulgate Ecclus 23:1-38 is not mapped onto greek: the Vulgate and the Greek divide Ecclesiasticus differently in all fifty-one chapters and no verse-level correspondence has been established; see the artifact record
Ecclus.23.22		unrecorded	vulgate Ecclus 23:1-38 is not mapped onto greek: the Vulgate and the Greek divide Ecclesiasticus differently in all fifty-one chapters and no verse-level correspondence has been established; see the artifact record
Ecclus.23.23		unrecorded	vulgate Ecclus 23:1-38 is not mapped onto greek: the Vulgate and the Greek divide Ecclesiasticus differently in all fifty-one chapters and no verse-level correspondence has been established; see the artifact record
Ecclus.23.24		unrecorded	vulgate Ecclus 23:1-38 is not mapped onto greek: the Vulgate and the Greek divide Ecclesiasticus differently in all fifty-one chapters and no verse-level correspondence has been established; see the artifact record
Ecclus.23.25		unrecorded	vulgate Ecclus 23:1-38 is not mapped onto greek: the Vulgate and the Greek divide Ecclesiasticus differently in all fifty-one chapters and no verse-level correspondence has been established; see the artifact record
Ecclus.23.26		unrecorded	vulgate Ecclus 23:1-38 is not mapped onto greek: the Vulgate and the Greek divide Ecclesiasticus differently in all fifty-one chapters and no verse-level correspondence has been established; see the artifact record
Ecclus.23.27		unrecorded	vulgate Ecclus 23:1-38 is not mapped onto greek: the Vulgate and the Greek divide Ecclesiasticus differently in all fifty-one chapters and no verse-level correspondence has been established; see the artifact record
Ecclus.23.28		unrecorded	vulgate Ecclus 23:1-38 is not mapped onto greek: the Vulgate and the Greek divide Ecclesiasticus differently in all fifty-one chapters and no verse-level correspondence has been established; see the artifact record
Ecclus.23.29		unrecorded	vulgate Ecclus 23:1-38 is not mapped onto greek: the Vulgate and the Greek divide Ecclesiasticus differently in all fifty-one chapters and no verse-level correspondence has been established; see the artifact record
Ecclus.23.3		unrecorded	vulgate Ecclus 23:1-38 is not mapped onto greek: the Vulgate and the Greek divide Ecclesiasticus differently in all fifty-one chapters and no verse-level correspondence has been established; see the artifact record
Ecclus.23.30		unrecorded	vulgate Ecclus 23:1-38 is not mapped onto greek: the Vulgate and the Greek divide Ecclesiasticus differently in all fifty-one chapters and no verse-level correspondence has been established; see the artifact record
Ecclus.23.31		unrecorded	vulgate Ecclus 23:1-38 is not mapped onto greek: the Vulgate and the Greek divide Ecclesiasticus differently in all fifty-one chapters and no verse-level correspondence has been established; see the artifact record
Ecclus.23.32		unrecorded	vulgate Ecclus 23:1-38 is not mapped onto greek: the Vulgate and the Greek divide Ecclesiasticus differently in all fifty-one chapters and no verse-level correspondence has been established; see the artifact record
Ecclus.23.33		unrecorded	vulgate Ecclus 23:1-38 is not mapped onto greek: the Vulgate and the Greek divide Ecclesiasticus differently in all fifty-one chapters and no verse-level correspondence has been established; see the artifact record
Ecclus.23.34		unrecorded	vulgate Ecclus 23:1-38 is not mapped onto greek: the Vulgate and the Greek divide Ecclesiasticus differently in all fifty-one chapters and no verse-level correspondence has been established; see the artifact record
Ecclus.23.35		unrecorded	vulgate Ecclus 23:1-38 is not mapped onto greek: the Vulgate and the Greek divide Ecclesiasticus differently in all fifty-one chapters and no verse-level correspondence has been established; see the artifact record
Ecclus.23.36		unrecorded	vulgate Ecclus 23:1-38 is not mapped onto greek: the Vulgate and the Greek divide Ecclesiasticus differently in all fifty-one chapters and no verse-level correspondence has been established; see the artifact record
Ecclus.23.37		unrecorded	vulgate Ecclus 23:1-38 is not mapped onto greek: the Vulgate and the Greek divide Ecclesiasticus differently in all fifty-one chapters and no verse-level correspondence has been established; see the artifact record
Ecclus.23.38		unrecorded	vulgate Ecclus 23:1-38 is not mapped onto greek: the Vulgate and the Greek divide Ecclesiasticus differently in all fifty-one chapters and no verse-level correspondence has been established; see the artifact record
Ecclus.23.4		unrecorded	vulgate Ecclus 23:1-38 is not mapped onto greek: the Vulgate and the Greek divide Ecclesiasticus differently in all fifty-one chapters and no verse-level correspondence has been established; see the artifact record
Ecclus.23.5		unrecorded	vulgate Ecclus 23:1-38 is not mapped onto greek: the Vulgate and the Greek divide Ecclesiasticus differently in all fifty-one chapters and no verse-level correspondence has been established; see the artifact record
Ecclus.23.6		unrecorded	vulgate Ecclus 23:1-38 is not mapped onto greek: the Vulgate and the Greek divide Ecclesiasticus differently in all fifty-one chapters and no verse-level correspondence has been established; see the artifact record
Ecclus.23.7		unrecorded	vulgate Ecclus 23:1-38 is not mapped onto greek: the Vulgate and the Greek divide Ecclesiasticus differently in all fifty-one chapters and no verse-level correspondence has been established; see the artifact record
Ecclus.23.8		unrecorded	vulgate Ecclus 23:1-38 is not mapped onto greek: the Vulgate and the Greek divide Ecclesiasticus differently in all fifty-one chapters and no verse-level correspondence has been established; see the artifact record
Ecclus.23.9		unrecorded	vulgate Ecclus 23:1-38 is not mapped onto greek: the Vulgate and the Greek divide Ecclesiasticus differently in all fifty-one chapters and no verse-level correspondence has been established; see the artifact record
Ecclus.24.1		unrecorded	vulgate Ecclus 24:1-47 is not mapped onto greek: the Vulgate and the Greek divide Ecclesiasticus differently in all fifty-one chapters and no verse-level correspondence has been established; see the artifact record
Ecclus.24.10		unrecorded	vulgate Ecclus 24:1-47 is not mapped onto greek: the Vulgate and the Greek divide Ecclesiasticus differently in all fifty-one chapters and no verse-level correspondence has been established; see the artifact record
Ecclus.24.11		unrecorded	vulgate Ecclus 24:1-47 is not mapped onto greek: the Vulgate and the Greek divide Ecclesiasticus differently in all fifty-one chapters and no verse-level correspondence has been established; see the artifact record
Ecclus.24.12		unrecorded	vulgate Ecclus 24:1-47 is not mapped onto greek: the Vulgate and the Greek divide Ecclesiasticus differently in all fifty-one chapters and no verse-level correspondence has been established; see the artifact record
Ecclus.24.13		unrecorded	vulgate Ecclus 24:1-47 is not mapped onto greek: the Vulgate and the Greek divide Ecclesiasticus differently in all fifty-one chapters and no verse-level correspondence has been established; see the artifact record
Ecclus.24.14		unrecorded	vulgate Ecclus 24:1-47 is not mapped onto greek: the Vulgate and the Greek divide Ecclesiasticus differently in all fifty-one chapters and no verse-level correspondence has been established; see the artifact record
Ecclus.24.15		unrecorded	vulgate Ecclus 24:1-47 is not mapped onto greek: the Vulgate and the Greek divide Ecclesiasticus differently in all fifty-one chapters and no verse-level correspondence has been established; see the artifact record
Ecclus.24.16		unrecorded	vulgate Ecclus 24:1-47 is not mapped onto greek: the Vulgate and the Greek divide Ecclesiasticus differently in all fifty-one chapters and no verse-level correspondence has been established; see the artifact record
Ecclus.24.17		unrecorded	vulgate Ecclus 24:1-47 is not mapped onto greek: the Vulgate and the Greek divide Ecclesiasticus differently in all fifty-one chapters and no verse-level correspondence has been established; see the artifact record
Ecclus.24.18		unrecorded	vulgate Ecclus 24:1-47 is not mapped onto greek: the Vulgate and the Greek divide Ecclesiasticus differently in all fifty-one chapters and no verse-level correspondence has been established; see the artifact record
Ecclus.24.19		unrecorded	vulgate Ecclus 24:1-47 is not mapped onto greek: the Vulgate and the Greek divide Ecclesiasticus differently in all fifty-one chapters and no verse-level correspondence has been established; see the artifact record
Ecclus.24.2		unrecorded	vulgate Ecclus 24:1-47 is not mapped onto greek: the Vulgate and the Greek divide Ecclesiasticus differently in all fifty-one chapters and no verse-level correspondence has been established; see the artifact record
Ecclus.24.20		unrecorded	vulgate Ecclus 24:1-47 is not mapped onto greek: the Vulgate and the Greek divide Ecclesiasticus differently in all fifty-one chapters and no verse-level correspondence has been established; see the artifact record
Ecclus.24.21		unrecorded	vulgate Ecclus 24:1-47 is not mapped onto greek: the Vulgate and the Greek divide Ecclesiasticus differently in all fifty-one chapters and no verse-level correspondence has been established; see the artifact record
Ecclus.24.22		unrecorded	vulgate Ecclus 24:1-47 is not mapped onto greek: the Vulgate and the Greek divide Ecclesiasticus differently in all fifty-one chapters and no verse-level correspondence has been established; see the artifact record
Ecclus.24.23		unrecorded	vulgate Ecclus 24:1-47 is not mapped onto greek: the Vulgate and the Greek divide Ecclesiasticus differently in all fifty-one chapters and no verse-level correspondence has been established; see the artifact record
Ecclus.24.24		unrecorded	vulgate Ecclus 24:1-47 is not mapped onto greek: the Vulgate and the Greek divide Ecclesiasticus differently in all fifty-one chapters and no verse-level correspondence has been established; see the artifact record
Ecclus.24.25		unrecorded	vulgate Ecclus 24:1-47 is not mapped onto greek: the Vulgate and the Greek divide Ecclesiasticus differently in all fifty-one chapters and no verse-level correspondence has been established; see the artifact record
Ecclus.24.26		unrecorded	vulgate Ecclus 24:1-47 is not mapped onto greek: the Vulgate and the Greek divide Ecclesiasticus differently in all fifty-one chapters and no verse-level correspondence has been established; see the artifact record
Ecclus.24.27		unrecorded	vulgate Ecclus 24:1-47 is not mapped onto greek: the Vulgate and the Greek divide Ecclesiasticus differently in all fifty-one chapters and no verse-level correspondence has been established; see the artifact record
Ecclus.24.28		unrecorded	vulgate Ecclus 24:1-47 is not mapped onto greek: the Vulgate and the Greek divide Ecclesiasticus differently in all fifty-one chapters and no verse-level correspondence has been established; see the artifact record
Ecclus.24.29		unrecorded	vulgate Ecclus 24:1-47 is not mapped onto greek: the Vulgate and the Greek divide Ecclesiasticus differently in all fifty-one chapters and no verse-level correspondence has been established; see the artifact record
Ecclus.24.3		unrecorded	vulgate Ecclus 24:1-47 is not mapped onto greek: the Vulgate and the Greek divide Ecclesiasticus differently in all fifty-one chapters and no verse-level correspondence has been established; see the artifact record
Ecclus.24.30		unrecorded	vulgate Ecclus 24:1-47 is not mapped onto greek: the Vulgate and the Greek divide Ecclesiasticus differently in all fifty-one chapters and no verse-level correspondence has been established; see the artifact record
Ecclus.24.31		unrecorded	vulgate Ecclus 24:1-47 is not mapped onto greek: the Vulgate and the Greek divide Ecclesiasticus differently in all fifty-one chapters and no verse-level correspondence has been established; see the artifact record
Ecclus.24.32		unrecorded	vulgate Ecclus 24:1-47 is not mapped onto greek: the Vulgate and the Greek divide Ecclesiasticus differently in all fifty-one chapters and no verse-level correspondence has been established; see the artifact record
Ecclus.24.33		unrecorded	vulgate Ecclus 24:1-47 is not mapped onto greek: the Vulgate and the Greek divide Ecclesiasticus differently in all fifty-one chapters and no verse-level correspondence has been established; see the artifact record
Ecclus.24.34		unrecorded	vulgate Ecclus 24:1-47 is not mapped onto greek: the Vulgate and the Greek divide Ecclesiasticus differently in all fifty-one chapters and no verse-level correspondence has been established; see the artifact record
Ecclus.24.35		unrecorded	vulgate Ecclus 24:1-47 is not mapped onto greek: the Vulgate and the Greek divide Ecclesiasticus differently in all fifty-one chapters and no verse-level correspondence has been established; see the artifact record
Ecclus.24.36		unrecorded	vulgate Ecclus 24:1-47 is not mapped onto greek: the Vulgate and the Greek divide Ecclesiasticus differently in all fifty-one chapters and no verse-level correspondence has been established; see the artifact record
Ecclus.24.37		unrecorded	vulgate Ecclus 24:1-47 is not mapped onto greek: the Vulgate and the Greek divide Ecclesiasticus differently in all fifty-one chapters and no verse-level correspondence has been established; see the artifact record
Ecclus.24.38		unrecorded	vulgate Ecclus 24:1-47 is not mapped onto greek: the Vulgate and the Greek divide Ecclesiasticus differently in all fifty-one chapters and no verse-level correspondence has been established; see the artifact record
Ecclus.24.39		unrecorded	vulgate Ecclus 24:1-47 is not mapped onto greek: the Vulgate and the Greek divide Ecclesiasticus differently in all fifty-one chapters and no verse-level correspondence has been established; see the artifact record
Ecclus.24.4		unrecorded	vulgate Ecclus 24:1-47 is not mapped onto greek: the Vulgate and the Greek divide Ecclesiasticus differently in all fifty-one chapters and no verse-level correspondence has been established; see the artifact record
Ecclus.24.40		unrecorded	vulgate Ecclus 24:1-47 is not mapped onto greek: the Vulgate and the Greek divide Ecclesiasticus differently in all fifty-one chapters and no verse-level correspondence has been established; see the artifact record
Ecclus.24.41		unrecorded	vulgate Ecclus 24:1-47 is not mapped onto greek: the Vulgate and the Greek divide Ecclesiasticus differently in all fifty-one chapters and no verse-level correspondence has been established; see the artifact record
Ecclus.24.42		unrecorded	vulgate Ecclus 24:1-47 is not mapped onto greek: the Vulgate and the Greek divide Ecclesiasticus differently in all fifty-one chapters and no verse-level correspondence has been established; see the artifact record
Ecclus.24.43		unrecorded	vulgate Ecclus 24:1-47 is not mapped onto greek: the Vulgate and the Greek divide Ecclesiasticus differently in all fifty-one chapters and no verse-level correspondence has been established; see the artifact record
Ecclus.24.44		unrecorded	vulgate Ecclus 24:1-47 is not mapped onto greek: the Vulgate and the Greek divide Ecclesiasticus differently in all fifty-one chapters and no verse-level correspondence has been established; see the artifact record
Ecclus.24.45		unrecorded	vulgate Ecclus 24:1-47 is not mapped onto greek: the Vulgate and the Greek divide Ecclesiasticus differently in all fifty-one chapters and no verse-level correspondence has been established; see the artifact record
Ecclus.24.46		unrecorded	vulgate Ecclus 24:1-47 is not mapped onto greek: the Vulgate and the Greek divide Ecclesiasticus differently in all fifty-one chapters and no verse-level correspondence has been established; see the artifact record
Ecclus.24.47		unrecorded	vulgate Ecclus 24:1-47 is not mapped onto greek: the Vulgate and the Greek divide Ecclesiasticus differently in all fifty-one chapters and no verse-level correspondence has been established; see the artifact record
Ecclus.24.5		unrecorded	vulgate Ecclus 24:1-47 is not mapped onto greek: the Vulgate and the Greek divide Ecclesiasticus differently in all fifty-one chapters and no verse-level correspondence has been established; see the artifact record
Ecclus.24.6		unrecorded	vulgate Ecclus 24:1-47 is not mapped onto greek: the Vulgate and the Greek divide Ecclesiasticus differently in all fifty-one chapters and no verse-level correspondence has been established; see the artifact record
Ecclus.24.7		unrecorded	vulgate Ecclus 24:1-47 is not mapped onto greek: the Vulgate and the Greek divide Ecclesiasticus differently in all fifty-one chapters and no verse-level correspondence has been established; see the artifact record
Ecclus.24.8		unrecorded	vulgate Ecclus 24:1-47 is not mapped onto greek: the Vulgate and the Greek divide Ecclesiasticus differently in all fifty-one chapters and no verse-level correspondence has been established; see the artifact record
Ecclus.24.9		unrecorded	vulgate Ecclus 24:1-47 is not mapped onto greek: the Vulgate and the Greek divide Ecclesiasticus differently in all fifty-one chapters and no verse-level correspondence has been established; see the artifact record
Ecclus.25.1		unrecorded	vulgate Ecclus 25:1-36 is not mapped onto greek: the Vulgate and the Greek divide Ecclesiasticus differently in all fifty-one chapters and no verse-level correspondence has been established; see the artifact record
Ecclus.25.10		unrecorded	vulgate Ecclus 25:1-36 is not mapped onto greek: the Vulgate and the Greek divide Ecclesiasticus differently in all fifty-one chapters and no verse-level correspondence has been established; see the artifact record
Ecclus.25.11		unrecorded	vulgate Ecclus 25:1-36 is not mapped onto greek: the Vulgate and the Greek divide Ecclesiasticus differently in all fifty-one chapters and no verse-level correspondence has been established; see the artifact record
Ecclus.25.12		unrecorded	vulgate Ecclus 25:1-36 is not mapped onto greek: the Vulgate and the Greek divide Ecclesiasticus differently in all fifty-one chapters and no verse-level correspondence has been established; see the artifact record
Ecclus.25.13		unrecorded	vulgate Ecclus 25:1-36 is not mapped onto greek: the Vulgate and the Greek divide Ecclesiasticus differently in all fifty-one chapters and no verse-level correspondence has been established; see the artifact record
Ecclus.25.14		unrecorded	vulgate Ecclus 25:1-36 is not mapped onto greek: the Vulgate and the Greek divide Ecclesiasticus differently in all fifty-one chapters and no verse-level correspondence has been established; see the artifact record
Ecclus.25.15		unrecorded	vulgate Ecclus 25:1-36 is not mapped onto greek: the Vulgate and the Greek divide Ecclesiasticus differently in all fifty-one chapters and no verse-level correspondence has been established; see the artifact record
Ecclus.25.16		unrecorded	vulgate Ecclus 25:1-36 is not mapped onto greek: the Vulgate and the Greek divide Ecclesiasticus differently in all fifty-one chapters and no verse-level correspondence has been established; see the artifact record
Ecclus.25.17		unrecorded	vulgate Ecclus 25:1-36 is not mapped onto greek: the Vulgate and the Greek divide Ecclesiasticus differently in all fifty-one chapters and no verse-level correspondence has been established; see the artifact record
Ecclus.25.18		unrecorded	vulgate Ecclus 25:1-36 is not mapped onto greek: the Vulgate and the Greek divide Ecclesiasticus differently in all fifty-one chapters and no verse-level correspondence has been established; see the artifact record
Ecclus.25.19		unrecorded	vulgate Ecclus 25:1-36 is not mapped onto greek: the Vulgate and the Greek divide Ecclesiasticus differently in all fifty-one chapters and no verse-level correspondence has been established; see the artifact record
Ecclus.25.2		unrecorded	vulgate Ecclus 25:1-36 is not mapped onto greek: the Vulgate and the Greek divide Ecclesiasticus differently in all fifty-one chapters and no verse-level correspondence has been established; see the artifact record
Ecclus.25.20		unrecorded	vulgate Ecclus 25:1-36 is not mapped onto greek: the Vulgate and the Greek divide Ecclesiasticus differently in all fifty-one chapters and no verse-level correspondence has been established; see the artifact record
Ecclus.25.21		unrecorded	vulgate Ecclus 25:1-36 is not mapped onto greek: the Vulgate and the Greek divide Ecclesiasticus differently in all fifty-one chapters and no verse-level correspondence has been established; see the artifact record
Ecclus.25.22		unrecorded	vulgate Ecclus 25:1-36 is not mapped onto greek: the Vulgate and the Greek divide Ecclesiasticus differently in all fifty-one chapters and no verse-level correspondence has been established; see the artifact record
Ecclus.25.23		unrecorded	vulgate Ecclus 25:1-36 is not mapped onto greek: the Vulgate and the Greek divide Ecclesiasticus differently in all fifty-one chapters and no verse-level correspondence has been established; see the artifact record
Ecclus.25.24		unrecorded	vulgate Ecclus 25:1-36 is not mapped onto greek: the Vulgate and the Greek divide Ecclesiasticus differently in all fifty-one chapters and no verse-level correspondence has been established; see the artifact record
Ecclus.25.25		unrecorded	vulgate Ecclus 25:1-36 is not mapped onto greek: the Vulgate and the Greek divide Ecclesiasticus differently in all fifty-one chapters and no verse-level correspondence has been established; see the artifact record
Ecclus.25.26		unrecorded	vulgate Ecclus 25:1-36 is not mapped onto greek: the Vulgate and the Greek divide Ecclesiasticus differently in all fifty-one chapters and no verse-level correspondence has been established; see the artifact record
Ecclus.25.27		unrecorded	vulgate Ecclus 25:1-36 is not mapped onto greek: the Vulgate and the Greek divide Ecclesiasticus differently in all fifty-one chapters and no verse-level correspondence has been established; see the artifact record
Ecclus.25.28		unrecorded	vulgate Ecclus 25:1-36 is not mapped onto greek: the Vulgate and the Greek divide Ecclesiasticus differently in all fifty-one chapters and no verse-level correspondence has been established; see the artifact record
Ecclus.25.29		unrecorded	vulgate Ecclus 25:1-36 is not mapped onto greek: the Vulgate and the Greek divide Ecclesiasticus differently in all fifty-one chapters and no verse-level correspondence has been established; see the artifact record
Ecclus.25.3		unrecorded	vulgate Ecclus 25:1-36 is not mapped onto greek: the Vulgate and the Greek divide Ecclesiasticus differently in all fifty-one chapters and no verse-level correspondence has been established; see the artifact record
Ecclus.25.30		unrecorded	vulgate Ecclus 25:1-36 is not mapped onto greek: the Vulgate and the Greek divide Ecclesiasticus differently in all fifty-one chapters and no verse-level correspondence has been established; see the artifact record
Ecclus.25.31		unrecorded	vulgate Ecclus 25:1-36 is not mapped onto greek: the Vulgate and the Greek divide Ecclesiasticus differently in all fifty-one chapters and no verse-level correspondence has been established; see the artifact record
Ecclus.25.32		unrecorded	vulgate Ecclus 25:1-36 is not mapped onto greek: the Vulgate and the Greek divide Ecclesiasticus differently in all fifty-one chapters and no verse-level correspondence has been established; see the artifact record
Ecclus.25.33		unrecorded	vulgate Ecclus 25:1-36 is not mapped onto greek: the Vulgate and the Greek divide Ecclesiasticus differently in all fifty-one chapters and no verse-level correspondence has been established; see the artifact record
Ecclus.25.34		unrecorded	vulgate Ecclus 25:1-36 is not mapped onto greek: the Vulgate and the Greek divide Ecclesiasticus differently in all fifty-one chapters and no verse-level correspondence has been established; see the artifact record
Ecclus.25.35		unrecorded	vulgate Ecclus 25:1-36 is not mapped onto greek: the Vulgate and the Greek divide Ecclesiasticus differently in all fifty-one chapters and no verse-level correspondence has been established; see the artifact record
Ecclus.25.36		unrecorded	vulgate Ecclus 25:1-36 is not mapped onto greek: the Vulgate and the Greek divide Ecclesiasticus differently in all fifty-one chapters and no verse-level correspondence has been established; see the artifact record
Ecclus.25.4		unrecorded	vulgate Ecclus 25:1-36 is not mapped onto greek: the Vulgate and the Greek divide Ecclesiasticus differently in all fifty-one chapters and no verse-level correspondence has been established; see the artifact record
Ecclus.25.5		unrecorded	vulgate Ecclus 25:1-36 is not mapped onto greek: the Vulgate and the Greek divide Ecclesiasticus differently in all fifty-one chapters and no verse-level correspondence has been established; see the artifact record
Ecclus.25.6		unrecorded	vulgate Ecclus 25:1-36 is not mapped onto greek: the Vulgate and the Greek divide Ecclesiasticus differently in all fifty-one chapters and no verse-level correspondence has been established; see the artifact record
Ecclus.25.7		unrecorded	vulgate Ecclus 25:1-36 is not mapped onto greek: the Vulgate and the Greek divide Ecclesiasticus differently in all fifty-one chapters and no verse-level correspondence has been established; see the artifact record
Ecclus.25.8		unrecorded	vulgate Ecclus 25:1-36 is not mapped onto greek: the Vulgate and the Greek divide Ecclesiasticus differently in all fifty-one chapters and no verse-level correspondence has been established; see the artifact record
Ecclus.25.9		unrecorded	vulgate Ecclus 25:1-36 is not mapped onto greek: the Vulgate and the Greek divide Ecclesiasticus differently in all fifty-one chapters and no verse-level correspondence has been established; see the artifact record
Ecclus.26.1		unrecorded	vulgate Ecclus 26:1-28 is not mapped onto greek: the Vulgate and the Greek divide Ecclesiasticus differently in all fifty-one chapters and no verse-level correspondence has been established; see the artifact record
Ecclus.26.10		unrecorded	vulgate Ecclus 26:1-28 is not mapped onto greek: the Vulgate and the Greek divide Ecclesiasticus differently in all fifty-one chapters and no verse-level correspondence has been established; see the artifact record
Ecclus.26.11		unrecorded	vulgate Ecclus 26:1-28 is not mapped onto greek: the Vulgate and the Greek divide Ecclesiasticus differently in all fifty-one chapters and no verse-level correspondence has been established; see the artifact record
Ecclus.26.12		unrecorded	vulgate Ecclus 26:1-28 is not mapped onto greek: the Vulgate and the Greek divide Ecclesiasticus differently in all fifty-one chapters and no verse-level correspondence has been established; see the artifact record
Ecclus.26.13		unrecorded	vulgate Ecclus 26:1-28 is not mapped onto greek: the Vulgate and the Greek divide Ecclesiasticus differently in all fifty-one chapters and no verse-level correspondence has been established; see the artifact record
Ecclus.26.14		unrecorded	vulgate Ecclus 26:1-28 is not mapped onto greek: the Vulgate and the Greek divide Ecclesiasticus differently in all fifty-one chapters and no verse-level correspondence has been established; see the artifact record
Ecclus.26.15		unrecorded	vulgate Ecclus 26:1-28 is not mapped onto greek: the Vulgate and the Greek divide Ecclesiasticus differently in all fifty-one chapters and no verse-level correspondence has been established; see the artifact record
Ecclus.26.16		unrecorded	vulgate Ecclus 26:1-28 is not mapped onto greek: the Vulgate and the Greek divide Ecclesiasticus differently in all fifty-one chapters and no verse-level correspondence has been established; see the artifact record
Ecclus.26.17		unrecorded	vulgate Ecclus 26:1-28 is not mapped onto greek: the Vulgate and the Greek divide Ecclesiasticus differently in all fifty-one chapters and no verse-level correspondence has been established; see the artifact record
Ecclus.26.18		unrecorded	vulgate Ecclus 26:1-28 is not mapped onto greek: the Vulgate and the Greek divide Ecclesiasticus differently in all fifty-one chapters and no verse-level correspondence has been established; see the artifact record
Ecclus.26.19		unrecorded	vulgate Ecclus 26:1-28 is not mapped onto greek: the Vulgate and the Greek divide Ecclesiasticus differently in all fifty-one chapters and no verse-level correspondence has been established; see the artifact record
Ecclus.26.2		unrecorded	vulgate Ecclus 26:1-28 is not mapped onto greek: the Vulgate and the Greek divide Ecclesiasticus differently in all fifty-one chapters and no verse-level correspondence has been established; see the artifact record
Ecclus.26.20		unrecorded	vulgate Ecclus 26:1-28 is not mapped onto greek: the Vulgate and the Greek divide Ecclesiasticus differently in all fifty-one chapters and no verse-level correspondence has been established; see the artifact record
Ecclus.26.21		unrecorded	vulgate Ecclus 26:1-28 is not mapped onto greek: the Vulgate and the Greek divide Ecclesiasticus differently in all fifty-one chapters and no verse-level correspondence has been established; see the artifact record
Ecclus.26.22		unrecorded	vulgate Ecclus 26:1-28 is not mapped onto greek: the Vulgate and the Greek divide Ecclesiasticus differently in all fifty-one chapters and no verse-level correspondence has been established; see the artifact record
Ecclus.26.23		unrecorded	vulgate Ecclus 26:1-28 is not mapped onto greek: the Vulgate and the Greek divide Ecclesiasticus differently in all fifty-one chapters and no verse-level correspondence has been established; see the artifact record
Ecclus.26.24		unrecorded	vulgate Ecclus 26:1-28 is not mapped onto greek: the Vulgate and the Greek divide Ecclesiasticus differently in all fifty-one chapters and no verse-level correspondence has been established; see the artifact record
Ecclus.26.25		unrecorded	vulgate Ecclus 26:1-28 is not mapped onto greek: the Vulgate and the Greek divide Ecclesiasticus differently in all fifty-one chapters and no verse-level correspondence has been established; see the artifact record
Ecclus.26.26		unrecorded	vulgate Ecclus 26:1-28 is not mapped onto greek: the Vulgate and the Greek divide Ecclesiasticus differently in all fifty-one chapters and no verse-level correspondence has been established; see the artifact record
Ecclus.26.27		unrecorded	vulgate Ecclus 26:1-28 is not mapped onto greek: the Vulgate and the Greek divide Ecclesiasticus differently in all fifty-one chapters and no verse-level correspondence has been established; see the artifact record
Ecclus.26.28		unrecorded	vulgate Ecclus 26:1-28 is not mapped onto greek: the Vulgate and the Greek divide Ecclesiasticus differently in all fifty-one chapters and no verse-level correspondence has been established; see the artifact record
Ecclus.26.3		unrecorded	vulgate Ecclus 26:1-28 is not mapped onto greek: the Vulgate and the Greek divide Ecclesiasticus differently in all fifty-one chapters and no verse-level correspondence has been established; see the artifact record
Ecclus.26.4		unrecorded	vulgate Ecclus 26:1-28 is not mapped onto greek: the Vulgate and the Greek divide Ecclesiasticus differently in all fifty-one chapters and no verse-level correspondence has been established; see the artifact record
Ecclus.26.5		unrecorded	vulgate Ecclus 26:1-28 is not mapped onto greek: the Vulgate and the Greek divide Ecclesiasticus differently in all fifty-one chapters and no verse-level correspondence has been established; see the artifact record
Ecclus.26.6		unrecorded	vulgate Ecclus 26:1-28 is not mapped onto greek: the Vulgate and the Greek divide Ecclesiasticus differently in all fifty-one chapters and no verse-level correspondence has been established; see the artifact record
Ecclus.26.7		unrecorded	vulgate Ecclus 26:1-28 is not mapped onto greek: the Vulgate and the Greek divide Ecclesiasticus differently in all fifty-one chapters and no verse-level correspondence has been established; see the artifact record
Ecclus.26.8		unrecorded	vulgate Ecclus 26:1-28 is not mapped onto greek: the Vulgate and the Greek divide Ecclesiasticus differently in all fifty-one chapters and no verse-level correspondence has been established; see the artifact record
Ecclus.26.9		unrecorded	vulgate Ecclus 26:1-28 is not mapped onto greek: the Vulgate and the Greek divide Ecclesiasticus differently in all fifty-one chapters and no verse-level correspondence has been established; see the artifact record
Ecclus.27.1		unrecorded	vulgate Ecclus 27:1-33 is not mapped onto greek: the Vulgate and the Greek divide Ecclesiasticus differently in all fifty-one chapters and no verse-level correspondence has been established; see the artifact record
Ecclus.27.10		unrecorded	vulgate Ecclus 27:1-33 is not mapped onto greek: the Vulgate and the Greek divide Ecclesiasticus differently in all fifty-one chapters and no verse-level correspondence has been established; see the artifact record
Ecclus.27.11		unrecorded	vulgate Ecclus 27:1-33 is not mapped onto greek: the Vulgate and the Greek divide Ecclesiasticus differently in all fifty-one chapters and no verse-level correspondence has been established; see the artifact record
Ecclus.27.12		unrecorded	vulgate Ecclus 27:1-33 is not mapped onto greek: the Vulgate and the Greek divide Ecclesiasticus differently in all fifty-one chapters and no verse-level correspondence has been established; see the artifact record
Ecclus.27.13		unrecorded	vulgate Ecclus 27:1-33 is not mapped onto greek: the Vulgate and the Greek divide Ecclesiasticus differently in all fifty-one chapters and no verse-level correspondence has been established; see the artifact record
Ecclus.27.14		unrecorded	vulgate Ecclus 27:1-33 is not mapped onto greek: the Vulgate and the Greek divide Ecclesiasticus differently in all fifty-one chapters and no verse-level correspondence has been established; see the artifact record
Ecclus.27.15		unrecorded	vulgate Ecclus 27:1-33 is not mapped onto greek: the Vulgate and the Greek divide Ecclesiasticus differently in all fifty-one chapters and no verse-level correspondence has been established; see the artifact record
Ecclus.27.16		unrecorded	vulgate Ecclus 27:1-33 is not mapped onto greek: the Vulgate and the Greek divide Ecclesiasticus differently in all fifty-one chapters and no verse-level correspondence has been established; see the artifact record
Ecclus.27.17		unrecorded	vulgate Ecclus 27:1-33 is not mapped onto greek: the Vulgate and the Greek divide Ecclesiasticus differently in all fifty-one chapters and no verse-level correspondence has been established; see the artifact record
Ecclus.27.18		unrecorded	vulgate Ecclus 27:1-33 is not mapped onto greek: the Vulgate and the Greek divide Ecclesiasticus differently in all fifty-one chapters and no verse-level correspondence has been established; see the artifact record
Ecclus.27.19		unrecorded	vulgate Ecclus 27:1-33 is not mapped onto greek: the Vulgate and the Greek divide Ecclesiasticus differently in all fifty-one chapters and no verse-level correspondence has been established; see the artifact record
Ecclus.27.2		unrecorded	vulgate Ecclus 27:1-33 is not mapped onto greek: the Vulgate and the Greek divide Ecclesiasticus differently in all fifty-one chapters and no verse-level correspondence has been established; see the artifact record
Ecclus.27.20		unrecorded	vulgate Ecclus 27:1-33 is not mapped onto greek: the Vulgate and the Greek divide Ecclesiasticus differently in all fifty-one chapters and no verse-level correspondence has been established; see the artifact record
Ecclus.27.21		unrecorded	vulgate Ecclus 27:1-33 is not mapped onto greek: the Vulgate and the Greek divide Ecclesiasticus differently in all fifty-one chapters and no verse-level correspondence has been established; see the artifact record
Ecclus.27.22		unrecorded	vulgate Ecclus 27:1-33 is not mapped onto greek: the Vulgate and the Greek divide Ecclesiasticus differently in all fifty-one chapters and no verse-level correspondence has been established; see the artifact record
Ecclus.27.23		unrecorded	vulgate Ecclus 27:1-33 is not mapped onto greek: the Vulgate and the Greek divide Ecclesiasticus differently in all fifty-one chapters and no verse-level correspondence has been established; see the artifact record
Ecclus.27.24		unrecorded	vulgate Ecclus 27:1-33 is not mapped onto greek: the Vulgate and the Greek divide Ecclesiasticus differently in all fifty-one chapters and no verse-level correspondence has been established; see the artifact record
Ecclus.27.25		unrecorded	vulgate Ecclus 27:1-33 is not mapped onto greek: the Vulgate and the Greek divide Ecclesiasticus differently in all fifty-one chapters and no verse-level correspondence has been established; see the artifact record
Ecclus.27.26		unrecorded	vulgate Ecclus 27:1-33 is not mapped onto greek: the Vulgate and the Greek divide Ecclesiasticus differently in all fifty-one chapters and no verse-level correspondence has been established; see the artifact record
Ecclus.27.27		unrecorded	vulgate Ecclus 27:1-33 is not mapped onto greek: the Vulgate and the Greek divide Ecclesiasticus differently in all fifty-one chapters and no verse-level correspondence has been established; see the artifact record
Ecclus.27.28		unrecorded	vulgate Ecclus 27:1-33 is not mapped onto greek: the Vulgate and the Greek divide Ecclesiasticus differently in all fifty-one chapters and no verse-level correspondence has been established; see the artifact record
Ecclus.27.29		unrecorded	vulgate Ecclus 27:1-33 is not mapped onto greek: the Vulgate and the Greek divide Ecclesiasticus differently in all fifty-one chapters and no verse-level correspondence has been established; see the artifact record
Ecclus.27.3		unrecorded	vulgate Ecclus 27:1-33 is not mapped onto greek: the Vulgate and the Greek divide Ecclesiasticus differently in all fifty-one chapters and no verse-level correspondence has been established; see the artifact record
Ecclus.27.30		unrecorded	vulgate Ecclus 27:1-33 is not mapped onto greek: the Vulgate and the Greek divide Ecclesiasticus differently in all fifty-one chapters and no verse-level correspondence has been established; see the artifact record
Ecclus.27.31		unrecorded	vulgate Ecclus 27:1-33 is not mapped onto greek: the Vulgate and the Greek divide Ecclesiasticus differently in all fifty-one chapters and no verse-level correspondence has been established; see the artifact record
Ecclus.27.32		unrecorded	vulgate Ecclus 27:1-33 is not mapped onto greek: the Vulgate and the Greek divide Ecclesiasticus differently in all fifty-one chapters and no verse-level correspondence has been established; see the artifact record
Ecclus.27.33		unrecorded	vulgate Ecclus 27:1-33 is not mapped onto greek: the Vulgate and the Greek divide Ecclesiasticus differently in all fifty-one chapters and no verse-level correspondence has been established; see the artifact record
Ecclus.27.4		unrecorded	vulgate Ecclus 27:1-33 is not mapped onto greek: the Vulgate and the Greek divide Ecclesiasticus differently in all fifty-one chapters and no verse-level correspondence has been established; see the artifact record
Ecclus.27.5		unrecorded	vulgate Ecclus 27:1-33 is not mapped onto greek: the Vulgate and the Greek divide Ecclesiasticus differently in all fifty-one chapters and no verse-level correspondence has been established; see the artifact record
Ecclus.27.6		unrecorded	vulgate Ecclus 27:1-33 is not mapped onto greek: the Vulgate and the Greek divide Ecclesiasticus differently in all fifty-one chapters and no verse-level correspondence has been established; see the artifact record
Ecclus.27.7		unrecorded	vulgate Ecclus 27:1-33 is not mapped onto greek: the Vulgate and the Greek divide Ecclesiasticus differently in all fifty-one chapters and no verse-level correspondence has been established; see the artifact record
Ecclus.27.8		unrecorded	vulgate Ecclus 27:1-33 is not mapped onto greek: the Vulgate and the Greek divide Ecclesiasticus differently in all fifty-one chapters and no verse-level correspondence has been established; see the artifact record
Ecclus.27.9		unrecorded	vulgate Ecclus 27:1-33 is not mapped onto greek: the Vulgate and the Greek divide Ecclesiasticus differently in all fifty-one chapters and no verse-level correspondence has been established; see the artifact record
Ecclus.28.1		unrecorded	vulgate Ecclus 28:1-30 is not mapped onto greek: the Vulgate and the Greek divide Ecclesiasticus differently in all fifty-one chapters and no verse-level correspondence has been established; see the artifact record
Ecclus.28.10		unrecorded	vulgate Ecclus 28:1-30 is not mapped onto greek: the Vulgate and the Greek divide Ecclesiasticus differently in all fifty-one chapters and no verse-level correspondence has been established; see the artifact record
Ecclus.28.11		unrecorded	vulgate Ecclus 28:1-30 is not mapped onto greek: the Vulgate and the Greek divide Ecclesiasticus differently in all fifty-one chapters and no verse-level correspondence has been established; see the artifact record
Ecclus.28.12		unrecorded	vulgate Ecclus 28:1-30 is not mapped onto greek: the Vulgate and the Greek divide Ecclesiasticus differently in all fifty-one chapters and no verse-level correspondence has been established; see the artifact record
Ecclus.28.13		unrecorded	vulgate Ecclus 28:1-30 is not mapped onto greek: the Vulgate and the Greek divide Ecclesiasticus differently in all fifty-one chapters and no verse-level correspondence has been established; see the artifact record
Ecclus.28.14		unrecorded	vulgate Ecclus 28:1-30 is not mapped onto greek: the Vulgate and the Greek divide Ecclesiasticus differently in all fifty-one chapters and no verse-level correspondence has been established; see the artifact record
Ecclus.28.15		unrecorded	vulgate Ecclus 28:1-30 is not mapped onto greek: the Vulgate and the Greek divide Ecclesiasticus differently in all fifty-one chapters and no verse-level correspondence has been established; see the artifact record
Ecclus.28.16		unrecorded	vulgate Ecclus 28:1-30 is not mapped onto greek: the Vulgate and the Greek divide Ecclesiasticus differently in all fifty-one chapters and no verse-level correspondence has been established; see the artifact record
Ecclus.28.17		unrecorded	vulgate Ecclus 28:1-30 is not mapped onto greek: the Vulgate and the Greek divide Ecclesiasticus differently in all fifty-one chapters and no verse-level correspondence has been established; see the artifact record
Ecclus.28.18		unrecorded	vulgate Ecclus 28:1-30 is not mapped onto greek: the Vulgate and the Greek divide Ecclesiasticus differently in all fifty-one chapters and no verse-level correspondence has been established; see the artifact record
Ecclus.28.19		unrecorded	vulgate Ecclus 28:1-30 is not mapped onto greek: the Vulgate and the Greek divide Ecclesiasticus differently in all fifty-one chapters and no verse-level correspondence has been established; see the artifact record
Ecclus.28.2		unrecorded	vulgate Ecclus 28:1-30 is not mapped onto greek: the Vulgate and the Greek divide Ecclesiasticus differently in all fifty-one chapters and no verse-level correspondence has been established; see the artifact record
Ecclus.28.20		unrecorded	vulgate Ecclus 28:1-30 is not mapped onto greek: the Vulgate and the Greek divide Ecclesiasticus differently in all fifty-one chapters and no verse-level correspondence has been established; see the artifact record
Ecclus.28.21		unrecorded	vulgate Ecclus 28:1-30 is not mapped onto greek: the Vulgate and the Greek divide Ecclesiasticus differently in all fifty-one chapters and no verse-level correspondence has been established; see the artifact record
Ecclus.28.22		unrecorded	vulgate Ecclus 28:1-30 is not mapped onto greek: the Vulgate and the Greek divide Ecclesiasticus differently in all fifty-one chapters and no verse-level correspondence has been established; see the artifact record
Ecclus.28.23		unrecorded	vulgate Ecclus 28:1-30 is not mapped onto greek: the Vulgate and the Greek divide Ecclesiasticus differently in all fifty-one chapters and no verse-level correspondence has been established; see the artifact record
Ecclus.28.24		unrecorded	vulgate Ecclus 28:1-30 is not mapped onto greek: the Vulgate and the Greek divide Ecclesiasticus differently in all fifty-one chapters and no verse-level correspondence has been established; see the artifact record
Ecclus.28.25		unrecorded	vulgate Ecclus 28:1-30 is not mapped onto greek: the Vulgate and the Greek divide Ecclesiasticus differently in all fifty-one chapters and no verse-level correspondence has been established; see the artifact record
Ecclus.28.26		unrecorded	vulgate Ecclus 28:1-30 is not mapped onto greek: the Vulgate and the Greek divide Ecclesiasticus differently in all fifty-one chapters and no verse-level correspondence has been established; see the artifact record
Ecclus.28.27		unrecorded	vulgate Ecclus 28:1-30 is not mapped onto greek: the Vulgate and the Greek divide Ecclesiasticus differently in all fifty-one chapters and no verse-level correspondence has been established; see the artifact record
Ecclus.28.28		unrecorded	vulgate Ecclus 28:1-30 is not mapped onto greek: the Vulgate and the Greek divide Ecclesiasticus differently in all fifty-one chapters and no verse-level correspondence has been established; see the artifact record
Ecclus.28.29		unrecorded	vulgate Ecclus 28:1-30 is not mapped onto greek: the Vulgate and the Greek divide Ecclesiasticus differently in all fifty-one chapters and no verse-level correspondence has been established; see the artifact record
Ecclus.28.3		unrecorded	vulgate Ecclus 28:1-30 is not mapped onto greek: the Vulgate and the Greek divide Ecclesiasticus differently in all fifty-one chapters and no verse-level correspondence has been established; see the artifact record
Ecclus.28.30		unrecorded	vulgate Ecclus 28:1-30 is not mapped onto greek: the Vulgate and the Greek divide Ecclesiasticus differently in all fifty-one chapters and no verse-level correspondence has been established; see the artifact record
Ecclus.28.4		unrecorded	vulgate Ecclus 28:1-30 is not mapped onto greek: the Vulgate and the Greek divide Ecclesiasticus differently in all fifty-one chapters and no verse-level correspondence has been established; see the artifact record
Ecclus.28.5		unrecorded	vulgate Ecclus 28:1-30 is not mapped onto greek: the Vulgate and the Greek divide Ecclesiasticus differently in all fifty-one chapters and no verse-level correspondence has been established; see the artifact record
Ecclus.28.6		unrecorded	vulgate Ecclus 28:1-30 is not mapped onto greek: the Vulgate and the Greek divide Ecclesiasticus differently in all fifty-one chapters and no verse-level correspondence has been established; see the artifact record
Ecclus.28.7		unrecorded	vulgate Ecclus 28:1-30 is not mapped onto greek: the Vulgate and the Greek divide Ecclesiasticus differently in all fifty-one chapters and no verse-level correspondence has been established; see the artifact record
Ecclus.28.8		unrecorded	vulgate Ecclus 28:1-30 is not mapped onto greek: the Vulgate and the Greek divide Ecclesiasticus differently in all fifty-one chapters and no verse-level correspondence has been established; see the artifact record
Ecclus.28.9		unrecorded	vulgate Ecclus 28:1-30 is not mapped onto greek: the Vulgate and the Greek divide Ecclesiasticus differently in all fifty-one chapters and no verse-level correspondence has been established; see the artifact record
Ecclus.29.1		unrecorded	vulgate Ecclus 29:1-34 is not mapped onto greek: the Vulgate and the Greek divide Ecclesiasticus differently in all fifty-one chapters and no verse-level correspondence has been established; see the artifact record
Ecclus.29.10		unrecorded	vulgate Ecclus 29:1-34 is not mapped onto greek: the Vulgate and the Greek divide Ecclesiasticus differently in all fifty-one chapters and no verse-level correspondence has been established; see the artifact record
Ecclus.29.11		unrecorded	vulgate Ecclus 29:1-34 is not mapped onto greek: the Vulgate and the Greek divide Ecclesiasticus differently in all fifty-one chapters and no verse-level correspondence has been established; see the artifact record
Ecclus.29.12		unrecorded	vulgate Ecclus 29:1-34 is not mapped onto greek: the Vulgate and the Greek divide Ecclesiasticus differently in all fifty-one chapters and no verse-level correspondence has been established; see the artifact record
Ecclus.29.13		unrecorded	vulgate Ecclus 29:1-34 is not mapped onto greek: the Vulgate and the Greek divide Ecclesiasticus differently in all fifty-one chapters and no verse-level correspondence has been established; see the artifact record
Ecclus.29.14		unrecorded	vulgate Ecclus 29:1-34 is not mapped onto greek: the Vulgate and the Greek divide Ecclesiasticus differently in all fifty-one chapters and no verse-level correspondence has been established; see the artifact record
Ecclus.29.15		unrecorded	vulgate Ecclus 29:1-34 is not mapped onto greek: the Vulgate and the Greek divide Ecclesiasticus differently in all fifty-one chapters and no verse-level correspondence has been established; see the artifact record
Ecclus.29.16		unrecorded	vulgate Ecclus 29:1-34 is not mapped onto greek: the Vulgate and the Greek divide Ecclesiasticus differently in all fifty-one chapters and no verse-level correspondence has been established; see the artifact record
Ecclus.29.17		unrecorded	vulgate Ecclus 29:1-34 is not mapped onto greek: the Vulgate and the Greek divide Ecclesiasticus differently in all fifty-one chapters and no verse-level correspondence has been established; see the artifact record
Ecclus.29.18		unrecorded	vulgate Ecclus 29:1-34 is not mapped onto greek: the Vulgate and the Greek divide Ecclesiasticus differently in all fifty-one chapters and no verse-level correspondence has been established; see the artifact record
Ecclus.29.19		unrecorded	vulgate Ecclus 29:1-34 is not mapped onto greek: the Vulgate and the Greek divide Ecclesiasticus differently in all fifty-one chapters and no verse-level correspondence has been established; see the artifact record
Ecclus.29.2		unrecorded	vulgate Ecclus 29:1-34 is not mapped onto greek: the Vulgate and the Greek divide Ecclesiasticus differently in all fifty-one chapters and no verse-level correspondence has been established; see the artifact record
Ecclus.29.20		unrecorded	vulgate Ecclus 29:1-34 is not mapped onto greek: the Vulgate and the Greek divide Ecclesiasticus differently in all fifty-one chapters and no verse-level correspondence has been established; see the artifact record
Ecclus.29.21		unrecorded	vulgate Ecclus 29:1-34 is not mapped onto greek: the Vulgate and the Greek divide Ecclesiasticus differently in all fifty-one chapters and no verse-level correspondence has been established; see the artifact record
Ecclus.29.22		unrecorded	vulgate Ecclus 29:1-34 is not mapped onto greek: the Vulgate and the Greek divide Ecclesiasticus differently in all fifty-one chapters and no verse-level correspondence has been established; see the artifact record
Ecclus.29.23		unrecorded	vulgate Ecclus 29:1-34 is not mapped onto greek: the Vulgate and the Greek divide Ecclesiasticus differently in all fifty-one chapters and no verse-level correspondence has been established; see the artifact record
Ecclus.29.24		unrecorded	vulgate Ecclus 29:1-34 is not mapped onto greek: the Vulgate and the Greek divide Ecclesiasticus differently in all fifty-one chapters and no verse-level correspondence has been established; see the artifact record
Ecclus.29.25		unrecorded	vulgate Ecclus 29:1-34 is not mapped onto greek: the Vulgate and the Greek divide Ecclesiasticus differently in all fifty-one chapters and no verse-level correspondence has been established; see the artifact record
Ecclus.29.26		unrecorded	vulgate Ecclus 29:1-34 is not mapped onto greek: the Vulgate and the Greek divide Ecclesiasticus differently in all fifty-one chapters and no verse-level correspondence has been established; see the artifact record
Ecclus.29.27		unrecorded	vulgate Ecclus 29:1-34 is not mapped onto greek: the Vulgate and the Greek divide Ecclesiasticus differently in all fifty-one chapters and no verse-level correspondence has been established; see the artifact record
Ecclus.29.28		unrecorded	vulgate Ecclus 29:1-34 is not mapped onto greek: the Vulgate and the Greek divide Ecclesiasticus differently in all fifty-one chapters and no verse-level correspondence has been established; see the artifact record
Ecclus.29.29		unrecorded	vulgate Ecclus 29:1-34 is not mapped onto greek: the Vulgate and the Greek divide Ecclesiasticus differently in all fifty-one chapters and no verse-level correspondence has been established; see the artifact record
Ecclus.29.3		unrecorded	vulgate Ecclus 29:1-34 is not mapped onto greek: the Vulgate and the Greek divide Ecclesiasticus differently in all fifty-one chapters and no verse-level correspondence has been established; see the artifact record
Ecclus.29.30		unrecorded	vulgate Ecclus 29:1-34 is not mapped onto greek: the Vulgate and the Greek divide Ecclesiasticus differently in all fifty-one chapters and no verse-level correspondence has been established; see the artifact record
Ecclus.29.31		unrecorded	vulgate Ecclus 29:1-34 is not mapped onto greek: the Vulgate and the Greek divide Ecclesiasticus differently in all fifty-one chapters and no verse-level correspondence has been established; see the artifact record
Ecclus.29.32		unrecorded	vulgate Ecclus 29:1-34 is not mapped onto greek: the Vulgate and the Greek divide Ecclesiasticus differently in all fifty-one chapters and no verse-level correspondence has been established; see the artifact record
Ecclus.29.33		unrecorded	vulgate Ecclus 29:1-34 is not mapped onto greek: the Vulgate and the Greek divide Ecclesiasticus differently in all fifty-one chapters and no verse-level correspondence has been established; see the artifact record
Ecclus.29.34		unrecorded	vulgate Ecclus 29:1-34 is not mapped onto greek: the Vulgate and the Greek divide Ecclesiasticus differently in all fifty-one chapters and no verse-level correspondence has been established; see the artifact record
Ecclus.29.4		unrecorded	vulgate Ecclus 29:1-34 is not mapped onto greek: the Vulgate and the Greek divide Ecclesiasticus differently in all fifty-one chapters and no verse-level correspondence has been established; see the artifact record
Ecclus.29.5		unrecorded	vulgate Ecclus 29:1-34 is not mapped onto greek: the Vulgate and the Greek divide Ecclesiasticus differently in all fifty-one chapters and no verse-level correspondence has been established; see the artifact record
Ecclus.29.6		unrecorded	vulgate Ecclus 29:1-34 is not mapped onto greek: the Vulgate and the Greek divide Ecclesiasticus differently in all fifty-one chapters and no verse-level correspondence has been established; see the artifact record
Ecclus.29.7		unrecorded	vulgate Ecclus 29:1-34 is not mapped onto greek: the Vulgate and the Greek divide Ecclesiasticus differently in all fifty-one chapters and no verse-level correspondence has been established; see the artifact record
Ecclus.29.8		unrecorded	vulgate Ecclus 29:1-34 is not mapped onto greek: the Vulgate and the Greek divide Ecclesiasticus differently in all fifty-one chapters and no verse-level correspondence has been established; see the artifact record
Ecclus.29.9		unrecorded	vulgate Ecclus 29:1-34 is not mapped onto greek: the Vulgate and the Greek divide Ecclesiasticus differently in all fifty-one chapters and no verse-level correspondence has been established; see the artifact record
Ecclus.3.1		unrecorded	vulgate Ecclus 3:1-34 is not mapped onto greek: the Vulgate and the Greek divide Ecclesiasticus differently in all fifty-one chapters and no verse-level correspondence has been established; see the artifact record
Ecclus.3.10		unrecorded	vulgate Ecclus 3:1-34 is not mapped onto greek: the Vulgate and the Greek divide Ecclesiasticus differently in all fifty-one chapters and no verse-level correspondence has been established; see the artifact record
Ecclus.3.11		unrecorded	vulgate Ecclus 3:1-34 is not mapped onto greek: the Vulgate and the Greek divide Ecclesiasticus differently in all fifty-one chapters and no verse-level correspondence has been established; see the artifact record
Ecclus.3.12		unrecorded	vulgate Ecclus 3:1-34 is not mapped onto greek: the Vulgate and the Greek divide Ecclesiasticus differently in all fifty-one chapters and no verse-level correspondence has been established; see the artifact record
Ecclus.3.13		unrecorded	vulgate Ecclus 3:1-34 is not mapped onto greek: the Vulgate and the Greek divide Ecclesiasticus differently in all fifty-one chapters and no verse-level correspondence has been established; see the artifact record
Ecclus.3.14		unrecorded	vulgate Ecclus 3:1-34 is not mapped onto greek: the Vulgate and the Greek divide Ecclesiasticus differently in all fifty-one chapters and no verse-level correspondence has been established; see the artifact record
Ecclus.3.15		unrecorded	vulgate Ecclus 3:1-34 is not mapped onto greek: the Vulgate and the Greek divide Ecclesiasticus differently in all fifty-one chapters and no verse-level correspondence has been established; see the artifact record
Ecclus.3.16		unrecorded	vulgate Ecclus 3:1-34 is not mapped onto greek: the Vulgate and the Greek divide Ecclesiasticus differently in all fifty-one chapters and no verse-level correspondence has been established; see the artifact record
Ecclus.3.17		unrecorded	vulgate Ecclus 3:1-34 is not mapped onto greek: the Vulgate and the Greek divide Ecclesiasticus differently in all fifty-one chapters and no verse-level correspondence has been established; see the artifact record
Ecclus.3.18		unrecorded	vulgate Ecclus 3:1-34 is not mapped onto greek: the Vulgate and the Greek divide Ecclesiasticus differently in all fifty-one chapters and no verse-level correspondence has been established; see the artifact record
Ecclus.3.19		unrecorded	vulgate Ecclus 3:1-34 is not mapped onto greek: the Vulgate and the Greek divide Ecclesiasticus differently in all fifty-one chapters and no verse-level correspondence has been established; see the artifact record
Ecclus.3.2		unrecorded	vulgate Ecclus 3:1-34 is not mapped onto greek: the Vulgate and the Greek divide Ecclesiasticus differently in all fifty-one chapters and no verse-level correspondence has been established; see the artifact record
Ecclus.3.20		unrecorded	vulgate Ecclus 3:1-34 is not mapped onto greek: the Vulgate and the Greek divide Ecclesiasticus differently in all fifty-one chapters and no verse-level correspondence has been established; see the artifact record
Ecclus.3.21		unrecorded	vulgate Ecclus 3:1-34 is not mapped onto greek: the Vulgate and the Greek divide Ecclesiasticus differently in all fifty-one chapters and no verse-level correspondence has been established; see the artifact record
Ecclus.3.22		unrecorded	vulgate Ecclus 3:1-34 is not mapped onto greek: the Vulgate and the Greek divide Ecclesiasticus differently in all fifty-one chapters and no verse-level correspondence has been established; see the artifact record
Ecclus.3.23		unrecorded	vulgate Ecclus 3:1-34 is not mapped onto greek: the Vulgate and the Greek divide Ecclesiasticus differently in all fifty-one chapters and no verse-level correspondence has been established; see the artifact record
Ecclus.3.24		unrecorded	vulgate Ecclus 3:1-34 is not mapped onto greek: the Vulgate and the Greek divide Ecclesiasticus differently in all fifty-one chapters and no verse-level correspondence has been established; see the artifact record
Ecclus.3.25		unrecorded	vulgate Ecclus 3:1-34 is not mapped onto greek: the Vulgate and the Greek divide Ecclesiasticus differently in all fifty-one chapters and no verse-level correspondence has been established; see the artifact record
Ecclus.3.26		unrecorded	vulgate Ecclus 3:1-34 is not mapped onto greek: the Vulgate and the Greek divide Ecclesiasticus differently in all fifty-one chapters and no verse-level correspondence has been established; see the artifact record
Ecclus.3.27		unrecorded	vulgate Ecclus 3:1-34 is not mapped onto greek: the Vulgate and the Greek divide Ecclesiasticus differently in all fifty-one chapters and no verse-level correspondence has been established; see the artifact record
Ecclus.3.28		unrecorded	vulgate Ecclus 3:1-34 is not mapped onto greek: the Vulgate and the Greek divide Ecclesiasticus differently in all fifty-one chapters and no verse-level correspondence has been established; see the artifact record
Ecclus.3.29		unrecorded	vulgate Ecclus 3:1-34 is not mapped onto greek: the Vulgate and the Greek divide Ecclesiasticus differently in all fifty-one chapters and no verse-level correspondence has been established; see the artifact record
Ecclus.3.3		unrecorded	vulgate Ecclus 3:1-34 is not mapped onto greek: the Vulgate and the Greek divide Ecclesiasticus differently in all fifty-one chapters and no verse-level correspondence has been established; see the artifact record
Ecclus.3.30		unrecorded	vulgate Ecclus 3:1-34 is not mapped onto greek: the Vulgate and the Greek divide Ecclesiasticus differently in all fifty-one chapters and no verse-level correspondence has been established; see the artifact record
Ecclus.3.31		unrecorded	vulgate Ecclus 3:1-34 is not mapped onto greek: the Vulgate and the Greek divide Ecclesiasticus differently in all fifty-one chapters and no verse-level correspondence has been established; see the artifact record
Ecclus.3.32		unrecorded	vulgate Ecclus 3:1-34 is not mapped onto greek: the Vulgate and the Greek divide Ecclesiasticus differently in all fifty-one chapters and no verse-level correspondence has been established; see the artifact record
Ecclus.3.33		unrecorded	vulgate Ecclus 3:1-34 is not mapped onto greek: the Vulgate and the Greek divide Ecclesiasticus differently in all fifty-one chapters and no verse-level correspondence has been established; see the artifact record
Ecclus.3.34		unrecorded	vulgate Ecclus 3:1-34 is not mapped onto greek: the Vulgate and the Greek divide Ecclesiasticus differently in all fifty-one chapters and no verse-level correspondence has been established; see the artifact record
Ecclus.3.4		unrecorded	vulgate Ecclus 3:1-34 is not mapped onto greek: the Vulgate and the Greek divide Ecclesiasticus differently in all fifty-one chapters and no verse-level correspondence has been established; see the artifact record
Ecclus.3.5		unrecorded	vulgate Ecclus 3:1-34 is not mapped onto greek: the Vulgate and the Greek divide Ecclesiasticus differently in all fifty-one chapters and no verse-level correspondence has been established; see the artifact record
Ecclus.3.6		unrecorded	vulgate Ecclus 3:1-34 is not mapped onto greek: the Vulgate and the Greek divide Ecclesiasticus differently in all fifty-one chapters and no verse-level correspondence has been established; see the artifact record
Ecclus.3.7		unrecorded	vulgate Ecclus 3:1-34 is not mapped onto greek: the Vulgate and the Greek divide Ecclesiasticus differently in all fifty-one chapters and no verse-level correspondence has been established; see the artifact record
Ecclus.3.8		unrecorded	vulgate Ecclus 3:1-34 is not mapped onto greek: the Vulgate and the Greek divide Ecclesiasticus differently in all fifty-one chapters and no verse-level correspondence has been established; see the artifact record
Ecclus.3.9		unrecorded	vulgate Ecclus 3:1-34 is not mapped onto greek: the Vulgate and the Greek divide Ecclesiasticus differently in all fifty-one chapters and no verse-level correspondence has been established; see the artifact record
Ecclus.30.1		unrecorded	vulgate Ecclus 30:1-27 is not mapped onto greek: the Vulgate and the Greek divide Ecclesiasticus differently in all fifty-one chapters and no verse-level correspondence has been established; see the artifact record
Ecclus.30.10		unrecorded	vulgate Ecclus 30:1-27 is not mapped onto greek: the Vulgate and the Greek divide Ecclesiasticus differently in all fifty-one chapters and no verse-level correspondence has been established; see the artifact record
Ecclus.30.11		unrecorded	vulgate Ecclus 30:1-27 is not mapped onto greek: the Vulgate and the Greek divide Ecclesiasticus differently in all fifty-one chapters and no verse-level correspondence has been established; see the artifact record
Ecclus.30.12		unrecorded	vulgate Ecclus 30:1-27 is not mapped onto greek: the Vulgate and the Greek divide Ecclesiasticus differently in all fifty-one chapters and no verse-level correspondence has been established; see the artifact record
Ecclus.30.13		unrecorded	vulgate Ecclus 30:1-27 is not mapped onto greek: the Vulgate and the Greek divide Ecclesiasticus differently in all fifty-one chapters and no verse-level correspondence has been established; see the artifact record
Ecclus.30.14		unrecorded	vulgate Ecclus 30:1-27 is not mapped onto greek: the Vulgate and the Greek divide Ecclesiasticus differently in all fifty-one chapters and no verse-level correspondence has been established; see the artifact record
Ecclus.30.15		unrecorded	vulgate Ecclus 30:1-27 is not mapped onto greek: the Vulgate and the Greek divide Ecclesiasticus differently in all fifty-one chapters and no verse-level correspondence has been established; see the artifact record
Ecclus.30.16		unrecorded	vulgate Ecclus 30:1-27 is not mapped onto greek: the Vulgate and the Greek divide Ecclesiasticus differently in all fifty-one chapters and no verse-level correspondence has been established; see the artifact record
Ecclus.30.17		unrecorded	vulgate Ecclus 30:1-27 is not mapped onto greek: the Vulgate and the Greek divide Ecclesiasticus differently in all fifty-one chapters and no verse-level correspondence has been established; see the artifact record
Ecclus.30.18		unrecorded	vulgate Ecclus 30:1-27 is not mapped onto greek: the Vulgate and the Greek divide Ecclesiasticus differently in all fifty-one chapters and no verse-level correspondence has been established; see the artifact record
Ecclus.30.19		unrecorded	vulgate Ecclus 30:1-27 is not mapped onto greek: the Vulgate and the Greek divide Ecclesiasticus differently in all fifty-one chapters and no verse-level correspondence has been established; see the artifact record
Ecclus.30.2		unrecorded	vulgate Ecclus 30:1-27 is not mapped onto greek: the Vulgate and the Greek divide Ecclesiasticus differently in all fifty-one chapters and no verse-level correspondence has been established; see the artifact record
Ecclus.30.20		unrecorded	vulgate Ecclus 30:1-27 is not mapped onto greek: the Vulgate and the Greek divide Ecclesiasticus differently in all fifty-one chapters and no verse-level correspondence has been established; see the artifact record
Ecclus.30.21		unrecorded	vulgate Ecclus 30:1-27 is not mapped onto greek: the Vulgate and the Greek divide Ecclesiasticus differently in all fifty-one chapters and no verse-level correspondence has been established; see the artifact record
Ecclus.30.22		unrecorded	vulgate Ecclus 30:1-27 is not mapped onto greek: the Vulgate and the Greek divide Ecclesiasticus differently in all fifty-one chapters and no verse-level correspondence has been established; see the artifact record
Ecclus.30.23		unrecorded	vulgate Ecclus 30:1-27 is not mapped onto greek: the Vulgate and the Greek divide Ecclesiasticus differently in all fifty-one chapters and no verse-level correspondence has been established; see the artifact record
Ecclus.30.24		unrecorded	vulgate Ecclus 30:1-27 is not mapped onto greek: the Vulgate and the Greek divide Ecclesiasticus differently in all fifty-one chapters and no verse-level correspondence has been established; see the artifact record
Ecclus.30.25		unrecorded	vulgate Ecclus 30:1-27 is not mapped onto greek: the Vulgate and the Greek divide Ecclesiasticus differently in all fifty-one chapters and no verse-level correspondence has been established; see the artifact record
Ecclus.30.26		unrecorded	vulgate Ecclus 30:1-27 is not mapped onto greek: the Vulgate and the Greek divide Ecclesiasticus differently in all fifty-one chapters and no verse-level correspondence has been established; see the artifact record
Ecclus.30.27		unrecorded	vulgate Ecclus 30:1-27 is not mapped onto greek: the Vulgate and the Greek divide Ecclesiasticus differently in all fifty-one chapters and no verse-level correspondence has been established; see the artifact record
Ecclus.30.3		unrecorded	vulgate Ecclus 30:1-27 is not mapped onto greek: the Vulgate and the Greek divide Ecclesiasticus differently in all fifty-one chapters and no verse-level correspondence has been established; see the artifact record
Ecclus.30.4		unrecorded	vulgate Ecclus 30:1-27 is not mapped onto greek: the Vulgate and the Greek divide Ecclesiasticus differently in all fifty-one chapters and no verse-level correspondence has been established; see the artifact record
Ecclus.30.5		unrecorded	vulgate Ecclus 30:1-27 is not mapped onto greek: the Vulgate and the Greek divide Ecclesiasticus differently in all fifty-one chapters and no verse-level correspondence has been established; see the artifact record
Ecclus.30.6		unrecorded	vulgate Ecclus 30:1-27 is not mapped onto greek: the Vulgate and the Greek divide Ecclesiasticus differently in all fifty-one chapters and no verse-level correspondence has been established; see the artifact record
Ecclus.30.7		unrecorded	vulgate Ecclus 30:1-27 is not mapped onto greek: the Vulgate and the Greek divide Ecclesiasticus differently in all fifty-one chapters and no verse-level correspondence has been established; see the artifact record
Ecclus.30.8		unrecorded	vulgate Ecclus 30:1-27 is not mapped onto greek: the Vulgate and the Greek divide Ecclesiasticus differently in all fifty-one chapters and no verse-level correspondence has been established; see the artifact record
Ecclus.30.9		unrecorded	vulgate Ecclus 30:1-27 is not mapped onto greek: the Vulgate and the Greek divide Ecclesiasticus differently in all fifty-one chapters and no verse-level correspondence has been established; see the artifact record
Ecclus.31.1		unrecorded	vulgate Ecclus 31:1-42 is not mapped onto greek: the Vulgate and the Greek divide Ecclesiasticus differently in all fifty-one chapters and no verse-level correspondence has been established; see the artifact record
Ecclus.31.10		unrecorded	vulgate Ecclus 31:1-42 is not mapped onto greek: the Vulgate and the Greek divide Ecclesiasticus differently in all fifty-one chapters and no verse-level correspondence has been established; see the artifact record
Ecclus.31.11		unrecorded	vulgate Ecclus 31:1-42 is not mapped onto greek: the Vulgate and the Greek divide Ecclesiasticus differently in all fifty-one chapters and no verse-level correspondence has been established; see the artifact record
Ecclus.31.12		unrecorded	vulgate Ecclus 31:1-42 is not mapped onto greek: the Vulgate and the Greek divide Ecclesiasticus differently in all fifty-one chapters and no verse-level correspondence has been established; see the artifact record
Ecclus.31.13		unrecorded	vulgate Ecclus 31:1-42 is not mapped onto greek: the Vulgate and the Greek divide Ecclesiasticus differently in all fifty-one chapters and no verse-level correspondence has been established; see the artifact record
Ecclus.31.14		unrecorded	vulgate Ecclus 31:1-42 is not mapped onto greek: the Vulgate and the Greek divide Ecclesiasticus differently in all fifty-one chapters and no verse-level correspondence has been established; see the artifact record
Ecclus.31.15		unrecorded	vulgate Ecclus 31:1-42 is not mapped onto greek: the Vulgate and the Greek divide Ecclesiasticus differently in all fifty-one chapters and no verse-level correspondence has been established; see the artifact record
Ecclus.31.16		unrecorded	vulgate Ecclus 31:1-42 is not mapped onto greek: the Vulgate and the Greek divide Ecclesiasticus differently in all fifty-one chapters and no verse-level correspondence has been established; see the artifact record
Ecclus.31.17		unrecorded	vulgate Ecclus 31:1-42 is not mapped onto greek: the Vulgate and the Greek divide Ecclesiasticus differently in all fifty-one chapters and no verse-level correspondence has been established; see the artifact record
Ecclus.31.18		unrecorded	vulgate Ecclus 31:1-42 is not mapped onto greek: the Vulgate and the Greek divide Ecclesiasticus differently in all fifty-one chapters and no verse-level correspondence has been established; see the artifact record
Ecclus.31.19		unrecorded	vulgate Ecclus 31:1-42 is not mapped onto greek: the Vulgate and the Greek divide Ecclesiasticus differently in all fifty-one chapters and no verse-level correspondence has been established; see the artifact record
Ecclus.31.2		unrecorded	vulgate Ecclus 31:1-42 is not mapped onto greek: the Vulgate and the Greek divide Ecclesiasticus differently in all fifty-one chapters and no verse-level correspondence has been established; see the artifact record
Ecclus.31.20		unrecorded	vulgate Ecclus 31:1-42 is not mapped onto greek: the Vulgate and the Greek divide Ecclesiasticus differently in all fifty-one chapters and no verse-level correspondence has been established; see the artifact record
Ecclus.31.21		unrecorded	vulgate Ecclus 31:1-42 is not mapped onto greek: the Vulgate and the Greek divide Ecclesiasticus differently in all fifty-one chapters and no verse-level correspondence has been established; see the artifact record
Ecclus.31.22		unrecorded	vulgate Ecclus 31:1-42 is not mapped onto greek: the Vulgate and the Greek divide Ecclesiasticus differently in all fifty-one chapters and no verse-level correspondence has been established; see the artifact record
Ecclus.31.23		unrecorded	vulgate Ecclus 31:1-42 is not mapped onto greek: the Vulgate and the Greek divide Ecclesiasticus differently in all fifty-one chapters and no verse-level correspondence has been established; see the artifact record
Ecclus.31.24		unrecorded	vulgate Ecclus 31:1-42 is not mapped onto greek: the Vulgate and the Greek divide Ecclesiasticus differently in all fifty-one chapters and no verse-level correspondence has been established; see the artifact record
Ecclus.31.25		unrecorded	vulgate Ecclus 31:1-42 is not mapped onto greek: the Vulgate and the Greek divide Ecclesiasticus differently in all fifty-one chapters and no verse-level correspondence has been established; see the artifact record
Ecclus.31.26		unrecorded	vulgate Ecclus 31:1-42 is not mapped onto greek: the Vulgate and the Greek divide Ecclesiasticus differently in all fifty-one chapters and no verse-level correspondence has been established; see the artifact record
Ecclus.31.27		unrecorded	vulgate Ecclus 31:1-42 is not mapped onto greek: the Vulgate and the Greek divide Ecclesiasticus differently in all fifty-one chapters and no verse-level correspondence has been established; see the artifact record
Ecclus.31.28		unrecorded	vulgate Ecclus 31:1-42 is not mapped onto greek: the Vulgate and the Greek divide Ecclesiasticus differently in all fifty-one chapters and no verse-level correspondence has been established; see the artifact record
Ecclus.31.29		unrecorded	vulgate Ecclus 31:1-42 is not mapped onto greek: the Vulgate and the Greek divide Ecclesiasticus differently in all fifty-one chapters and no verse-level correspondence has been established; see the artifact record
Ecclus.31.3		unrecorded	vulgate Ecclus 31:1-42 is not mapped onto greek: the Vulgate and the Greek divide Ecclesiasticus differently in all fifty-one chapters and no verse-level correspondence has been established; see the artifact record
Ecclus.31.30		unrecorded	vulgate Ecclus 31:1-42 is not mapped onto greek: the Vulgate and the Greek divide Ecclesiasticus differently in all fifty-one chapters and no verse-level correspondence has been established; see the artifact record
Ecclus.31.31		unrecorded	vulgate Ecclus 31:1-42 is not mapped onto greek: the Vulgate and the Greek divide Ecclesiasticus differently in all fifty-one chapters and no verse-level correspondence has been established; see the artifact record
Ecclus.31.32		unrecorded	vulgate Ecclus 31:1-42 is not mapped onto greek: the Vulgate and the Greek divide Ecclesiasticus differently in all fifty-one chapters and no verse-level correspondence has been established; see the artifact record
Ecclus.31.33		unrecorded	vulgate Ecclus 31:1-42 is not mapped onto greek: the Vulgate and the Greek divide Ecclesiasticus differently in all fifty-one chapters and no verse-level correspondence has been established; see the artifact record
Ecclus.31.34		unrecorded	vulgate Ecclus 31:1-42 is not mapped onto greek: the Vulgate and the Greek divide Ecclesiasticus differently in all fifty-one chapters and no verse-level correspondence has been established; see the artifact record
Ecclus.31.35		unrecorded	vulgate Ecclus 31:1-42 is not mapped onto greek: the Vulgate and the Greek divide Ecclesiasticus differently in all fifty-one chapters and no verse-level correspondence has been established; see the artifact record
Ecclus.31.36		unrecorded	vulgate Ecclus 31:1-42 is not mapped onto greek: the Vulgate and the Greek divide Ecclesiasticus differently in all fifty-one chapters and no verse-level correspondence has been established; see the artifact record
Ecclus.31.37		unrecorded	vulgate Ecclus 31:1-42 is not mapped onto greek: the Vulgate and the Greek divide Ecclesiasticus differently in all fifty-one chapters and no verse-level correspondence has been established; see the artifact record
Ecclus.31.38		unrecorded	vulgate Ecclus 31:1-42 is not mapped onto greek: the Vulgate and the Greek divide Ecclesiasticus differently in all fifty-one chapters and no verse-level correspondence has been established; see the artifact record
Ecclus.31.39		unrecorded	vulgate Ecclus 31:1-42 is not mapped onto greek: the Vulgate and the Greek divide Ecclesiasticus differently in all fifty-one chapters and no verse-level correspondence has been established; see the artifact record
Ecclus.31.4		unrecorded	vulgate Ecclus 31:1-42 is not mapped onto greek: the Vulgate and the Greek divide Ecclesiasticus differently in all fifty-one chapters and no verse-level correspondence has been established; see the artifact record
Ecclus.31.40		unrecorded	vulgate Ecclus 31:1-42 is not mapped onto greek: the Vulgate and the Greek divide Ecclesiasticus differently in all fifty-one chapters and no verse-level correspondence has been established; see the artifact record
Ecclus.31.41		unrecorded	vulgate Ecclus 31:1-42 is not mapped onto greek: the Vulgate and the Greek divide Ecclesiasticus differently in all fifty-one chapters and no verse-level correspondence has been established; see the artifact record
Ecclus.31.42		unrecorded	vulgate Ecclus 31:1-42 is not mapped onto greek: the Vulgate and the Greek divide Ecclesiasticus differently in all fifty-one chapters and no verse-level correspondence has been established; see the artifact record
Ecclus.31.5		unrecorded	vulgate Ecclus 31:1-42 is not mapped onto greek: the Vulgate and the Greek divide Ecclesiasticus differently in all fifty-one chapters and no verse-level correspondence has been established; see the artifact record
Ecclus.31.6		unrecorded	vulgate Ecclus 31:1-42 is not mapped onto greek: the Vulgate and the Greek divide Ecclesiasticus differently in all fifty-one chapters and no verse-level correspondence has been established; see the artifact record
Ecclus.31.7		unrecorded	vulgate Ecclus 31:1-42 is not mapped onto greek: the Vulgate and the Greek divide Ecclesiasticus differently in all fifty-one chapters and no verse-level correspondence has been established; see the artifact record
Ecclus.31.8		unrecorded	vulgate Ecclus 31:1-42 is not mapped onto greek: the Vulgate and the Greek divide Ecclesiasticus differently in all fifty-one chapters and no verse-level correspondence has been established; see the artifact record
Ecclus.31.9		unrecorded	vulgate Ecclus 31:1-42 is not mapped onto greek: the Vulgate and the Greek divide Ecclesiasticus differently in all fifty-one chapters and no verse-level correspondence has been established; see the artifact record
Ecclus.32.1		unrecorded	vulgate Ecclus 32:1-28 is not mapped onto greek: the Vulgate and the Greek divide Ecclesiasticus differently in all fifty-one chapters and no verse-level correspondence has been established; see the artifact record
Ecclus.32.10		unrecorded	vulgate Ecclus 32:1-28 is not mapped onto greek: the Vulgate and the Greek divide Ecclesiasticus differently in all fifty-one chapters and no verse-level correspondence has been established; see the artifact record
Ecclus.32.11		unrecorded	vulgate Ecclus 32:1-28 is not mapped onto greek: the Vulgate and the Greek divide Ecclesiasticus differently in all fifty-one chapters and no verse-level correspondence has been established; see the artifact record
Ecclus.32.12		unrecorded	vulgate Ecclus 32:1-28 is not mapped onto greek: the Vulgate and the Greek divide Ecclesiasticus differently in all fifty-one chapters and no verse-level correspondence has been established; see the artifact record
Ecclus.32.13		unrecorded	vulgate Ecclus 32:1-28 is not mapped onto greek: the Vulgate and the Greek divide Ecclesiasticus differently in all fifty-one chapters and no verse-level correspondence has been established; see the artifact record
Ecclus.32.14		unrecorded	vulgate Ecclus 32:1-28 is not mapped onto greek: the Vulgate and the Greek divide Ecclesiasticus differently in all fifty-one chapters and no verse-level correspondence has been established; see the artifact record
Ecclus.32.15		unrecorded	vulgate Ecclus 32:1-28 is not mapped onto greek: the Vulgate and the Greek divide Ecclesiasticus differently in all fifty-one chapters and no verse-level correspondence has been established; see the artifact record
Ecclus.32.16		unrecorded	vulgate Ecclus 32:1-28 is not mapped onto greek: the Vulgate and the Greek divide Ecclesiasticus differently in all fifty-one chapters and no verse-level correspondence has been established; see the artifact record
Ecclus.32.17		unrecorded	vulgate Ecclus 32:1-28 is not mapped onto greek: the Vulgate and the Greek divide Ecclesiasticus differently in all fifty-one chapters and no verse-level correspondence has been established; see the artifact record
Ecclus.32.18		unrecorded	vulgate Ecclus 32:1-28 is not mapped onto greek: the Vulgate and the Greek divide Ecclesiasticus differently in all fifty-one chapters and no verse-level correspondence has been established; see the artifact record
Ecclus.32.19		unrecorded	vulgate Ecclus 32:1-28 is not mapped onto greek: the Vulgate and the Greek divide Ecclesiasticus differently in all fifty-one chapters and no verse-level correspondence has been established; see the artifact record
Ecclus.32.2		unrecorded	vulgate Ecclus 32:1-28 is not mapped onto greek: the Vulgate and the Greek divide Ecclesiasticus differently in all fifty-one chapters and no verse-level correspondence has been established; see the artifact record
Ecclus.32.20		unrecorded	vulgate Ecclus 32:1-28 is not mapped onto greek: the Vulgate and the Greek divide Ecclesiasticus differently in all fifty-one chapters and no verse-level correspondence has been established; see the artifact record
Ecclus.32.21		unrecorded	vulgate Ecclus 32:1-28 is not mapped onto greek: the Vulgate and the Greek divide Ecclesiasticus differently in all fifty-one chapters and no verse-level correspondence has been established; see the artifact record
Ecclus.32.22		unrecorded	vulgate Ecclus 32:1-28 is not mapped onto greek: the Vulgate and the Greek divide Ecclesiasticus differently in all fifty-one chapters and no verse-level correspondence has been established; see the artifact record
Ecclus.32.23		unrecorded	vulgate Ecclus 32:1-28 is not mapped onto greek: the Vulgate and the Greek divide Ecclesiasticus differently in all fifty-one chapters and no verse-level correspondence has been established; see the artifact record
Ecclus.32.24		unrecorded	vulgate Ecclus 32:1-28 is not mapped onto greek: the Vulgate and the Greek divide Ecclesiasticus differently in all fifty-one chapters and no verse-level correspondence has been established; see the artifact record
Ecclus.32.25		unrecorded	vulgate Ecclus 32:1-28 is not mapped onto greek: the Vulgate and the Greek divide Ecclesiasticus differently in all fifty-one chapters and no verse-level correspondence has been established; see the artifact record
Ecclus.32.26		unrecorded	vulgate Ecclus 32:1-28 is not mapped onto greek: the Vulgate and the Greek divide Ecclesiasticus differently in all fifty-one chapters and no verse-level correspondence has been established; see the artifact record
Ecclus.32.27		unrecorded	vulgate Ecclus 32:1-28 is not mapped onto greek: the Vulgate and the Greek divide Ecclesiasticus differently in all fifty-one chapters and no verse-level correspondence has been established; see the artifact record
Ecclus.32.28		unrecorded	vulgate Ecclus 32:1-28 is not mapped onto greek: the Vulgate and the Greek divide Ecclesiasticus differently in all fifty-one chapters and no verse-level correspondence has been established; see the artifact record
Ecclus.32.3		unrecorded	vulgate Ecclus 32:1-28 is not mapped onto greek: the Vulgate and the Greek divide Ecclesiasticus differently in all fifty-one chapters and no verse-level correspondence has been established; see the artifact record
Ecclus.32.4		unrecorded	vulgate Ecclus 32:1-28 is not mapped onto greek: the Vulgate and the Greek divide Ecclesiasticus differently in all fifty-one chapters and no verse-level correspondence has been established; see the artifact record
Ecclus.32.5		unrecorded	vulgate Ecclus 32:1-28 is not mapped onto greek: the Vulgate and the Greek divide Ecclesiasticus differently in all fifty-one chapters and no verse-level correspondence has been established; see the artifact record
Ecclus.32.6		unrecorded	vulgate Ecclus 32:1-28 is not mapped onto greek: the Vulgate and the Greek divide Ecclesiasticus differently in all fifty-one chapters and no verse-level correspondence has been established; see the artifact record
Ecclus.32.7		unrecorded	vulgate Ecclus 32:1-28 is not mapped onto greek: the Vulgate and the Greek divide Ecclesiasticus differently in all fifty-one chapters and no verse-level correspondence has been established; see the artifact record
Ecclus.32.8		unrecorded	vulgate Ecclus 32:1-28 is not mapped onto greek: the Vulgate and the Greek divide Ecclesiasticus differently in all fifty-one chapters and no verse-level correspondence has been established; see the artifact record
Ecclus.32.9		unrecorded	vulgate Ecclus 32:1-28 is not mapped onto greek: the Vulgate and the Greek divide Ecclesiasticus differently in all fifty-one chapters and no verse-level correspondence has been established; see the artifact record
Ecclus.33.1		unrecorded	vulgate Ecclus 33:1-33 is not mapped onto greek: the Vulgate and the Greek divide Ecclesiasticus differently in all fifty-one chapters and no verse-level correspondence has been established; see the artifact record
Ecclus.33.10		unrecorded	vulgate Ecclus 33:1-33 is not mapped onto greek: the Vulgate and the Greek divide Ecclesiasticus differently in all fifty-one chapters and no verse-level correspondence has been established; see the artifact record
Ecclus.33.11		unrecorded	vulgate Ecclus 33:1-33 is not mapped onto greek: the Vulgate and the Greek divide Ecclesiasticus differently in all fifty-one chapters and no verse-level correspondence has been established; see the artifact record
Ecclus.33.12		unrecorded	vulgate Ecclus 33:1-33 is not mapped onto greek: the Vulgate and the Greek divide Ecclesiasticus differently in all fifty-one chapters and no verse-level correspondence has been established; see the artifact record
Ecclus.33.13		unrecorded	vulgate Ecclus 33:1-33 is not mapped onto greek: the Vulgate and the Greek divide Ecclesiasticus differently in all fifty-one chapters and no verse-level correspondence has been established; see the artifact record
Ecclus.33.14		unrecorded	vulgate Ecclus 33:1-33 is not mapped onto greek: the Vulgate and the Greek divide Ecclesiasticus differently in all fifty-one chapters and no verse-level correspondence has been established; see the artifact record
Ecclus.33.15		unrecorded	vulgate Ecclus 33:1-33 is not mapped onto greek: the Vulgate and the Greek divide Ecclesiasticus differently in all fifty-one chapters and no verse-level correspondence has been established; see the artifact record
Ecclus.33.16		unrecorded	vulgate Ecclus 33:1-33 is not mapped onto greek: the Vulgate and the Greek divide Ecclesiasticus differently in all fifty-one chapters and no verse-level correspondence has been established; see the artifact record
Ecclus.33.17		unrecorded	vulgate Ecclus 33:1-33 is not mapped onto greek: the Vulgate and the Greek divide Ecclesiasticus differently in all fifty-one chapters and no verse-level correspondence has been established; see the artifact record
Ecclus.33.18		unrecorded	vulgate Ecclus 33:1-33 is not mapped onto greek: the Vulgate and the Greek divide Ecclesiasticus differently in all fifty-one chapters and no verse-level correspondence has been established; see the artifact record
Ecclus.33.19		unrecorded	vulgate Ecclus 33:1-33 is not mapped onto greek: the Vulgate and the Greek divide Ecclesiasticus differently in all fifty-one chapters and no verse-level correspondence has been established; see the artifact record
Ecclus.33.2		unrecorded	vulgate Ecclus 33:1-33 is not mapped onto greek: the Vulgate and the Greek divide Ecclesiasticus differently in all fifty-one chapters and no verse-level correspondence has been established; see the artifact record
Ecclus.33.20		unrecorded	vulgate Ecclus 33:1-33 is not mapped onto greek: the Vulgate and the Greek divide Ecclesiasticus differently in all fifty-one chapters and no verse-level correspondence has been established; see the artifact record
Ecclus.33.21		unrecorded	vulgate Ecclus 33:1-33 is not mapped onto greek: the Vulgate and the Greek divide Ecclesiasticus differently in all fifty-one chapters and no verse-level correspondence has been established; see the artifact record
Ecclus.33.22		unrecorded	vulgate Ecclus 33:1-33 is not mapped onto greek: the Vulgate and the Greek divide Ecclesiasticus differently in all fifty-one chapters and no verse-level correspondence has been established; see the artifact record
Ecclus.33.23		unrecorded	vulgate Ecclus 33:1-33 is not mapped onto greek: the Vulgate and the Greek divide Ecclesiasticus differently in all fifty-one chapters and no verse-level correspondence has been established; see the artifact record
Ecclus.33.24		unrecorded	vulgate Ecclus 33:1-33 is not mapped onto greek: the Vulgate and the Greek divide Ecclesiasticus differently in all fifty-one chapters and no verse-level correspondence has been established; see the artifact record
Ecclus.33.25		unrecorded	vulgate Ecclus 33:1-33 is not mapped onto greek: the Vulgate and the Greek divide Ecclesiasticus differently in all fifty-one chapters and no verse-level correspondence has been established; see the artifact record
Ecclus.33.26		unrecorded	vulgate Ecclus 33:1-33 is not mapped onto greek: the Vulgate and the Greek divide Ecclesiasticus differently in all fifty-one chapters and no verse-level correspondence has been established; see the artifact record
Ecclus.33.27		unrecorded	vulgate Ecclus 33:1-33 is not mapped onto greek: the Vulgate and the Greek divide Ecclesiasticus differently in all fifty-one chapters and no verse-level correspondence has been established; see the artifact record
Ecclus.33.28		unrecorded	vulgate Ecclus 33:1-33 is not mapped onto greek: the Vulgate and the Greek divide Ecclesiasticus differently in all fifty-one chapters and no verse-level correspondence has been established; see the artifact record
Ecclus.33.29		unrecorded	vulgate Ecclus 33:1-33 is not mapped onto greek: the Vulgate and the Greek divide Ecclesiasticus differently in all fifty-one chapters and no verse-level correspondence has been established; see the artifact record
Ecclus.33.3		unrecorded	vulgate Ecclus 33:1-33 is not mapped onto greek: the Vulgate and the Greek divide Ecclesiasticus differently in all fifty-one chapters and no verse-level correspondence has been established; see the artifact record
Ecclus.33.30		unrecorded	vulgate Ecclus 33:1-33 is not mapped onto greek: the Vulgate and the Greek divide Ecclesiasticus differently in all fifty-one chapters and no verse-level correspondence has been established; see the artifact record
Ecclus.33.31		unrecorded	vulgate Ecclus 33:1-33 is not mapped onto greek: the Vulgate and the Greek divide Ecclesiasticus differently in all fifty-one chapters and no verse-level correspondence has been established; see the artifact record
Ecclus.33.32		unrecorded	vulgate Ecclus 33:1-33 is not mapped onto greek: the Vulgate and the Greek divide Ecclesiasticus differently in all fifty-one chapters and no verse-level correspondence has been established; see the artifact record
Ecclus.33.33		unrecorded	vulgate Ecclus 33:1-33 is not mapped onto greek: the Vulgate and the Greek divide Ecclesiasticus differently in all fifty-one chapters and no verse-level correspondence has been established; see the artifact record
Ecclus.33.4		unrecorded	vulgate Ecclus 33:1-33 is not mapped onto greek: the Vulgate and the Greek divide Ecclesiasticus differently in all fifty-one chapters and no verse-level correspondence has been established; see the artifact record
Ecclus.33.5		unrecorded	vulgate Ecclus 33:1-33 is not mapped onto greek: the Vulgate and the Greek divide Ecclesiasticus differently in all fifty-one chapters and no verse-level correspondence has been established; see the artifact record
Ecclus.33.6		unrecorded	vulgate Ecclus 33:1-33 is not mapped onto greek: the Vulgate and the Greek divide Ecclesiasticus differently in all fifty-one chapters and no verse-level correspondence has been established; see the artifact record
Ecclus.33.7		unrecorded	vulgate Ecclus 33:1-33 is not mapped onto greek: the Vulgate and the Greek divide Ecclesiasticus differently in all fifty-one chapters and no verse-level correspondence has been established; see the artifact record
Ecclus.33.8		unrecorded	vulgate Ecclus 33:1-33 is not mapped onto greek: the Vulgate and the Greek divide Ecclesiasticus differently in all fifty-one chapters and no verse-level correspondence has been established; see the artifact record
Ecclus.33.9		unrecorded	vulgate Ecclus 33:1-33 is not mapped onto greek: the Vulgate and the Greek divide Ecclesiasticus differently in all fifty-one chapters and no verse-level correspondence has been established; see the artifact record
Ecclus.34.1		unrecorded	vulgate Ecclus 34:1-31 is not mapped onto greek: the Vulgate and the Greek divide Ecclesiasticus differently in all fifty-one chapters and no verse-level correspondence has been established; see the artifact record
Ecclus.34.10		unrecorded	vulgate Ecclus 34:1-31 is not mapped onto greek: the Vulgate and the Greek divide Ecclesiasticus differently in all fifty-one chapters and no verse-level correspondence has been established; see the artifact record
Ecclus.34.11		unrecorded	vulgate Ecclus 34:1-31 is not mapped onto greek: the Vulgate and the Greek divide Ecclesiasticus differently in all fifty-one chapters and no verse-level correspondence has been established; see the artifact record
Ecclus.34.12		unrecorded	vulgate Ecclus 34:1-31 is not mapped onto greek: the Vulgate and the Greek divide Ecclesiasticus differently in all fifty-one chapters and no verse-level correspondence has been established; see the artifact record
Ecclus.34.13		unrecorded	vulgate Ecclus 34:1-31 is not mapped onto greek: the Vulgate and the Greek divide Ecclesiasticus differently in all fifty-one chapters and no verse-level correspondence has been established; see the artifact record
Ecclus.34.14		unrecorded	vulgate Ecclus 34:1-31 is not mapped onto greek: the Vulgate and the Greek divide Ecclesiasticus differently in all fifty-one chapters and no verse-level correspondence has been established; see the artifact record
Ecclus.34.15		unrecorded	vulgate Ecclus 34:1-31 is not mapped onto greek: the Vulgate and the Greek divide Ecclesiasticus differently in all fifty-one chapters and no verse-level correspondence has been established; see the artifact record
Ecclus.34.16		unrecorded	vulgate Ecclus 34:1-31 is not mapped onto greek: the Vulgate and the Greek divide Ecclesiasticus differently in all fifty-one chapters and no verse-level correspondence has been established; see the artifact record
Ecclus.34.17		unrecorded	vulgate Ecclus 34:1-31 is not mapped onto greek: the Vulgate and the Greek divide Ecclesiasticus differently in all fifty-one chapters and no verse-level correspondence has been established; see the artifact record
Ecclus.34.18		unrecorded	vulgate Ecclus 34:1-31 is not mapped onto greek: the Vulgate and the Greek divide Ecclesiasticus differently in all fifty-one chapters and no verse-level correspondence has been established; see the artifact record
Ecclus.34.19		unrecorded	vulgate Ecclus 34:1-31 is not mapped onto greek: the Vulgate and the Greek divide Ecclesiasticus differently in all fifty-one chapters and no verse-level correspondence has been established; see the artifact record
Ecclus.34.2		unrecorded	vulgate Ecclus 34:1-31 is not mapped onto greek: the Vulgate and the Greek divide Ecclesiasticus differently in all fifty-one chapters and no verse-level correspondence has been established; see the artifact record
Ecclus.34.20		unrecorded	vulgate Ecclus 34:1-31 is not mapped onto greek: the Vulgate and the Greek divide Ecclesiasticus differently in all fifty-one chapters and no verse-level correspondence has been established; see the artifact record
Ecclus.34.21		unrecorded	vulgate Ecclus 34:1-31 is not mapped onto greek: the Vulgate and the Greek divide Ecclesiasticus differently in all fifty-one chapters and no verse-level correspondence has been established; see the artifact record
Ecclus.34.22		unrecorded	vulgate Ecclus 34:1-31 is not mapped onto greek: the Vulgate and the Greek divide Ecclesiasticus differently in all fifty-one chapters and no verse-level correspondence has been established; see the artifact record
Ecclus.34.23		unrecorded	vulgate Ecclus 34:1-31 is not mapped onto greek: the Vulgate and the Greek divide Ecclesiasticus differently in all fifty-one chapters and no verse-level correspondence has been established; see the artifact record
Ecclus.34.24		unrecorded	vulgate Ecclus 34:1-31 is not mapped onto greek: the Vulgate and the Greek divide Ecclesiasticus differently in all fifty-one chapters and no verse-level correspondence has been established; see the artifact record
Ecclus.34.25		unrecorded	vulgate Ecclus 34:1-31 is not mapped onto greek: the Vulgate and the Greek divide Ecclesiasticus differently in all fifty-one chapters and no verse-level correspondence has been established; see the artifact record
Ecclus.34.26		unrecorded	vulgate Ecclus 34:1-31 is not mapped onto greek: the Vulgate and the Greek divide Ecclesiasticus differently in all fifty-one chapters and no verse-level correspondence has been established; see the artifact record
Ecclus.34.27		unrecorded	vulgate Ecclus 34:1-31 is not mapped onto greek: the Vulgate and the Greek divide Ecclesiasticus differently in all fifty-one chapters and no verse-level correspondence has been established; see the artifact record
Ecclus.34.28		unrecorded	vulgate Ecclus 34:1-31 is not mapped onto greek: the Vulgate and the Greek divide Ecclesiasticus differently in all fifty-one chapters and no verse-level correspondence has been established; see the artifact record
Ecclus.34.29		unrecorded	vulgate Ecclus 34:1-31 is not mapped onto greek: the Vulgate and the Greek divide Ecclesiasticus differently in all fifty-one chapters and no verse-level correspondence has been established; see the artifact record
Ecclus.34.3		unrecorded	vulgate Ecclus 34:1-31 is not mapped onto greek: the Vulgate and the Greek divide Ecclesiasticus differently in all fifty-one chapters and no verse-level correspondence has been established; see the artifact record
Ecclus.34.30		unrecorded	vulgate Ecclus 34:1-31 is not mapped onto greek: the Vulgate and the Greek divide Ecclesiasticus differently in all fifty-one chapters and no verse-level correspondence has been established; see the artifact record
Ecclus.34.31		unrecorded	vulgate Ecclus 34:1-31 is not mapped onto greek: the Vulgate and the Greek divide Ecclesiasticus differently in all fifty-one chapters and no verse-level correspondence has been established; see the artifact record
Ecclus.34.4		unrecorded	vulgate Ecclus 34:1-31 is not mapped onto greek: the Vulgate and the Greek divide Ecclesiasticus differently in all fifty-one chapters and no verse-level correspondence has been established; see the artifact record
Ecclus.34.5		unrecorded	vulgate Ecclus 34:1-31 is not mapped onto greek: the Vulgate and the Greek divide Ecclesiasticus differently in all fifty-one chapters and no verse-level correspondence has been established; see the artifact record
Ecclus.34.6		unrecorded	vulgate Ecclus 34:1-31 is not mapped onto greek: the Vulgate and the Greek divide Ecclesiasticus differently in all fifty-one chapters and no verse-level correspondence has been established; see the artifact record
Ecclus.34.7		unrecorded	vulgate Ecclus 34:1-31 is not mapped onto greek: the Vulgate and the Greek divide Ecclesiasticus differently in all fifty-one chapters and no verse-level correspondence has been established; see the artifact record
Ecclus.34.8		unrecorded	vulgate Ecclus 34:1-31 is not mapped onto greek: the Vulgate and the Greek divide Ecclesiasticus differently in all fifty-one chapters and no verse-level correspondence has been established; see the artifact record
Ecclus.34.9		unrecorded	vulgate Ecclus 34:1-31 is not mapped onto greek: the Vulgate and the Greek divide Ecclesiasticus differently in all fifty-one chapters and no verse-level correspondence has been established; see the artifact record
Ecclus.35.1		unrecorded	vulgate Ecclus 35:1-26 is not mapped onto greek: the Vulgate and the Greek divide Ecclesiasticus differently in all fifty-one chapters and no verse-level correspondence has been established; see the artifact record
Ecclus.35.10		unrecorded	vulgate Ecclus 35:1-26 is not mapped onto greek: the Vulgate and the Greek divide Ecclesiasticus differently in all fifty-one chapters and no verse-level correspondence has been established; see the artifact record
Ecclus.35.11		unrecorded	vulgate Ecclus 35:1-26 is not mapped onto greek: the Vulgate and the Greek divide Ecclesiasticus differently in all fifty-one chapters and no verse-level correspondence has been established; see the artifact record
Ecclus.35.12		unrecorded	vulgate Ecclus 35:1-26 is not mapped onto greek: the Vulgate and the Greek divide Ecclesiasticus differently in all fifty-one chapters and no verse-level correspondence has been established; see the artifact record
Ecclus.35.13		unrecorded	vulgate Ecclus 35:1-26 is not mapped onto greek: the Vulgate and the Greek divide Ecclesiasticus differently in all fifty-one chapters and no verse-level correspondence has been established; see the artifact record
Ecclus.35.14		unrecorded	vulgate Ecclus 35:1-26 is not mapped onto greek: the Vulgate and the Greek divide Ecclesiasticus differently in all fifty-one chapters and no verse-level correspondence has been established; see the artifact record
Ecclus.35.15		unrecorded	vulgate Ecclus 35:1-26 is not mapped onto greek: the Vulgate and the Greek divide Ecclesiasticus differently in all fifty-one chapters and no verse-level correspondence has been established; see the artifact record
Ecclus.35.16		unrecorded	vulgate Ecclus 35:1-26 is not mapped onto greek: the Vulgate and the Greek divide Ecclesiasticus differently in all fifty-one chapters and no verse-level correspondence has been established; see the artifact record
Ecclus.35.17		unrecorded	vulgate Ecclus 35:1-26 is not mapped onto greek: the Vulgate and the Greek divide Ecclesiasticus differently in all fifty-one chapters and no verse-level correspondence has been established; see the artifact record
Ecclus.35.18		unrecorded	vulgate Ecclus 35:1-26 is not mapped onto greek: the Vulgate and the Greek divide Ecclesiasticus differently in all fifty-one chapters and no verse-level correspondence has been established; see the artifact record
Ecclus.35.19		unrecorded	vulgate Ecclus 35:1-26 is not mapped onto greek: the Vulgate and the Greek divide Ecclesiasticus differently in all fifty-one chapters and no verse-level correspondence has been established; see the artifact record
Ecclus.35.2		unrecorded	vulgate Ecclus 35:1-26 is not mapped onto greek: the Vulgate and the Greek divide Ecclesiasticus differently in all fifty-one chapters and no verse-level correspondence has been established; see the artifact record
Ecclus.35.20		unrecorded	vulgate Ecclus 35:1-26 is not mapped onto greek: the Vulgate and the Greek divide Ecclesiasticus differently in all fifty-one chapters and no verse-level correspondence has been established; see the artifact record
Ecclus.35.21		unrecorded	vulgate Ecclus 35:1-26 is not mapped onto greek: the Vulgate and the Greek divide Ecclesiasticus differently in all fifty-one chapters and no verse-level correspondence has been established; see the artifact record
Ecclus.35.22		unrecorded	vulgate Ecclus 35:1-26 is not mapped onto greek: the Vulgate and the Greek divide Ecclesiasticus differently in all fifty-one chapters and no verse-level correspondence has been established; see the artifact record
Ecclus.35.23		unrecorded	vulgate Ecclus 35:1-26 is not mapped onto greek: the Vulgate and the Greek divide Ecclesiasticus differently in all fifty-one chapters and no verse-level correspondence has been established; see the artifact record
Ecclus.35.24		unrecorded	vulgate Ecclus 35:1-26 is not mapped onto greek: the Vulgate and the Greek divide Ecclesiasticus differently in all fifty-one chapters and no verse-level correspondence has been established; see the artifact record
Ecclus.35.25		unrecorded	vulgate Ecclus 35:1-26 is not mapped onto greek: the Vulgate and the Greek divide Ecclesiasticus differently in all fifty-one chapters and no verse-level correspondence has been established; see the artifact record
Ecclus.35.26		unrecorded	vulgate Ecclus 35:1-26 is not mapped onto greek: the Vulgate and the Greek divide Ecclesiasticus differently in all fifty-one chapters and no verse-level correspondence has been established; see the artifact record
Ecclus.35.3		unrecorded	vulgate Ecclus 35:1-26 is not mapped onto greek: the Vulgate and the Greek divide Ecclesiasticus differently in all fifty-one chapters and no verse-level correspondence has been established; see the artifact record
Ecclus.35.4		unrecorded	vulgate Ecclus 35:1-26 is not mapped onto greek: the Vulgate and the Greek divide Ecclesiasticus differently in all fifty-one chapters and no verse-level correspondence has been established; see the artifact record
Ecclus.35.5		unrecorded	vulgate Ecclus 35:1-26 is not mapped onto greek: the Vulgate and the Greek divide Ecclesiasticus differently in all fifty-one chapters and no verse-level correspondence has been established; see the artifact record
Ecclus.35.6		unrecorded	vulgate Ecclus 35:1-26 is not mapped onto greek: the Vulgate and the Greek divide Ecclesiasticus differently in all fifty-one chapters and no verse-level correspondence has been established; see the artifact record
Ecclus.35.7		unrecorded	vulgate Ecclus 35:1-26 is not mapped onto greek: the Vulgate and the Greek divide Ecclesiasticus differently in all fifty-one chapters and no verse-level correspondence has been established; see the artifact record
Ecclus.35.8		unrecorded	vulgate Ecclus 35:1-26 is not mapped onto greek: the Vulgate and the Greek divide Ecclesiasticus differently in all fifty-one chapters and no verse-level correspondence has been established; see the artifact record
Ecclus.35.9		unrecorded	vulgate Ecclus 35:1-26 is not mapped onto greek: the Vulgate and the Greek divide Ecclesiasticus differently in all fifty-one chapters and no verse-level correspondence has been established; see the artifact record
Ecclus.36.1		unrecorded	vulgate Ecclus 36:1-17 is not mapped onto greek: the Vulgate and the Greek divide Ecclesiasticus differently in all fifty-one chapters and no verse-level correspondence has been established; see the artifact record
Ecclus.36.10		unrecorded	vulgate Ecclus 36:1-17 is not mapped onto greek: the Vulgate and the Greek divide Ecclesiasticus differently in all fifty-one chapters and no verse-level correspondence has been established; see the artifact record
Ecclus.36.11		unrecorded	vulgate Ecclus 36:1-17 is not mapped onto greek: the Vulgate and the Greek divide Ecclesiasticus differently in all fifty-one chapters and no verse-level correspondence has been established; see the artifact record
Ecclus.36.12		unrecorded	vulgate Ecclus 36:1-17 is not mapped onto greek: the Vulgate and the Greek divide Ecclesiasticus differently in all fifty-one chapters and no verse-level correspondence has been established; see the artifact record
Ecclus.36.13		unrecorded	vulgate Ecclus 36:1-17 is not mapped onto greek: the Vulgate and the Greek divide Ecclesiasticus differently in all fifty-one chapters and no verse-level correspondence has been established; see the artifact record
Ecclus.36.14		unrecorded	vulgate Ecclus 36:1-17 is not mapped onto greek: the Vulgate and the Greek divide Ecclesiasticus differently in all fifty-one chapters and no verse-level correspondence has been established; see the artifact record
Ecclus.36.15		unrecorded	vulgate Ecclus 36:1-17 is not mapped onto greek: the Vulgate and the Greek divide Ecclesiasticus differently in all fifty-one chapters and no verse-level correspondence has been established; see the artifact record
Ecclus.36.16		unrecorded	vulgate Ecclus 36:1-17 is not mapped onto greek: the Vulgate and the Greek divide Ecclesiasticus differently in all fifty-one chapters and no verse-level correspondence has been established; see the artifact record
Ecclus.36.17		unrecorded	vulgate Ecclus 36:1-17 is not mapped onto greek: the Vulgate and the Greek divide Ecclesiasticus differently in all fifty-one chapters and no verse-level correspondence has been established; see the artifact record
Ecclus.36.18	Ecclus.36.16	renumber	vulgate Ecclus 36:18 stands in this edition at Ecclus 36:16
Ecclus.36.19		unrecorded	vulgate Ecclus 36:19-28 is not mapped onto greek: the Vulgate and the Greek divide Ecclesiasticus differently in all fifty-one chapters and no verse-level correspondence has been established; see the artifact record
Ecclus.36.2		unrecorded	vulgate Ecclus 36:1-17 is not mapped onto greek: the Vulgate and the Greek divide Ecclesiasticus differently in all fifty-one chapters and no verse-level correspondence has been established; see the artifact record
Ecclus.36.20		unrecorded	vulgate Ecclus 36:19-28 is not mapped onto greek: the Vulgate and the Greek divide Ecclesiasticus differently in all fifty-one chapters and no verse-level correspondence has been established; see the artifact record
Ecclus.36.21		unrecorded	vulgate Ecclus 36:19-28 is not mapped onto greek: the Vulgate and the Greek divide Ecclesiasticus differently in all fifty-one chapters and no verse-level correspondence has been established; see the artifact record
Ecclus.36.22		unrecorded	vulgate Ecclus 36:19-28 is not mapped onto greek: the Vulgate and the Greek divide Ecclesiasticus differently in all fifty-one chapters and no verse-level correspondence has been established; see the artifact record
Ecclus.36.23		unrecorded	vulgate Ecclus 36:19-28 is not mapped onto greek: the Vulgate and the Greek divide Ecclesiasticus differently in all fifty-one chapters and no verse-level correspondence has been established; see the artifact record
Ecclus.36.24		unrecorded	vulgate Ecclus 36:19-28 is not mapped onto greek: the Vulgate and the Greek divide Ecclesiasticus differently in all fifty-one chapters and no verse-level correspondence has been established; see the artifact record
Ecclus.36.25		unrecorded	vulgate Ecclus 36:19-28 is not mapped onto greek: the Vulgate and the Greek divide Ecclesiasticus differently in all fifty-one chapters and no verse-level correspondence has been established; see the artifact record
Ecclus.36.26		unrecorded	vulgate Ecclus 36:19-28 is not mapped onto greek: the Vulgate and the Greek divide Ecclesiasticus differently in all fifty-one chapters and no verse-level correspondence has been established; see the artifact record
Ecclus.36.27		unrecorded	vulgate Ecclus 36:19-28 is not mapped onto greek: the Vulgate and the Greek divide Ecclesiasticus differently in all fifty-one chapters and no verse-level correspondence has been established; see the artifact record
Ecclus.36.28		unrecorded	vulgate Ecclus 36:19-28 is not mapped onto greek: the Vulgate and the Greek divide Ecclesiasticus differently in all fifty-one chapters and no verse-level correspondence has been established; see the artifact record
Ecclus.36.3		unrecorded	vulgate Ecclus 36:1-17 is not mapped onto greek: the Vulgate and the Greek divide Ecclesiasticus differently in all fifty-one chapters and no verse-level correspondence has been established; see the artifact record
Ecclus.36.4		unrecorded	vulgate Ecclus 36:1-17 is not mapped onto greek: the Vulgate and the Greek divide Ecclesiasticus differently in all fifty-one chapters and no verse-level correspondence has been established; see the artifact record
Ecclus.36.5		unrecorded	vulgate Ecclus 36:1-17 is not mapped onto greek: the Vulgate and the Greek divide Ecclesiasticus differently in all fifty-one chapters and no verse-level correspondence has been established; see the artifact record
Ecclus.36.6		unrecorded	vulgate Ecclus 36:1-17 is not mapped onto greek: the Vulgate and the Greek divide Ecclesiasticus differently in all fifty-one chapters and no verse-level correspondence has been established; see the artifact record
Ecclus.36.7		unrecorded	vulgate Ecclus 36:1-17 is not mapped onto greek: the Vulgate and the Greek divide Ecclesiasticus differently in all fifty-one chapters and no verse-level correspondence has been established; see the artifact record
Ecclus.36.8		unrecorded	vulgate Ecclus 36:1-17 is not mapped onto greek: the Vulgate and the Greek divide Ecclesiasticus differently in all fifty-one chapters and no verse-level correspondence has been established; see the artifact record
Ecclus.36.9		unrecorded	vulgate Ecclus 36:1-17 is not mapped onto greek: the Vulgate and the Greek divide Ecclesiasticus differently in all fifty-one chapters and no verse-level correspondence has been established; see the artifact record
Ecclus.37.1		unrecorded	vulgate Ecclus 37:1-34 is not mapped onto greek: the Vulgate and the Greek divide Ecclesiasticus differently in all fifty-one chapters and no verse-level correspondence has been established; see the artifact record
Ecclus.37.10		unrecorded	vulgate Ecclus 37:1-34 is not mapped onto greek: the Vulgate and the Greek divide Ecclesiasticus differently in all fifty-one chapters and no verse-level correspondence has been established; see the artifact record
Ecclus.37.11		unrecorded	vulgate Ecclus 37:1-34 is not mapped onto greek: the Vulgate and the Greek divide Ecclesiasticus differently in all fifty-one chapters and no verse-level correspondence has been established; see the artifact record
Ecclus.37.12		unrecorded	vulgate Ecclus 37:1-34 is not mapped onto greek: the Vulgate and the Greek divide Ecclesiasticus differently in all fifty-one chapters and no verse-level correspondence has been established; see the artifact record
Ecclus.37.13		unrecorded	vulgate Ecclus 37:1-34 is not mapped onto greek: the Vulgate and the Greek divide Ecclesiasticus differently in all fifty-one chapters and no verse-level correspondence has been established; see the artifact record
Ecclus.37.14		unrecorded	vulgate Ecclus 37:1-34 is not mapped onto greek: the Vulgate and the Greek divide Ecclesiasticus differently in all fifty-one chapters and no verse-level correspondence has been established; see the artifact record
Ecclus.37.15		unrecorded	vulgate Ecclus 37:1-34 is not mapped onto greek: the Vulgate and the Greek divide Ecclesiasticus differently in all fifty-one chapters and no verse-level correspondence has been established; see the artifact record
Ecclus.37.16		unrecorded	vulgate Ecclus 37:1-34 is not mapped onto greek: the Vulgate and the Greek divide Ecclesiasticus differently in all fifty-one chapters and no verse-level correspondence has been established; see the artifact record
Ecclus.37.17		unrecorded	vulgate Ecclus 37:1-34 is not mapped onto greek: the Vulgate and the Greek divide Ecclesiasticus differently in all fifty-one chapters and no verse-level correspondence has been established; see the artifact record
Ecclus.37.18		unrecorded	vulgate Ecclus 37:1-34 is not mapped onto greek: the Vulgate and the Greek divide Ecclesiasticus differently in all fifty-one chapters and no verse-level correspondence has been established; see the artifact record
Ecclus.37.19		unrecorded	vulgate Ecclus 37:1-34 is not mapped onto greek: the Vulgate and the Greek divide Ecclesiasticus differently in all fifty-one chapters and no verse-level correspondence has been established; see the artifact record
Ecclus.37.2		unrecorded	vulgate Ecclus 37:1-34 is not mapped onto greek: the Vulgate and the Greek divide Ecclesiasticus differently in all fifty-one chapters and no verse-level correspondence has been established; see the artifact record
Ecclus.37.20		unrecorded	vulgate Ecclus 37:1-34 is not mapped onto greek: the Vulgate and the Greek divide Ecclesiasticus differently in all fifty-one chapters and no verse-level correspondence has been established; see the artifact record
Ecclus.37.21		unrecorded	vulgate Ecclus 37:1-34 is not mapped onto greek: the Vulgate and the Greek divide Ecclesiasticus differently in all fifty-one chapters and no verse-level correspondence has been established; see the artifact record
Ecclus.37.22		unrecorded	vulgate Ecclus 37:1-34 is not mapped onto greek: the Vulgate and the Greek divide Ecclesiasticus differently in all fifty-one chapters and no verse-level correspondence has been established; see the artifact record
Ecclus.37.23		unrecorded	vulgate Ecclus 37:1-34 is not mapped onto greek: the Vulgate and the Greek divide Ecclesiasticus differently in all fifty-one chapters and no verse-level correspondence has been established; see the artifact record
Ecclus.37.24		unrecorded	vulgate Ecclus 37:1-34 is not mapped onto greek: the Vulgate and the Greek divide Ecclesiasticus differently in all fifty-one chapters and no verse-level correspondence has been established; see the artifact record
Ecclus.37.25		unrecorded	vulgate Ecclus 37:1-34 is not mapped onto greek: the Vulgate and the Greek divide Ecclesiasticus differently in all fifty-one chapters and no verse-level correspondence has been established; see the artifact record
Ecclus.37.26		unrecorded	vulgate Ecclus 37:1-34 is not mapped onto greek: the Vulgate and the Greek divide Ecclesiasticus differently in all fifty-one chapters and no verse-level correspondence has been established; see the artifact record
Ecclus.37.27		unrecorded	vulgate Ecclus 37:1-34 is not mapped onto greek: the Vulgate and the Greek divide Ecclesiasticus differently in all fifty-one chapters and no verse-level correspondence has been established; see the artifact record
Ecclus.37.28		unrecorded	vulgate Ecclus 37:1-34 is not mapped onto greek: the Vulgate and the Greek divide Ecclesiasticus differently in all fifty-one chapters and no verse-level correspondence has been established; see the artifact record
Ecclus.37.29		unrecorded	vulgate Ecclus 37:1-34 is not mapped onto greek: the Vulgate and the Greek divide Ecclesiasticus differently in all fifty-one chapters and no verse-level correspondence has been established; see the artifact record
Ecclus.37.3		unrecorded	vulgate Ecclus 37:1-34 is not mapped onto greek: the Vulgate and the Greek divide Ecclesiasticus differently in all fifty-one chapters and no verse-level correspondence has been established; see the artifact record
Ecclus.37.30		unrecorded	vulgate Ecclus 37:1-34 is not mapped onto greek: the Vulgate and the Greek divide Ecclesiasticus differently in all fifty-one chapters and no verse-level correspondence has been established; see the artifact record
Ecclus.37.31		unrecorded	vulgate Ecclus 37:1-34 is not mapped onto greek: the Vulgate and the Greek divide Ecclesiasticus differently in all fifty-one chapters and no verse-level correspondence has been established; see the artifact record
Ecclus.37.32		unrecorded	vulgate Ecclus 37:1-34 is not mapped onto greek: the Vulgate and the Greek divide Ecclesiasticus differently in all fifty-one chapters and no verse-level correspondence has been established; see the artifact record
Ecclus.37.33		unrecorded	vulgate Ecclus 37:1-34 is not mapped onto greek: the Vulgate and the Greek divide Ecclesiasticus differently in all fifty-one chapters and no verse-level correspondence has been established; see the artifact record
Ecclus.37.34		unrecorded	vulgate Ecclus 37:1-34 is not mapped onto greek: the Vulgate and the Greek divide Ecclesiasticus differently in all fifty-one chapters and no verse-level correspondence has been established; see the artifact record
Ecclus.37.4		unrecorded	vulgate Ecclus 37:1-34 is not mapped onto greek: the Vulgate and the Greek divide Ecclesiasticus differently in all fifty-one chapters and no verse-level correspondence has been established; see the artifact record
Ecclus.37.5		unrecorded	vulgate Ecclus 37:1-34 is not mapped onto greek: the Vulgate and the Greek divide Ecclesiasticus differently in all fifty-one chapters and no verse-level correspondence has been established; see the artifact record
Ecclus.37.6		unrecorded	vulgate Ecclus 37:1-34 is not mapped onto greek: the Vulgate and the Greek divide Ecclesiasticus differently in all fifty-one chapters and no verse-level correspondence has been established; see the artifact record
Ecclus.37.7		unrecorded	vulgate Ecclus 37:1-34 is not mapped onto greek: the Vulgate and the Greek divide Ecclesiasticus differently in all fifty-one chapters and no verse-level correspondence has been established; see the artifact record
Ecclus.37.8		unrecorded	vulgate Ecclus 37:1-34 is not mapped onto greek: the Vulgate and the Greek divide Ecclesiasticus differently in all fifty-one chapters and no verse-level correspondence has been established; see the artifact record
Ecclus.37.9		unrecorded	vulgate Ecclus 37:1-34 is not mapped onto greek: the Vulgate and the Greek divide Ecclesiasticus differently in all fifty-one chapters and no verse-level correspondence has been established; see the artifact record
Ecclus.38.1		unrecorded	vulgate Ecclus 38:1-39 is not mapped onto greek: the Vulgate and the Greek divide Ecclesiasticus differently in all fifty-one chapters and no verse-level correspondence has been established; see the artifact record
Ecclus.38.10		unrecorded	vulgate Ecclus 38:1-39 is not mapped onto greek: the Vulgate and the Greek divide Ecclesiasticus differently in all fifty-one chapters and no verse-level correspondence has been established; see the artifact record
Ecclus.38.11		unrecorded	vulgate Ecclus 38:1-39 is not mapped onto greek: the Vulgate and the Greek divide Ecclesiasticus differently in all fifty-one chapters and no verse-level correspondence has been established; see the artifact record
Ecclus.38.12		unrecorded	vulgate Ecclus 38:1-39 is not mapped onto greek: the Vulgate and the Greek divide Ecclesiasticus differently in all fifty-one chapters and no verse-level correspondence has been established; see the artifact record
Ecclus.38.13		unrecorded	vulgate Ecclus 38:1-39 is not mapped onto greek: the Vulgate and the Greek divide Ecclesiasticus differently in all fifty-one chapters and no verse-level correspondence has been established; see the artifact record
Ecclus.38.14		unrecorded	vulgate Ecclus 38:1-39 is not mapped onto greek: the Vulgate and the Greek divide Ecclesiasticus differently in all fifty-one chapters and no verse-level correspondence has been established; see the artifact record
Ecclus.38.15		unrecorded	vulgate Ecclus 38:1-39 is not mapped onto greek: the Vulgate and the Greek divide Ecclesiasticus differently in all fifty-one chapters and no verse-level correspondence has been established; see the artifact record
Ecclus.38.16		unrecorded	vulgate Ecclus 38:1-39 is not mapped onto greek: the Vulgate and the Greek divide Ecclesiasticus differently in all fifty-one chapters and no verse-level correspondence has been established; see the artifact record
Ecclus.38.17		unrecorded	vulgate Ecclus 38:1-39 is not mapped onto greek: the Vulgate and the Greek divide Ecclesiasticus differently in all fifty-one chapters and no verse-level correspondence has been established; see the artifact record
Ecclus.38.18		unrecorded	vulgate Ecclus 38:1-39 is not mapped onto greek: the Vulgate and the Greek divide Ecclesiasticus differently in all fifty-one chapters and no verse-level correspondence has been established; see the artifact record
Ecclus.38.19		unrecorded	vulgate Ecclus 38:1-39 is not mapped onto greek: the Vulgate and the Greek divide Ecclesiasticus differently in all fifty-one chapters and no verse-level correspondence has been established; see the artifact record
Ecclus.38.2		unrecorded	vulgate Ecclus 38:1-39 is not mapped onto greek: the Vulgate and the Greek divide Ecclesiasticus differently in all fifty-one chapters and no verse-level correspondence has been established; see the artifact record
Ecclus.38.20		unrecorded	vulgate Ecclus 38:1-39 is not mapped onto greek: the Vulgate and the Greek divide Ecclesiasticus differently in all fifty-one chapters and no verse-level correspondence has been established; see the artifact record
Ecclus.38.21		unrecorded	vulgate Ecclus 38:1-39 is not mapped onto greek: the Vulgate and the Greek divide Ecclesiasticus differently in all fifty-one chapters and no verse-level correspondence has been established; see the artifact record
Ecclus.38.22		unrecorded	vulgate Ecclus 38:1-39 is not mapped onto greek: the Vulgate and the Greek divide Ecclesiasticus differently in all fifty-one chapters and no verse-level correspondence has been established; see the artifact record
Ecclus.38.23		unrecorded	vulgate Ecclus 38:1-39 is not mapped onto greek: the Vulgate and the Greek divide Ecclesiasticus differently in all fifty-one chapters and no verse-level correspondence has been established; see the artifact record
Ecclus.38.24		unrecorded	vulgate Ecclus 38:1-39 is not mapped onto greek: the Vulgate and the Greek divide Ecclesiasticus differently in all fifty-one chapters and no verse-level correspondence has been established; see the artifact record
Ecclus.38.25		unrecorded	vulgate Ecclus 38:1-39 is not mapped onto greek: the Vulgate and the Greek divide Ecclesiasticus differently in all fifty-one chapters and no verse-level correspondence has been established; see the artifact record
Ecclus.38.26		unrecorded	vulgate Ecclus 38:1-39 is not mapped onto greek: the Vulgate and the Greek divide Ecclesiasticus differently in all fifty-one chapters and no verse-level correspondence has been established; see the artifact record
Ecclus.38.27		unrecorded	vulgate Ecclus 38:1-39 is not mapped onto greek: the Vulgate and the Greek divide Ecclesiasticus differently in all fifty-one chapters and no verse-level correspondence has been established; see the artifact record
Ecclus.38.28		unrecorded	vulgate Ecclus 38:1-39 is not mapped onto greek: the Vulgate and the Greek divide Ecclesiasticus differently in all fifty-one chapters and no verse-level correspondence has been established; see the artifact record
Ecclus.38.29		unrecorded	vulgate Ecclus 38:1-39 is not mapped onto greek: the Vulgate and the Greek divide Ecclesiasticus differently in all fifty-one chapters and no verse-level correspondence has been established; see the artifact record
Ecclus.38.3		unrecorded	vulgate Ecclus 38:1-39 is not mapped onto greek: the Vulgate and the Greek divide Ecclesiasticus differently in all fifty-one chapters and no verse-level correspondence has been established; see the artifact record
Ecclus.38.30		unrecorded	vulgate Ecclus 38:1-39 is not mapped onto greek: the Vulgate and the Greek divide Ecclesiasticus differently in all fifty-one chapters and no verse-level correspondence has been established; see the artifact record
Ecclus.38.31		unrecorded	vulgate Ecclus 38:1-39 is not mapped onto greek: the Vulgate and the Greek divide Ecclesiasticus differently in all fifty-one chapters and no verse-level correspondence has been established; see the artifact record
Ecclus.38.32		unrecorded	vulgate Ecclus 38:1-39 is not mapped onto greek: the Vulgate and the Greek divide Ecclesiasticus differently in all fifty-one chapters and no verse-level correspondence has been established; see the artifact record
Ecclus.38.33		unrecorded	vulgate Ecclus 38:1-39 is not mapped onto greek: the Vulgate and the Greek divide Ecclesiasticus differently in all fifty-one chapters and no verse-level correspondence has been established; see the artifact record
Ecclus.38.34		unrecorded	vulgate Ecclus 38:1-39 is not mapped onto greek: the Vulgate and the Greek divide Ecclesiasticus differently in all fifty-one chapters and no verse-level correspondence has been established; see the artifact record
Ecclus.38.35		unrecorded	vulgate Ecclus 38:1-39 is not mapped onto greek: the Vulgate and the Greek divide Ecclesiasticus differently in all fifty-one chapters and no verse-level correspondence has been established; see the artifact record
Ecclus.38.36		unrecorded	vulgate Ecclus 38:1-39 is not mapped onto greek: the Vulgate and the Greek divide Ecclesiasticus differently in all fifty-one chapters and no verse-level correspondence has been established; see the artifact record
Ecclus.38.37		unrecorded	vulgate Ecclus 38:1-39 is not mapped onto greek: the Vulgate and the Greek divide Ecclesiasticus differently in all fifty-one chapters and no verse-level correspondence has been established; see the artifact record
Ecclus.38.38		unrecorded	vulgate Ecclus 38:1-39 is not mapped onto greek: the Vulgate and the Greek divide Ecclesiasticus differently in all fifty-one chapters and no verse-level correspondence has been established; see the artifact record
Ecclus.38.39		unrecorded	vulgate Ecclus 38:1-39 is not mapped onto greek: the Vulgate and the Greek divide Ecclesiasticus differently in all fifty-one chapters and no verse-level correspondence has been established; see the artifact record
Ecclus.38.4		unrecorded	vulgate Ecclus 38:1-39 is not mapped onto greek: the Vulgate and the Greek divide Ecclesiasticus differently in all fifty-one chapters and no verse-level correspondence has been established; see the artifact record
Ecclus.38.5		unrecorded	vulgate Ecclus 38:1-39 is not mapped onto greek: the Vulgate and the Greek divide Ecclesiasticus differently in all fifty-one chapters and no verse-level correspondence has been established; see the artifact record
Ecclus.38.6		unrecorded	vulgate Ecclus 38:1-39 is not mapped onto greek: the Vulgate and the Greek divide Ecclesiasticus differently in all fifty-one chapters and no verse-level correspondence has been established; see the artifact record
Ecclus.38.7		unrecorded	vulgate Ecclus 38:1-39 is not mapped onto greek: the Vulgate and the Greek divide Ecclesiasticus differently in all fifty-one chapters and no verse-level correspondence has been established; see the artifact record
Ecclus.38.8		unrecorded	vulgate Ecclus 38:1-39 is not mapped onto greek: the Vulgate and the Greek divide Ecclesiasticus differently in all fifty-one chapters and no verse-level correspondence has been established; see the artifact record
Ecclus.38.9		unrecorded	vulgate Ecclus 38:1-39 is not mapped onto greek: the Vulgate and the Greek divide Ecclesiasticus differently in all fifty-one chapters and no verse-level correspondence has been established; see the artifact record
Ecclus.39.1		unrecorded	vulgate Ecclus 39:1-41 is not mapped onto greek: the Vulgate and the Greek divide Ecclesiasticus differently in all fifty-one chapters and no verse-level correspondence has been established; see the artifact record
Ecclus.39.10		unrecorded	vulgate Ecclus 39:1-41 is not mapped onto greek: the Vulgate and the Greek divide Ecclesiasticus differently in all fifty-one chapters and no verse-level correspondence has been established; see the artifact record
Ecclus.39.11		unrecorded	vulgate Ecclus 39:1-41 is not mapped onto greek: the Vulgate and the Greek divide Ecclesiasticus differently in all fifty-one chapters and no verse-level correspondence has been established; see the artifact record
Ecclus.39.12		unrecorded	vulgate Ecclus 39:1-41 is not mapped onto greek: the Vulgate and the Greek divide Ecclesiasticus differently in all fifty-one chapters and no verse-level correspondence has been established; see the artifact record
Ecclus.39.13		unrecorded	vulgate Ecclus 39:1-41 is not mapped onto greek: the Vulgate and the Greek divide Ecclesiasticus differently in all fifty-one chapters and no verse-level correspondence has been established; see the artifact record
Ecclus.39.14		unrecorded	vulgate Ecclus 39:1-41 is not mapped onto greek: the Vulgate and the Greek divide Ecclesiasticus differently in all fifty-one chapters and no verse-level correspondence has been established; see the artifact record
Ecclus.39.15		unrecorded	vulgate Ecclus 39:1-41 is not mapped onto greek: the Vulgate and the Greek divide Ecclesiasticus differently in all fifty-one chapters and no verse-level correspondence has been established; see the artifact record
Ecclus.39.16		unrecorded	vulgate Ecclus 39:1-41 is not mapped onto greek: the Vulgate and the Greek divide Ecclesiasticus differently in all fifty-one chapters and no verse-level correspondence has been established; see the artifact record
Ecclus.39.17		unrecorded	vulgate Ecclus 39:1-41 is not mapped onto greek: the Vulgate and the Greek divide Ecclesiasticus differently in all fifty-one chapters and no verse-level correspondence has been established; see the artifact record
Ecclus.39.18		unrecorded	vulgate Ecclus 39:1-41 is not mapped onto greek: the Vulgate and the Greek divide Ecclesiasticus differently in all fifty-one chapters and no verse-level correspondence has been established; see the artifact record
Ecclus.39.19		unrecorded	vulgate Ecclus 39:1-41 is not mapped onto greek: the Vulgate and the Greek divide Ecclesiasticus differently in all fifty-one chapters and no verse-level correspondence has been established; see the artifact record
Ecclus.39.2		unrecorded	vulgate Ecclus 39:1-41 is not mapped onto greek: the Vulgate and the Greek divide Ecclesiasticus differently in all fifty-one chapters and no verse-level correspondence has been established; see the artifact record
Ecclus.39.20		unrecorded	vulgate Ecclus 39:1-41 is not mapped onto greek: the Vulgate and the Greek divide Ecclesiasticus differently in all fifty-one chapters and no verse-level correspondence has been established; see the artifact record
Ecclus.39.21		unrecorded	vulgate Ecclus 39:1-41 is not mapped onto greek: the Vulgate and the Greek divide Ecclesiasticus differently in all fifty-one chapters and no verse-level correspondence has been established; see the artifact record
Ecclus.39.22		unrecorded	vulgate Ecclus 39:1-41 is not mapped onto greek: the Vulgate and the Greek divide Ecclesiasticus differently in all fifty-one chapters and no verse-level correspondence has been established; see the artifact record
Ecclus.39.23		unrecorded	vulgate Ecclus 39:1-41 is not mapped onto greek: the Vulgate and the Greek divide Ecclesiasticus differently in all fifty-one chapters and no verse-level correspondence has been established; see the artifact record
Ecclus.39.24		unrecorded	vulgate Ecclus 39:1-41 is not mapped onto greek: the Vulgate and the Greek divide Ecclesiasticus differently in all fifty-one chapters and no verse-level correspondence has been established; see the artifact record
Ecclus.39.25		unrecorded	vulgate Ecclus 39:1-41 is not mapped onto greek: the Vulgate and the Greek divide Ecclesiasticus differently in all fifty-one chapters and no verse-level correspondence has been established; see the artifact record
Ecclus.39.26		unrecorded	vulgate Ecclus 39:1-41 is not mapped onto greek: the Vulgate and the Greek divide Ecclesiasticus differently in all fifty-one chapters and no verse-level correspondence has been established; see the artifact record
Ecclus.39.27		unrecorded	vulgate Ecclus 39:1-41 is not mapped onto greek: the Vulgate and the Greek divide Ecclesiasticus differently in all fifty-one chapters and no verse-level correspondence has been established; see the artifact record
Ecclus.39.28		unrecorded	vulgate Ecclus 39:1-41 is not mapped onto greek: the Vulgate and the Greek divide Ecclesiasticus differently in all fifty-one chapters and no verse-level correspondence has been established; see the artifact record
Ecclus.39.29		unrecorded	vulgate Ecclus 39:1-41 is not mapped onto greek: the Vulgate and the Greek divide Ecclesiasticus differently in all fifty-one chapters and no verse-level correspondence has been established; see the artifact record
Ecclus.39.3		unrecorded	vulgate Ecclus 39:1-41 is not mapped onto greek: the Vulgate and the Greek divide Ecclesiasticus differently in all fifty-one chapters and no verse-level correspondence has been established; see the artifact record
Ecclus.39.30		unrecorded	vulgate Ecclus 39:1-41 is not mapped onto greek: the Vulgate and the Greek divide Ecclesiasticus differently in all fifty-one chapters and no verse-level correspondence has been established; see the artifact record
Ecclus.39.31		unrecorded	vulgate Ecclus 39:1-41 is not mapped onto greek: the Vulgate and the Greek divide Ecclesiasticus differently in all fifty-one chapters and no verse-level correspondence has been established; see the artifact record
Ecclus.39.32		unrecorded	vulgate Ecclus 39:1-41 is not mapped onto greek: the Vulgate and the Greek divide Ecclesiasticus differently in all fifty-one chapters and no verse-level correspondence has been established; see the artifact record
Ecclus.39.33		unrecorded	vulgate Ecclus 39:1-41 is not mapped onto greek: the Vulgate and the Greek divide Ecclesiasticus differently in all fifty-one chapters and no verse-level correspondence has been established; see the artifact record
Ecclus.39.34		unrecorded	vulgate Ecclus 39:1-41 is not mapped onto greek: the Vulgate and the Greek divide Ecclesiasticus differently in all fifty-one chapters and no verse-level correspondence has been established; see the artifact record
Ecclus.39.35		unrecorded	vulgate Ecclus 39:1-41 is not mapped onto greek: the Vulgate and the Greek divide Ecclesiasticus differently in all fifty-one chapters and no verse-level correspondence has been established; see the artifact record
Ecclus.39.36		unrecorded	vulgate Ecclus 39:1-41 is not mapped onto greek: the Vulgate and the Greek divide Ecclesiasticus differently in all fifty-one chapters and no verse-level correspondence has been established; see the artifact record
Ecclus.39.37		unrecorded	vulgate Ecclus 39:1-41 is not mapped onto greek: the Vulgate and the Greek divide Ecclesiasticus differently in all fifty-one chapters and no verse-level correspondence has been established; see the artifact record
Ecclus.39.38		unrecorded	vulgate Ecclus 39:1-41 is not mapped onto greek: the Vulgate and the Greek divide Ecclesiasticus differently in all fifty-one chapters and no verse-level correspondence has been established; see the artifact record
Ecclus.39.39		unrecorded	vulgate Ecclus 39:1-41 is not mapped onto greek: the Vulgate and the Greek divide Ecclesiasticus differently in all fifty-one chapters and no verse-level correspondence has been established; see the artifact record
Ecclus.39.4		unrecorded	vulgate Ecclus 39:1-41 is not mapped onto greek: the Vulgate and the Greek divide Ecclesiasticus differently in all fifty-one chapters and no verse-level correspondence has been established; see the artifact record
Ecclus.39.40		unrecorded	vulgate Ecclus 39:1-41 is not mapped onto greek: the Vulgate and the Greek divide Ecclesiasticus differently in all fifty-one chapters and no verse-level correspondence has been established; see the artifact record
Ecclus.39.41		unrecorded	vulgate Ecclus 39:1-41 is not mapped onto greek: the Vulgate and the Greek divide Ecclesiasticus differently in all fifty-one chapters and no verse-level correspondence has been established; see the artifact record
Ecclus.39.5		unrecorded	vulgate Ecclus 39:1-41 is not mapped onto greek: the Vulgate and the Greek divide Ecclesiasticus differently in all fifty-one chapters and no verse-level correspondence has been established; see the artifact record
Ecclus.39.6		unrecorded	vulgate Ecclus 39:1-41 is not mapped onto greek: the Vulgate and the Greek divide Ecclesiasticus differently in all fifty-one chapters and no verse-level correspondence has been established; see the artifact record
Ecclus.39.7		unrecorded	vulgate Ecclus 39:1-41 is not mapped onto greek: the Vulgate and the Greek divide Ecclesiasticus differently in all fifty-one chapters and no verse-level correspondence has been established; see the artifact record
Ecclus.39.8		unrecorded	vulgate Ecclus 39:1-41 is not mapped onto greek: the Vulgate and the Greek divide Ecclesiasticus differently in all fifty-one chapters and no verse-level correspondence has been established; see the artifact record
Ecclus.39.9		unrecorded	vulgate Ecclus 39:1-41 is not mapped onto greek: the Vulgate and the Greek divide Ecclesiasticus differently in all fifty-one chapters and no verse-level correspondence has been established; see the artifact record
Ecclus.4.1		unrecorded	vulgate Ecclus 4:1-36 is not mapped onto greek: the Vulgate and the Greek divide Ecclesiasticus differently in all fifty-one chapters and no verse-level correspondence has been established; see the artifact record
Ecclus.4.10		unrecorded	vulgate Ecclus 4:1-36 is not mapped onto greek: the Vulgate and the Greek divide Ecclesiasticus differently in all fifty-one chapters and no verse-level correspondence has been established; see the artifact record
Ecclus.4.11		unrecorded	vulgate Ecclus 4:1-36 is not mapped onto greek: the Vulgate and the Greek divide Ecclesiasticus differently in all fifty-one chapters and no verse-level correspondence has been established; see the artifact record
Ecclus.4.12		unrecorded	vulgate Ecclus 4:1-36 is not mapped onto greek: the Vulgate and the Greek divide Ecclesiasticus differently in all fifty-one chapters and no verse-level correspondence has been established; see the artifact record
Ecclus.4.13		unrecorded	vulgate Ecclus 4:1-36 is not mapped onto greek: the Vulgate and the Greek divide Ecclesiasticus differently in all fifty-one chapters and no verse-level correspondence has been established; see the artifact record
Ecclus.4.14		unrecorded	vulgate Ecclus 4:1-36 is not mapped onto greek: the Vulgate and the Greek divide Ecclesiasticus differently in all fifty-one chapters and no verse-level correspondence has been established; see the artifact record
Ecclus.4.15		unrecorded	vulgate Ecclus 4:1-36 is not mapped onto greek: the Vulgate and the Greek divide Ecclesiasticus differently in all fifty-one chapters and no verse-level correspondence has been established; see the artifact record
Ecclus.4.16		unrecorded	vulgate Ecclus 4:1-36 is not mapped onto greek: the Vulgate and the Greek divide Ecclesiasticus differently in all fifty-one chapters and no verse-level correspondence has been established; see the artifact record
Ecclus.4.17		unrecorded	vulgate Ecclus 4:1-36 is not mapped onto greek: the Vulgate and the Greek divide Ecclesiasticus differently in all fifty-one chapters and no verse-level correspondence has been established; see the artifact record
Ecclus.4.18		unrecorded	vulgate Ecclus 4:1-36 is not mapped onto greek: the Vulgate and the Greek divide Ecclesiasticus differently in all fifty-one chapters and no verse-level correspondence has been established; see the artifact record
Ecclus.4.19		unrecorded	vulgate Ecclus 4:1-36 is not mapped onto greek: the Vulgate and the Greek divide Ecclesiasticus differently in all fifty-one chapters and no verse-level correspondence has been established; see the artifact record
Ecclus.4.2		unrecorded	vulgate Ecclus 4:1-36 is not mapped onto greek: the Vulgate and the Greek divide Ecclesiasticus differently in all fifty-one chapters and no verse-level correspondence has been established; see the artifact record
Ecclus.4.20		unrecorded	vulgate Ecclus 4:1-36 is not mapped onto greek: the Vulgate and the Greek divide Ecclesiasticus differently in all fifty-one chapters and no verse-level correspondence has been established; see the artifact record
Ecclus.4.21		unrecorded	vulgate Ecclus 4:1-36 is not mapped onto greek: the Vulgate and the Greek divide Ecclesiasticus differently in all fifty-one chapters and no verse-level correspondence has been established; see the artifact record
Ecclus.4.22		unrecorded	vulgate Ecclus 4:1-36 is not mapped onto greek: the Vulgate and the Greek divide Ecclesiasticus differently in all fifty-one chapters and no verse-level correspondence has been established; see the artifact record
Ecclus.4.23		unrecorded	vulgate Ecclus 4:1-36 is not mapped onto greek: the Vulgate and the Greek divide Ecclesiasticus differently in all fifty-one chapters and no verse-level correspondence has been established; see the artifact record
Ecclus.4.24		unrecorded	vulgate Ecclus 4:1-36 is not mapped onto greek: the Vulgate and the Greek divide Ecclesiasticus differently in all fifty-one chapters and no verse-level correspondence has been established; see the artifact record
Ecclus.4.25		unrecorded	vulgate Ecclus 4:1-36 is not mapped onto greek: the Vulgate and the Greek divide Ecclesiasticus differently in all fifty-one chapters and no verse-level correspondence has been established; see the artifact record
Ecclus.4.26		unrecorded	vulgate Ecclus 4:1-36 is not mapped onto greek: the Vulgate and the Greek divide Ecclesiasticus differently in all fifty-one chapters and no verse-level correspondence has been established; see the artifact record
Ecclus.4.27		unrecorded	vulgate Ecclus 4:1-36 is not mapped onto greek: the Vulgate and the Greek divide Ecclesiasticus differently in all fifty-one chapters and no verse-level correspondence has been established; see the artifact record
Ecclus.4.28		unrecorded	vulgate Ecclus 4:1-36 is not mapped onto greek: the Vulgate and the Greek divide Ecclesiasticus differently in all fifty-one chapters and no verse-level correspondence has been established; see the artifact record
Ecclus.4.29		unrecorded	vulgate Ecclus 4:1-36 is not mapped onto greek: the Vulgate and the Greek divide Ecclesiasticus differently in all fifty-one chapters and no verse-level correspondence has been established; see the artifact record
Ecclus.4.3		unrecorded	vulgate Ecclus 4:1-36 is not mapped onto greek: the Vulgate and the Greek divide Ecclesiasticus differently in all fifty-one chapters and no verse-level correspondence has been established; see the artifact record
Ecclus.4.30		unrecorded	vulgate Ecclus 4:1-36 is not mapped onto greek: the Vulgate and the Greek divide Ecclesiasticus differently in all fifty-one chapters and no verse-level correspondence has been established; see the artifact record
Ecclus.4.31		unrecorded	vulgate Ecclus 4:1-36 is not mapped onto greek: the Vulgate and the Greek divide Ecclesiasticus differently in all fifty-one chapters and no verse-level correspondence has been established; see the artifact record
Ecclus.4.32		unrecorded	vulgate Ecclus 4:1-36 is not mapped onto greek: the Vulgate and the Greek divide Ecclesiasticus differently in all fifty-one chapters and no verse-level correspondence has been established; see the artifact record
Ecclus.4.33		unrecorded	vulgate Ecclus 4:1-36 is not mapped onto greek: the Vulgate and the Greek divide Ecclesiasticus differently in all fifty-one chapters and no verse-level correspondence has been established; see the artifact record
Ecclus.4.34		unrecorded	vulgate Ecclus 4:1-36 is not mapped onto greek: the Vulgate and the Greek divide Ecclesiasticus differently in all fifty-one chapters and no verse-level correspondence has been established; see the artifact record
Ecclus.4.35		unrecorded	vulgate Ecclus 4:1-36 is not mapped onto greek: the Vulgate and the Greek divide Ecclesiasticus differently in all fifty-one chapters and no verse-level correspondence has been established; see the artifact record
Ecclus.4.36		unrecorded	vulgate Ecclus 4:1-36 is not mapped onto greek: the Vulgate and the Greek divide Ecclesiasticus differently in all fifty-one chapters and no verse-level correspondence has been established; see the artifact record
Ecclus.4.4		unrecorded	vulgate Ecclus 4:1-36 is not mapped onto greek: the Vulgate and the Greek divide Ecclesiasticus differently in all fifty-one chapters and no verse-level correspondence has been established; see the artifact record
Ecclus.4.5		unrecorded	vulgate Ecclus 4:1-36 is not mapped onto greek: the Vulgate and the Greek divide Ecclesiasticus differently in all fifty-one chapters and no verse-level correspondence has been established; see the artifact record
Ecclus.4.6		unrecorded	vulgate Ecclus 4:1-36 is not mapped onto greek: the Vulgate and the Greek divide Ecclesiasticus differently in all fifty-one chapters and no verse-level correspondence has been established; see the artifact record
Ecclus.4.7		unrecorded	vulgate Ecclus 4:1-36 is not mapped onto greek: the Vulgate and the Greek divide Ecclesiasticus differently in all fifty-one chapters and no verse-level correspondence has been established; see the artifact record
Ecclus.4.8		unrecorded	vulgate Ecclus 4:1-36 is not mapped onto greek: the Vulgate and the Greek divide Ecclesiasticus differently in all fifty-one chapters and no verse-level correspondence has been established; see the artifact record
Ecclus.4.9		unrecorded	vulgate Ecclus 4:1-36 is not mapped onto greek: the Vulgate and the Greek divide Ecclesiasticus differently in all fifty-one chapters and no verse-level correspondence has been established; see the artifact record
Ecclus.40.1		unrecorded	vulgate Ecclus 40:1-32 is not mapped onto greek: the Vulgate and the Greek divide Ecclesiasticus differently in all fifty-one chapters and no verse-level correspondence has been established; see the artifact record
Ecclus.40.10		unrecorded	vulgate Ecclus 40:1-32 is not mapped onto greek: the Vulgate and the Greek divide Ecclesiasticus differently in all fifty-one chapters and no verse-level correspondence has been established; see the artifact record
Ecclus.40.11		unrecorded	vulgate Ecclus 40:1-32 is not mapped onto greek: the Vulgate and the Greek divide Ecclesiasticus differently in all fifty-one chapters and no verse-level correspondence has been established; see the artifact record
Ecclus.40.12		unrecorded	vulgate Ecclus 40:1-32 is not mapped onto greek: the Vulgate and the Greek divide Ecclesiasticus differently in all fifty-one chapters and no verse-level correspondence has been established; see the artifact record
Ecclus.40.13		unrecorded	vulgate Ecclus 40:1-32 is not mapped onto greek: the Vulgate and the Greek divide Ecclesiasticus differently in all fifty-one chapters and no verse-level correspondence has been established; see the artifact record
Ecclus.40.14		unrecorded	vulgate Ecclus 40:1-32 is not mapped onto greek: the Vulgate and the Greek divide Ecclesiasticus differently in all fifty-one chapters and no verse-level correspondence has been established; see the artifact record
Ecclus.40.15		unrecorded	vulgate Ecclus 40:1-32 is not mapped onto greek: the Vulgate and the Greek divide Ecclesiasticus differently in all fifty-one chapters and no verse-level correspondence has been established; see the artifact record
Ecclus.40.16		unrecorded	vulgate Ecclus 40:1-32 is not mapped onto greek: the Vulgate and the Greek divide Ecclesiasticus differently in all fifty-one chapters and no verse-level correspondence has been established; see the artifact record
Ecclus.40.17		unrecorded	vulgate Ecclus 40:1-32 is not mapped onto greek: the Vulgate and the Greek divide Ecclesiasticus differently in all fifty-one chapters and no verse-level correspondence has been established; see the artifact record
Ecclus.40.18		unrecorded	vulgate Ecclus 40:1-32 is not mapped onto greek: the Vulgate and the Greek divide Ecclesiasticus differently in all fifty-one chapters and no verse-level correspondence has been established; see the artifact record
Ecclus.40.19		unrecorded	vulgate Ecclus 40:1-32 is not mapped onto greek: the Vulgate and the Greek divide Ecclesiasticus differently in all fifty-one chapters and no verse-level correspondence has been established; see the artifact record
Ecclus.40.2		unrecorded	vulgate Ecclus 40:1-32 is not mapped onto greek: the Vulgate and the Greek divide Ecclesiasticus differently in all fifty-one chapters and no verse-level correspondence has been established; see the artifact record
Ecclus.40.20		unrecorded	vulgate Ecclus 40:1-32 is not mapped onto greek: the Vulgate and the Greek divide Ecclesiasticus differently in all fifty-one chapters and no verse-level correspondence has been established; see the artifact record
Ecclus.40.21		unrecorded	vulgate Ecclus 40:1-32 is not mapped onto greek: the Vulgate and the Greek divide Ecclesiasticus differently in all fifty-one chapters and no verse-level correspondence has been established; see the artifact record
Ecclus.40.22		unrecorded	vulgate Ecclus 40:1-32 is not mapped onto greek: the Vulgate and the Greek divide Ecclesiasticus differently in all fifty-one chapters and no verse-level correspondence has been established; see the artifact record
Ecclus.40.23		unrecorded	vulgate Ecclus 40:1-32 is not mapped onto greek: the Vulgate and the Greek divide Ecclesiasticus differently in all fifty-one chapters and no verse-level correspondence has been established; see the artifact record
Ecclus.40.24		unrecorded	vulgate Ecclus 40:1-32 is not mapped onto greek: the Vulgate and the Greek divide Ecclesiasticus differently in all fifty-one chapters and no verse-level correspondence has been established; see the artifact record
Ecclus.40.25		unrecorded	vulgate Ecclus 40:1-32 is not mapped onto greek: the Vulgate and the Greek divide Ecclesiasticus differently in all fifty-one chapters and no verse-level correspondence has been established; see the artifact record
Ecclus.40.26		unrecorded	vulgate Ecclus 40:1-32 is not mapped onto greek: the Vulgate and the Greek divide Ecclesiasticus differently in all fifty-one chapters and no verse-level correspondence has been established; see the artifact record
Ecclus.40.27		unrecorded	vulgate Ecclus 40:1-32 is not mapped onto greek: the Vulgate and the Greek divide Ecclesiasticus differently in all fifty-one chapters and no verse-level correspondence has been established; see the artifact record
Ecclus.40.28		unrecorded	vulgate Ecclus 40:1-32 is not mapped onto greek: the Vulgate and the Greek divide Ecclesiasticus differently in all fifty-one chapters and no verse-level correspondence has been established; see the artifact record
Ecclus.40.29		unrecorded	vulgate Ecclus 40:1-32 is not mapped onto greek: the Vulgate and the Greek divide Ecclesiasticus differently in all fifty-one chapters and no verse-level correspondence has been established; see the artifact record
Ecclus.40.3		unrecorded	vulgate Ecclus 40:1-32 is not mapped onto greek: the Vulgate and the Greek divide Ecclesiasticus differently in all fifty-one chapters and no verse-level correspondence has been established; see the artifact record
Ecclus.40.30		unrecorded	vulgate Ecclus 40:1-32 is not mapped onto greek: the Vulgate and the Greek divide Ecclesiasticus differently in all fifty-one chapters and no verse-level correspondence has been established; see the artifact record
Ecclus.40.31		unrecorded	vulgate Ecclus 40:1-32 is not mapped onto greek: the Vulgate and the Greek divide Ecclesiasticus differently in all fifty-one chapters and no verse-level correspondence has been established; see the artifact record
Ecclus.40.32		unrecorded	vulgate Ecclus 40:1-32 is not mapped onto greek: the Vulgate and the Greek divide Ecclesiasticus differently in all fifty-one chapters and no verse-level correspondence has been established; see the artifact record
Ecclus.40.4		unrecorded	vulgate Ecclus 40:1-32 is not mapped onto greek: the Vulgate and the Greek divide Ecclesiasticus differently in all fifty-one chapters and no verse-level correspondence has been established; see the artifact record
Ecclus.40.5		unrecorded	vulgate Ecclus 40:1-32 is not mapped onto greek: the Vulgate and the Greek divide Ecclesiasticus differently in all fifty-one chapters and no verse-level correspondence has been established; see the artifact record
Ecclus.40.6		unrecorded	vulgate Ecclus 40:1-32 is not mapped onto greek: the Vulgate and the Greek divide Ecclesiasticus differently in all fifty-one chapters and no verse-level correspondence has been established; see the artifact record
Ecclus.40.7		unrecorded	vulgate Ecclus 40:1-32 is not mapped onto greek: the Vulgate and the Greek divide Ecclesiasticus differently in all fifty-one chapters and no verse-level correspondence has been established; see the artifact record
Ecclus.40.8		unrecorded	vulgate Ecclus 40:1-32 is not mapped onto greek: the Vulgate and the Greek divide Ecclesiasticus differently in all fifty-one chapters and no verse-level correspondence has been established; see the artifact record
Ecclus.40.9		unrecorded	vulgate Ecclus 40:1-32 is not mapped onto greek: the Vulgate and the Greek divide Ecclesiasticus differently in all fifty-one chapters and no verse-level correspondence has been established; see the artifact record
Ecclus.41.1		unrecorded	vulgate Ecclus 41:1-28 is not mapped onto greek: the Vulgate and the Greek divide Ecclesiasticus differently in all fifty-one chapters and no verse-level correspondence has been established; see the artifact record
Ecclus.41.10		unrecorded	vulgate Ecclus 41:1-28 is not mapped onto greek: the Vulgate and the Greek divide Ecclesiasticus differently in all fifty-one chapters and no verse-level correspondence has been established; see the artifact record
Ecclus.41.11		unrecorded	vulgate Ecclus 41:1-28 is not mapped onto greek: the Vulgate and the Greek divide Ecclesiasticus differently in all fifty-one chapters and no verse-level correspondence has been established; see the artifact record
Ecclus.41.12		unrecorded	vulgate Ecclus 41:1-28 is not mapped onto greek: the Vulgate and the Greek divide Ecclesiasticus differently in all fifty-one chapters and no verse-level correspondence has been established; see the artifact record
Ecclus.41.13		unrecorded	vulgate Ecclus 41:1-28 is not mapped onto greek: the Vulgate and the Greek divide Ecclesiasticus differently in all fifty-one chapters and no verse-level correspondence has been established; see the artifact record
Ecclus.41.14		unrecorded	vulgate Ecclus 41:1-28 is not mapped onto greek: the Vulgate and the Greek divide Ecclesiasticus differently in all fifty-one chapters and no verse-level correspondence has been established; see the artifact record
Ecclus.41.15		unrecorded	vulgate Ecclus 41:1-28 is not mapped onto greek: the Vulgate and the Greek divide Ecclesiasticus differently in all fifty-one chapters and no verse-level correspondence has been established; see the artifact record
Ecclus.41.16		unrecorded	vulgate Ecclus 41:1-28 is not mapped onto greek: the Vulgate and the Greek divide Ecclesiasticus differently in all fifty-one chapters and no verse-level correspondence has been established; see the artifact record
Ecclus.41.17		unrecorded	vulgate Ecclus 41:1-28 is not mapped onto greek: the Vulgate and the Greek divide Ecclesiasticus differently in all fifty-one chapters and no verse-level correspondence has been established; see the artifact record
Ecclus.41.18		unrecorded	vulgate Ecclus 41:1-28 is not mapped onto greek: the Vulgate and the Greek divide Ecclesiasticus differently in all fifty-one chapters and no verse-level correspondence has been established; see the artifact record
Ecclus.41.19		unrecorded	vulgate Ecclus 41:1-28 is not mapped onto greek: the Vulgate and the Greek divide Ecclesiasticus differently in all fifty-one chapters and no verse-level correspondence has been established; see the artifact record
Ecclus.41.2		unrecorded	vulgate Ecclus 41:1-28 is not mapped onto greek: the Vulgate and the Greek divide Ecclesiasticus differently in all fifty-one chapters and no verse-level correspondence has been established; see the artifact record
Ecclus.41.20		unrecorded	vulgate Ecclus 41:1-28 is not mapped onto greek: the Vulgate and the Greek divide Ecclesiasticus differently in all fifty-one chapters and no verse-level correspondence has been established; see the artifact record
Ecclus.41.21		unrecorded	vulgate Ecclus 41:1-28 is not mapped onto greek: the Vulgate and the Greek divide Ecclesiasticus differently in all fifty-one chapters and no verse-level correspondence has been established; see the artifact record
Ecclus.41.22		unrecorded	vulgate Ecclus 41:1-28 is not mapped onto greek: the Vulgate and the Greek divide Ecclesiasticus differently in all fifty-one chapters and no verse-level correspondence has been established; see the artifact record
Ecclus.41.23		unrecorded	vulgate Ecclus 41:1-28 is not mapped onto greek: the Vulgate and the Greek divide Ecclesiasticus differently in all fifty-one chapters and no verse-level correspondence has been established; see the artifact record
Ecclus.41.24		unrecorded	vulgate Ecclus 41:1-28 is not mapped onto greek: the Vulgate and the Greek divide Ecclesiasticus differently in all fifty-one chapters and no verse-level correspondence has been established; see the artifact record
Ecclus.41.25		unrecorded	vulgate Ecclus 41:1-28 is not mapped onto greek: the Vulgate and the Greek divide Ecclesiasticus differently in all fifty-one chapters and no verse-level correspondence has been established; see the artifact record
Ecclus.41.26		unrecorded	vulgate Ecclus 41:1-28 is not mapped onto greek: the Vulgate and the Greek divide Ecclesiasticus differently in all fifty-one chapters and no verse-level correspondence has been established; see the artifact record
Ecclus.41.27		unrecorded	vulgate Ecclus 41:1-28 is not mapped onto greek: the Vulgate and the Greek divide Ecclesiasticus differently in all fifty-one chapters and no verse-level correspondence has been established; see the artifact record
Ecclus.41.28		unrecorded	vulgate Ecclus 41:1-28 is not mapped onto greek: the Vulgate and the Greek divide Ecclesiasticus differently in all fifty-one chapters and no verse-level correspondence has been established; see the artifact record
Ecclus.41.3		unrecorded	vulgate Ecclus 41:1-28 is not mapped onto greek: the Vulgate and the Greek divide Ecclesiasticus differently in all fifty-one chapters and no verse-level correspondence has been established; see the artifact record
Ecclus.41.4		unrecorded	vulgate Ecclus 41:1-28 is not mapped onto greek: the Vulgate and the Greek divide Ecclesiasticus differently in all fifty-one chapters and no verse-level correspondence has been established; see the artifact record
Ecclus.41.5		unrecorded	vulgate Ecclus 41:1-28 is not mapped onto greek: the Vulgate and the Greek divide Ecclesiasticus differently in all fifty-one chapters and no verse-level correspondence has been established; see the artifact record
Ecclus.41.6		unrecorded	vulgate Ecclus 41:1-28 is not mapped onto greek: the Vulgate and the Greek divide Ecclesiasticus differently in all fifty-one chapters and no verse-level correspondence has been established; see the artifact record
Ecclus.41.7		unrecorded	vulgate Ecclus 41:1-28 is not mapped onto greek: the Vulgate and the Greek divide Ecclesiasticus differently in all fifty-one chapters and no verse-level correspondence has been established; see the artifact record
Ecclus.41.8		unrecorded	vulgate Ecclus 41:1-28 is not mapped onto greek: the Vulgate and the Greek divide Ecclesiasticus differently in all fifty-one chapters and no verse-level correspondence has been established; see the artifact record
Ecclus.41.9		unrecorded	vulgate Ecclus 41:1-28 is not mapped onto greek: the Vulgate and the Greek divide Ecclesiasticus differently in all fifty-one chapters and no verse-level correspondence has been established; see the artifact record
Ecclus.42.1		unrecorded	vulgate Ecclus 42:1-26 is not mapped onto greek: the Vulgate and the Greek divide Ecclesiasticus differently in all fifty-one chapters and no verse-level correspondence has been established; see the artifact record
Ecclus.42.10		unrecorded	vulgate Ecclus 42:1-26 is not mapped onto greek: the Vulgate and the Greek divide Ecclesiasticus differently in all fifty-one chapters and no verse-level correspondence has been established; see the artifact record
Ecclus.42.11		unrecorded	vulgate Ecclus 42:1-26 is not mapped onto greek: the Vulgate and the Greek divide Ecclesiasticus differently in all fifty-one chapters and no verse-level correspondence has been established; see the artifact record
Ecclus.42.12		unrecorded	vulgate Ecclus 42:1-26 is not mapped onto greek: the Vulgate and the Greek divide Ecclesiasticus differently in all fifty-one chapters and no verse-level correspondence has been established; see the artifact record
Ecclus.42.13		unrecorded	vulgate Ecclus 42:1-26 is not mapped onto greek: the Vulgate and the Greek divide Ecclesiasticus differently in all fifty-one chapters and no verse-level correspondence has been established; see the artifact record
Ecclus.42.14		unrecorded	vulgate Ecclus 42:1-26 is not mapped onto greek: the Vulgate and the Greek divide Ecclesiasticus differently in all fifty-one chapters and no verse-level correspondence has been established; see the artifact record
Ecclus.42.15		unrecorded	vulgate Ecclus 42:1-26 is not mapped onto greek: the Vulgate and the Greek divide Ecclesiasticus differently in all fifty-one chapters and no verse-level correspondence has been established; see the artifact record
Ecclus.42.16		unrecorded	vulgate Ecclus 42:1-26 is not mapped onto greek: the Vulgate and the Greek divide Ecclesiasticus differently in all fifty-one chapters and no verse-level correspondence has been established; see the artifact record
Ecclus.42.17		unrecorded	vulgate Ecclus 42:1-26 is not mapped onto greek: the Vulgate and the Greek divide Ecclesiasticus differently in all fifty-one chapters and no verse-level correspondence has been established; see the artifact record
Ecclus.42.18		unrecorded	vulgate Ecclus 42:1-26 is not mapped onto greek: the Vulgate and the Greek divide Ecclesiasticus differently in all fifty-one chapters and no verse-level correspondence has been established; see the artifact record
Ecclus.42.19		unrecorded	vulgate Ecclus 42:1-26 is not mapped onto greek: the Vulgate and the Greek divide Ecclesiasticus differently in all fifty-one chapters and no verse-level correspondence has been established; see the artifact record
Ecclus.42.2		unrecorded	vulgate Ecclus 42:1-26 is not mapped onto greek: the Vulgate and the Greek divide Ecclesiasticus differently in all fifty-one chapters and no verse-level correspondence has been established; see the artifact record
Ecclus.42.20		unrecorded	vulgate Ecclus 42:1-26 is not mapped onto greek: the Vulgate and the Greek divide Ecclesiasticus differently in all fifty-one chapters and no verse-level correspondence has been established; see the artifact record
Ecclus.42.21		unrecorded	vulgate Ecclus 42:1-26 is not mapped onto greek: the Vulgate and the Greek divide Ecclesiasticus differently in all fifty-one chapters and no verse-level correspondence has been established; see the artifact record
Ecclus.42.22		unrecorded	vulgate Ecclus 42:1-26 is not mapped onto greek: the Vulgate and the Greek divide Ecclesiasticus differently in all fifty-one chapters and no verse-level correspondence has been established; see the artifact record
Ecclus.42.23		unrecorded	vulgate Ecclus 42:1-26 is not mapped onto greek: the Vulgate and the Greek divide Ecclesiasticus differently in all fifty-one chapters and no verse-level correspondence has been established; see the artifact record
Ecclus.42.24		unrecorded	vulgate Ecclus 42:1-26 is not mapped onto greek: the Vulgate and the Greek divide Ecclesiasticus differently in all fifty-one chapters and no verse-level correspondence has been established; see the artifact record
Ecclus.42.25		unrecorded	vulgate Ecclus 42:1-26 is not mapped onto greek: the Vulgate and the Greek divide Ecclesiasticus differently in all fifty-one chapters and no verse-level correspondence has been established; see the artifact record
Ecclus.42.26		unrecorded	vulgate Ecclus 42:1-26 is not mapped onto greek: the Vulgate and the Greek divide Ecclesiasticus differently in all fifty-one chapters and no verse-level correspondence has been established; see the artifact record
Ecclus.42.3		unrecorded	vulgate Ecclus 42:1-26 is not mapped onto greek: the Vulgate and the Greek divide Ecclesiasticus differently in all fifty-one chapters and no verse-level correspondence has been established; see the artifact record
Ecclus.42.4		unrecorded	vulgate Ecclus 42:1-26 is not mapped onto greek: the Vulgate and the Greek divide Ecclesiasticus differently in all fifty-one chapters and no verse-level correspondence has been established; see the artifact record
Ecclus.42.5		unrecorded	vulgate Ecclus 42:1-26 is not mapped onto greek: the Vulgate and the Greek divide Ecclesiasticus differently in all fifty-one chapters and no verse-level correspondence has been established; see the artifact record
Ecclus.42.6		unrecorded	vulgate Ecclus 42:1-26 is not mapped onto greek: the Vulgate and the Greek divide Ecclesiasticus differently in all fifty-one chapters and no verse-level correspondence has been established; see the artifact record
Ecclus.42.7		unrecorded	vulgate Ecclus 42:1-26 is not mapped onto greek: the Vulgate and the Greek divide Ecclesiasticus differently in all fifty-one chapters and no verse-level correspondence has been established; see the artifact record
Ecclus.42.8		unrecorded	vulgate Ecclus 42:1-26 is not mapped onto greek: the Vulgate and the Greek divide Ecclesiasticus differently in all fifty-one chapters and no verse-level correspondence has been established; see the artifact record
Ecclus.42.9		unrecorded	vulgate Ecclus 42:1-26 is not mapped onto greek: the Vulgate and the Greek divide Ecclesiasticus differently in all fifty-one chapters and no verse-level correspondence has been established; see the artifact record
Ecclus.43.1		unrecorded	vulgate Ecclus 43:1-37 is not mapped onto greek: the Vulgate and the Greek divide Ecclesiasticus differently in all fifty-one chapters and no verse-level correspondence has been established; see the artifact record
Ecclus.43.10		unrecorded	vulgate Ecclus 43:1-37 is not mapped onto greek: the Vulgate and the Greek divide Ecclesiasticus differently in all fifty-one chapters and no verse-level correspondence has been established; see the artifact record
Ecclus.43.11		unrecorded	vulgate Ecclus 43:1-37 is not mapped onto greek: the Vulgate and the Greek divide Ecclesiasticus differently in all fifty-one chapters and no verse-level correspondence has been established; see the artifact record
Ecclus.43.12		unrecorded	vulgate Ecclus 43:1-37 is not mapped onto greek: the Vulgate and the Greek divide Ecclesiasticus differently in all fifty-one chapters and no verse-level correspondence has been established; see the artifact record
Ecclus.43.13		unrecorded	vulgate Ecclus 43:1-37 is not mapped onto greek: the Vulgate and the Greek divide Ecclesiasticus differently in all fifty-one chapters and no verse-level correspondence has been established; see the artifact record
Ecclus.43.14		unrecorded	vulgate Ecclus 43:1-37 is not mapped onto greek: the Vulgate and the Greek divide Ecclesiasticus differently in all fifty-one chapters and no verse-level correspondence has been established; see the artifact record
Ecclus.43.15		unrecorded	vulgate Ecclus 43:1-37 is not mapped onto greek: the Vulgate and the Greek divide Ecclesiasticus differently in all fifty-one chapters and no verse-level correspondence has been established; see the artifact record
Ecclus.43.16		unrecorded	vulgate Ecclus 43:1-37 is not mapped onto greek: the Vulgate and the Greek divide Ecclesiasticus differently in all fifty-one chapters and no verse-level correspondence has been established; see the artifact record
Ecclus.43.17		unrecorded	vulgate Ecclus 43:1-37 is not mapped onto greek: the Vulgate and the Greek divide Ecclesiasticus differently in all fifty-one chapters and no verse-level correspondence has been established; see the artifact record
Ecclus.43.18		unrecorded	vulgate Ecclus 43:1-37 is not mapped onto greek: the Vulgate and the Greek divide Ecclesiasticus differently in all fifty-one chapters and no verse-level correspondence has been established; see the artifact record
Ecclus.43.19		unrecorded	vulgate Ecclus 43:1-37 is not mapped onto greek: the Vulgate and the Greek divide Ecclesiasticus differently in all fifty-one chapters and no verse-level correspondence has been established; see the artifact record
Ecclus.43.2		unrecorded	vulgate Ecclus 43:1-37 is not mapped onto greek: the Vulgate and the Greek divide Ecclesiasticus differently in all fifty-one chapters and no verse-level correspondence has been established; see the artifact record
Ecclus.43.20		unrecorded	vulgate Ecclus 43:1-37 is not mapped onto greek: the Vulgate and the Greek divide Ecclesiasticus differently in all fifty-one chapters and no verse-level correspondence has been established; see the artifact record
Ecclus.43.21		unrecorded	vulgate Ecclus 43:1-37 is not mapped onto greek: the Vulgate and the Greek divide Ecclesiasticus differently in all fifty-one chapters and no verse-level correspondence has been established; see the artifact record
Ecclus.43.22		unrecorded	vulgate Ecclus 43:1-37 is not mapped onto greek: the Vulgate and the Greek divide Ecclesiasticus differently in all fifty-one chapters and no verse-level correspondence has been established; see the artifact record
Ecclus.43.23		unrecorded	vulgate Ecclus 43:1-37 is not mapped onto greek: the Vulgate and the Greek divide Ecclesiasticus differently in all fifty-one chapters and no verse-level correspondence has been established; see the artifact record
Ecclus.43.24		unrecorded	vulgate Ecclus 43:1-37 is not mapped onto greek: the Vulgate and the Greek divide Ecclesiasticus differently in all fifty-one chapters and no verse-level correspondence has been established; see the artifact record
Ecclus.43.25		unrecorded	vulgate Ecclus 43:1-37 is not mapped onto greek: the Vulgate and the Greek divide Ecclesiasticus differently in all fifty-one chapters and no verse-level correspondence has been established; see the artifact record
Ecclus.43.26		unrecorded	vulgate Ecclus 43:1-37 is not mapped onto greek: the Vulgate and the Greek divide Ecclesiasticus differently in all fifty-one chapters and no verse-level correspondence has been established; see the artifact record
Ecclus.43.27		unrecorded	vulgate Ecclus 43:1-37 is not mapped onto greek: the Vulgate and the Greek divide Ecclesiasticus differently in all fifty-one chapters and no verse-level correspondence has been established; see the artifact record
Ecclus.43.28		unrecorded	vulgate Ecclus 43:1-37 is not mapped onto greek: the Vulgate and the Greek divide Ecclesiasticus differently in all fifty-one chapters and no verse-level correspondence has been established; see the artifact record
Ecclus.43.29		unrecorded	vulgate Ecclus 43:1-37 is not mapped onto greek: the Vulgate and the Greek divide Ecclesiasticus differently in all fifty-one chapters and no verse-level correspondence has been established; see the artifact record
Ecclus.43.3		unrecorded	vulgate Ecclus 43:1-37 is not mapped onto greek: the Vulgate and the Greek divide Ecclesiasticus differently in all fifty-one chapters and no verse-level correspondence has been established; see the artifact record
Ecclus.43.30		unrecorded	vulgate Ecclus 43:1-37 is not mapped onto greek: the Vulgate and the Greek divide Ecclesiasticus differently in all fifty-one chapters and no verse-level correspondence has been established; see the artifact record
Ecclus.43.31		unrecorded	vulgate Ecclus 43:1-37 is not mapped onto greek: the Vulgate and the Greek divide Ecclesiasticus differently in all fifty-one chapters and no verse-level correspondence has been established; see the artifact record
Ecclus.43.32		unrecorded	vulgate Ecclus 43:1-37 is not mapped onto greek: the Vulgate and the Greek divide Ecclesiasticus differently in all fifty-one chapters and no verse-level correspondence has been established; see the artifact record
Ecclus.43.33		unrecorded	vulgate Ecclus 43:1-37 is not mapped onto greek: the Vulgate and the Greek divide Ecclesiasticus differently in all fifty-one chapters and no verse-level correspondence has been established; see the artifact record
Ecclus.43.34		unrecorded	vulgate Ecclus 43:1-37 is not mapped onto greek: the Vulgate and the Greek divide Ecclesiasticus differently in all fifty-one chapters and no verse-level correspondence has been established; see the artifact record
Ecclus.43.35		unrecorded	vulgate Ecclus 43:1-37 is not mapped onto greek: the Vulgate and the Greek divide Ecclesiasticus differently in all fifty-one chapters and no verse-level correspondence has been established; see the artifact record
Ecclus.43.36		unrecorded	vulgate Ecclus 43:1-37 is not mapped onto greek: the Vulgate and the Greek divide Ecclesiasticus differently in all fifty-one chapters and no verse-level correspondence has been established; see the artifact record
Ecclus.43.37		unrecorded	vulgate Ecclus 43:1-37 is not mapped onto greek: the Vulgate and the Greek divide Ecclesiasticus differently in all fifty-one chapters and no verse-level correspondence has been established; see the artifact record
Ecclus.43.4		unrecorded	vulgate Ecclus 43:1-37 is not mapped onto greek: the Vulgate and the Greek divide Ecclesiasticus differently in all fifty-one chapters and no verse-level correspondence has been established; see the artifact record
Ecclus.43.5		unrecorded	vulgate Ecclus 43:1-37 is not mapped onto greek: the Vulgate and the Greek divide Ecclesiasticus differently in all fifty-one chapters and no verse-level correspondence has been established; see the artifact record
Ecclus.43.6		unrecorded	vulgate Ecclus 43:1-37 is not mapped onto greek: the Vulgate and the Greek divide Ecclesiasticus differently in all fifty-one chapters and no verse-level correspondence has been established; see the artifact record
Ecclus.43.7		unrecorded	vulgate Ecclus 43:1-37 is not mapped onto greek: the Vulgate and the Greek divide Ecclesiasticus differently in all fifty-one chapters and no verse-level correspondence has been established; see the artifact record
Ecclus.43.8		unrecorded	vulgate Ecclus 43:1-37 is not mapped onto greek: the Vulgate and the Greek divide Ecclesiasticus differently in all fifty-one chapters and no verse-level correspondence has been established; see the artifact record
Ecclus.43.9		unrecorded	vulgate Ecclus 43:1-37 is not mapped onto greek: the Vulgate and the Greek divide Ecclesiasticus differently in all fifty-one chapters and no verse-level correspondence has been established; see the artifact record
Ecclus.44.1		unrecorded	vulgate Ecclus 44:1-27 is not mapped onto greek: the Vulgate and the Greek divide Ecclesiasticus differently in all fifty-one chapters and no verse-level correspondence has been established; see the artifact record
Ecclus.44.10		unrecorded	vulgate Ecclus 44:1-27 is not mapped onto greek: the Vulgate and the Greek divide Ecclesiasticus differently in all fifty-one chapters and no verse-level correspondence has been established; see the artifact record
Ecclus.44.11		unrecorded	vulgate Ecclus 44:1-27 is not mapped onto greek: the Vulgate and the Greek divide Ecclesiasticus differently in all fifty-one chapters and no verse-level correspondence has been established; see the artifact record
Ecclus.44.12		unrecorded	vulgate Ecclus 44:1-27 is not mapped onto greek: the Vulgate and the Greek divide Ecclesiasticus differently in all fifty-one chapters and no verse-level correspondence has been established; see the artifact record
Ecclus.44.13		unrecorded	vulgate Ecclus 44:1-27 is not mapped onto greek: the Vulgate and the Greek divide Ecclesiasticus differently in all fifty-one chapters and no verse-level correspondence has been established; see the artifact record
Ecclus.44.14		unrecorded	vulgate Ecclus 44:1-27 is not mapped onto greek: the Vulgate and the Greek divide Ecclesiasticus differently in all fifty-one chapters and no verse-level correspondence has been established; see the artifact record
Ecclus.44.15		unrecorded	vulgate Ecclus 44:1-27 is not mapped onto greek: the Vulgate and the Greek divide Ecclesiasticus differently in all fifty-one chapters and no verse-level correspondence has been established; see the artifact record
Ecclus.44.16		unrecorded	vulgate Ecclus 44:1-27 is not mapped onto greek: the Vulgate and the Greek divide Ecclesiasticus differently in all fifty-one chapters and no verse-level correspondence has been established; see the artifact record
Ecclus.44.17		unrecorded	vulgate Ecclus 44:1-27 is not mapped onto greek: the Vulgate and the Greek divide Ecclesiasticus differently in all fifty-one chapters and no verse-level correspondence has been established; see the artifact record
Ecclus.44.18		unrecorded	vulgate Ecclus 44:1-27 is not mapped onto greek: the Vulgate and the Greek divide Ecclesiasticus differently in all fifty-one chapters and no verse-level correspondence has been established; see the artifact record
Ecclus.44.19		unrecorded	vulgate Ecclus 44:1-27 is not mapped onto greek: the Vulgate and the Greek divide Ecclesiasticus differently in all fifty-one chapters and no verse-level correspondence has been established; see the artifact record
Ecclus.44.2		unrecorded	vulgate Ecclus 44:1-27 is not mapped onto greek: the Vulgate and the Greek divide Ecclesiasticus differently in all fifty-one chapters and no verse-level correspondence has been established; see the artifact record
Ecclus.44.20		unrecorded	vulgate Ecclus 44:1-27 is not mapped onto greek: the Vulgate and the Greek divide Ecclesiasticus differently in all fifty-one chapters and no verse-level correspondence has been established; see the artifact record
Ecclus.44.21		unrecorded	vulgate Ecclus 44:1-27 is not mapped onto greek: the Vulgate and the Greek divide Ecclesiasticus differently in all fifty-one chapters and no verse-level correspondence has been established; see the artifact record
Ecclus.44.22		unrecorded	vulgate Ecclus 44:1-27 is not mapped onto greek: the Vulgate and the Greek divide Ecclesiasticus differently in all fifty-one chapters and no verse-level correspondence has been established; see the artifact record
Ecclus.44.23		unrecorded	vulgate Ecclus 44:1-27 is not mapped onto greek: the Vulgate and the Greek divide Ecclesiasticus differently in all fifty-one chapters and no verse-level correspondence has been established; see the artifact record
Ecclus.44.24		unrecorded	vulgate Ecclus 44:1-27 is not mapped onto greek: the Vulgate and the Greek divide Ecclesiasticus differently in all fifty-one chapters and no verse-level correspondence has been established; see the artifact record
Ecclus.44.25		unrecorded	vulgate Ecclus 44:1-27 is not mapped onto greek: the Vulgate and the Greek divide Ecclesiasticus differently in all fifty-one chapters and no verse-level correspondence has been established; see the artifact record
Ecclus.44.26		unrecorded	vulgate Ecclus 44:1-27 is not mapped onto greek: the Vulgate and the Greek divide Ecclesiasticus differently in all fifty-one chapters and no verse-level correspondence has been established; see the artifact record
Ecclus.44.27		unrecorded	vulgate Ecclus 44:1-27 is not mapped onto greek: the Vulgate and the Greek divide Ecclesiasticus differently in all fifty-one chapters and no verse-level correspondence has been established; see the artifact record
Ecclus.44.3		unrecorded	vulgate Ecclus 44:1-27 is not mapped onto greek: the Vulgate and the Greek divide Ecclesiasticus differently in all fifty-one chapters and no verse-level correspondence has been established; see the artifact record
Ecclus.44.4		unrecorded	vulgate Ecclus 44:1-27 is not mapped onto greek: the Vulgate and the Greek divide Ecclesiasticus differently in all fifty-one chapters and no verse-level correspondence has been established; see the artifact record
Ecclus.44.5		unrecorded	vulgate Ecclus 44:1-27 is not mapped onto greek: the Vulgate and the Greek divide Ecclesiasticus differently in all fifty-one chapters and no verse-level correspondence has been established; see the artifact record
Ecclus.44.6		unrecorded	vulgate Ecclus 44:1-27 is not mapped onto greek: the Vulgate and the Greek divide Ecclesiasticus differently in all fifty-one chapters and no verse-level correspondence has been established; see the artifact record
Ecclus.44.7		unrecorded	vulgate Ecclus 44:1-27 is not mapped onto greek: the Vulgate and the Greek divide Ecclesiasticus differently in all fifty-one chapters and no verse-level correspondence has been established; see the artifact record
Ecclus.44.8		unrecorded	vulgate Ecclus 44:1-27 is not mapped onto greek: the Vulgate and the Greek divide Ecclesiasticus differently in all fifty-one chapters and no verse-level correspondence has been established; see the artifact record
Ecclus.44.9		unrecorded	vulgate Ecclus 44:1-27 is not mapped onto greek: the Vulgate and the Greek divide Ecclesiasticus differently in all fifty-one chapters and no verse-level correspondence has been established; see the artifact record
Ecclus.45.1		unrecorded	vulgate Ecclus 45:1-31 is not mapped onto greek: the Vulgate and the Greek divide Ecclesiasticus differently in all fifty-one chapters and no verse-level correspondence has been established; see the artifact record
Ecclus.45.10		unrecorded	vulgate Ecclus 45:1-31 is not mapped onto greek: the Vulgate and the Greek divide Ecclesiasticus differently in all fifty-one chapters and no verse-level correspondence has been established; see the artifact record
Ecclus.45.11		unrecorded	vulgate Ecclus 45:1-31 is not mapped onto greek: the Vulgate and the Greek divide Ecclesiasticus differently in all fifty-one chapters and no verse-level correspondence has been established; see the artifact record
Ecclus.45.12		unrecorded	vulgate Ecclus 45:1-31 is not mapped onto greek: the Vulgate and the Greek divide Ecclesiasticus differently in all fifty-one chapters and no verse-level correspondence has been established; see the artifact record
Ecclus.45.13		unrecorded	vulgate Ecclus 45:1-31 is not mapped onto greek: the Vulgate and the Greek divide Ecclesiasticus differently in all fifty-one chapters and no verse-level correspondence has been established; see the artifact record
Ecclus.45.14		unrecorded	vulgate Ecclus 45:1-31 is not mapped onto greek: the Vulgate and the Greek divide Ecclesiasticus differently in all fifty-one chapters and no verse-level correspondence has been established; see the artifact record
Ecclus.45.15		unrecorded	vulgate Ecclus 45:1-31 is not mapped onto greek: the Vulgate and the Greek divide Ecclesiasticus differently in all fifty-one chapters and no verse-level correspondence has been established; see the artifact record
Ecclus.45.16		unrecorded	vulgate Ecclus 45:1-31 is not mapped onto greek: the Vulgate and the Greek divide Ecclesiasticus differently in all fifty-one chapters and no verse-level correspondence has been established; see the artifact record
Ecclus.45.17		unrecorded	vulgate Ecclus 45:1-31 is not mapped onto greek: the Vulgate and the Greek divide Ecclesiasticus differently in all fifty-one chapters and no verse-level correspondence has been established; see the artifact record
Ecclus.45.18		unrecorded	vulgate Ecclus 45:1-31 is not mapped onto greek: the Vulgate and the Greek divide Ecclesiasticus differently in all fifty-one chapters and no verse-level correspondence has been established; see the artifact record
Ecclus.45.19		unrecorded	vulgate Ecclus 45:1-31 is not mapped onto greek: the Vulgate and the Greek divide Ecclesiasticus differently in all fifty-one chapters and no verse-level correspondence has been established; see the artifact record
Ecclus.45.2		unrecorded	vulgate Ecclus 45:1-31 is not mapped onto greek: the Vulgate and the Greek divide Ecclesiasticus differently in all fifty-one chapters and no verse-level correspondence has been established; see the artifact record
Ecclus.45.20		unrecorded	vulgate Ecclus 45:1-31 is not mapped onto greek: the Vulgate and the Greek divide Ecclesiasticus differently in all fifty-one chapters and no verse-level correspondence has been established; see the artifact record
Ecclus.45.21		unrecorded	vulgate Ecclus 45:1-31 is not mapped onto greek: the Vulgate and the Greek divide Ecclesiasticus differently in all fifty-one chapters and no verse-level correspondence has been established; see the artifact record
Ecclus.45.22		unrecorded	vulgate Ecclus 45:1-31 is not mapped onto greek: the Vulgate and the Greek divide Ecclesiasticus differently in all fifty-one chapters and no verse-level correspondence has been established; see the artifact record
Ecclus.45.23		unrecorded	vulgate Ecclus 45:1-31 is not mapped onto greek: the Vulgate and the Greek divide Ecclesiasticus differently in all fifty-one chapters and no verse-level correspondence has been established; see the artifact record
Ecclus.45.24		unrecorded	vulgate Ecclus 45:1-31 is not mapped onto greek: the Vulgate and the Greek divide Ecclesiasticus differently in all fifty-one chapters and no verse-level correspondence has been established; see the artifact record
Ecclus.45.25		unrecorded	vulgate Ecclus 45:1-31 is not mapped onto greek: the Vulgate and the Greek divide Ecclesiasticus differently in all fifty-one chapters and no verse-level correspondence has been established; see the artifact record
Ecclus.45.26		unrecorded	vulgate Ecclus 45:1-31 is not mapped onto greek: the Vulgate and the Greek divide Ecclesiasticus differently in all fifty-one chapters and no verse-level correspondence has been established; see the artifact record
Ecclus.45.27		unrecorded	vulgate Ecclus 45:1-31 is not mapped onto greek: the Vulgate and the Greek divide Ecclesiasticus differently in all fifty-one chapters and no verse-level correspondence has been established; see the artifact record
Ecclus.45.28		unrecorded	vulgate Ecclus 45:1-31 is not mapped onto greek: the Vulgate and the Greek divide Ecclesiasticus differently in all fifty-one chapters and no verse-level correspondence has been established; see the artifact record
Ecclus.45.29		unrecorded	vulgate Ecclus 45:1-31 is not mapped onto greek: the Vulgate and the Greek divide Ecclesiasticus differently in all fifty-one chapters and no verse-level correspondence has been established; see the artifact record
Ecclus.45.3		unrecorded	vulgate Ecclus 45:1-31 is not mapped onto greek: the Vulgate and the Greek divide Ecclesiasticus differently in all fifty-one chapters and no verse-level correspondence has been established; see the artifact record
Ecclus.45.30		unrecorded	vulgate Ecclus 45:1-31 is not mapped onto greek: the Vulgate and the Greek divide Ecclesiasticus differently in all fifty-one chapters and no verse-level correspondence has been established; see the artifact record
Ecclus.45.31		unrecorded	vulgate Ecclus 45:1-31 is not mapped onto greek: the Vulgate and the Greek divide Ecclesiasticus differently in all fifty-one chapters and no verse-level correspondence has been established; see the artifact record
Ecclus.45.4		unrecorded	vulgate Ecclus 45:1-31 is not mapped onto greek: the Vulgate and the Greek divide Ecclesiasticus differently in all fifty-one chapters and no verse-level correspondence has been established; see the artifact record
Ecclus.45.5		unrecorded	vulgate Ecclus 45:1-31 is not mapped onto greek: the Vulgate and the Greek divide Ecclesiasticus differently in all fifty-one chapters and no verse-level correspondence has been established; see the artifact record
Ecclus.45.6		unrecorded	vulgate Ecclus 45:1-31 is not mapped onto greek: the Vulgate and the Greek divide Ecclesiasticus differently in all fifty-one chapters and no verse-level correspondence has been established; see the artifact record
Ecclus.45.7		unrecorded	vulgate Ecclus 45:1-31 is not mapped onto greek: the Vulgate and the Greek divide Ecclesiasticus differently in all fifty-one chapters and no verse-level correspondence has been established; see the artifact record
Ecclus.45.8		unrecorded	vulgate Ecclus 45:1-31 is not mapped onto greek: the Vulgate and the Greek divide Ecclesiasticus differently in all fifty-one chapters and no verse-level correspondence has been established; see the artifact record
Ecclus.45.9		unrecorded	vulgate Ecclus 45:1-31 is not mapped onto greek: the Vulgate and the Greek divide Ecclesiasticus differently in all fifty-one chapters and no verse-level correspondence has been established; see the artifact record
Ecclus.46.1		unrecorded	vulgate Ecclus 46:1-23 is not mapped onto greek: the Vulgate and the Greek divide Ecclesiasticus differently in all fifty-one chapters and no verse-level correspondence has been established; see the artifact record
Ecclus.46.10		unrecorded	vulgate Ecclus 46:1-23 is not mapped onto greek: the Vulgate and the Greek divide Ecclesiasticus differently in all fifty-one chapters and no verse-level correspondence has been established; see the artifact record
Ecclus.46.11		unrecorded	vulgate Ecclus 46:1-23 is not mapped onto greek: the Vulgate and the Greek divide Ecclesiasticus differently in all fifty-one chapters and no verse-level correspondence has been established; see the artifact record
Ecclus.46.12		unrecorded	vulgate Ecclus 46:1-23 is not mapped onto greek: the Vulgate and the Greek divide Ecclesiasticus differently in all fifty-one chapters and no verse-level correspondence has been established; see the artifact record
Ecclus.46.13		unrecorded	vulgate Ecclus 46:1-23 is not mapped onto greek: the Vulgate and the Greek divide Ecclesiasticus differently in all fifty-one chapters and no verse-level correspondence has been established; see the artifact record
Ecclus.46.14		unrecorded	vulgate Ecclus 46:1-23 is not mapped onto greek: the Vulgate and the Greek divide Ecclesiasticus differently in all fifty-one chapters and no verse-level correspondence has been established; see the artifact record
Ecclus.46.15		unrecorded	vulgate Ecclus 46:1-23 is not mapped onto greek: the Vulgate and the Greek divide Ecclesiasticus differently in all fifty-one chapters and no verse-level correspondence has been established; see the artifact record
Ecclus.46.16		unrecorded	vulgate Ecclus 46:1-23 is not mapped onto greek: the Vulgate and the Greek divide Ecclesiasticus differently in all fifty-one chapters and no verse-level correspondence has been established; see the artifact record
Ecclus.46.17		unrecorded	vulgate Ecclus 46:1-23 is not mapped onto greek: the Vulgate and the Greek divide Ecclesiasticus differently in all fifty-one chapters and no verse-level correspondence has been established; see the artifact record
Ecclus.46.18		unrecorded	vulgate Ecclus 46:1-23 is not mapped onto greek: the Vulgate and the Greek divide Ecclesiasticus differently in all fifty-one chapters and no verse-level correspondence has been established; see the artifact record
Ecclus.46.19		unrecorded	vulgate Ecclus 46:1-23 is not mapped onto greek: the Vulgate and the Greek divide Ecclesiasticus differently in all fifty-one chapters and no verse-level correspondence has been established; see the artifact record
Ecclus.46.2		unrecorded	vulgate Ecclus 46:1-23 is not mapped onto greek: the Vulgate and the Greek divide Ecclesiasticus differently in all fifty-one chapters and no verse-level correspondence has been established; see the artifact record
Ecclus.46.20		unrecorded	vulgate Ecclus 46:1-23 is not mapped onto greek: the Vulgate and the Greek divide Ecclesiasticus differently in all fifty-one chapters and no verse-level correspondence has been established; see the artifact record
Ecclus.46.21		unrecorded	vulgate Ecclus 46:1-23 is not mapped onto greek: the Vulgate and the Greek divide Ecclesiasticus differently in all fifty-one chapters and no verse-level correspondence has been established; see the artifact record
Ecclus.46.22		unrecorded	vulgate Ecclus 46:1-23 is not mapped onto greek: the Vulgate and the Greek divide Ecclesiasticus differently in all fifty-one chapters and no verse-level correspondence has been established; see the artifact record
Ecclus.46.23		unrecorded	vulgate Ecclus 46:1-23 is not mapped onto greek: the Vulgate and the Greek divide Ecclesiasticus differently in all fifty-one chapters and no verse-level correspondence has been established; see the artifact record
Ecclus.46.3		unrecorded	vulgate Ecclus 46:1-23 is not mapped onto greek: the Vulgate and the Greek divide Ecclesiasticus differently in all fifty-one chapters and no verse-level correspondence has been established; see the artifact record
Ecclus.46.4		unrecorded	vulgate Ecclus 46:1-23 is not mapped onto greek: the Vulgate and the Greek divide Ecclesiasticus differently in all fifty-one chapters and no verse-level correspondence has been established; see the artifact record
Ecclus.46.5		unrecorded	vulgate Ecclus 46:1-23 is not mapped onto greek: the Vulgate and the Greek divide Ecclesiasticus differently in all fifty-one chapters and no verse-level correspondence has been established; see the artifact record
Ecclus.46.6		unrecorded	vulgate Ecclus 46:1-23 is not mapped onto greek: the Vulgate and the Greek divide Ecclesiasticus differently in all fifty-one chapters and no verse-level correspondence has been established; see the artifact record
Ecclus.46.7		unrecorded	vulgate Ecclus 46:1-23 is not mapped onto greek: the Vulgate and the Greek divide Ecclesiasticus differently in all fifty-one chapters and no verse-level correspondence has been established; see the artifact record
Ecclus.46.8		unrecorded	vulgate Ecclus 46:1-23 is not mapped onto greek: the Vulgate and the Greek divide Ecclesiasticus differently in all fifty-one chapters and no verse-level correspondence has been established; see the artifact record
Ecclus.46.9		unrecorded	vulgate Ecclus 46:1-23 is not mapped onto greek: the Vulgate and the Greek divide Ecclesiasticus differently in all fifty-one chapters and no verse-level correspondence has been established; see the artifact record
Ecclus.47.1		unrecorded	vulgate Ecclus 47:1-31 is not mapped onto greek: the Vulgate and the Greek divide Ecclesiasticus differently in all fifty-one chapters and no verse-level correspondence has been established; see the artifact record
Ecclus.47.10		unrecorded	vulgate Ecclus 47:1-31 is not mapped onto greek: the Vulgate and the Greek divide Ecclesiasticus differently in all fifty-one chapters and no verse-level correspondence has been established; see the artifact record
Ecclus.47.11		unrecorded	vulgate Ecclus 47:1-31 is not mapped onto greek: the Vulgate and the Greek divide Ecclesiasticus differently in all fifty-one chapters and no verse-level correspondence has been established; see the artifact record
Ecclus.47.12		unrecorded	vulgate Ecclus 47:1-31 is not mapped onto greek: the Vulgate and the Greek divide Ecclesiasticus differently in all fifty-one chapters and no verse-level correspondence has been established; see the artifact record
Ecclus.47.13		unrecorded	vulgate Ecclus 47:1-31 is not mapped onto greek: the Vulgate and the Greek divide Ecclesiasticus differently in all fifty-one chapters and no verse-level correspondence has been established; see the artifact record
Ecclus.47.14		unrecorded	vulgate Ecclus 47:1-31 is not mapped onto greek: the Vulgate and the Greek divide Ecclesiasticus differently in all fifty-one chapters and no verse-level correspondence has been established; see the artifact record
Ecclus.47.15		unrecorded	vulgate Ecclus 47:1-31 is not mapped onto greek: the Vulgate and the Greek divide Ecclesiasticus differently in all fifty-one chapters and no verse-level correspondence has been established; see the artifact record
Ecclus.47.16		unrecorded	vulgate Ecclus 47:1-31 is not mapped onto greek: the Vulgate and the Greek divide Ecclesiasticus differently in all fifty-one chapters and no verse-level correspondence has been established; see the artifact record
Ecclus.47.17		unrecorded	vulgate Ecclus 47:1-31 is not mapped onto greek: the Vulgate and the Greek divide Ecclesiasticus differently in all fifty-one chapters and no verse-level correspondence has been established; see the artifact record
Ecclus.47.18		unrecorded	vulgate Ecclus 47:1-31 is not mapped onto greek: the Vulgate and the Greek divide Ecclesiasticus differently in all fifty-one chapters and no verse-level correspondence has been established; see the artifact record
Ecclus.47.19		unrecorded	vulgate Ecclus 47:1-31 is not mapped onto greek: the Vulgate and the Greek divide Ecclesiasticus differently in all fifty-one chapters and no verse-level correspondence has been established; see the artifact record
Ecclus.47.2		unrecorded	vulgate Ecclus 47:1-31 is not mapped onto greek: the Vulgate and the Greek divide Ecclesiasticus differently in all fifty-one chapters and no verse-level correspondence has been established; see the artifact record
Ecclus.47.20		unrecorded	vulgate Ecclus 47:1-31 is not mapped onto greek: the Vulgate and the Greek divide Ecclesiasticus differently in all fifty-one chapters and no verse-level correspondence has been established; see the artifact record
Ecclus.47.21		unrecorded	vulgate Ecclus 47:1-31 is not mapped onto greek: the Vulgate and the Greek divide Ecclesiasticus differently in all fifty-one chapters and no verse-level correspondence has been established; see the artifact record
Ecclus.47.22		unrecorded	vulgate Ecclus 47:1-31 is not mapped onto greek: the Vulgate and the Greek divide Ecclesiasticus differently in all fifty-one chapters and no verse-level correspondence has been established; see the artifact record
Ecclus.47.23		unrecorded	vulgate Ecclus 47:1-31 is not mapped onto greek: the Vulgate and the Greek divide Ecclesiasticus differently in all fifty-one chapters and no verse-level correspondence has been established; see the artifact record
Ecclus.47.24		unrecorded	vulgate Ecclus 47:1-31 is not mapped onto greek: the Vulgate and the Greek divide Ecclesiasticus differently in all fifty-one chapters and no verse-level correspondence has been established; see the artifact record
Ecclus.47.25		unrecorded	vulgate Ecclus 47:1-31 is not mapped onto greek: the Vulgate and the Greek divide Ecclesiasticus differently in all fifty-one chapters and no verse-level correspondence has been established; see the artifact record
Ecclus.47.26		unrecorded	vulgate Ecclus 47:1-31 is not mapped onto greek: the Vulgate and the Greek divide Ecclesiasticus differently in all fifty-one chapters and no verse-level correspondence has been established; see the artifact record
Ecclus.47.27		unrecorded	vulgate Ecclus 47:1-31 is not mapped onto greek: the Vulgate and the Greek divide Ecclesiasticus differently in all fifty-one chapters and no verse-level correspondence has been established; see the artifact record
Ecclus.47.28		unrecorded	vulgate Ecclus 47:1-31 is not mapped onto greek: the Vulgate and the Greek divide Ecclesiasticus differently in all fifty-one chapters and no verse-level correspondence has been established; see the artifact record
Ecclus.47.29		unrecorded	vulgate Ecclus 47:1-31 is not mapped onto greek: the Vulgate and the Greek divide Ecclesiasticus differently in all fifty-one chapters and no verse-level correspondence has been established; see the artifact record
Ecclus.47.3		unrecorded	vulgate Ecclus 47:1-31 is not mapped onto greek: the Vulgate and the Greek divide Ecclesiasticus differently in all fifty-one chapters and no verse-level correspondence has been established; see the artifact record
Ecclus.47.30		unrecorded	vulgate Ecclus 47:1-31 is not mapped onto greek: the Vulgate and the Greek divide Ecclesiasticus differently in all fifty-one chapters and no verse-level correspondence has been established; see the artifact record
Ecclus.47.31		unrecorded	vulgate Ecclus 47:1-31 is not mapped onto greek: the Vulgate and the Greek divide Ecclesiasticus differently in all fifty-one chapters and no verse-level correspondence has been established; see the artifact record
Ecclus.47.4		unrecorded	vulgate Ecclus 47:1-31 is not mapped onto greek: the Vulgate and the Greek divide Ecclesiasticus differently in all fifty-one chapters and no verse-level correspondence has been established; see the artifact record
Ecclus.47.5		unrecorded	vulgate Ecclus 47:1-31 is not mapped onto greek: the Vulgate and the Greek divide Ecclesiasticus differently in all fifty-one chapters and no verse-level correspondence has been established; see the artifact record
Ecclus.47.6		unrecorded	vulgate Ecclus 47:1-31 is not mapped onto greek: the Vulgate and the Greek divide Ecclesiasticus differently in all fifty-one chapters and no verse-level correspondence has been established; see the artifact record
Ecclus.47.7		unrecorded	vulgate Ecclus 47:1-31 is not mapped onto greek: the Vulgate and the Greek divide Ecclesiasticus differently in all fifty-one chapters and no verse-level correspondence has been established; see the artifact record
Ecclus.47.8		unrecorded	vulgate Ecclus 47:1-31 is not mapped onto greek: the Vulgate and the Greek divide Ecclesiasticus differently in all fifty-one chapters and no verse-level correspondence has been established; see the artifact record
Ecclus.47.9		unrecorded	vulgate Ecclus 47:1-31 is not mapped onto greek: the Vulgate and the Greek divide Ecclesiasticus differently in all fifty-one chapters and no verse-level correspondence has been established; see the artifact record
Ecclus.48.1		unrecorded	vulgate Ecclus 48:1-28 is not mapped onto greek: the Vulgate and the Greek divide Ecclesiasticus differently in all fifty-one chapters and no verse-level correspondence has been established; see the artifact record
Ecclus.48.10		unrecorded	vulgate Ecclus 48:1-28 is not mapped onto greek: the Vulgate and the Greek divide Ecclesiasticus differently in all fifty-one chapters and no verse-level correspondence has been established; see the artifact record
Ecclus.48.11		unrecorded	vulgate Ecclus 48:1-28 is not mapped onto greek: the Vulgate and the Greek divide Ecclesiasticus differently in all fifty-one chapters and no verse-level correspondence has been established; see the artifact record
Ecclus.48.12		unrecorded	vulgate Ecclus 48:1-28 is not mapped onto greek: the Vulgate and the Greek divide Ecclesiasticus differently in all fifty-one chapters and no verse-level correspondence has been established; see the artifact record
Ecclus.48.13		unrecorded	vulgate Ecclus 48:1-28 is not mapped onto greek: the Vulgate and the Greek divide Ecclesiasticus differently in all fifty-one chapters and no verse-level correspondence has been established; see the artifact record
Ecclus.48.14		unrecorded	vulgate Ecclus 48:1-28 is not mapped onto greek: the Vulgate and the Greek divide Ecclesiasticus differently in all fifty-one chapters and no verse-level correspondence has been established; see the artifact record
Ecclus.48.15		unrecorded	vulgate Ecclus 48:1-28 is not mapped onto greek: the Vulgate and the Greek divide Ecclesiasticus differently in all fifty-one chapters and no verse-level correspondence has been established; see the artifact record
Ecclus.48.16		unrecorded	vulgate Ecclus 48:1-28 is not mapped onto greek: the Vulgate and the Greek divide Ecclesiasticus differently in all fifty-one chapters and no verse-level correspondence has been established; see the artifact record
Ecclus.48.17		unrecorded	vulgate Ecclus 48:1-28 is not mapped onto greek: the Vulgate and the Greek divide Ecclesiasticus differently in all fifty-one chapters and no verse-level correspondence has been established; see the artifact record
Ecclus.48.18		unrecorded	vulgate Ecclus 48:1-28 is not mapped onto greek: the Vulgate and the Greek divide Ecclesiasticus differently in all fifty-one chapters and no verse-level correspondence has been established; see the artifact record
Ecclus.48.19		unrecorded	vulgate Ecclus 48:1-28 is not mapped onto greek: the Vulgate and the Greek divide Ecclesiasticus differently in all fifty-one chapters and no verse-level correspondence has been established; see the artifact record
Ecclus.48.2		unrecorded	vulgate Ecclus 48:1-28 is not mapped onto greek: the Vulgate and the Greek divide Ecclesiasticus differently in all fifty-one chapters and no verse-level correspondence has been established; see the artifact record
Ecclus.48.20		unrecorded	vulgate Ecclus 48:1-28 is not mapped onto greek: the Vulgate and the Greek divide Ecclesiasticus differently in all fifty-one chapters and no verse-level correspondence has been established; see the artifact record
Ecclus.48.21		unrecorded	vulgate Ecclus 48:1-28 is not mapped onto greek: the Vulgate and the Greek divide Ecclesiasticus differently in all fifty-one chapters and no verse-level correspondence has been established; see the artifact record
Ecclus.48.22		unrecorded	vulgate Ecclus 48:1-28 is not mapped onto greek: the Vulgate and the Greek divide Ecclesiasticus differently in all fifty-one chapters and no verse-level correspondence has been established; see the artifact record
Ecclus.48.23		unrecorded	vulgate Ecclus 48:1-28 is not mapped onto greek: the Vulgate and the Greek divide Ecclesiasticus differently in all fifty-one chapters and no verse-level correspondence has been established; see the artifact record
Ecclus.48.24		unrecorded	vulgate Ecclus 48:1-28 is not mapped onto greek: the Vulgate and the Greek divide Ecclesiasticus differently in all fifty-one chapters and no verse-level correspondence has been established; see the artifact record
Ecclus.48.25		unrecorded	vulgate Ecclus 48:1-28 is not mapped onto greek: the Vulgate and the Greek divide Ecclesiasticus differently in all fifty-one chapters and no verse-level correspondence has been established; see the artifact record
Ecclus.48.26		unrecorded	vulgate Ecclus 48:1-28 is not mapped onto greek: the Vulgate and the Greek divide Ecclesiasticus differently in all fifty-one chapters and no verse-level correspondence has been established; see the artifact record
Ecclus.48.27		unrecorded	vulgate Ecclus 48:1-28 is not mapped onto greek: the Vulgate and the Greek divide Ecclesiasticus differently in all fifty-one chapters and no verse-level correspondence has been established; see the artifact record
Ecclus.48.28		unrecorded	vulgate Ecclus 48:1-28 is not mapped onto greek: the Vulgate and the Greek divide Ecclesiasticus differently in all fifty-one chapters and no verse-level correspondence has been established; see the artifact record
Ecclus.48.3		unrecorded	vulgate Ecclus 48:1-28 is not mapped onto greek: the Vulgate and the Greek divide Ecclesiasticus differently in all fifty-one chapters and no verse-level correspondence has been established; see the artifact record
Ecclus.48.4		unrecorded	vulgate Ecclus 48:1-28 is not mapped onto greek: the Vulgate and the Greek divide Ecclesiasticus differently in all fifty-one chapters and no verse-level correspondence has been established; see the artifact record
Ecclus.48.5		unrecorded	vulgate Ecclus 48:1-28 is not mapped onto greek: the Vulgate and the Greek divide Ecclesiasticus differently in all fifty-one chapters and no verse-level correspondence has been established; see the artifact record
Ecclus.48.6		unrecorded	vulgate Ecclus 48:1-28 is not mapped onto greek: the Vulgate and the Greek divide Ecclesiasticus differently in all fifty-one chapters and no verse-level correspondence has been established; see the artifact record
Ecclus.48.7		unrecorded	vulgate Ecclus 48:1-28 is not mapped onto greek: the Vulgate and the Greek divide Ecclesiasticus differently in all fifty-one chapters and no verse-level correspondence has been established; see the artifact record
Ecclus.48.8		unrecorded	vulgate Ecclus 48:1-28 is not mapped onto greek: the Vulgate and the Greek divide Ecclesiasticus differently in all fifty-one chapters and no verse-level correspondence has been established; see the artifact record
Ecclus.48.9		unrecorded	vulgate Ecclus 48:1-28 is not mapped onto greek: the Vulgate and the Greek divide Ecclesiasticus differently in all fifty-one chapters and no verse-level correspondence has been established; see the artifact record
Ecclus.49.1		unrecorded	vulgate Ecclus 49:1-19 is not mapped onto greek: the Vulgate and the Greek divide Ecclesiasticus differently in all fifty-one chapters and no verse-level correspondence has been established; see the artifact record
Ecclus.49.10		unrecorded	vulgate Ecclus 49:1-19 is not mapped onto greek: the Vulgate and the Greek divide Ecclesiasticus differently in all fifty-one chapters and no verse-level correspondence has been established; see the artifact record
Ecclus.49.11		unrecorded	vulgate Ecclus 49:1-19 is not mapped onto greek: the Vulgate and the Greek divide Ecclesiasticus differently in all fifty-one chapters and no verse-level correspondence has been established; see the artifact record
Ecclus.49.12		unrecorded	vulgate Ecclus 49:1-19 is not mapped onto greek: the Vulgate and the Greek divide Ecclesiasticus differently in all fifty-one chapters and no verse-level correspondence has been established; see the artifact record
Ecclus.49.13		unrecorded	vulgate Ecclus 49:1-19 is not mapped onto greek: the Vulgate and the Greek divide Ecclesiasticus differently in all fifty-one chapters and no verse-level correspondence has been established; see the artifact record
Ecclus.49.14		unrecorded	vulgate Ecclus 49:1-19 is not mapped onto greek: the Vulgate and the Greek divide Ecclesiasticus differently in all fifty-one chapters and no verse-level correspondence has been established; see the artifact record
Ecclus.49.15		unrecorded	vulgate Ecclus 49:1-19 is not mapped onto greek: the Vulgate and the Greek divide Ecclesiasticus differently in all fifty-one chapters and no verse-level correspondence has been established; see the artifact record
Ecclus.49.16		unrecorded	vulgate Ecclus 49:1-19 is not mapped onto greek: the Vulgate and the Greek divide Ecclesiasticus differently in all fifty-one chapters and no verse-level correspondence has been established; see the artifact record
Ecclus.49.17		unrecorded	vulgate Ecclus 49:1-19 is not mapped onto greek: the Vulgate and the Greek divide Ecclesiasticus differently in all fifty-one chapters and no verse-level correspondence has been established; see the artifact record
Ecclus.49.18		unrecorded	vulgate Ecclus 49:1-19 is not mapped onto greek: the Vulgate and the Greek divide Ecclesiasticus differently in all fifty-one chapters and no verse-level correspondence has been established; see the artifact record
Ecclus.49.19		unrecorded	vulgate Ecclus 49:1-19 is not mapped onto greek: the Vulgate and the Greek divide Ecclesiasticus differently in all fifty-one chapters and no verse-level correspondence has been established; see the artifact record
Ecclus.49.2		unrecorded	vulgate Ecclus 49:1-19 is not mapped onto greek: the Vulgate and the Greek divide Ecclesiasticus differently in all fifty-one chapters and no verse-level correspondence has been established; see the artifact record
Ecclus.49.3		unrecorded	vulgate Ecclus 49:1-19 is not mapped onto greek: the Vulgate and the Greek divide Ecclesiasticus differently in all fifty-one chapters and no verse-level correspondence has been established; see the artifact record
Ecclus.49.4		unrecorded	vulgate Ecclus 49:1-19 is not mapped onto greek: the Vulgate and the Greek divide Ecclesiasticus differently in all fifty-one chapters and no verse-level correspondence has been established; see the artifact record
Ecclus.49.5		unrecorded	vulgate Ecclus 49:1-19 is not mapped onto greek: the Vulgate and the Greek divide Ecclesiasticus differently in all fifty-one chapters and no verse-level correspondence has been established; see the artifact record
Ecclus.49.6		unrecorded	vulgate Ecclus 49:1-19 is not mapped onto greek: the Vulgate and the Greek divide Ecclesiasticus differently in all fifty-one chapters and no verse-level correspondence has been established; see the artifact record
Ecclus.49.7		unrecorded	vulgate Ecclus 49:1-19 is not mapped onto greek: the Vulgate and the Greek divide Ecclesiasticus differently in all fifty-one chapters and no verse-level correspondence has been established; see the artifact record
Ecclus.49.8		unrecorded	vulgate Ecclus 49:1-19 is not mapped onto greek: the Vulgate and the Greek divide Ecclesiasticus differently in all fifty-one chapters and no verse-level correspondence has been established; see the artifact record
Ecclus.49.9		unrecorded	vulgate Ecclus 49:1-19 is not mapped onto greek: the Vulgate and the Greek divide Ecclesiasticus differently in all fifty-one chapters and no verse-level correspondence has been established; see the artifact record
Ecclus.5.1		unrecorded	vulgate Ecclus 5:1-18 is not mapped onto greek: the Vulgate and the Greek divide Ecclesiasticus differently in all fifty-one chapters and no verse-level correspondence has been established; see the artifact record
Ecclus.5.10		unrecorded	vulgate Ecclus 5:1-18 is not mapped onto greek: the Vulgate and the Greek divide Ecclesiasticus differently in all fifty-one chapters and no verse-level correspondence has been established; see the artifact record
Ecclus.5.11		unrecorded	vulgate Ecclus 5:1-18 is not mapped onto greek: the Vulgate and the Greek divide Ecclesiasticus differently in all fifty-one chapters and no verse-level correspondence has been established; see the artifact record
Ecclus.5.12		unrecorded	vulgate Ecclus 5:1-18 is not mapped onto greek: the Vulgate and the Greek divide Ecclesiasticus differently in all fifty-one chapters and no verse-level correspondence has been established; see the artifact record
Ecclus.5.13		unrecorded	vulgate Ecclus 5:1-18 is not mapped onto greek: the Vulgate and the Greek divide Ecclesiasticus differently in all fifty-one chapters and no verse-level correspondence has been established; see the artifact record
Ecclus.5.14		unrecorded	vulgate Ecclus 5:1-18 is not mapped onto greek: the Vulgate and the Greek divide Ecclesiasticus differently in all fifty-one chapters and no verse-level correspondence has been established; see the artifact record
Ecclus.5.15		unrecorded	vulgate Ecclus 5:1-18 is not mapped onto greek: the Vulgate and the Greek divide Ecclesiasticus differently in all fifty-one chapters and no verse-level correspondence has been established; see the artifact record
Ecclus.5.16		unrecorded	vulgate Ecclus 5:1-18 is not mapped onto greek: the Vulgate and the Greek divide Ecclesiasticus differently in all fifty-one chapters and no verse-level correspondence has been established; see the artifact record
Ecclus.5.17		unrecorded	vulgate Ecclus 5:1-18 is not mapped onto greek: the Vulgate and the Greek divide Ecclesiasticus differently in all fifty-one chapters and no verse-level correspondence has been established; see the artifact record
Ecclus.5.18		unrecorded	vulgate Ecclus 5:1-18 is not mapped onto greek: the Vulgate and the Greek divide Ecclesiasticus differently in all fifty-one chapters and no verse-level correspondence has been established; see the artifact record
Ecclus.5.2		unrecorded	vulgate Ecclus 5:1-18 is not mapped onto greek: the Vulgate and the Greek divide Ecclesiasticus differently in all fifty-one chapters and no verse-level correspondence has been established; see the artifact record
Ecclus.5.3		unrecorded	vulgate Ecclus 5:1-18 is not mapped onto greek: the Vulgate and the Greek divide Ecclesiasticus differently in all fifty-one chapters and no verse-level correspondence has been established; see the artifact record
Ecclus.5.4		unrecorded	vulgate Ecclus 5:1-18 is not mapped onto greek: the Vulgate and the Greek divide Ecclesiasticus differently in all fifty-one chapters and no verse-level correspondence has been established; see the artifact record
Ecclus.5.5		unrecorded	vulgate Ecclus 5:1-18 is not mapped onto greek: the Vulgate and the Greek divide Ecclesiasticus differently in all fifty-one chapters and no verse-level correspondence has been established; see the artifact record
Ecclus.5.6		unrecorded	vulgate Ecclus 5:1-18 is not mapped onto greek: the Vulgate and the Greek divide Ecclesiasticus differently in all fifty-one chapters and no verse-level correspondence has been established; see the artifact record
Ecclus.5.7		unrecorded	vulgate Ecclus 5:1-18 is not mapped onto greek: the Vulgate and the Greek divide Ecclesiasticus differently in all fifty-one chapters and no verse-level correspondence has been established; see the artifact record
Ecclus.5.8		unrecorded	vulgate Ecclus 5:1-18 is not mapped onto greek: the Vulgate and the Greek divide Ecclesiasticus differently in all fifty-one chapters and no verse-level correspondence has been established; see the artifact record
Ecclus.5.9		unrecorded	vulgate Ecclus 5:1-18 is not mapped onto greek: the Vulgate and the Greek divide Ecclesiasticus differently in all fifty-one chapters and no verse-level correspondence has been established; see the artifact record
Ecclus.50.1		unrecorded	vulgate Ecclus 50:1-31 is not mapped onto greek: the Vulgate and the Greek divide Ecclesiasticus differently in all fifty-one chapters and no verse-level correspondence has been established; see the artifact record
Ecclus.50.10		unrecorded	vulgate Ecclus 50:1-31 is not mapped onto greek: the Vulgate and the Greek divide Ecclesiasticus differently in all fifty-one chapters and no verse-level correspondence has been established; see the artifact record
Ecclus.50.11		unrecorded	vulgate Ecclus 50:1-31 is not mapped onto greek: the Vulgate and the Greek divide Ecclesiasticus differently in all fifty-one chapters and no verse-level correspondence has been established; see the artifact record
Ecclus.50.12		unrecorded	vulgate Ecclus 50:1-31 is not mapped onto greek: the Vulgate and the Greek divide Ecclesiasticus differently in all fifty-one chapters and no verse-level correspondence has been established; see the artifact record
Ecclus.50.13		unrecorded	vulgate Ecclus 50:1-31 is not mapped onto greek: the Vulgate and the Greek divide Ecclesiasticus differently in all fifty-one chapters and no verse-level correspondence has been established; see the artifact record
Ecclus.50.14		unrecorded	vulgate Ecclus 50:1-31 is not mapped onto greek: the Vulgate and the Greek divide Ecclesiasticus differently in all fifty-one chapters and no verse-level correspondence has been established; see the artifact record
Ecclus.50.15		unrecorded	vulgate Ecclus 50:1-31 is not mapped onto greek: the Vulgate and the Greek divide Ecclesiasticus differently in all fifty-one chapters and no verse-level correspondence has been established; see the artifact record
Ecclus.50.16		unrecorded	vulgate Ecclus 50:1-31 is not mapped onto greek: the Vulgate and the Greek divide Ecclesiasticus differently in all fifty-one chapters and no verse-level correspondence has been established; see the artifact record
Ecclus.50.17		unrecorded	vulgate Ecclus 50:1-31 is not mapped onto greek: the Vulgate and the Greek divide Ecclesiasticus differently in all fifty-one chapters and no verse-level correspondence has been established; see the artifact record
Ecclus.50.18		unrecorded	vulgate Ecclus 50:1-31 is not mapped onto greek: the Vulgate and the Greek divide Ecclesiasticus differently in all fifty-one chapters and no verse-level correspondence has been established; see the artifact record
Ecclus.50.19		unrecorded	vulgate Ecclus 50:1-31 is not mapped onto greek: the Vulgate and the Greek divide Ecclesiasticus differently in all fifty-one chapters and no verse-level correspondence has been established; see the artifact record
Ecclus.50.2		unrecorded	vulgate Ecclus 50:1-31 is not mapped onto greek: the Vulgate and the Greek divide Ecclesiasticus differently in all fifty-one chapters and no verse-level correspondence has been established; see the artifact record
Ecclus.50.20		unrecorded	vulgate Ecclus 50:1-31 is not mapped onto greek: the Vulgate and the Greek divide Ecclesiasticus differently in all fifty-one chapters and no verse-level correspondence has been established; see the artifact record
Ecclus.50.21		unrecorded	vulgate Ecclus 50:1-31 is not mapped onto greek: the Vulgate and the Greek divide Ecclesiasticus differently in all fifty-one chapters and no verse-level correspondence has been established; see the artifact record
Ecclus.50.22		unrecorded	vulgate Ecclus 50:1-31 is not mapped onto greek: the Vulgate and the Greek divide Ecclesiasticus differently in all fifty-one chapters and no verse-level correspondence has been established; see the artifact record
Ecclus.50.23		unrecorded	vulgate Ecclus 50:1-31 is not mapped onto greek: the Vulgate and the Greek divide Ecclesiasticus differently in all fifty-one chapters and no verse-level correspondence has been established; see the artifact record
Ecclus.50.24		unrecorded	vulgate Ecclus 50:1-31 is not mapped onto greek: the Vulgate and the Greek divide Ecclesiasticus differently in all fifty-one chapters and no verse-level correspondence has been established; see the artifact record
Ecclus.50.25		unrecorded	vulgate Ecclus 50:1-31 is not mapped onto greek: the Vulgate and the Greek divide Ecclesiasticus differently in all fifty-one chapters and no verse-level correspondence has been established; see the artifact record
Ecclus.50.26		unrecorded	vulgate Ecclus 50:1-31 is not mapped onto greek: the Vulgate and the Greek divide Ecclesiasticus differently in all fifty-one chapters and no verse-level correspondence has been established; see the artifact record
Ecclus.50.27		unrecorded	vulgate Ecclus 50:1-31 is not mapped onto greek: the Vulgate and the Greek divide Ecclesiasticus differently in all fifty-one chapters and no verse-level correspondence has been established; see the artifact record
Ecclus.50.28		unrecorded	vulgate Ecclus 50:1-31 is not mapped onto greek: the Vulgate and the Greek divide Ecclesiasticus differently in all fifty-one chapters and no verse-level correspondence has been established; see the artifact record
Ecclus.50.29		unrecorded	vulgate Ecclus 50:1-31 is not mapped onto greek: the Vulgate and the Greek divide Ecclesiasticus differently in all fifty-one chapters and no verse-level correspondence has been established; see the artifact record
Ecclus.50.3		unrecorded	vulgate Ecclus 50:1-31 is not mapped onto greek: the Vulgate and the Greek divide Ecclesiasticus differently in all fifty-one chapters and no verse-level correspondence has been established; see the artifact record
Ecclus.50.30		unrecorded	vulgate Ecclus 50:1-31 is not mapped onto greek: the Vulgate and the Greek divide Ecclesiasticus differently in all fifty-one chapters and no verse-level correspondence has been established; see the artifact record
Ecclus.50.31		unrecorded	vulgate Ecclus 50:1-31 is not mapped onto greek: the Vulgate and the Greek divide Ecclesiasticus differently in all fifty-one chapters and no verse-level correspondence has been established; see the artifact record
Ecclus.50.4		unrecorded	vulgate Ecclus 50:1-31 is not mapped onto greek: the Vulgate and the Greek divide Ecclesiasticus differently in all fifty-one chapters and no verse-level correspondence has been established; see the artifact record
Ecclus.50.5		unrecorded	vulgate Ecclus 50:1-31 is not mapped onto greek: the Vulgate and the Greek divide Ecclesiasticus differently in all fifty-one chapters and no verse-level correspondence has been established; see the artifact record
Ecclus.50.6		unrecorded	vulgate Ecclus 50:1-31 is not mapped onto greek: the Vulgate and the Greek divide Ecclesiasticus differently in all fifty-one chapters and no verse-level correspondence has been established; see the artifact record
Ecclus.50.7		unrecorded	vulgate Ecclus 50:1-31 is not mapped onto greek: the Vulgate and the Greek divide Ecclesiasticus differently in all fifty-one chapters and no verse-level correspondence has been established; see the artifact record
Ecclus.50.8		unrecorded	vulgate Ecclus 50:1-31 is not mapped onto greek: the Vulgate and the Greek divide Ecclesiasticus differently in all fifty-one chapters and no verse-level correspondence has been established; see the artifact record
Ecclus.50.9		unrecorded	vulgate Ecclus 50:1-31 is not mapped onto greek: the Vulgate and the Greek divide Ecclesiasticus differently in all fifty-one chapters and no verse-level correspondence has been established; see the artifact record
Ecclus.51.1		unrecorded	vulgate Ecclus 51:1-38 is not mapped onto greek: the Vulgate and the Greek divide Ecclesiasticus differently in all fifty-one chapters and no verse-level correspondence has been established; see the artifact record
Ecclus.51.10		unrecorded	vulgate Ecclus 51:1-38 is not mapped onto greek: the Vulgate and the Greek divide Ecclesiasticus differently in all fifty-one chapters and no verse-level correspondence has been established; see the artifact record
Ecclus.51.11		unrecorded	vulgate Ecclus 51:1-38 is not mapped onto greek: the Vulgate and the Greek divide Ecclesiasticus differently in all fifty-one chapters and no verse-level correspondence has been established; see the artifact record
Ecclus.51.12		unrecorded	vulgate Ecclus 51:1-38 is not mapped onto greek: the Vulgate and the Greek divide Ecclesiasticus differently in all fifty-one chapters and no verse-level correspondence has been established; see the artifact record
Ecclus.51.13		unrecorded	vulgate Ecclus 51:1-38 is not mapped onto greek: the Vulgate and the Greek divide Ecclesiasticus differently in all fifty-one chapters and no verse-level correspondence has been established; see the artifact record
Ecclus.51.14		unrecorded	vulgate Ecclus 51:1-38 is not mapped onto greek: the Vulgate and the Greek divide Ecclesiasticus differently in all fifty-one chapters and no verse-level correspondence has been established; see the artifact record
Ecclus.51.15		unrecorded	vulgate Ecclus 51:1-38 is not mapped onto greek: the Vulgate and the Greek divide Ecclesiasticus differently in all fifty-one chapters and no verse-level correspondence has been established; see the artifact record
Ecclus.51.16		unrecorded	vulgate Ecclus 51:1-38 is not mapped onto greek: the Vulgate and the Greek divide Ecclesiasticus differently in all fifty-one chapters and no verse-level correspondence has been established; see the artifact record
Ecclus.51.17		unrecorded	vulgate Ecclus 51:1-38 is not mapped onto greek: the Vulgate and the Greek divide Ecclesiasticus differently in all fifty-one chapters and no verse-level correspondence has been established; see the artifact record
Ecclus.51.18		unrecorded	vulgate Ecclus 51:1-38 is not mapped onto greek: the Vulgate and the Greek divide Ecclesiasticus differently in all fifty-one chapters and no verse-level correspondence has been established; see the artifact record
Ecclus.51.19		unrecorded	vulgate Ecclus 51:1-38 is not mapped onto greek: the Vulgate and the Greek divide Ecclesiasticus differently in all fifty-one chapters and no verse-level correspondence has been established; see the artifact record
Ecclus.51.2		unrecorded	vulgate Ecclus 51:1-38 is not mapped onto greek: the Vulgate and the Greek divide Ecclesiasticus differently in all fifty-one chapters and no verse-level correspondence has been established; see the artifact record
Ecclus.51.20		unrecorded	vulgate Ecclus 51:1-38 is not mapped onto greek: the Vulgate and the Greek divide Ecclesiasticus differently in all fifty-one chapters and no verse-level correspondence has been established; see the artifact record
Ecclus.51.21		unrecorded	vulgate Ecclus 51:1-38 is not mapped onto greek: the Vulgate and the Greek divide Ecclesiasticus differently in all fifty-one chapters and no verse-level correspondence has been established; see the artifact record
Ecclus.51.22		unrecorded	vulgate Ecclus 51:1-38 is not mapped onto greek: the Vulgate and the Greek divide Ecclesiasticus differently in all fifty-one chapters and no verse-level correspondence has been established; see the artifact record
Ecclus.51.23		unrecorded	vulgate Ecclus 51:1-38 is not mapped onto greek: the Vulgate and the Greek divide Ecclesiasticus differently in all fifty-one chapters and no verse-level correspondence has been established; see the artifact record
Ecclus.51.24		unrecorded	vulgate Ecclus 51:1-38 is not mapped onto greek: the Vulgate and the Greek divide Ecclesiasticus differently in all fifty-one chapters and no verse-level correspondence has been established; see the artifact record
Ecclus.51.25		unrecorded	vulgate Ecclus 51:1-38 is not mapped onto greek: the Vulgate and the Greek divide Ecclesiasticus differently in all fifty-one chapters and no verse-level correspondence has been established; see the artifact record
Ecclus.51.26		unrecorded	vulgate Ecclus 51:1-38 is not mapped onto greek: the Vulgate and the Greek divide Ecclesiasticus differently in all fifty-one chapters and no verse-level correspondence has been established; see the artifact record
Ecclus.51.27		unrecorded	vulgate Ecclus 51:1-38 is not mapped onto greek: the Vulgate and the Greek divide Ecclesiasticus differently in all fifty-one chapters and no verse-level correspondence has been established; see the artifact record
Ecclus.51.28		unrecorded	vulgate Ecclus 51:1-38 is not mapped onto greek: the Vulgate and the Greek divide Ecclesiasticus differently in all fifty-one chapters and no verse-level correspondence has been established; see the artifact record
Ecclus.51.29		unrecorded	vulgate Ecclus 51:1-38 is not mapped onto greek: the Vulgate and the Greek divide Ecclesiasticus differently in all fifty-one chapters and no verse-level correspondence has been established; see the artifact record
Ecclus.51.3		unrecorded	vulgate Ecclus 51:1-38 is not mapped onto greek: the Vulgate and the Greek divide Ecclesiasticus differently in all fifty-one chapters and no verse-level correspondence has been established; see the artifact record
Ecclus.51.30		unrecorded	vulgate Ecclus 51:1-38 is not mapped onto greek: the Vulgate and the Greek divide Ecclesiasticus differently in all fifty-one chapters and no verse-level correspondence has been established; see the artifact record
Ecclus.51.31		unrecorded	vulgate Ecclus 51:1-38 is not mapped onto greek: the Vulgate and the Greek divide Ecclesiasticus differently in all fifty-one chapters and no verse-level correspondence has been established; see the artifact record
Ecclus.51.32		unrecorded	vulgate Ecclus 51:1-38 is not mapped onto greek: the Vulgate and the Greek divide Ecclesiasticus differently in all fifty-one chapters and no verse-level correspondence has been established; see the artifact record
Ecclus.51.33		unrecorded	vulgate Ecclus 51:1-38 is not mapped onto greek: the Vulgate and the Greek divide Ecclesiasticus differently in all fifty-one chapters and no verse-level correspondence has been established; see the artifact record
Ecclus.51.34		unrecorded	vulgate Ecclus 51:1-38 is not mapped onto greek: the Vulgate and the Greek divide Ecclesiasticus differently in all fifty-one chapters and no verse-level correspondence has been established; see the artifact record
Ecclus.51.35		unrecorded	vulgate Ecclus 51:1-38 is not mapped onto greek: the Vulgate and the Greek divide Ecclesiasticus differently in all fifty-one chapters and no verse-level correspondence has been established; see the artifact record
Ecclus.51.36		unrecorded	vulgate Ecclus 51:1-38 is not mapped onto greek: the Vulgate and the Greek divide Ecclesiasticus differently in all fifty-one chapters and no verse-level correspondence has been established; see the artifact record
Ecclus.51.37		unrecorded	vulgate Ecclus 51:1-38 is not mapped onto greek: the Vulgate and the Greek divide Ecclesiasticus differently in all fifty-one chapters and no verse-level correspondence has been established; see the artifact record
Ecclus.51.38		unrecorded	vulgate Ecclus 51:1-38 is not mapped onto greek: the Vulgate and the Greek divide Ecclesiasticus differently in all fifty-one chapters and no verse-level correspondence has been established; see the artifact record
Ecclus.51.4		unrecorded	vulgate Ecclus 51:1-38 is not mapped onto greek: the Vulgate and the Greek divide Ecclesiasticus differently in all fifty-one chapters and no verse-level correspondence has been established; see the artifact record
Ecclus.51.5		unrecorded	vulgate Ecclus 51:1-38 is not mapped onto greek: the Vulgate and the Greek divide Ecclesiasticus differently in all fifty-one chapters and no verse-level correspondence has been established; see the artifact record
Ecclus.51.6		unrecorded	vulgate Ecclus 51:1-38 is not mapped onto greek: the Vulgate and the Greek divide Ecclesiasticus differently in all fifty-one chapters and no verse-level correspondence has been established; see the artifact record
Ecclus.51.7		unrecorded	vulgate Ecclus 51:1-38 is not mapped onto greek: the Vulgate and the Greek divide Ecclesiasticus differently in all fifty-one chapters and no verse-level correspondence has been established; see the artifact record
Ecclus.51.8		unrecorded	vulgate Ecclus 51:1-38 is not mapped onto greek: the Vulgate and the Greek divide Ecclesiasticus differently in all fifty-one chapters and no verse-level correspondence has been established; see the artifact record
Ecclus.51.9		unrecorded	vulgate Ecclus 51:1-38 is not mapped onto greek: the Vulgate and the Greek divide Ecclesiasticus differently in all fifty-one chapters and no verse-level correspondence has been established; see the artifact record
Ecclus.6.1		unrecorded	vulgate Ecclus 6:1-37 is not mapped onto greek: the Vulgate and the Greek divide Ecclesiasticus differently in all fifty-one chapters and no verse-level correspondence has been established; see the artifact record
Ecclus.6.10		unrecorded	vulgate Ecclus 6:1-37 is not mapped onto greek: the Vulgate and the Greek divide Ecclesiasticus differently in all fifty-one chapters and no verse-level correspondence has been established; see the artifact record
Ecclus.6.11		unrecorded	vulgate Ecclus 6:1-37 is not mapped onto greek: the Vulgate and the Greek divide Ecclesiasticus differently in all fifty-one chapters and no verse-level correspondence has been established; see the artifact record
Ecclus.6.12		unrecorded	vulgate Ecclus 6:1-37 is not mapped onto greek: the Vulgate and the Greek divide Ecclesiasticus differently in all fifty-one chapters and no verse-level correspondence has been established; see the artifact record
Ecclus.6.13		unrecorded	vulgate Ecclus 6:1-37 is not mapped onto greek: the Vulgate and the Greek divide Ecclesiasticus differently in all fifty-one chapters and no verse-level correspondence has been established; see the artifact record
Ecclus.6.14		unrecorded	vulgate Ecclus 6:1-37 is not mapped onto greek: the Vulgate and the Greek divide Ecclesiasticus differently in all fifty-one chapters and no verse-level correspondence has been established; see the artifact record
Ecclus.6.15		unrecorded	vulgate Ecclus 6:1-37 is not mapped onto greek: the Vulgate and the Greek divide Ecclesiasticus differently in all fifty-one chapters and no verse-level correspondence has been established; see the artifact record
Ecclus.6.16		unrecorded	vulgate Ecclus 6:1-37 is not mapped onto greek: the Vulgate and the Greek divide Ecclesiasticus differently in all fifty-one chapters and no verse-level correspondence has been established; see the artifact record
Ecclus.6.17		unrecorded	vulgate Ecclus 6:1-37 is not mapped onto greek: the Vulgate and the Greek divide Ecclesiasticus differently in all fifty-one chapters and no verse-level correspondence has been established; see the artifact record
Ecclus.6.18		unrecorded	vulgate Ecclus 6:1-37 is not mapped onto greek: the Vulgate and the Greek divide Ecclesiasticus differently in all fifty-one chapters and no verse-level correspondence has been established; see the artifact record
Ecclus.6.19		unrecorded	vulgate Ecclus 6:1-37 is not mapped onto greek: the Vulgate and the Greek divide Ecclesiasticus differently in all fifty-one chapters and no verse-level correspondence has been established; see the artifact record
Ecclus.6.2		unrecorded	vulgate Ecclus 6:1-37 is not mapped onto greek: the Vulgate and the Greek divide Ecclesiasticus differently in all fifty-one chapters and no verse-level correspondence has been established; see the artifact record
Ecclus.6.20		unrecorded	vulgate Ecclus 6:1-37 is not mapped onto greek: the Vulgate and the Greek divide Ecclesiasticus differently in all fifty-one chapters and no verse-level correspondence has been established; see the artifact record
Ecclus.6.21		unrecorded	vulgate Ecclus 6:1-37 is not mapped onto greek: the Vulgate and the Greek divide Ecclesiasticus differently in all fifty-one chapters and no verse-level correspondence has been established; see the artifact record
Ecclus.6.22		unrecorded	vulgate Ecclus 6:1-37 is not mapped onto greek: the Vulgate and the Greek divide Ecclesiasticus differently in all fifty-one chapters and no verse-level correspondence has been established; see the artifact record
Ecclus.6.23		unrecorded	vulgate Ecclus 6:1-37 is not mapped onto greek: the Vulgate and the Greek divide Ecclesiasticus differently in all fifty-one chapters and no verse-level correspondence has been established; see the artifact record
Ecclus.6.24		unrecorded	vulgate Ecclus 6:1-37 is not mapped onto greek: the Vulgate and the Greek divide Ecclesiasticus differently in all fifty-one chapters and no verse-level correspondence has been established; see the artifact record
Ecclus.6.25		unrecorded	vulgate Ecclus 6:1-37 is not mapped onto greek: the Vulgate and the Greek divide Ecclesiasticus differently in all fifty-one chapters and no verse-level correspondence has been established; see the artifact record
Ecclus.6.26		unrecorded	vulgate Ecclus 6:1-37 is not mapped onto greek: the Vulgate and the Greek divide Ecclesiasticus differently in all fifty-one chapters and no verse-level correspondence has been established; see the artifact record
Ecclus.6.27		unrecorded	vulgate Ecclus 6:1-37 is not mapped onto greek: the Vulgate and the Greek divide Ecclesiasticus differently in all fifty-one chapters and no verse-level correspondence has been established; see the artifact record
Ecclus.6.28		unrecorded	vulgate Ecclus 6:1-37 is not mapped onto greek: the Vulgate and the Greek divide Ecclesiasticus differently in all fifty-one chapters and no verse-level correspondence has been established; see the artifact record
Ecclus.6.29		unrecorded	vulgate Ecclus 6:1-37 is not mapped onto greek: the Vulgate and the Greek divide Ecclesiasticus differently in all fifty-one chapters and no verse-level correspondence has been established; see the artifact record
Ecclus.6.3		unrecorded	vulgate Ecclus 6:1-37 is not mapped onto greek: the Vulgate and the Greek divide Ecclesiasticus differently in all fifty-one chapters and no verse-level correspondence has been established; see the artifact record
Ecclus.6.30		unrecorded	vulgate Ecclus 6:1-37 is not mapped onto greek: the Vulgate and the Greek divide Ecclesiasticus differently in all fifty-one chapters and no verse-level correspondence has been established; see the artifact record
Ecclus.6.31		unrecorded	vulgate Ecclus 6:1-37 is not mapped onto greek: the Vulgate and the Greek divide Ecclesiasticus differently in all fifty-one chapters and no verse-level correspondence has been established; see the artifact record
Ecclus.6.32		unrecorded	vulgate Ecclus 6:1-37 is not mapped onto greek: the Vulgate and the Greek divide Ecclesiasticus differently in all fifty-one chapters and no verse-level correspondence has been established; see the artifact record
Ecclus.6.33		unrecorded	vulgate Ecclus 6:1-37 is not mapped onto greek: the Vulgate and the Greek divide Ecclesiasticus differently in all fifty-one chapters and no verse-level correspondence has been established; see the artifact record
Ecclus.6.34		unrecorded	vulgate Ecclus 6:1-37 is not mapped onto greek: the Vulgate and the Greek divide Ecclesiasticus differently in all fifty-one chapters and no verse-level correspondence has been established; see the artifact record
Ecclus.6.35		unrecorded	vulgate Ecclus 6:1-37 is not mapped onto greek: the Vulgate and the Greek divide Ecclesiasticus differently in all fifty-one chapters and no verse-level correspondence has been established; see the artifact record
Ecclus.6.36		unrecorded	vulgate Ecclus 6:1-37 is not mapped onto greek: the Vulgate and the Greek divide Ecclesiasticus differently in all fifty-one chapters and no verse-level correspondence has been established; see the artifact record
Ecclus.6.37		unrecorded	vulgate Ecclus 6:1-37 is not mapped onto greek: the Vulgate and the Greek divide Ecclesiasticus differently in all fifty-one chapters and no verse-level correspondence has been established; see the artifact record
Ecclus.6.4		unrecorded	vulgate Ecclus 6:1-37 is not mapped onto greek: the Vulgate and the Greek divide Ecclesiasticus differently in all fifty-one chapters and no verse-level correspondence has been established; see the artifact record
Ecclus.6.5		unrecorded	vulgate Ecclus 6:1-37 is not mapped onto greek: the Vulgate and the Greek divide Ecclesiasticus differently in all fifty-one chapters and no verse-level correspondence has been established; see the artifact record
Ecclus.6.6		unrecorded	vulgate Ecclus 6:1-37 is not mapped onto greek: the Vulgate and the Greek divide Ecclesiasticus differently in all fifty-one chapters and no verse-level correspondence has been established; see the artifact record
Ecclus.6.7		unrecorded	vulgate Ecclus 6:1-37 is not mapped onto greek: the Vulgate and the Greek divide Ecclesiasticus differently in all fifty-one chapters and no verse-level correspondence has been established; see the artifact record
Ecclus.6.8		unrecorded	vulgate Ecclus 6:1-37 is not mapped onto greek: the Vulgate and the Greek divide Ecclesiasticus differently in all fifty-one chapters and no verse-level correspondence has been established; see the artifact record
Ecclus.6.9		unrecorded	vulgate Ecclus 6:1-37 is not mapped onto greek: the Vulgate and the Greek divide Ecclesiasticus differently in all fifty-one chapters and no verse-level correspondence has been established; see the artifact record
Ecclus.7.1		unrecorded	vulgate Ecclus 7:1-40 is not mapped onto greek: the Vulgate and the Greek divide Ecclesiasticus differently in all fifty-one chapters and no verse-level correspondence has been established; see the artifact record
Ecclus.7.10		unrecorded	vulgate Ecclus 7:1-40 is not mapped onto greek: the Vulgate and the Greek divide Ecclesiasticus differently in all fifty-one chapters and no verse-level correspondence has been established; see the artifact record
Ecclus.7.11		unrecorded	vulgate Ecclus 7:1-40 is not mapped onto greek: the Vulgate and the Greek divide Ecclesiasticus differently in all fifty-one chapters and no verse-level correspondence has been established; see the artifact record
Ecclus.7.12		unrecorded	vulgate Ecclus 7:1-40 is not mapped onto greek: the Vulgate and the Greek divide Ecclesiasticus differently in all fifty-one chapters and no verse-level correspondence has been established; see the artifact record
Ecclus.7.13		unrecorded	vulgate Ecclus 7:1-40 is not mapped onto greek: the Vulgate and the Greek divide Ecclesiasticus differently in all fifty-one chapters and no verse-level correspondence has been established; see the artifact record
Ecclus.7.14		unrecorded	vulgate Ecclus 7:1-40 is not mapped onto greek: the Vulgate and the Greek divide Ecclesiasticus differently in all fifty-one chapters and no verse-level correspondence has been established; see the artifact record
Ecclus.7.15		unrecorded	vulgate Ecclus 7:1-40 is not mapped onto greek: the Vulgate and the Greek divide Ecclesiasticus differently in all fifty-one chapters and no verse-level correspondence has been established; see the artifact record
Ecclus.7.16		unrecorded	vulgate Ecclus 7:1-40 is not mapped onto greek: the Vulgate and the Greek divide Ecclesiasticus differently in all fifty-one chapters and no verse-level correspondence has been established; see the artifact record
Ecclus.7.17		unrecorded	vulgate Ecclus 7:1-40 is not mapped onto greek: the Vulgate and the Greek divide Ecclesiasticus differently in all fifty-one chapters and no verse-level correspondence has been established; see the artifact record
Ecclus.7.18		unrecorded	vulgate Ecclus 7:1-40 is not mapped onto greek: the Vulgate and the Greek divide Ecclesiasticus differently in all fifty-one chapters and no verse-level correspondence has been established; see the artifact record
Ecclus.7.19		unrecorded	vulgate Ecclus 7:1-40 is not mapped onto greek: the Vulgate and the Greek divide Ecclesiasticus differently in all fifty-one chapters and no verse-level correspondence has been established; see the artifact record
Ecclus.7.2		unrecorded	vulgate Ecclus 7:1-40 is not mapped onto greek: the Vulgate and the Greek divide Ecclesiasticus differently in all fifty-one chapters and no verse-level correspondence has been established; see the artifact record
Ecclus.7.20		unrecorded	vulgate Ecclus 7:1-40 is not mapped onto greek: the Vulgate and the Greek divide Ecclesiasticus differently in all fifty-one chapters and no verse-level correspondence has been established; see the artifact record
Ecclus.7.21		unrecorded	vulgate Ecclus 7:1-40 is not mapped onto greek: the Vulgate and the Greek divide Ecclesiasticus differently in all fifty-one chapters and no verse-level correspondence has been established; see the artifact record
Ecclus.7.22		unrecorded	vulgate Ecclus 7:1-40 is not mapped onto greek: the Vulgate and the Greek divide Ecclesiasticus differently in all fifty-one chapters and no verse-level correspondence has been established; see the artifact record
Ecclus.7.23		unrecorded	vulgate Ecclus 7:1-40 is not mapped onto greek: the Vulgate and the Greek divide Ecclesiasticus differently in all fifty-one chapters and no verse-level correspondence has been established; see the artifact record
Ecclus.7.24		unrecorded	vulgate Ecclus 7:1-40 is not mapped onto greek: the Vulgate and the Greek divide Ecclesiasticus differently in all fifty-one chapters and no verse-level correspondence has been established; see the artifact record
Ecclus.7.25		unrecorded	vulgate Ecclus 7:1-40 is not mapped onto greek: the Vulgate and the Greek divide Ecclesiasticus differently in all fifty-one chapters and no verse-level correspondence has been established; see the artifact record
Ecclus.7.26		unrecorded	vulgate Ecclus 7:1-40 is not mapped onto greek: the Vulgate and the Greek divide Ecclesiasticus differently in all fifty-one chapters and no verse-level correspondence has been established; see the artifact record
Ecclus.7.27		unrecorded	vulgate Ecclus 7:1-40 is not mapped onto greek: the Vulgate and the Greek divide Ecclesiasticus differently in all fifty-one chapters and no verse-level correspondence has been established; see the artifact record
Ecclus.7.28		unrecorded	vulgate Ecclus 7:1-40 is not mapped onto greek: the Vulgate and the Greek divide Ecclesiasticus differently in all fifty-one chapters and no verse-level correspondence has been established; see the artifact record
Ecclus.7.29		unrecorded	vulgate Ecclus 7:1-40 is not mapped onto greek: the Vulgate and the Greek divide Ecclesiasticus differently in all fifty-one chapters and no verse-level correspondence has been established; see the artifact record
Ecclus.7.3		unrecorded	vulgate Ecclus 7:1-40 is not mapped onto greek: the Vulgate and the Greek divide Ecclesiasticus differently in all fifty-one chapters and no verse-level correspondence has been established; see the artifact record
Ecclus.7.30		unrecorded	vulgate Ecclus 7:1-40 is not mapped onto greek: the Vulgate and the Greek divide Ecclesiasticus differently in all fifty-one chapters and no verse-level correspondence has been established; see the artifact record
Ecclus.7.31		unrecorded	vulgate Ecclus 7:1-40 is not mapped onto greek: the Vulgate and the Greek divide Ecclesiasticus differently in all fifty-one chapters and no verse-level correspondence has been established; see the artifact record
Ecclus.7.32		unrecorded	vulgate Ecclus 7:1-40 is not mapped onto greek: the Vulgate and the Greek divide Ecclesiasticus differently in all fifty-one chapters and no verse-level correspondence has been established; see the artifact record
Ecclus.7.33		unrecorded	vulgate Ecclus 7:1-40 is not mapped onto greek: the Vulgate and the Greek divide Ecclesiasticus differently in all fifty-one chapters and no verse-level correspondence has been established; see the artifact record
Ecclus.7.34		unrecorded	vulgate Ecclus 7:1-40 is not mapped onto greek: the Vulgate and the Greek divide Ecclesiasticus differently in all fifty-one chapters and no verse-level correspondence has been established; see the artifact record
Ecclus.7.35		unrecorded	vulgate Ecclus 7:1-40 is not mapped onto greek: the Vulgate and the Greek divide Ecclesiasticus differently in all fifty-one chapters and no verse-level correspondence has been established; see the artifact record
Ecclus.7.36		unrecorded	vulgate Ecclus 7:1-40 is not mapped onto greek: the Vulgate and the Greek divide Ecclesiasticus differently in all fifty-one chapters and no verse-level correspondence has been established; see the artifact record
Ecclus.7.37		unrecorded	vulgate Ecclus 7:1-40 is not mapped onto greek: the Vulgate and the Greek divide Ecclesiasticus differently in all fifty-one chapters and no verse-level correspondence has been established; see the artifact record
Ecclus.7.38		unrecorded	vulgate Ecclus 7:1-40 is not mapped onto greek: the Vulgate and the Greek divide Ecclesiasticus differently in all fifty-one chapters and no verse-level correspondence has been established; see the artifact record
Ecclus.7.39		unrecorded	vulgate Ecclus 7:1-40 is not mapped onto greek: the Vulgate and the Greek divide Ecclesiasticus differently in all fifty-one chapters and no verse-level correspondence has been established; see the artifact record
Ecclus.7.4		unrecorded	vulgate Ecclus 7:1-40 is not mapped onto greek: the Vulgate and the Greek divide Ecclesiasticus differently in all fifty-one chapters and no verse-level correspondence has been established; see the artifact record
Ecclus.7.40		unrecorded	vulgate Ecclus 7:1-40 is not mapped onto greek: the Vulgate and the Greek divide Ecclesiasticus differently in all fifty-one chapters and no verse-level correspondence has been established; see the artifact record
Ecclus.7.5		unrecorded	vulgate Ecclus 7:1-40 is not mapped onto greek: the Vulgate and the Greek divide Ecclesiasticus differently in all fifty-one chapters and no verse-level correspondence has been established; see the artifact record
Ecclus.7.6		unrecorded	vulgate Ecclus 7:1-40 is not mapped onto greek: the Vulgate and the Greek divide Ecclesiasticus differently in all fifty-one chapters and no verse-level correspondence has been established; see the artifact record
Ecclus.7.7		unrecorded	vulgate Ecclus 7:1-40 is not mapped onto greek: the Vulgate and the Greek divide Ecclesiasticus differently in all fifty-one chapters and no verse-level correspondence has been established; see the artifact record
Ecclus.7.8		unrecorded	vulgate Ecclus 7:1-40 is not mapped onto greek: the Vulgate and the Greek divide Ecclesiasticus differently in all fifty-one chapters and no verse-level correspondence has been established; see the artifact record
Ecclus.7.9		unrecorded	vulgate Ecclus 7:1-40 is not mapped onto greek: the Vulgate and the Greek divide Ecclesiasticus differently in all fifty-one chapters and no verse-level correspondence has been established; see the artifact record
Ecclus.8.1		unrecorded	vulgate Ecclus 8:1-22 is not mapped onto greek: the Vulgate and the Greek divide Ecclesiasticus differently in all fifty-one chapters and no verse-level correspondence has been established; see the artifact record
Ecclus.8.10		unrecorded	vulgate Ecclus 8:1-22 is not mapped onto greek: the Vulgate and the Greek divide Ecclesiasticus differently in all fifty-one chapters and no verse-level correspondence has been established; see the artifact record
Ecclus.8.11		unrecorded	vulgate Ecclus 8:1-22 is not mapped onto greek: the Vulgate and the Greek divide Ecclesiasticus differently in all fifty-one chapters and no verse-level correspondence has been established; see the artifact record
Ecclus.8.12		unrecorded	vulgate Ecclus 8:1-22 is not mapped onto greek: the Vulgate and the Greek divide Ecclesiasticus differently in all fifty-one chapters and no verse-level correspondence has been established; see the artifact record
Ecclus.8.13		unrecorded	vulgate Ecclus 8:1-22 is not mapped onto greek: the Vulgate and the Greek divide Ecclesiasticus differently in all fifty-one chapters and no verse-level correspondence has been established; see the artifact record
Ecclus.8.14		unrecorded	vulgate Ecclus 8:1-22 is not mapped onto greek: the Vulgate and the Greek divide Ecclesiasticus differently in all fifty-one chapters and no verse-level correspondence has been established; see the artifact record
Ecclus.8.15		unrecorded	vulgate Ecclus 8:1-22 is not mapped onto greek: the Vulgate and the Greek divide Ecclesiasticus differently in all fifty-one chapters and no verse-level correspondence has been established; see the artifact record
Ecclus.8.16		unrecorded	vulgate Ecclus 8:1-22 is not mapped onto greek: the Vulgate and the Greek divide Ecclesiasticus differently in all fifty-one chapters and no verse-level correspondence has been established; see the artifact record
Ecclus.8.17		unrecorded	vulgate Ecclus 8:1-22 is not mapped onto greek: the Vulgate and the Greek divide Ecclesiasticus differently in all fifty-one chapters and no verse-level correspondence has been established; see the artifact record
Ecclus.8.18		unrecorded	vulgate Ecclus 8:1-22 is not mapped onto greek: the Vulgate and the Greek divide Ecclesiasticus differently in all fifty-one chapters and no verse-level correspondence has been established; see the artifact record
Ecclus.8.19		unrecorded	vulgate Ecclus 8:1-22 is not mapped onto greek: the Vulgate and the Greek divide Ecclesiasticus differently in all fifty-one chapters and no verse-level correspondence has been established; see the artifact record
Ecclus.8.2		unrecorded	vulgate Ecclus 8:1-22 is not mapped onto greek: the Vulgate and the Greek divide Ecclesiasticus differently in all fifty-one chapters and no verse-level correspondence has been established; see the artifact record
Ecclus.8.20		unrecorded	vulgate Ecclus 8:1-22 is not mapped onto greek: the Vulgate and the Greek divide Ecclesiasticus differently in all fifty-one chapters and no verse-level correspondence has been established; see the artifact record
Ecclus.8.21		unrecorded	vulgate Ecclus 8:1-22 is not mapped onto greek: the Vulgate and the Greek divide Ecclesiasticus differently in all fifty-one chapters and no verse-level correspondence has been established; see the artifact record
Ecclus.8.22		unrecorded	vulgate Ecclus 8:1-22 is not mapped onto greek: the Vulgate and the Greek divide Ecclesiasticus differently in all fifty-one chapters and no verse-level correspondence has been established; see the artifact record
Ecclus.8.3		unrecorded	vulgate Ecclus 8:1-22 is not mapped onto greek: the Vulgate and the Greek divide Ecclesiasticus differently in all fifty-one chapters and no verse-level correspondence has been established; see the artifact record
Ecclus.8.4		unrecorded	vulgate Ecclus 8:1-22 is not mapped onto greek: the Vulgate and the Greek divide Ecclesiasticus differently in all fifty-one chapters and no verse-level correspondence has been established; see the artifact record
Ecclus.8.5		unrecorded	vulgate Ecclus 8:1-22 is not mapped onto greek: the Vulgate and the Greek divide Ecclesiasticus differently in all fifty-one chapters and no verse-level correspondence has been established; see the artifact record
Ecclus.8.6		unrecorded	vulgate Ecclus 8:1-22 is not mapped onto greek: the Vulgate and the Greek divide Ecclesiasticus differently in all fifty-one chapters and no verse-level correspondence has been established; see the artifact record
Ecclus.8.7		unrecorded	vulgate Ecclus 8:1-22 is not mapped onto greek: the Vulgate and the Greek divide Ecclesiasticus differently in all fifty-one chapters and no verse-level correspondence has been established; see the artifact record
Ecclus.8.8		unrecorded	vulgate Ecclus 8:1-22 is not mapped onto greek: the Vulgate and the Greek divide Ecclesiasticus differently in all fifty-one chapters and no verse-level correspondence has been established; see the artifact record
Ecclus.8.9		unrecorded	vulgate Ecclus 8:1-22 is not mapped onto greek: the Vulgate and the Greek divide Ecclesiasticus differently in all fifty-one chapters and no verse-level correspondence has been established; see the artifact record
Ecclus.9.1		unrecorded	vulgate Ecclus 9:1-25 is not mapped onto greek: the Vulgate and the Greek divide Ecclesiasticus differently in all fifty-one chapters and no verse-level correspondence has been established; see the artifact record
Ecclus.9.10		unrecorded	vulgate Ecclus 9:1-25 is not mapped onto greek: the Vulgate and the Greek divide Ecclesiasticus differently in all fifty-one chapters and no verse-level correspondence has been established; see the artifact record
Ecclus.9.11		unrecorded	vulgate Ecclus 9:1-25 is not mapped onto greek: the Vulgate and the Greek divide Ecclesiasticus differently in all fifty-one chapters and no verse-level correspondence has been established; see the artifact record
Ecclus.9.12		unrecorded	vulgate Ecclus 9:1-25 is not mapped onto greek: the Vulgate and the Greek divide Ecclesiasticus differently in all fifty-one chapters and no verse-level correspondence has been established; see the artifact record
Ecclus.9.13		unrecorded	vulgate Ecclus 9:1-25 is not mapped onto greek: the Vulgate and the Greek divide Ecclesiasticus differently in all fifty-one chapters and no verse-level correspondence has been established; see the artifact record
Ecclus.9.14		unrecorded	vulgate Ecclus 9:1-25 is not mapped onto greek: the Vulgate and the Greek divide Ecclesiasticus differently in all fifty-one chapters and no verse-level correspondence has been established; see the artifact record
Ecclus.9.15		unrecorded	vulgate Ecclus 9:1-25 is not mapped onto greek: the Vulgate and the Greek divide Ecclesiasticus differently in all fifty-one chapters and no verse-level correspondence has been established; see the artifact record
Ecclus.9.16		unrecorded	vulgate Ecclus 9:1-25 is not mapped onto greek: the Vulgate and the Greek divide Ecclesiasticus differently in all fifty-one chapters and no verse-level correspondence has been established; see the artifact record
Ecclus.9.17		unrecorded	vulgate Ecclus 9:1-25 is not mapped onto greek: the Vulgate and the Greek divide Ecclesiasticus differently in all fifty-one chapters and no verse-level correspondence has been established; see the artifact record
Ecclus.9.18		unrecorded	vulgate Ecclus 9:1-25 is not mapped onto greek: the Vulgate and the Greek divide Ecclesiasticus differently in all fifty-one chapters and no verse-level correspondence has been established; see the artifact record
Ecclus.9.19		unrecorded	vulgate Ecclus 9:1-25 is not mapped onto greek: the Vulgate and the Greek divide Ecclesiasticus differently in all fifty-one chapters and no verse-level correspondence has been established; see the artifact record
Ecclus.9.2		unrecorded	vulgate Ecclus 9:1-25 is not mapped onto greek: the Vulgate and the Greek divide Ecclesiasticus differently in all fifty-one chapters and no verse-level correspondence has been established; see the artifact record
Ecclus.9.20		unrecorded	vulgate Ecclus 9:1-25 is not mapped onto greek: the Vulgate and the Greek divide Ecclesiasticus differently in all fifty-one chapters and no verse-level correspondence has been established; see the artifact record
Ecclus.9.21		unrecorded	vulgate Ecclus 9:1-25 is not mapped onto greek: the Vulgate and the Greek divide Ecclesiasticus differently in all fifty-one chapters and no verse-level correspondence has been established; see the artifact record
Ecclus.9.22		unrecorded	vulgate Ecclus 9:1-25 is not mapped onto greek: the Vulgate and the Greek divide Ecclesiasticus differently in all fifty-one chapters and no verse-level correspondence has been established; see the artifact record
Ecclus.9.23		unrecorded	vulgate Ecclus 9:1-25 is not mapped onto greek: the Vulgate and the Greek divide Ecclesiasticus differently in all fifty-one chapters and no verse-level correspondence has been established; see the artifact record
Ecclus.9.24		unrecorded	vulgate Ecclus 9:1-25 is not mapped onto greek: the Vulgate and the Greek divide Ecclesiasticus differently in all fifty-one chapters and no verse-level correspondence has been established; see the artifact record
Ecclus.9.25		unrecorded	vulgate Ecclus 9:1-25 is not mapped onto greek: the Vulgate and the Greek divide Ecclesiasticus differently in all fifty-one chapters and no verse-level correspondence has been established; see the artifact record
Ecclus.9.3		unrecorded	vulgate Ecclus 9:1-25 is not mapped onto greek: the Vulgate and the Greek divide Ecclesiasticus differently in all fifty-one chapters and no verse-level correspondence has been established; see the artifact record
Ecclus.9.4		unrecorded	vulgate Ecclus 9:1-25 is not mapped onto greek: the Vulgate and the Greek divide Ecclesiasticus differently in all fifty-one chapters and no verse-level correspondence has been established; see the artifact record
Ecclus.9.5		unrecorded	vulgate Ecclus 9:1-25 is not mapped onto greek: the Vulgate and the Greek divide Ecclesiasticus differently in all fifty-one chapters and no verse-level correspondence has been established; see the artifact record
Ecclus.9.6		unrecorded	vulgate Ecclus 9:1-25 is not mapped onto greek: the Vulgate and the Greek divide Ecclesiasticus differently in all fifty-one chapters and no verse-level correspondence has been established; see the artifact record
Ecclus.9.7		unrecorded	vulgate Ecclus 9:1-25 is not mapped onto greek: the Vulgate and the Greek divide Ecclesiasticus differently in all fifty-one chapters and no verse-level correspondence has been established; see the artifact record
Ecclus.9.8		unrecorded	vulgate Ecclus 9:1-25 is not mapped onto greek: the Vulgate and the Greek divide Ecclesiasticus differently in all fifty-one chapters and no verse-level correspondence has been established; see the artifact record
Ecclus.9.9		unrecorded	vulgate Ecclus 9:1-25 is not mapped onto greek: the Vulgate and the Greek divide Ecclesiasticus differently in all fifty-one chapters and no verse-level correspondence has been established; see the artifact record
Esth.10.10	EsthGr.10.10	renumber	vulgate Esth 10:10 stands in this edition at EsthGr 10:10
Esth.10.11	EsthGr.10.11	renumber	vulgate Esth 10:11 stands in this edition at EsthGr 10:11
Esth.10.12	EsthGr.10.12	renumber	vulgate Esth 10:12 stands in this edition at EsthGr 10:12
Esth.10.13	EsthGr.10.13	renumber	vulgate Esth 10:13 stands in this edition at EsthGr 10:13
Esth.10.4	EsthGr.10.4	renumber	vulgate Esth 10:4 stands in this edition at EsthGr 10:4
Esth.10.5	EsthGr.10.5	renumber	vulgate Esth 10:5 stands in this edition at EsthGr 10:5
Esth.10.6	EsthGr.10.6	renumber	vulgate Esth 10:6 stands in this edition at EsthGr 10:6
Esth.10.7	EsthGr.10.7	renumber	vulgate Esth 10:7 stands in this edition at EsthGr 10:7
Esth.10.8	EsthGr.10.8	renumber	vulgate Esth 10:8 stands in this edition at EsthGr 10:8
Esth.10.9	EsthGr.10.9	renumber	vulgate Esth 10:9 stands in this edition at EsthGr 10:9
Esth.11.1	EsthGr.11.1	renumber	vulgate Esth 11:1 stands in this edition at EsthGr 11:1
Esth.11.10	EsthGr.11.10	renumber	vulgate Esth 11:10 stands in this edition at EsthGr 11:10
Esth.11.11	EsthGr.11.11	renumber	vulgate Esth 11:11 stands in this edition at EsthGr 11:11
Esth.11.12	EsthGr.11.12	renumber	vulgate Esth 11:12 stands in this edition at EsthGr 11:12
Esth.11.2	EsthGr.11.2	renumber	vulgate Esth 11:2 stands in this edition at EsthGr 11:2
Esth.11.3	EsthGr.11.3	renumber	vulgate Esth 11:3 stands in this edition at EsthGr 11:3
Esth.11.4	EsthGr.11.4	renumber	vulgate Esth 11:4 stands in this edition at EsthGr 11:4
Esth.11.5	EsthGr.11.5	renumber	vulgate Esth 11:5 stands in this edition at EsthGr 11:5
Esth.11.6	EsthGr.11.6	renumber	vulgate Esth 11:6 stands in this edition at EsthGr 11:6
Esth.11.7	EsthGr.11.7	renumber	vulgate Esth 11:7 stands in this edition at EsthGr 11:7
Esth.11.8	EsthGr.11.8	renumber	vulgate Esth 11:8 stands in this edition at EsthGr 11:8
Esth.11.9	EsthGr.11.9	renumber	vulgate Esth 11:9 stands in this edition at EsthGr 11:9
Esth.12.1	EsthGr.12.1	renumber	vulgate Esth 12:1 stands in this edition at EsthGr 12:1
Esth.12.2	EsthGr.12.2	renumber	vulgate Esth 12:2 stands in this edition at EsthGr 12:2
Esth.12.3	EsthGr.12.3	renumber	vulgate Esth 12:3 stands in this edition at EsthGr 12:3
Esth.12.4	EsthGr.12.4	renumber	vulgate Esth 12:4 stands in this edition at EsthGr 12:4
Esth.12.5	EsthGr.12.5	renumber	vulgate Esth 12:5 stands in this edition at EsthGr 12:5
Esth.12.6	EsthGr.12.6	renumber	vulgate Esth 12:6 stands in this edition at EsthGr 12:6
Esth.13.1	EsthGr.13.1	renumber	vulgate Esth 13:1 stands in this edition at EsthGr 13:1
Esth.13.10	EsthGr.13.10	renumber	vulgate Esth 13:10 stands in this edition at EsthGr 13:10
Esth.13.11	EsthGr.13.11	renumber	vulgate Esth 13:11 stands in this edition at EsthGr 13:11
Esth.13.12	EsthGr.13.12	renumber	vulgate Esth 13:12 stands in this edition at EsthGr 13:12
Esth.13.13	EsthGr.13.13	renumber	vulgate Esth 13:13 stands in this edition at EsthGr 13:13
Esth.13.14	EsthGr.13.14	renumber	vulgate Esth 13:14 stands in this edition at EsthGr 13:14
Esth.13.15	EsthGr.13.15	renumber	vulgate Esth 13:15 stands in this edition at EsthGr 13:15
Esth.13.16	EsthGr.13.16	renumber	vulgate Esth 13:16 stands in this edition at EsthGr 13:16
Esth.13.17	EsthGr.13.17	renumber	vulgate Esth 13:17 stands in this edition at EsthGr 13:17
Esth.13.18	EsthGr.13.18	renumber	vulgate Esth 13:18 stands in this edition at EsthGr 13:18
Esth.13.2	EsthGr.13.2	renumber	vulgate Esth 13:2 stands in this edition at EsthGr 13:2
Esth.13.3	EsthGr.13.3	renumber	vulgate Esth 13:3 stands in this edition at EsthGr 13:3
Esth.13.4	EsthGr.13.4	renumber	vulgate Esth 13:4 stands in this edition at EsthGr 13:4
Esth.13.5	EsthGr.13.5	renumber	vulgate Esth 13:5 stands in this edition at EsthGr 13:5
Esth.13.6	EsthGr.13.6	renumber	vulgate Esth 13:6 stands in this edition at EsthGr 13:6
Esth.13.7	EsthGr.13.7	renumber	vulgate Esth 13:7 stands in this edition at EsthGr 13:7
Esth.13.8	EsthGr.13.8	renumber	vulgate Esth 13:8 stands in this edition at EsthGr 13:8
Esth.13.9	EsthGr.13.9	renumber	vulgate Esth 13:9 stands in this edition at EsthGr 13:9
Esth.14.1	EsthGr.14.1	renumber	vulgate Esth 14:1 stands in this edition at EsthGr 14:1
Esth.14.10	EsthGr.14.10	renumber	vulgate Esth 14:10 stands in this edition at EsthGr 14:10
Esth.14.11	EsthGr.14.11	renumber	vulgate Esth 14:11 stands in this edition at EsthGr 14:11
Esth.14.12	EsthGr.14.12	renumber	vulgate Esth 14:12 stands in this edition at EsthGr 14:12
Esth.14.13	EsthGr.14.13	renumber	vulgate Esth 14:13 stands in this edition at EsthGr 14:13
Esth.14.14	EsthGr.14.14	renumber	vulgate Esth 14:14 stands in this edition at EsthGr 14:14
Esth.14.15	EsthGr.14.15	renumber	vulgate Esth 14:15 stands in this edition at EsthGr 14:15
Esth.14.16	EsthGr.14.16	renumber	vulgate Esth 14:16 stands in this edition at EsthGr 14:16
Esth.14.17	EsthGr.14.17	renumber	vulgate Esth 14:17 stands in this edition at EsthGr 14:17
Esth.14.18	EsthGr.14.18	renumber	vulgate Esth 14:18 stands in this edition at EsthGr 14:18
Esth.14.19	EsthGr.14.19	renumber	vulgate Esth 14:19 stands in this edition at EsthGr 14:19
Esth.14.2	EsthGr.14.2	renumber	vulgate Esth 14:2 stands in this edition at EsthGr 14:2
Esth.14.3	EsthGr.14.3	renumber	vulgate Esth 14:3 stands in this edition at EsthGr 14:3
Esth.14.4	EsthGr.14.4	renumber	vulgate Esth 14:4 stands in this edition at EsthGr 14:4
Esth.14.5	EsthGr.14.5	renumber	vulgate Esth 14:5 stands in this edition at EsthGr 14:5
Esth.14.6	EsthGr.14.6	renumber	vulgate Esth 14:6 stands in this edition at EsthGr 14:6
Esth.14.7	EsthGr.14.7	renumber	vulgate Esth 14:7 stands in this edition at EsthGr 14:7
Esth.14.8	EsthGr.14.8	renumber	vulgate Esth 14:8 stands in this edition at EsthGr 14:8
Esth.14.9	EsthGr.14.9	renumber	vulgate Esth 14:9 stands in this edition at EsthGr 14:9
Esth.15.1		absent	vulgate Esth 15:1-3 has no counterpart in greek: Mardochai's charge to Esther, which the Vulgate repeats here from 4:8; the Greek additions begin this chapter at Esther's approach to the king
Esth.15.10	EsthGr.15.7	renumber	vulgate Esth 15:10 stands in this edition at EsthGr 15:7
Esth.15.11	EsthGr.15.8	renumber	vulgate Esth 15:11 stands in this edition at EsthGr 15:8
Esth.15.12	EsthGr.15.9	renumber	vulgate Esth 15:12 stands in this edition at EsthGr 15:9
Esth.15.13	EsthGr.15.10	merge	Esth 15:13 is part of greek EsthGr 15:10, which carries the whole of vulgate Esth 15:13-14; the text returned is a superset of the verse cited
Esth.15.14	EsthGr.15.10	merge	Esth 15:14 is part of greek EsthGr 15:10, which carries the whole of vulgate Esth 15:13-14; the text returned is a superset of the verse cited
Esth.15.15		unrecorded	vulgate Esth 15:15 is greek EsthGr 15:11-12 in greek, which is more than one verse, and a reference to one verse cannot select it without cutting it
Esth.15.16	EsthGr.15.13	renumber	vulgate Esth 15:16 stands in this edition at EsthGr 15:13
Esth.15.17	EsthGr.15.14	renumber	vulgate Esth 15:17 stands in this edition at EsthGr 15:14
Esth.15.18	EsthGr.15.15	renumber	vulgate Esth 15:18 stands in this edition at EsthGr 15:15
Esth.15.19	EsthGr.15.16	renumber	vulgate Esth 15:19 stands in this edition at EsthGr 15:16
Esth.15.2		absent	vulgate Esth 15:1-3 has no counterpart in greek: Mardochai's charge to Esther, which the Vulgate repeats here from 4:8; the Greek additions begin this chapter at Esther's approach to the king
Esth.15.3		absent	vulgate Esth 15:1-3 has no counterpart in greek: Mardochai's charge to Esther, which the Vulgate repeats here from 4:8; the Greek additions begin this chapter at Esther's approach to the king
Esth.15.4	EsthGr.15.1	renumber	vulgate Esth 15:4 stands in this edition at EsthGr 15:1
Esth.15.5	EsthGr.15.2	renumber	vulgate Esth 15:5 stands in this edition at EsthGr 15:2
Esth.15.6	EsthGr.15.3	renumber	vulgate Esth 15:6 stands in this edition at EsthGr 15:3
Esth.15.7	EsthGr.15.4	renumber	vulgate Esth 15:7 stands in this edition at EsthGr 15:4
Esth.15.8	EsthGr.15.5	renumber	vulgate Esth 15:8 stands in this edition at EsthGr 15:5
Esth.15.9	EsthGr.15.6	renumber	vulgate Esth 15:9 stands in this edition at EsthGr 15:6
Esth.16.1	EsthGr.16.1	renumber	vulgate Esth 16:1 stands in this edition at EsthGr 16:1
Esth.16.10	EsthGr.16.10	renumber	vulgate Esth 16:10 stands in this edition at EsthGr 16:10
Esth.16.11	EsthGr.16.11	renumber	vulgate Esth 16:11 stands in this edition at EsthGr 16:11
Esth.16.12	EsthGr.16.12	renumber	vulgate Esth 16:12 stands in this edition at EsthGr 16:12
Esth.16.13	EsthGr.16.13	renumber	vulgate Esth 16:13 stands in this edition at EsthGr 16:13
Esth.16.14	EsthGr.16.14	renumber	vulgate Esth 16:14 stands in this edition at EsthGr 16:14
Esth.16.15	EsthGr.16.15	renumber	vulgate Esth 16:15 stands in this edition at EsthGr 16:15
Esth.16.16	EsthGr.16.16	renumber	vulgate Esth 16:16 stands in this edition at EsthGr 16:16
Esth.16.17	EsthGr.16.17	renumber	vulgate Esth 16:17 stands in this edition at EsthGr 16:17
Esth.16.18	EsthGr.16.18	renumber	vulgate Esth 16:18 stands in this edition at EsthGr 16:18
Esth.16.19	EsthGr.16.19	renumber	vulgate Esth 16:19 stands in this edition at EsthGr 16:19
Esth.16.2	EsthGr.16.2	renumber	vulgate Esth 16:2 stands in this edition at EsthGr 16:2
Esth.16.20	EsthGr.16.20	renumber	vulgate Esth 16:20 stands in this edition at EsthGr 16:20
Esth.16.21	EsthGr.16.21	renumber	vulgate Esth 16:21 stands in this edition at EsthGr 16:21
Esth.16.22	EsthGr.16.22	renumber	vulgate Esth 16:22 stands in this edition at EsthGr 16:22
Esth.16.23	EsthGr.16.23	renumber	vulgate Esth 16:23 stands in this edition at EsthGr 16:23
Esth.16.24	EsthGr.16.24	renumber	vulgate Esth 16:24 stands in this edition at EsthGr 16:24
Esth.16.3	EsthGr.16.3	renumber	vulgate Esth 16:3 stands in this edition at EsthGr 16:3
Esth.16.4	EsthGr.16.4	renumber	vulgate Esth 16:4 stands in this edition at EsthGr 16:4
Esth.16.5	EsthGr.16.5	renumber	vulgate Esth 16:5 stands in this edition at EsthGr 16:5
Esth.16.6	EsthGr.16.6	renumber	vulgate Esth 16:6 stands in this edition at EsthGr 16:6
Esth.16.7	EsthGr.16.7	renumber	vulgate Esth 16:7 stands in this edition at EsthGr 16:7
Esth.16.8	EsthGr.16.8	renumber	vulgate Esth 16:8 stands in this edition at EsthGr 16:8
Esth.16.9	EsthGr.16.9	renumber	vulgate Esth 16:9 stands in this edition at EsthGr 16:9
