book	chapter	verse	kind	marker	printed
Gen	1	3	prose	p	
Gen	1	6	prose	p	
Gen	1	9	prose	p	
Gen	1	14	prose	p	
Gen	1	20	prose	p	
Gen	1	24	prose	p	
Gen	1	26	prose	p	
Gen	1	31	prose	p	
Gen	2	4	prose	p	
Gen	2	18	prose	p	
Gen	3	2	prose	p	
Gen	3	4	prose	p	
Gen	3	6	prose	p	
Gen	3	9	prose	p	
Gen	3	10	prose	p	
Gen	3	11	prose	p	
Gen	3	12	prose	p	
Gen	3	13	prose	p	
Gen	3	14	prose	p	
Gen	3	15	poetry	q1	
Gen	3	16	prose	p	
Gen	3	17	prose	p	
Gen	3	18	poetry	q2	
Gen	3	19	poetry	q1	
Gen	3	20	prose	p	
Gen	3	22	prose	p	
Gen	4	9	prose	p	
Gen	4	10	prose	p	
Gen	4	13	prose	p	
Gen	4	15	prose	p	
Gen	4	16	prose	p	
Gen	4	24	poetry	q1	
Gen	4	25	prose	p	
Gen	5	6	prose	p	
Gen	5	9	prose	p	
Gen	5	12	prose	p	
Gen	5	15	prose	p	
Gen	5	18	prose	p	
Gen	5	21	prose	p	
Gen	5	25	prose	p	
Gen	5	28	prose	p	
Gen	5	32	prose	p	
Gen	6	5	prose	p	
Gen	6	9	prose	p	
Gen	6	13	prose	p	
Gen	7	5	prose	p	
Gen	7	6	prose	p	
Gen	7	13	prose	p	
Gen	8	6	prose	p	
Gen	8	13	prose	p	
Gen	8	15	prose	p	
Gen	8	18	prose	p	
Gen	8	20	prose	p	
Gen	9	8	prose	p	
Gen	9	18	prose	p	
Gen	9	20	prose	p	
Gen	9	26	prose	p	
Gen	9	27	poetry	q1	
Gen	9	28	prose	p	
Gen	10	2	prose	p	
Gen	10	6	prose	p	
Gen	10	15	prose	p	
Gen	10	21	prose	p	
Gen	10	32	prose	p	
Gen	11	5	prose	p	
Gen	11	10	prose	p	
Gen	11	12	prose	p	
Gen	11	14	prose	p	
Gen	11	16	prose	p	
Gen	11	18	prose	p	
Gen	11	20	prose	p	
Gen	11	22	prose	p	
Gen	11	24	prose	p	
Gen	11	26	prose	p	
Gen	11	27	prose	p	
Gen	12	4	prose	p	
Gen	12	7	prose	p	
Gen	12	8	prose	p	
Gen	12	10	prose	p	
Gen	12	14	prose	p	
Gen	12	20	prose	p	
Gen	13	10	prose	p	
Gen	13	14	prose	p	
Gen	13	18	prose	p	
Gen	14	13	prose	p	
Gen	14	17	prose	p	
Gen	14	21	prose	p	
Gen	14	22	prose	p	
Gen	15	2	prose	p	
Gen	15	4	prose	p	
Gen	15	8	prose	p	
Gen	15	9	prose	p	
Gen	15	12	prose	p	
Gen	16	6	prose	p	
Gen	16	7	prose	p	
Gen	16	9	prose	p	
Gen	16	13	prose	p	
Gen	16	15	prose	p	
Gen	17	3	prose	p	
Gen	17	9	prose	p	
Gen	17	15	prose	p	
Gen	17	17	prose	p	
Gen	17	19	prose	p	
Gen	17	22	prose	p	
Gen	18	6	prose	p	
Gen	18	9	prose	p	
Gen	18	10	prose	p	
Gen	18	11	prose	p	
Gen	18	13	prose	p	
Gen	18	15	prose	p	
Gen	18	16	prose	p	
Gen	18	22	prose	p	
Gen	18	26	prose	p	
Gen	18	29	prose	p	
Gen	18	30	prose	p	
Gen	18	31	prose	p	
Gen	18	32	prose	p	
Gen	18	33	prose	p	
Gen	19	3	prose	p	
Gen	19	6	prose	p	
Gen	19	9	prose	p	
Gen	19	12	prose	p	
Gen	19	14	prose	p	
Gen	19	15	prose	p	
Gen	19	18	prose	p	
Gen	19	21	prose	p	
Gen	19	23	prose	p	
Gen	19	27	prose	p	
Gen	19	29	prose	p	
Gen	19	30	prose	p	
Gen	20	4	prose	p	
Gen	20	6	prose	p	
Gen	20	8	prose	p	
Gen	20	11	prose	p	
Gen	20	14	prose	p	
Gen	20	17	prose	p	
Gen	21	8	prose	p	
Gen	21	11	prose	p	
Gen	21	18	prose	p	
Gen	21	19	prose	p	
Gen	21	20	prose	p	
Gen	21	22	prose	p	
Gen	21	24	prose	p	
Gen	21	27	prose	p	
Gen	21	30	prose	p	
Gen	22	2	prose	p	
Gen	22	3	prose	p	
Gen	22	8	prose	p	
Gen	22	11	prose	p	
Gen	22	12	prose	p	
Gen	22	13	prose	p	
Gen	22	15	prose	p	
Gen	22	19	prose	p	
Gen	22	20	prose	p	
Gen	23	5	prose	p	
Gen	23	7	prose	p	
Gen	23	10	prose	p	
Gen	23	12	prose	p	
Gen	23	14	prose	p	
Gen	23	16	prose	p	
Gen	23	17	prose	p	
Gen	24	5	prose	p	
Gen	24	6	prose	p	
Gen	24	9	prose	p	
Gen	24	15	prose	p	
Gen	24	18	prose	p	
Gen	24	21	prose	p	
Gen	24	24	prose	p	
Gen	24	26	prose	p	
Gen	24	28	prose	p	
Gen	24	32	prose	p	
Gen	24	34	prose	p	
Gen	24	50	prose	p	
Gen	24	52	prose	p	
Gen	24	55	prose	p	
Gen	24	56	prose	p	
Gen	24	57	prose	p	
Gen	24	59	prose	p	
Gen	24	61	prose	p	
Gen	24	66	prose	p	
Gen	25	12	prose	p	
Gen	25	19	prose	p	
Gen	25	24	prose	p	
Gen	25	27	prose	p	
Gen	25	31	prose	p	
Gen	25	32	prose	p	
Gen	25	33	prose	p	
Gen	25	34	prose	p	
Gen	26	6	prose	p	
Gen	26	10	prose	p	
Gen	26	11	prose	p	
Gen	26	12	prose	p	
Gen	26	17	prose	p	
Gen	26	18	prose	p	
Gen	26	23	prose	p	
Gen	26	25	prose	p	
Gen	26	26	prose	p	
Gen	26	28	prose	p	
Gen	26	30	prose	p	
Gen	26	34	prose	p	
Gen	27	2	prose	p	
Gen	27	5	prose	p	
Gen	27	11	prose	p	
Gen	27	13	prose	p	
Gen	27	14	prose	p	
Gen	27	18	prose	p	
Gen	27	19	prose	p	
Gen	27	20	prose	p	
Gen	27	21	prose	p	
Gen	27	22	prose	p	
Gen	27	25	prose	p	
Gen	27	26	prose	p	
Gen	27	28	poetry	q1	
Gen	27	29	poetry	q1	
Gen	27	30	prose	p	
Gen	27	32	prose	p	
Gen	27	33	prose	p	
Gen	27	34	prose	p	
Gen	27	35	prose	p	
Gen	27	36	prose	p	
Gen	27	37	prose	p	
Gen	27	38	prose	p	
Gen	27	39	prose	p	
Gen	27	40	poetry	q1	
Gen	27	41	prose	p	
Gen	27	42	prose	p	
Gen	27	46	prose	p	
Gen	28	5	prose	p	
Gen	28	6	prose	p	
Gen	28	10	prose	p	
Gen	28	16	prose	p	
Gen	28	18	prose	p	
Gen	29	5	prose	p	
Gen	29	6	prose	p	
Gen	29	7	prose	p	
Gen	29	8	prose	p	
Gen	29	9	prose	p	
Gen	29	13	prose	p	
Gen	29	16	prose	p	
Gen	29	19	prose	p	
Gen	29	20	prose	p	
Gen	29	21	prose	p	
Gen	29	22	prose	p	
Gen	29	26	prose	p	
Gen	29	28	prose	p	
Gen	29	31	prose	p	
Gen	30	2	prose	p	
Gen	30	3	prose	p	
Gen	30	9	prose	p	
Gen	30	14	prose	p	
Gen	30	15	prose	p	
Gen	30	16	prose	p	
Gen	30	17	prose	p	
Gen	30	22	prose	p	
Gen	30	25	prose	p	
Gen	30	27	prose	p	
Gen	30	29	prose	p	
Gen	30	31	prose	p	
Gen	30	32	prose	p	
Gen	30	34	prose	p	
Gen	30	35	prose	p	
Gen	30	37	prose	p	
Gen	31	4	prose	p	
Gen	31	14	prose	p	
Gen	31	17	prose	p	
Gen	31	20	prose	p	
Gen	31	22	prose	p	
Gen	31	25	prose	p	
Gen	31	31	prose	p	
Gen	31	33	prose	p	
Gen	31	36	prose	p	
Gen	31	38	prose	p	
Gen	31	43	prose	p	
Gen	31	45	prose	p	
Gen	32	3	prose	p	
Gen	32	13	prose	p	
Gen	32	21	prose	p	
Gen	32	22	prose	p	
Gen	32	27	prose	p	
Gen	32	28	prose	p	
Gen	32	29	prose	p	
Gen	32	30	prose	p	
Gen	33	4	prose	p	
Gen	33	6	prose	p	
Gen	33	8	prose	p	
Gen	33	9	prose	p	
Gen	33	10	prose	p	
Gen	33	12	prose	p	
Gen	33	13	prose	p	
Gen	33	15	prose	p	
Gen	33	16	prose	p	
Gen	33	18	prose	p	
Gen	34	5	prose	p	
Gen	34	11	prose	p	
Gen	34	13	prose	p	
Gen	34	18	prose	p	
Gen	34	24	prose	p	
Gen	34	31	prose	p	
Gen	35	2	prose	p	
Gen	35	4	prose	p	
Gen	35	9	prose	p	
Gen	35	13	prose	p	
Gen	35	16	prose	p	
Gen	35	18	prose	p	
Gen	35	23	prose	p	
Gen	35	28	prose	p	
Gen	36	9	prose	p	
Gen	36	15	prose	p	
Gen	36	20	prose	p	
Gen	36	31	prose	p	
Gen	36	40	prose	p	
Gen	37	5	prose	p	
Gen	37	8	prose	p	
Gen	37	12	prose	p	
Gen	37	14	prose	p	
Gen	37	16	prose	p	
Gen	37	17	prose	p	
Gen	37	18	prose	p	
Gen	37	21	prose	p	
Gen	37	25	prose	p	
Gen	37	29	prose	p	
Gen	37	33	prose	p	
Gen	38	12	prose	p	
Gen	38	17	prose	p	
Gen	38	18	prose	p	
Gen	38	19	prose	p	
Gen	38	22	prose	p	
Gen	38	24	prose	p	
Gen	38	25	prose	p	
Gen	38	26	prose	p	
Gen	38	27	prose	p	
Gen	39	7	prose	p	
Gen	39	8	prose	p	
Gen	39	10	prose	p	
Gen	39	13	prose	p	
Gen	39	19	prose	p	
Gen	40	8	prose	p	
Gen	40	9	prose	p	
Gen	40	12	prose	p	
Gen	40	16	prose	p	
Gen	40	18	prose	p	
Gen	41	9	prose	p	
Gen	41	14	prose	p	
Gen	41	16	prose	p	
Gen	41	17	prose	p	
Gen	41	25	prose	p	
Gen	41	33	prose	p	
Gen	41	37	prose	p	
Gen	41	46	prose	p	
Gen	41	53	prose	p	
Gen	42	8	prose	p	
Gen	42	10	prose	p	
Gen	42	12	prose	p	
Gen	42	13	prose	p	
Gen	42	14	prose	p	
Gen	42	18	prose	p	
Gen	42	21	prose	p	
Gen	42	26	prose	p	
Gen	42	35	prose	p	
Gen	42	37	prose	p	
Gen	42	38	prose	p	
Gen	43	3	prose	p	
Gen	43	6	prose	p	
Gen	43	7	prose	p	
Gen	43	8	prose	p	
Gen	43	11	prose	p	
Gen	43	15	prose	p	
Gen	43	17	prose	p	
Gen	43	23	prose	p	
Gen	43	26	prose	p	
Gen	43	28	prose	p	
Gen	43	32	prose	p	
Gen	44	7	prose	p	
Gen	44	10	prose	p	
Gen	44	11	prose	p	
Gen	44	14	prose	p	
Gen	44	16	prose	p	
Gen	44	17	prose	p	
Gen	44	18	prose	p	
Gen	45	4	prose	p	
Gen	45	5	prose	p	
Gen	45	16	prose	p	
Gen	45	21	prose	p	
Gen	45	25	prose	p	
Gen	46	3	prose	p	
Gen	46	5	prose	p	
Gen	46	8	prose	p	
Gen	46	28	prose	p	
Gen	46	31	prose	p	
Gen	47	4	prose	p	
Gen	47	5	prose	p	
Gen	47	7	prose	p	
Gen	47	9	prose	p	
Gen	47	11	prose	p	
Gen	47	13	prose	p	
Gen	47	16	prose	p	
Gen	47	17	prose	p	
Gen	47	20	prose	p	
Gen	47	25	prose	p	
Gen	47	26	prose	p	
Gen	47	27	prose	p	
Gen	47	31	prose	p	
Gen	48	8	prose	p	
Gen	48	9	prose	p	
Gen	48	10	prose	p	
Gen	48	16	poetry	q1	
Gen	48	17	prose	p	
Gen	48	19	prose	p	
Gen	49	2	poetry	q1	
Gen	49	3	poetry	q1	
Gen	49	4	poetry	q1	
Gen	49	5	poetry	q1	
Gen	49	6	poetry	q1	
Gen	49	7	poetry	q1	
Gen	49	8	poetry	q1	
Gen	49	9	poetry	q1	
Gen	49	10	poetry	q1	
Gen	49	11	poetry	q1	
Gen	49	12	poetry	q1	
Gen	49	13	poetry	q1	
Gen	49	14	poetry	q1	
Gen	49	15	poetry	q1	
Gen	49	16	poetry	q1	
Gen	49	17	poetry	q1	
Gen	49	18	poetry	q1	
Gen	49	19	poetry	q1	
Gen	49	20	poetry	q1	
Gen	49	21	poetry	q1	
Gen	49	22	poetry	q1	
Gen	49	23	poetry	q1	
Gen	49	24	poetry	q1	
Gen	49	25	poetry	q1	
Gen	49	26	poetry	q1	
Gen	49	27	poetry	q1	
Gen	49	28	prose	p	
Gen	50	4	prose	p	
Gen	50	6	prose	p	
Gen	50	7	prose	p	
Gen	50	15	prose	p	
Gen	50	22	prose	p	
Ex	1	8	prose	p	
Ex	1	15	prose	p	
Ex	1	19	prose	p	
Ex	1	20	prose	p	
Ex	2	7	prose	p	
Ex	2	8	prose	p	
Ex	2	9	prose	p	
Ex	2	10	prose	p	
Ex	2	11	prose	p	
Ex	2	13	prose	p	
Ex	2	14	prose	p	
Ex	2	15	prose	p	
Ex	2	16	prose	p	
Ex	2	19	prose	p	
Ex	2	20	prose	p	
Ex	2	21	prose	p	
Ex	2	23	prose	p	
Ex	3	4	prose	p	
Ex	3	5	prose	p	
Ex	3	7	prose	p	
Ex	3	11	prose	p	
Ex	3	12	prose	p	
Ex	3	13	prose	p	
Ex	3	14	prose	p	
Ex	4	2	prose	p	
Ex	4	3	prose	p	
Ex	4	4	prose	p	
Ex	4	5	prose	p	
Ex	4	7	prose	p	
Ex	4	8	prose	p	
Ex	4	10	prose	p	
Ex	4	11	prose	p	
Ex	4	13	prose	p	
Ex	4	14	prose	p	
Ex	4	18	prose	p	
Ex	4	19	prose	p	
Ex	4	20	prose	p	
Ex	4	24	prose	p	
Ex	4	26	prose	p	
Ex	4	27	prose	p	
Ex	4	28	prose	p	
Ex	5	2	prose	p	
Ex	5	3	prose	p	
Ex	5	4	prose	p	
Ex	5	10	prose	p	
Ex	5	15	prose	p	
Ex	5	17	prose	p	
Ex	5	19	prose	p	
Ex	5	20	prose	p	
Ex	5	22	prose	p	
Ex	6	2	prose	p	
Ex	6	9	prose	p	
Ex	6	10	prose	p	
Ex	6	12	prose	p	
Ex	6	14	prose	p	
Ex	6	28	prose	p	
Ex	6	30	prose	p	
Ex	7	6	prose	p	
Ex	7	8	prose	p	
Ex	7	10	prose	p	
Ex	7	14	prose	p	
Ex	7	20	prose	p	
Ex	8	8	prose	p	
Ex	8	9	prose	p	
Ex	8	10	prose	p	
Ex	8	11	prose	p	
Ex	8	12	prose	p	
Ex	8	16	prose	p	
Ex	8	20	prose	p	
Ex	8	25	prose	p	
Ex	8	26	prose	p	
Ex	8	28	prose	p	
Ex	8	29	prose	p	
Ex	9	8	prose	p	
Ex	9	10	prose	p	
Ex	9	13	prose	p	
Ex	9	20	prose	p	
Ex	9	22	prose	p	
Ex	9	23	prose	p	
Ex	9	27	prose	p	
Ex	9	29	prose	p	
Ex	9	31	prose	p	
Ex	10	3	prose	p	
Ex	10	7	prose	p	
Ex	10	8	prose	p	
Ex	10	9	prose	p	
Ex	10	10	prose	p	
Ex	10	12	prose	p	
Ex	10	18	prose	p	
Ex	10	21	prose	p	
Ex	10	24	prose	p	
Ex	10	25	prose	p	
Ex	10	27	prose	p	
Ex	10	29	prose	p	
Ex	11	4	prose	p	
Ex	11	9	prose	p	
Ex	12	15	prose	p	
Ex	12	21	prose	p	
Ex	12	28	prose	p	
Ex	12	29	prose	p	
Ex	12	33	prose	p	
Ex	12	37	prose	p	
Ex	12	43	prose	p	
Ex	13	3	prose	p	
Ex	13	11	prose	p	
Ex	13	17	prose	p	
Ex	14	5	prose	p	
Ex	14	10	prose	p	
Ex	14	13	prose	p	
Ex	14	15	prose	p	
Ex	14	21	prose	p	
Ex	14	26	prose	p	
Ex	15	2	poetry	q1	
Ex	15	3	poetry	q1	
Ex	15	4	poetry	q1	
Ex	15	5	poetry	q1	
Ex	15	6	poetry	q1	
Ex	15	7	poetry	q1	
Ex	15	8	poetry	q1	
Ex	15	9	poetry	q1	
Ex	15	10	poetry	q1	
Ex	15	11	poetry	q1	
Ex	15	12	poetry	q1	
Ex	15	13	poetry	q1	
Ex	15	14	poetry	q1	
Ex	15	15	poetry	q1	
Ex	15	16	poetry	q1	
Ex	15	17	poetry	q2	
Ex	15	18	poetry	q1	
Ex	15	19	prose	p	
Ex	15	22	prose	p	
Ex	15	27	prose	p	
Ex	16	4	prose	p	
Ex	16	6	prose	p	
Ex	16	13	prose	p	
Ex	16	31	prose	p	
Ex	17	3	prose	p	
Ex	17	4	prose	p	
Ex	17	5	prose	p	
Ex	17	8	prose	p	
Ex	18	7	prose	p	
Ex	18	13	prose	p	
Ex	18	15	prose	p	
Ex	18	24	prose	p	
Ex	19	7	prose	p	
Ex	19	9	prose	p	
Ex	19	14	prose	p	
Ex	19	16	prose	p	
Ex	19	21	prose	p	
Ex	19	23	prose	p	
Ex	19	24	prose	p	
Ex	19	25	prose	p	
Ex	20	3	prose	p	
Ex	20	4	prose	p	
Ex	20	7	prose	p	
Ex	20	8	prose	p	
Ex	20	12	prose	p	
Ex	20	13	prose	p	
Ex	20	14	prose	p	
Ex	20	15	prose	p	
Ex	20	16	prose	p	
Ex	20	17	prose	p	
Ex	20	18	prose	p	
Ex	20	20	prose	p	
Ex	20	22	prose	p	
Ex	21	2	prose	p	
Ex	21	7	prose	p	
Ex	21	12	prose	p	
Ex	21	15	prose	p	
Ex	21	16	prose	p	
Ex	21	17	prose	p	
Ex	21	18	prose	p	
Ex	21	20	prose	p	
Ex	21	22	prose	p	
Ex	21	26	prose	p	
Ex	21	28	prose	p	
Ex	21	33	prose	p	
Ex	21	35	prose	p	
Ex	22	5	prose	p	
Ex	22	6	prose	p	
Ex	22	7	prose	p	
Ex	22	10	prose	p	
Ex	22	14	prose	p	
Ex	22	16	prose	p	
Ex	22	18	prose	p	
Ex	22	19	prose	p	
Ex	22	20	prose	p	
Ex	22	21	prose	p	
Ex	22	22	prose	p	
Ex	22	25	prose	p	
Ex	22	28	prose	p	
Ex	22	29	prose	p	
Ex	22	30	prose	p	
Ex	22	31	prose	p	
Ex	23	2	prose	p	
Ex	23	4	prose	p	
Ex	23	6	prose	p	
Ex	23	7	prose	p	
Ex	23	8	prose	p	
Ex	23	9	prose	p	
Ex	23	10	prose	p	
Ex	23	12	prose	p	
Ex	23	13	prose	p	
Ex	23	14	prose	p	
Ex	23	18	prose	p	
Ex	23	19	prose	p	
Ex	23	20	prose	p	
Ex	24	3	prose	p	
Ex	24	4	prose	p	
Ex	24	8	prose	p	
Ex	24	9	prose	p	
Ex	24	12	prose	p	
Ex	24	13	prose	p	
Ex	24	15	prose	p	
Ex	25	10	prose	p	
Ex	25	23	prose	p	
Ex	25	31	prose	p	
Ex	26	7	prose	p	
Ex	26	15	prose	p	
Ex	26	26	prose	p	
Ex	26	31	prose	p	
Ex	26	36	prose	p	
Ex	27	9	prose	p	
Ex	27	20	prose	p	
Ex	28	6	prose	p	
Ex	28	15	prose	p	
Ex	28	31	prose	p	
Ex	28	36	prose	p	
Ex	28	40	prose	p	
Ex	29	10	prose	p	
Ex	29	15	prose	p	
Ex	29	19	prose	p	
Ex	29	26	prose	p	
Ex	29	29	prose	p	
Ex	29	31	prose	p	
Ex	29	35	prose	p	
Ex	29	38	prose	p	
Ex	30	11	prose	p	
Ex	30	17	prose	p	
Ex	30	22	prose	p	
Ex	30	34	prose	p	
Ex	31	12	prose	p	
Ex	31	18	prose	p	
Ex	32	2	prose	p	
Ex	32	3	prose	p	
Ex	32	5	prose	p	
Ex	32	6	prose	p	
Ex	32	7	prose	p	
Ex	32	9	prose	p	
Ex	32	11	prose	p	
Ex	32	14	prose	p	
Ex	32	15	prose	p	
Ex	32	17	prose	p	
Ex	32	18	prose	p	
Ex	32	21	prose	p	
Ex	32	22	prose	p	
Ex	32	25	prose	p	
Ex	32	27	prose	p	
Ex	32	30	prose	p	
Ex	32	31	prose	p	
Ex	32	33	prose	p	
Ex	33	4	prose	p	
Ex	33	5	prose	p	
Ex	33	6	prose	p	
Ex	33	7	prose	p	
Ex	33	12	prose	p	
Ex	33	14	prose	p	
Ex	33	15	prose	p	
Ex	33	17	prose	p	
Ex	33	18	prose	p	
Ex	33	19	prose	p	
Ex	34	4	prose	p	
Ex	34	8	prose	p	
Ex	34	10	prose	p	
Ex	34	15	prose	p	
Ex	34	17	prose	p	
Ex	34	18	prose	p	
Ex	34	19	prose	p	
Ex	34	21	prose	p	
Ex	34	22	prose	p	
Ex	34	25	prose	p	
Ex	34	26	prose	p	
Ex	34	27	prose	p	
Ex	34	28	prose	p	
Ex	34	29	prose	p	
Ex	35	4	prose	p	
Ex	35	10	prose	p	
Ex	35	20	prose	p	
Ex	35	30	prose	p	
Ex	36	2	prose	p	
Ex	36	6	prose	p	
Ex	36	8	prose	p	
Ex	36	14	prose	p	
Ex	36	20	prose	p	
Ex	36	31	prose	p	
Ex	36	35	prose	p	
Ex	37	10	prose	p	
Ex	37	17	prose	p	
Ex	37	25	prose	p	
Ex	38	8	prose	p	
Ex	38	9	prose	p	
Ex	38	21	prose	p	
Ex	38	24	prose	p	
Ex	39	2	prose	p	
Ex	39	6	prose	p	
Ex	39	8	prose	p	
Ex	39	22	prose	p	
Ex	39	27	prose	p	
Ex	39	30	prose	p	
Ex	39	32	prose	p	
Ex	40	6	prose	p	
Ex	40	9	prose	p	
Ex	40	12	prose	p	
Ex	40	17	prose	p	
Ex	40	34	prose	p	
Lev	1	3	prose	p	
Lev	1	10	prose	p	
Lev	1	14	prose	p	
Lev	2	4	prose	p	
Lev	2	11	prose	p	
Lev	2	14	prose	p	
Lev	3	6	prose	p	
Lev	3	12	prose	p	
Lev	3	17	prose	p	
Lev	4	13	prose	p	
Lev	4	22	prose	p	
Lev	4	27	prose	p	
Lev	4	32	prose	p	
Lev	5	2	prose	p	
Lev	5	3	prose	p	
Lev	5	4	prose	p	
Lev	5	7	prose	p	
Lev	5	11	prose	p	
Lev	5	14	prose	p	
Lev	5	17	prose	p	
Lev	6	8	prose	p	
Lev	6	14	prose	p	
Lev	6	19	prose	p	
Lev	6	24	prose	p	
Lev	7	7	prose	p	
Lev	7	11	prose	p	
Lev	7	16	prose	p	
Lev	7	19	prose	p	
Lev	7	22	prose	p	
Lev	7	28	prose	p	
Lev	7	35	prose	p	
Lev	8	4	prose	p	
Lev	8	14	prose	p	
Lev	8	31	prose	p	
Lev	9	5	prose	p	
Lev	9	8	prose	p	
Lev	9	23	prose	p	
Lev	10	3	prose	p	
Lev	10	4	prose	p	
Lev	10	6	prose	p	
Lev	10	12	prose	p	
Lev	10	16	prose	p	
Lev	10	19	prose	p	
Lev	10	20	prose	p	
Lev	11	4	prose	p	
Lev	11	9	prose	p	
Lev	11	13	prose	p	
Lev	11	20	prose	p	
Lev	11	24	prose	p	
Lev	11	26	prose	p	
Lev	11	29	prose	p	
Lev	11	39	prose	p	
Lev	11	41	prose	p	
Lev	11	46	prose	p	
Lev	12	6	prose	p	
Lev	12	8	prose	p	
Lev	13	9	prose	p	
Lev	13	12	prose	p	
Lev	13	18	prose	p	
Lev	13	24	prose	p	
Lev	13	29	prose	p	
Lev	13	38	prose	p	
Lev	13	40	prose	p	
Lev	13	45	prose	p	
Lev	13	47	prose	p	
Lev	13	53	prose	p	
Lev	13	59	prose	p	
Lev	14	2	prose	p	
Lev	14	8	prose	p	
Lev	14	10	prose	p	
Lev	14	12	prose	p	
Lev	14	19	prose	p	
Lev	14	21	prose	p	
Lev	14	23	prose	p	
Lev	14	32	prose	p	
Lev	14	33	prose	p	
Lev	14	43	prose	p	
Lev	14	46	prose	p	
Lev	14	48	prose	p	
Lev	14	54	prose	p	
Lev	15	4	prose	p	
Lev	15	7	prose	p	
Lev	15	8	prose	p	
Lev	15	9	prose	p	
Lev	15	11	prose	p	
Lev	15	12	prose	p	
Lev	15	13	prose	p	
Lev	15	14	prose	p	
Lev	15	16	prose	p	
Lev	15	19	prose	p	
Lev	15	20	prose	p	
Lev	15	24	prose	p	
Lev	15	25	prose	p	
Lev	15	28	prose	p	
Lev	15	31	prose	p	
Lev	15	32	prose	p	
Lev	16	3	prose	p	
Lev	16	6	prose	p	
Lev	16	11	prose	p	
Lev	16	15	prose	p	
Lev	16	18	prose	p	
Lev	16	20	prose	p	
Lev	16	23	prose	p	
Lev	16	26	prose	p	
Lev	16	29	prose	p	
Lev	16	34	prose	p	
Lev	17	8	prose	p	
Lev	17	10	prose	p	
Lev	17	13	prose	p	
Lev	17	15	prose	p	
Lev	18	6	prose	p	
Lev	18	7	prose	p	
Lev	18	8	prose	p	
Lev	18	9	prose	p	
Lev	18	10	prose	p	
Lev	18	11	prose	p	
Lev	18	12	prose	p	
Lev	18	13	prose	p	
Lev	18	14	prose	p	
Lev	18	15	prose	p	
Lev	18	16	prose	p	
Lev	18	17	prose	p	
Lev	18	18	prose	p	
Lev	18	19	prose	p	
Lev	18	20	prose	p	
Lev	18	21	prose	p	
Lev	18	22	prose	p	
Lev	18	23	prose	p	
Lev	18	24	prose	p	
Lev	18	29	prose	p	
Lev	19	3	prose	p	
Lev	19	4	prose	p	
Lev	19	5	prose	p	
Lev	19	9	prose	p	
Lev	19	11	prose	p	
Lev	19	12	prose	p	
Lev	19	13	prose	p	
Lev	19	14	prose	p	
Lev	19	15	prose	p	
Lev	19	16	prose	p	
Lev	19	17	prose	p	
Lev	19	18	prose	p	
Lev	19	19	prose	p	
Lev	19	20	prose	p	
Lev	19	23	prose	p	
Lev	19	26	prose	p	
Lev	19	27	prose	p	
Lev	19	28	prose	p	
Lev	19	29	prose	p	
Lev	19	30	prose	p	
Lev	19	31	prose	p	
Lev	19	32	prose	p	
Lev	19	33	prose	p	
Lev	19	35	prose	p	
Lev	19	37	prose	p	
Lev	20	6	prose	p	
Lev	20	7	prose	p	
Lev	20	9	prose	p	
Lev	20	10	prose	p	
Lev	20	11	prose	p	
Lev	20	12	prose	p	
Lev	20	13	prose	p	
Lev	20	14	prose	p	
Lev	20	15	prose	p	
Lev	20	16	prose	p	
Lev	20	17	prose	p	
Lev	20	18	prose	p	
Lev	20	19	prose	p	
Lev	20	21	prose	p	
Lev	20	22	prose	p	
Lev	20	25	prose	p	
Lev	20	27	prose	p	
Lev	21	5	prose	p	
Lev	21	7	prose	p	
Lev	21	9	prose	p	
Lev	21	10	prose	p	
Lev	21	13	prose	p	
Lev	21	16	prose	p	
Lev	21	24	prose	p	
Lev	22	3	prose	p	
Lev	22	4	prose	p	
Lev	22	9	prose	p	
Lev	22	10	prose	p	
Lev	22	14	prose	p	
Lev	22	17	prose	p	
Lev	22	26	prose	p	
Lev	22	29	prose	p	
Lev	22	31	prose	p	
Lev	23	3	prose	p	
Lev	23	4	prose	p	
Lev	23	9	prose	p	
Lev	23	15	prose	p	
Lev	23	22	prose	p	
Lev	23	23	prose	p	
Lev	23	26	prose	p	
Lev	23	33	prose	p	
Lev	23	37	prose	p	
Lev	23	39	prose	p	
Lev	23	44	prose	p	
Lev	24	5	prose	p	
Lev	24	10	prose	p	
Lev	24	17	prose	p	
Lev	24	23	prose	p	
Lev	25	8	prose	p	
Lev	25	13	prose	p	
Lev	25	14	prose	p	
Lev	25	18	prose	p	
Lev	25	23	prose	p	
Lev	25	25	prose	p	
Lev	25	29	prose	p	
Lev	25	32	prose	p	
Lev	25	35	prose	p	
Lev	25	39	prose	p	
Lev	25	44	prose	p	
Lev	25	47	prose	p	
Lev	26	2	prose	p	
Lev	26	3	prose	p	
Lev	26	6	prose	p	
Lev	26	9	prose	p	
Lev	26	14	prose	p	
Lev	26	18	prose	p	
Lev	26	21	prose	p	
Lev	26	23	prose	p	
Lev	26	27	prose	p	
Lev	26	36	prose	p	
Lev	26	40	prose	p	
Lev	26	46	prose	p	
Lev	27	9	prose	p	
Lev	27	14	prose	p	
Lev	27	16	prose	p	
Lev	27	22	prose	p	
Lev	27	26	prose	p	
Lev	27	28	prose	p	
Lev	27	29	prose	p	
Lev	27	30	prose	p	
Lev	27	34	prose	p	
Num	1	6	prose	p	
Num	1	7	prose	p	
Num	1	8	prose	p	
Num	1	9	prose	p	
Num	1	10	prose	p	
Num	1	11	prose	p	
Num	1	12	prose	p	
Num	1	13	prose	p	
Num	1	14	prose	p	
Num	1	15	prose	p	
Num	1	16	prose	p	
Num	1	20	prose	p	
Num	1	22	prose	p	
Num	1	24	prose	p	
Num	1	26	prose	p	
Num	1	28	prose	p	
Num	1	30	prose	p	
Num	1	32	prose	p	
Num	1	34	prose	p	
Num	1	36	prose	p	
Num	1	38	prose	p	
Num	1	40	prose	p	
Num	1	42	prose	p	
Num	1	44	prose	p	
Num	1	54	prose	p	
Num	2	3	prose	p	
Num	2	5	prose	p	
Num	2	7	prose	p	
Num	2	9	prose	p	
Num	2	10	prose	p	
Num	2	12	prose	p	
Num	2	14	prose	p	
Num	2	16	prose	p	
Num	2	17	prose	p	
Num	2	18	prose	p	
Num	2	20	prose	p	
Num	2	22	prose	p	
Num	2	24	prose	p	
Num	2	25	prose	p	
Num	2	27	prose	p	
Num	2	29	prose	p	
Num	2	31	prose	p	
Num	2	32	prose	p	
Num	2	34	prose	p	
Num	3	3	prose	p	
Num	3	5	prose	p	
Num	3	11	prose	p	
Num	3	14	prose	p	
Num	3	16	prose	p	
Num	3	17	prose	p	
Num	3	18	prose	p	
Num	3	19	prose	p	
Num	3	20	prose	p	
Num	3	21	prose	p	
Num	3	22	prose	p	
Num	3	23	prose	p	
Num	3	24	prose	p	
Num	3	27	prose	p	
Num	3	29	prose	p	
Num	3	33	prose	p	
Num	3	35	prose	p	
Num	3	38	prose	p	
Num	3	40	prose	p	
Num	3	42	prose	p	
Num	3	44	prose	p	
Num	3	49	prose	p	
Num	4	4	prose	p	
Num	4	7	prose	p	
Num	4	9	prose	p	
Num	4	11	prose	p	
Num	4	12	prose	p	
Num	4	13	prose	p	
Num	4	15	prose	p	
Num	4	16	prose	p	
Num	4	17	prose	p	
Num	4	21	prose	p	
Num	4	24	prose	p	
Num	4	29	prose	p	
Num	4	34	prose	p	
Num	4	38	prose	p	
Num	4	42	prose	p	
Num	4	46	prose	p	
Num	5	4	prose	p	
Num	5	5	prose	p	
Num	5	11	prose	p	
Num	5	23	prose	p	
Num	5	29	prose	p	
Num	6	5	prose	p	
Num	6	6	prose	p	
Num	6	9	prose	p	
Num	6	13	prose	p	
Num	6	21	prose	p	
Num	6	22	prose	p	
Num	6	24	poetry	q1	
Num	6	25	poetry	q2	
Num	6	26	poetry	q1	
Num	6	27	prose	p	
Num	7	6	prose	p	
Num	7	10	prose	p	
Num	7	11	prose	p	
Num	7	12	prose	p	
Num	7	14	prose	p	
Num	7	15	prose	p	
Num	7	16	prose	p	
Num	7	17	prose	p	
Num	7	18	prose	p	
Num	7	20	prose	p	
Num	7	21	prose	p	
Num	7	22	prose	p	
Num	7	23	prose	p	
Num	7	24	prose	p	
Num	7	26	prose	p	
Num	7	27	prose	p	
Num	7	28	prose	p	
Num	7	29	prose	p	
Num	7	30	prose	p	
Num	7	32	prose	p	
Num	7	33	prose	p	
Num	7	34	prose	p	
Num	7	35	prose	p	
Num	7	36	prose	p	
Num	7	38	prose	p	
Num	7	39	prose	p	
Num	7	40	prose	p	
Num	7	41	prose	p	
Num	7	42	prose	p	
Num	7	44	prose	p	
Num	7	45	prose	p	
Num	7	46	prose	p	
Num	7	47	prose	p	
Num	7	48	prose	p	
Num	7	50	prose	p	
Num	7	51	prose	p	
Num	7	52	prose	p	
Num	7	53	prose	p	
Num	7	54	prose	p	
Num	7	56	prose	p	
Num	7	57	prose	p	
Num	7	58	prose	p	
Num	7	59	prose	p	
Num	7	60	prose	p	
Num	7	62	prose	p	
Num	7	63	prose	p	
Num	7	64	prose	p	
Num	7	65	prose	p	
Num	7	66	prose	p	
Num	7	68	prose	p	
Num	7	69	prose	p	
Num	7	70	prose	p	
Num	7	71	prose	p	
Num	7	72	prose	p	
Num	7	74	prose	p	
Num	7	75	prose	p	
Num	7	76	prose	p	
Num	7	77	prose	p	
Num	7	78	prose	p	
Num	7	80	prose	p	
Num	7	81	prose	p	
Num	7	82	prose	p	
Num	7	83	prose	p	
Num	7	84	prose	p	
Num	7	89	prose	p	
Num	8	3	prose	p	
Num	8	5	prose	p	
Num	8	12	prose	p	
Num	8	15	prose	p	
Num	8	20	prose	p	
Num	8	23	prose	p	
Num	9	4	prose	p	
Num	9	8	prose	p	
Num	9	9	prose	p	
Num	9	14	prose	p	
Num	9	15	prose	p	
Num	10	8	prose	p	
Num	10	10	prose	p	
Num	10	11	prose	p	
Num	10	14	prose	p	
Num	10	21	prose	p	
Num	10	22	prose	p	
Num	10	25	prose	p	
Num	10	29	prose	p	
Num	10	30	prose	p	
Num	10	31	prose	p	
Num	10	33	prose	p	
Num	11	4	prose	p	
Num	11	10	prose	p	
Num	11	16	prose	p	
Num	11	18	prose	p	
Num	11	21	prose	p	
Num	11	23	prose	p	
Num	11	24	prose	p	
Num	11	28	prose	p	
Num	11	29	prose	p	
Num	11	30	prose	p	
Num	11	35	prose	p	
Num	12	3	prose	p	
Num	12	5	prose	p	
Num	12	10	prose	p	
Num	12	11	prose	p	
Num	12	13	prose	p	
Num	12	14	prose	p	
Num	12	15	prose	p	
Num	13	3	prose	p	
Num	13	5	prose	m	
Num	13	6	prose	m	
Num	13	7	prose	m	
Num	13	8	prose	m	
Num	13	9	prose	m	
Num	13	10	prose	m	
Num	13	11	prose	m	
Num	13	12	prose	m	
Num	13	13	prose	m	
Num	13	14	prose	m	
Num	13	15	prose	m	
Num	13	16	prose	m	
Num	13	21	prose	p	
Num	13	30	prose	p	
Num	13	31	prose	p	
Num	14	5	prose	p	
Num	14	6	prose	p	
Num	14	10	prose	p	
Num	14	11	prose	p	
Num	14	13	prose	p	
Num	14	20	prose	p	
Num	14	36	prose	p	
Num	14	39	prose	p	
Num	14	41	prose	p	
Num	14	44	prose	p	
Num	15	6	prose	p	
Num	15	13	prose	p	
Num	15	17	prose	p	
Num	15	22	prose	p	
Num	15	27	prose	p	
Num	15	30	prose	p	
Num	15	32	prose	p	
Num	15	35	prose	p	
Num	15	37	prose	p	
Num	16	4	prose	p	
Num	16	8	prose	p	
Num	16	12	prose	p	
Num	16	15	prose	p	
Num	16	16	prose	p	
Num	16	18	prose	p	
Num	16	20	prose	p	
Num	16	22	prose	p	
Num	16	23	prose	p	
Num	16	25	prose	p	
Num	16	27	prose	p	
Num	16	28	prose	p	
Num	16	31	prose	p	
Num	16	36	prose	p	
Num	16	39	prose	p	
Num	16	41	prose	p	
Num	16	42	prose	p	
Num	16	46	prose	p	
Num	16	47	prose	p	
Num	17	6	prose	p	
Num	17	8	prose	p	
Num	17	10	prose	p	
Num	17	12	prose	p	
Num	18	5	prose	p	
Num	18	8	prose	p	
Num	18	11	prose	p	
Num	18	12	prose	p	
Num	18	14	prose	p	
Num	18	17	prose	p	
Num	18	20	prose	p	
Num	18	21	prose	p	
Num	18	25	prose	p	
Num	18	30	prose	p	
Num	19	9	prose	p	
Num	19	11	prose	p	
Num	19	14	prose	p	
Num	19	16	prose	p	
Num	19	17	prose	p	
Num	19	22	prose	p	
Num	20	6	prose	p	
Num	20	9	prose	p	
Num	20	12	prose	p	
Num	20	13	prose	p	
Num	20	14	prose	p	
Num	20	15	prose	p	
Num	20	17	prose	p	
Num	20	18	prose	p	
Num	20	19	prose	p	
Num	20	20	prose	p	
Num	20	22	prose	p	
Num	20	27	prose	p	
Num	21	4	prose	p	
Num	21	6	prose	p	
Num	21	8	prose	p	
Num	21	10	prose	p	
Num	21	16	prose	p	
Num	21	17	prose	p	
Num	21	18	poetry	q2	
Num	21	19	prose	p	
Num	21	23	prose	p	
Num	21	28	poetry	q1	
Num	21	29	poetry	q1	
Num	21	30	poetry	q1	
Num	21	31	prose	p	
Num	21	34	prose	p	
Num	21	35	prose	p	
Num	22	5	prose	p	
Num	22	7	prose	p	
Num	22	8	prose	p	
Num	22	9	prose	p	
Num	22	10	prose	p	
Num	22	12	prose	p	
Num	22	13	prose	p	
Num	22	14	prose	p	
Num	22	15	prose	p	
Num	22	18	prose	p	
Num	22	20	prose	p	
Num	22	21	prose	p	
Num	22	26	prose	p	
Num	22	28	prose	p	
Num	22	29	prose	p	
Num	22	30	prose	p	
Num	22	31	prose	p	
Num	22	34	prose	p	
Num	22	35	prose	p	
Num	22	36	prose	p	
Num	22	38	prose	p	
Num	22	39	prose	p	
Num	23	2	prose	p	
Num	23	4	prose	p	
Num	23	5	prose	p	
Num	23	6	prose	p	
Num	23	8	poetry	q1	
Num	23	9	poetry	q1	
Num	23	10	poetry	q1	
Num	23	11	prose	p	
Num	23	12	prose	p	
Num	23	13	prose	p	
Num	23	14	prose	p	
Num	23	16	prose	p	
Num	23	17	prose	p	
Num	23	18	prose	p	
Num	23	19	poetry	q1	
Num	23	20	poetry	q1	
Num	23	21	poetry	q1	
Num	23	22	poetry	q1	
Num	23	23	poetry	q1	
Num	23	24	poetry	q1	
Num	23	25	prose	p	
Num	23	26	prose	p	
Num	23	27	prose	p	
Num	23	28	prose	p	
Num	23	30	prose	p	
Num	24	4	poetry	q1	
Num	24	5	poetry	q1	
Num	24	6	poetry	q1	
Num	24	7	poetry	q1	
Num	24	8	poetry	q1	
Num	24	9	poetry	q1	
Num	24	10	prose	p	
Num	24	12	prose	p	
Num	24	15	prose	p	
Num	24	16	poetry	q2	
Num	24	17	poetry	q1	
Num	24	18	poetry	q1	
Num	24	19	poetry	q1	
Num	24	20	prose	p	
Num	24	21	prose	p	
Num	24	22	poetry	q1	
Num	24	23	prose	p	
Num	24	24	poetry	q2	
Num	24	25	prose	p	
Num	25	5	prose	p	
Num	25	6	prose	p	
Num	25	10	prose	p	
Num	25	14	prose	p	
Num	25	16	prose	p	
Num	26	5	prose	p	
Num	26	52	prose	p	
Num	26	57	prose	p	
Num	27	5	prose	p	
Num	27	12	prose	p	
Num	27	15	prose	p	
Num	27	18	prose	p	
Num	27	22	prose	p	
Num	28	9	prose	p	
Num	28	11	prose	p	
Num	28	16	prose	p	
Num	28	26	prose	p	
Num	29	7	prose	p	
Num	29	12	prose	p	
Num	29	17	prose	p	
Num	29	20	prose	p	
Num	29	23	prose	p	
Num	29	26	prose	p	
Num	29	29	prose	p	
Num	29	32	prose	p	
Num	29	35	prose	p	
Num	29	39	prose	p	
Num	29	40	prose	p	
Num	30	3	prose	p	
Num	30	6	prose	p	
Num	30	9	prose	p	
Num	30	10	prose	p	
Num	30	16	prose	p	
Num	31	3	prose	p	
Num	31	19	prose	p	
Num	31	21	prose	p	
Num	31	25	prose	p	
Num	31	31	prose	p	
Num	31	32	prose	p	
Num	31	48	prose	p	
Num	31	51	prose	p	
Num	32	6	prose	p	
Num	32	14	prose	p	
Num	32	16	prose	p	
Num	32	20	prose	p	
Num	32	23	prose	p	
Num	32	25	prose	p	
Num	32	28	prose	p	
Num	32	31	prose	p	
Num	32	33	prose	p	
Num	33	55	prose	p	
Num	34	6	prose	p	
Num	34	7	prose	p	
Num	34	10	prose	p	
Num	34	13	prose	p	
Num	34	16	prose	p	
Num	35	4	prose	p	
Num	35	6	prose	p	
Num	35	16	prose	p	
Num	35	22	prose	p	
Num	35	26	prose	p	
Num	35	29	prose	p	
Num	35	30	prose	p	
Num	35	31	prose	p	
Num	35	32	prose	p	
Num	35	33	prose	p	
Num	36	5	prose	p	
Num	36	10	prose	p	
Num	36	13	prose	p	
Deut	1	9	prose	p	
Deut	1	14	prose	p	
Deut	1	22	prose	p	
Deut	1	23	prose	p	
Deut	1	26	prose	p	
Deut	1	29	prose	p	
Deut	1	32	prose	p	
Deut	1	37	prose	p	
Deut	1	41	prose	p	
Deut	1	42	prose	p	
Deut	1	43	prose	p	
Deut	2	2	prose	p	
Deut	2	7	prose	p	
Deut	2	8	prose	p	
Deut	2	9	prose	p	
Deut	2	10	prose	p	
Deut	2	13	prose	p	
Deut	2	14	prose	p	
Deut	2	20	prose	p	
Deut	2	24	prose	p	
Deut	2	26	prose	p	
Deut	2	31	prose	p	
Deut	3	3	prose	p	
Deut	3	18	prose	p	
Deut	3	21	prose	p	
Deut	3	23	prose	p	
Deut	3	26	prose	p	
Deut	4	9	prose	p	
Deut	4	41	prose	p	
Deut	4	44	prose	p	
Deut	5	6	prose	m	
Deut	5	7	prose	p	
Deut	5	8	prose	p	
Deut	5	11	prose	p	
Deut	5	12	prose	p	
Deut	5	16	prose	p	
Deut	5	17	prose	p	
Deut	5	18	prose	p	
Deut	5	19	prose	p	
Deut	5	20	prose	p	
Deut	5	21	prose	p	
Deut	5	22	prose	p	
Deut	5	28	prose	p	
Deut	5	30	prose	p	
Deut	5	32	prose	p	
Deut	6	4	prose	p	
Deut	6	10	prose	p	
Deut	6	20	prose	p	
Deut	8	11	prose	p	
Deut	8	19	prose	p	
Deut	9	4	prose	p	
Deut	9	11	prose	p	
Deut	9	13	prose	p	
Deut	9	15	prose	p	
Deut	10	6	prose	p	
Deut	10	10	prose	p	
Deut	10	12	prose	p	
Deut	11	8	prose	p	
Deut	12	15	prose	p	
Deut	12	20	prose	p	
Deut	12	29	prose	p	
Deut	13	6	prose	p	
Deut	13	12	prose	p	
Deut	14	3	prose	p	
Deut	14	21	prose	p	
Deut	14	22	prose	p	
Deut	16	9	prose	p	
Deut	16	13	prose	p	
Deut	17	2	prose	p	
Deut	17	8	prose	p	
Deut	17	14	prose	p	
Deut	17	18	prose	p	
Deut	18	6	prose	p	
Deut	18	9	prose	p	
Deut	18	17	prose	p	
Deut	18	21	prose	p	
Deut	19	14	prose	p	
Deut	19	15	prose	p	
Deut	20	5	prose	p	
Deut	20	10	prose	p	
Deut	21	10	prose	p	
Deut	21	15	prose	p	
Deut	21	18	prose	p	
Deut	21	22	prose	p	
Deut	22	5	prose	p	
Deut	22	6	prose	p	
Deut	22	8	prose	p	
Deut	22	9	prose	p	
Deut	22	12	prose	p	
Deut	22	13	prose	p	
Deut	22	20	prose	p	
Deut	22	22	prose	p	
Deut	23	9	prose	p	
Deut	23	15	prose	p	
Deut	23	17	prose	p	
Deut	23	19	prose	p	
Deut	23	21	prose	p	
Deut	24	6	prose	p	
Deut	24	7	prose	p	
Deut	24	8	prose	p	
Deut	24	10	prose	p	
Deut	24	14	prose	p	
Deut	24	16	prose	p	
Deut	24	17	prose	p	
Deut	24	19	prose	p	
Deut	24	21	prose	p	
Deut	25	4	prose	p	
Deut	25	5	prose	p	
Deut	25	7	prose	p	
Deut	25	11	prose	p	
Deut	25	13	prose	p	
Deut	25	17	prose	p	
Deut	26	12	prose	p	
Deut	26	16	prose	p	
Deut	27	9	prose	p	
Deut	27	11	prose	p	
Deut	27	16	prose	p	
Deut	27	17	prose	p	
Deut	27	18	prose	p	
Deut	27	19	prose	p	
Deut	27	20	prose	p	
Deut	27	21	prose	p	
Deut	27	22	prose	p	
Deut	27	23	prose	p	
Deut	27	24	prose	p	
Deut	27	25	prose	p	
Deut	27	26	prose	p	
Deut	28	15	prose	p	
Deut	28	45	prose	p	
Deut	29	3	prose	p	
Deut	29	22	prose	p	
Deut	29	25	prose	p	
Deut	29	29	prose	p	
Deut	30	11	prose	p	
Deut	31	7	prose	p	
Deut	31	9	prose	p	
Deut	31	14	prose	p	
Deut	31	15	prose	p	
Deut	31	19	prose	p	
Deut	31	22	prose	p	
Deut	31	23	prose	p	
Deut	31	24	prose	p	
Deut	31	30	prose	p	
Deut	32	2	poetry	q1	
Deut	32	3	poetry	q1	
Deut	32	4	poetry	q1	
Deut	32	5	poetry	q1	
Deut	32	6	poetry	q1	
Deut	32	7	poetry	q1	
Deut	32	8	poetry	q1	
Deut	32	9	poetry	q1	
Deut	32	10	poetry	q1	
Deut	32	11	poetry	q1	
Deut	32	12	poetry	q1	
Deut	32	13	poetry	q1	
Deut	32	14	poetry	q1	
Deut	32	15	poetry	q1	
Deut	32	16	poetry	q1	
Deut	32	17	poetry	q1	
Deut	32	18	poetry	q1	
Deut	32	19	poetry	q1	
Deut	32	20	poetry	q1	
Deut	32	21	poetry	q1	
Deut	32	22	poetry	q1	
Deut	32	23	poetry	q1	
Deut	32	24	poetry	q1	
Deut	32	25	poetry	q1	
Deut	32	26	poetry	q1	
Deut	32	27	poetry	q1	
Deut	32	28	poetry	q1	
Deut	32	29	poetry	q1	
Deut	32	30	poetry	q1	
Deut	32	31	poetry	q1	
Deut	32	32	poetry	q1	
Deut	32	33	poetry	q1	
Deut	32	34	poetry	q1	
Deut	32	35	poetry	q1	
Deut	32	36	poetry	q1	
Deut	32	37	poetry	q1	
Deut	32	38	poetry	q1	
Deut	32	39	poetry	q1	
Deut	32	40	poetry	q1	
Deut	32	41	poetry	q1	
Deut	32	42	poetry	q1	
Deut	32	43	poetry	q1	
Deut	32	44	prose	p	
Deut	32	48	prose	p	
Deut	33	3	poetry	q1	
Deut	33	4	poetry	q1	
Deut	33	5	poetry	q1	
Deut	33	6	poetry	q1	
Deut	33	7	prose	p	
Deut	33	8	prose	p	
Deut	33	9	poetry	q1	
Deut	33	10	poetry	q1	
Deut	33	11	poetry	q1	
Deut	33	12	prose	p	
Deut	33	13	prose	p	
Deut	33	14	poetry	q1	
Deut	33	15	poetry	q1	
Deut	33	16	poetry	q1	
Deut	33	17	poetry	q1	
Deut	33	18	prose	p	
Deut	33	19	poetry	q1	
Deut	33	20	prose	p	
Deut	33	21	poetry	q1	
Deut	33	22	prose	p	
Deut	33	23	prose	p	
Deut	33	24	prose	p	
Deut	33	25	poetry	q1	
Deut	33	26	poetry	q1	
Deut	33	27	poetry	q1	
Deut	33	28	poetry	q1	
Deut	33	29	poetry	q1	
Deut	34	5	prose	p	
Jos	1	6	prose	p	
Jos	1	10	prose	p	
Jos	1	12	prose	p	
Jos	1	16	prose	p	
Jos	2	2	prose	p	
Jos	2	3	prose	p	
Jos	2	4	prose	p	
Jos	2	14	prose	p	
Jos	2	15	prose	p	
Jos	2	17	prose	p	
Jos	2	21	prose	p	
Jos	2	22	prose	p	
Jos	3	5	prose	p	
Jos	3	6	prose	p	
Jos	3	7	prose	p	
Jos	3	9	prose	p	
Jos	3	14	prose	p	
Jos	4	4	prose	p	
Jos	4	8	prose	p	
Jos	4	12	prose	p	
Jos	4	15	prose	p	
Jos	4	17	prose	p	
Jos	4	20	prose	p	
Jos	5	9	prose	p	
Jos	5	13	prose	p	
Jos	5	14	prose	p	
Jos	5	15	prose	p	
Jos	6	6	prose	p	
Jos	6	7	prose	p	
Jos	6	8	prose	p	
Jos	6	10	prose	p	
Jos	6	15	prose	p	
Jos	6	20	prose	p	
Jos	6	26	prose	p	
Jos	7	3	prose	p	
Jos	7	10	prose	p	
Jos	7	16	prose	p	
Jos	7	20	prose	p	
Jos	7	22	prose	p	
Jos	8	3	prose	p	
Jos	8	9	prose	p	
Jos	8	18	prose	p	
Jos	8	19	prose	p	
Jos	8	24	prose	p	
Jos	8	30	prose	p	
Jos	9	7	prose	p	
Jos	9	8	prose	p	
Jos	9	9	prose	p	
Jos	9	14	prose	p	
Jos	9	22	prose	p	
Jos	9	24	prose	p	
Jos	9	26	prose	p	
Jos	10	7	prose	p	
Jos	10	9	prose	p	
Jos	10	12	prose	p	
Jos	10	13	prose	p	
Jos	10	15	prose	p	
Jos	10	18	prose	p	
Jos	10	20	prose	p	
Jos	10	23	prose	p	
Jos	10	25	prose	p	
Jos	10	26	prose	p	
Jos	10	28	prose	p	
Jos	10	29	prose	p	
Jos	10	31	prose	p	
Jos	10	34	prose	p	
Jos	10	36	prose	p	
Jos	10	38	prose	p	
Jos	11	6	prose	p	
Jos	11	7	prose	p	
Jos	11	15	prose	p	
Jos	12	7	prose	p	
Jos	12	9	prose	m	
Jos	12	10	prose	m	
Jos	12	11	prose	m	
Jos	12	12	prose	m	
Jos	12	13	prose	m	
Jos	12	14	prose	m	
Jos	12	15	prose	m	
Jos	12	16	prose	m	
Jos	12	17	prose	m	
Jos	12	18	prose	m	
Jos	12	19	prose	m	
Jos	12	20	prose	m	
Jos	12	21	prose	m	
Jos	12	22	prose	m	
Jos	12	23	prose	m	
Jos	12	24	prose	m	
Jos	13	2	prose	p	
Jos	13	23	prose	p	
Jos	13	24	prose	p	
Jos	13	29	prose	p	
Jos	13	32	prose	p	
Jos	14	6	prose	p	
Jos	14	10	prose	p	
Jos	14	13	prose	p	
Jos	15	13	prose	p	
Jos	15	19	prose	p	
Jos	15	20	prose	p	
Jos	15	33	prose	m	
Jos	15	37	prose	m	
Jos	15	42	prose	m	
Jos	15	45	prose	m	
Jos	15	48	prose	m	
Jos	15	52	prose	m	
Jos	15	55	prose	m	
Jos	15	58	prose	m	
Jos	15	61	prose	m	
Jos	15	63	prose	p	
Jos	16	4	prose	p	
Jos	17	13	prose	p	
Jos	17	15	prose	p	
Jos	17	16	prose	p	
Jos	17	17	prose	p	
Jos	18	8	prose	p	
Jos	18	9	prose	p	
Jos	18	11	prose	p	
Jos	19	10	prose	p	
Jos	19	17	prose	p	
Jos	19	24	prose	p	
Jos	19	32	prose	p	
Jos	19	40	prose	p	
Jos	19	49	prose	p	
Jos	20	7	prose	p	
Jos	21	3	prose	p	
Jos	21	20	prose	p	
Jos	21	27	prose	p	
Jos	21	34	prose	p	
Jos	21	41	prose	p	
Jos	21	43	prose	p	
Jos	22	6	prose	p	
Jos	22	9	prose	p	
Jos	22	21	prose	p	
Jos	22	24	prose	p	
Jos	22	26	prose	p	
Jos	22	28	prose	p	
Jos	22	29	prose	p	
Jos	22	30	prose	p	
Jos	23	6	prose	p	
Jos	23	9	prose	p	
Jos	23	12	prose	p	
Jos	23	14	prose	p	
Jos	24	5	prose	p	
Jos	24	8	prose	p	
Jos	24	11	prose	p	
Jos	24	14	prose	p	
Jos	24	16	prose	p	
Jos	24	19	prose	p	
Jos	24	21	prose	p	
Jos	24	23	prose	p	
Jos	24	24	prose	p	
Jos	24	25	prose	p	
Jos	24	29	prose	p	
Judg	1	2	prose	p	
Judg	1	3	prose	p	
Judg	1	9	prose	p	
Judg	1	11	prose	p	
Judg	1	14	prose	p	
Judg	1	15	prose	p	
Judg	1	22	prose	p	
Judg	1	27	prose	p	
Judg	2	4	prose	p	
Judg	3	12	prose	p	
Judg	3	20	prose	p	
Judg	3	24	prose	p	
Judg	3	26	prose	p	
Judg	3	28	prose	p	
Judg	3	31	prose	p	
Judg	4	8	prose	p	
Judg	4	9	prose	p	
Judg	4	10	prose	p	
Judg	4	14	prose	p	
Judg	4	17	prose	p	
Judg	4	19	prose	p	
Judg	4	20	prose	p	
Judg	4	21	prose	p	
Judg	5	2	poetry	q1	
Judg	5	3	poetry	q1	
Judg	5	4	poetry	q1	
Judg	5	5	poetry	q1	
Judg	5	6	poetry	q1	
Judg	5	7	poetry	q1	
Judg	5	8	poetry	q1	
Judg	5	9	poetry	q1	
Judg	5	10	poetry	q1	
Judg	5	11	poetry	q1	
Judg	5	12	poetry	q2	
Judg	5	13	poetry	q1	
Judg	5	14	poetry	q1	
Judg	5	15	poetry	q1	
Judg	5	16	poetry	q1	
Judg	5	17	poetry	q1	
Judg	5	18	poetry	q1	
Judg	5	19	poetry	q1	
Judg	5	20	poetry	q1	
Judg	5	21	poetry	q1	
Judg	5	22	poetry	q1	
Judg	5	23	poetry	q1	
Judg	5	24	poetry	q1	
Judg	5	25	poetry	q1	
Judg	5	26	poetry	q1	
Judg	5	27	poetry	q1	
Judg	5	28	poetry	q1	
Judg	5	29	poetry	q1	
Judg	5	30	poetry	q1	
Judg	5	31	poetry	q1	
Judg	6	7	prose	p	
Judg	6	11	prose	p	
Judg	6	13	prose	p	
Judg	6	14	prose	p	
Judg	6	15	prose	p	
Judg	6	16	prose	p	
Judg	6	17	prose	p	
Judg	6	19	prose	p	
Judg	6	20	prose	p	
Judg	6	21	prose	p	
Judg	6	22	prose	p	
Judg	6	23	prose	p	
Judg	6	24	prose	p	
Judg	6	25	prose	p	
Judg	6	27	prose	p	
Judg	6	28	prose	p	
Judg	6	30	prose	p	
Judg	6	33	prose	p	
Judg	6	36	prose	p	
Judg	6	38	prose	p	
Judg	6	39	prose	p	
Judg	6	40	prose	p	
Judg	7	4	prose	p	
Judg	7	8	prose	p	
Judg	7	12	prose	p	
Judg	7	13	prose	p	
Judg	7	14	prose	p	
Judg	7	15	prose	p	
Judg	7	16	prose	p	
Judg	7	17	prose	p	
Judg	7	19	prose	p	
Judg	8	4	prose	p	
Judg	8	6	prose	p	
Judg	8	7	prose	p	
Judg	8	8	prose	p	
Judg	8	10	prose	p	
Judg	8	18	prose	p	
Judg	8	19	prose	p	
Judg	8	20	prose	p	
Judg	8	21	prose	p	
Judg	8	22	prose	p	
Judg	8	23	prose	p	
Judg	8	25	prose	p	
Judg	8	29	prose	p	
Judg	8	33	prose	p	
Judg	9	3	prose	p	
Judg	9	9	prose	p	
Judg	9	10	prose	p	
Judg	9	11	prose	p	
Judg	9	12	prose	p	
Judg	9	13	prose	p	
Judg	9	14	prose	p	
Judg	9	15	prose	p	
Judg	9	16	prose	p	
Judg	9	21	prose	p	
Judg	9	22	prose	p	
Judg	9	26	prose	p	
Judg	9	30	prose	p	
Judg	9	34	prose	p	
Judg	9	36	prose	p	
Judg	9	37	prose	p	
Judg	9	38	prose	p	
Judg	9	39	prose	p	
Judg	9	46	prose	p	
Judg	9	54	prose	p	
Judg	9	55	prose	p	
Judg	10	3	prose	p	
Judg	10	6	prose	p	
Judg	10	11	prose	p	
Judg	10	15	prose	p	
Judg	10	17	prose	p	
Judg	11	4	prose	p	
Judg	11	7	prose	p	
Judg	11	8	prose	p	
Judg	11	9	prose	p	
Judg	11	10	prose	p	
Judg	11	11	prose	p	
Judg	11	12	prose	p	
Judg	11	13	prose	p	
Judg	11	14	prose	p	
Judg	11	28	prose	p	
Judg	11	30	prose	p	
Judg	11	32	prose	p	
Judg	11	34	prose	p	
Judg	11	36	prose	p	
Judg	11	38	prose	p	
Judg	12	2	prose	p	
Judg	12	4	prose	p	
Judg	12	7	prose	p	
Judg	12	8	prose	p	
Judg	12	11	prose	p	
Judg	12	13	prose	p	
Judg	13	2	prose	p	
Judg	13	6	prose	p	
Judg	13	8	prose	p	
Judg	13	9	prose	p	
Judg	13	11	prose	p	
Judg	13	12	prose	p	
Judg	13	13	prose	p	
Judg	13	15	prose	p	
Judg	13	16	prose	p	
Judg	13	17	prose	p	
Judg	13	18	prose	p	
Judg	13	19	prose	p	
Judg	13	23	prose	p	
Judg	14	3	prose	p	
Judg	14	4	prose	p	
Judg	14	5	prose	p	
Judg	14	12	prose	p	
Judg	14	14	prose	p	
Judg	14	15	prose	p	
Judg	14	16	prose	p	
Judg	14	17	prose	p	
Judg	14	19	prose	p	
Judg	15	2	prose	p	
Judg	15	3	prose	p	
Judg	15	6	prose	p	
Judg	15	7	prose	p	
Judg	15	10	prose	p	
Judg	15	11	prose	p	
Judg	15	12	prose	p	
Judg	15	13	prose	p	
Judg	15	14	prose	p	
Judg	15	18	prose	p	
Judg	15	19	prose	p	
Judg	16	4	prose	p	
Judg	16	6	prose	p	
Judg	16	7	prose	p	
Judg	16	8	prose	p	
Judg	16	10	prose	p	
Judg	16	11	prose	p	
Judg	16	12	prose	p	
Judg	16	13	prose	p	
Judg	16	14	prose	p	
Judg	16	15	prose	p	
Judg	16	16	prose	p	
Judg	16	18	prose	p	
Judg	16	21	prose	p	
Judg	16	23	prose	p	
Judg	16	25	prose	p	
Judg	16	31	prose	p	
Judg	17	3	prose	p	
Judg	17	4	prose	p	
Judg	17	5	prose	p	
Judg	17	10	prose	p	
Judg	18	3	prose	p	
Judg	18	4	prose	p	
Judg	18	5	prose	p	
Judg	18	6	prose	p	
Judg	18	7	prose	p	
Judg	18	9	prose	p	
Judg	18	11	prose	p	
Judg	18	14	prose	p	
Judg	18	18	prose	p	
Judg	18	19	prose	p	
Judg	18	20	prose	p	
Judg	18	24	prose	p	
Judg	18	25	prose	p	
Judg	18	26	prose	p	
Judg	19	5	prose	p	
Judg	19	9	prose	p	
Judg	19	11	prose	p	
Judg	19	12	prose	p	
Judg	19	16	prose	p	
Judg	19	18	prose	p	
Judg	19	20	prose	p	
Judg	19	23	prose	p	
Judg	19	25	prose	p	
Judg	19	28	prose	p	
Judg	19	29	prose	p	
Judg	20	4	prose	p	
Judg	20	8	prose	p	
Judg	20	12	prose	p	
Judg	20	14	prose	p	
Judg	20	18	prose	p	
Judg	20	19	prose	p	
Judg	20	24	prose	p	
Judg	20	26	prose	p	
Judg	20	29	prose	p	
Judg	20	32	prose	p	
Judg	20	33	prose	p	
Judg	21	4	prose	p	
Judg	21	13	prose	p	
Judg	21	23	prose	p	
Ruth	1	10	prose	p	
Ruth	1	11	prose	p	
Ruth	1	14	prose	p	
Ruth	1	16	prose	p	
Ruth	1	18	prose	p	
Ruth	1	19	prose	p	
Ruth	1	20	prose	p	
Ruth	2	3	prose	p	
Ruth	2	4	prose	p	
Ruth	2	5	prose	p	
Ruth	2	6	prose	p	
Ruth	2	8	prose	p	
Ruth	2	10	prose	p	
Ruth	2	11	prose	p	
Ruth	2	13	prose	p	
Ruth	2	14	prose	p	
Ruth	2	15	prose	p	
Ruth	2	17	prose	p	
Ruth	2	19	prose	p	
Ruth	2	20	prose	p	
Ruth	2	21	prose	p	
Ruth	2	22	prose	p	
Ruth	3	5	prose	p	
Ruth	3	10	prose	p	
Ruth	3	14	prose	p	
Ruth	3	16	prose	p	
Ruth	3	17	prose	p	
Ruth	3	18	prose	p	
Ruth	4	5	prose	p	
Ruth	4	6	prose	p	
Ruth	4	7	prose	p	
Ruth	4	9	prose	p	
Ruth	4	11	prose	p	
Ruth	4	13	prose	p	
Ruth	4	18	prose	p	
1Kings	1	9	prose	p	
1Kings	1	12	prose	p	
1Kings	1	15	prose	p	
1Kings	1	17	prose	p	
1Kings	1	18	prose	p	
1Kings	1	19	prose	p	
1Kings	1	20	prose	p	
1Kings	1	21	prose	p	
1Kings	1	23	prose	p	
1Kings	1	24	prose	p	
1Kings	2	2	poetry	q1	
1Kings	2	3	poetry	q1	
1Kings	2	4	poetry	q1	
1Kings	2	5	poetry	q1	
1Kings	2	6	poetry	q1	
1Kings	2	7	poetry	q1	
1Kings	2	8	poetry	q1	
1Kings	2	9	poetry	q1	
1Kings	2	10	poetry	q1	
1Kings	2	11	prose	p	
1Kings	2	12	prose	p	
1Kings	2	16	prose	p	
1Kings	2	22	prose	p	
1Kings	2	26	prose	p	
1Kings	2	27	prose	p	
1Kings	3	5	prose	p	
1Kings	3	6	prose	p	
1Kings	3	7	prose	p	
1Kings	3	9	prose	p	
1Kings	3	11	prose	p	
1Kings	3	15	prose	p	
1Kings	3	17	prose	p	
1Kings	3	18	prose	p	
1Kings	3	19	prose	p	
1Kings	4	2	prose	p	
1Kings	4	4	prose	p	
1Kings	4	12	prose	p	
1Kings	4	15	prose	p	
1Kings	4	17	prose	p	
1Kings	4	18	prose	p	
1Kings	4	19	prose	p	
1Kings	5	7	prose	p	
1Kings	5	9	prose	p	
1Kings	5	11	prose	p	
1Kings	6	3	prose	p	
1Kings	6	4	prose	p	
1Kings	6	5	prose	p	
1Kings	6	7	prose	p	
1Kings	6	10	prose	p	
1Kings	6	21	prose	p	
1Kings	7	7	prose	p	
1Kings	7	12	prose	p	
1Kings	7	14	prose	p	
1Kings	7	15	prose	p	
1Kings	8	4	prose	p	
1Kings	8	7	prose	p	
1Kings	8	10	prose	p	
1Kings	8	19	prose	p	
1Kings	8	21	prose	p	
1Kings	9	3	prose	p	
1Kings	9	5	prose	p	
1Kings	9	6	prose	p	
1Kings	9	7	prose	p	
1Kings	9	8	prose	p	
1Kings	9	10	prose	p	
1Kings	9	12	prose	p	
1Kings	9	14	prose	p	
1Kings	9	15	prose	p	
1Kings	9	17	prose	p	
1Kings	9	18	prose	p	
1Kings	9	19	prose	p	
1Kings	9	21	prose	p	
1Kings	9	22	prose	p	
1Kings	9	25	prose	p	
1Kings	10	3	prose	p	
1Kings	10	5	prose	p	
1Kings	10	8	prose	p	
1Kings	10	12	prose	p	
1Kings	10	14	prose	p	
1Kings	10	15	prose	p	
1Kings	10	16	prose	p	
1Kings	10	17	prose	p	
1Kings	10	20	prose	p	
1Kings	10	23	prose	p	
1Kings	10	25	prose	p	
1Kings	11	2	prose	p	
1Kings	11	3	prose	p	
1Kings	11	5	prose	p	
1Kings	11	12	prose	p	
1Kings	11	13	prose	p	
1Kings	11	14	prose	p	
1Kings	12	4	prose	p	
1Kings	12	5	prose	p	
1Kings	12	6	prose	p	
1Kings	12	8	prose	p	
1Kings	12	12	prose	p	
1Kings	12	16	prose	p	
1Kings	12	18	prose	p	
1Kings	12	19	prose	p	
1Kings	12	20	prose	p	
1Kings	13	2	prose	p	
1Kings	13	10	prose	p	
1Kings	13	12	prose	p	
1Kings	13	13	prose	p	
1Kings	13	15	prose	p	
1Kings	13	23	prose	p	
1Kings	14	4	prose	p	
1Kings	14	7	prose	p	
1Kings	14	8	prose	p	
1Kings	14	11	prose	p	
1Kings	14	13	prose	p	
1Kings	14	15	prose	p	
1Kings	14	18	prose	p	
1Kings	14	20	prose	p	
1Kings	14	24	prose	p	
1Kings	14	25	prose	p	
1Kings	14	29	prose	p	
1Kings	14	34	prose	p	
1Kings	14	35	prose	p	
1Kings	14	37	prose	p	
1Kings	14	41	prose	p	
1Kings	14	42	prose	p	
1Kings	14	43	prose	p	
1Kings	14	44	prose	p	
1Kings	14	45	prose	p	
1Kings	14	47	prose	p	
1Kings	14	52	prose	p	
1Kings	15	4	prose	p	
1Kings	15	7	prose	p	
1Kings	15	10	prose	p	
1Kings	15	12	prose	p	
1Kings	15	13	prose	p	
1Kings	15	14	prose	p	
1Kings	15	15	prose	p	
1Kings	15	16	prose	p	
1Kings	15	17	prose	p	
1Kings	15	20	prose	p	
1Kings	15	22	prose	p	
1Kings	15	24	prose	p	
1Kings	15	26	prose	p	
1Kings	15	30	prose	p	
1Kings	15	31	prose	p	
1Kings	15	33	prose	p	
1Kings	15	34	prose	p	
1Kings	16	2	prose	p	
1Kings	16	3	prose	p	
1Kings	16	4	prose	p	
1Kings	16	5	prose	p	
1Kings	16	7	prose	p	
1Kings	16	8	prose	p	
1Kings	16	12	prose	p	
1Kings	16	13	prose	p	
1Kings	16	17	prose	p	
1Kings	16	18	prose	p	
1Kings	16	19	prose	p	
1Kings	16	20	prose	p	
1Kings	17	11	prose	p	
1Kings	17	16	prose	p	
1Kings	17	17	prose	p	
1Kings	17	20	prose	p	
1Kings	17	26	prose	p	
1Kings	17	27	prose	p	
1Kings	17	28	prose	p	
1Kings	17	29	prose	p	
1Kings	17	33	prose	p	
1Kings	17	34	prose	p	
1Kings	17	38	prose	p	
1Kings	17	40	prose	p	
1Kings	17	45	prose	p	
1Kings	17	48	prose	p	
1Kings	17	52	prose	p	
1Kings	17	56	prose	p	
1Kings	17	57	prose	p	
1Kings	18	5	prose	p	
1Kings	18	6	prose	p	
1Kings	18	8	prose	p	
1Kings	18	14	prose	p	
1Kings	18	18	prose	p	
1Kings	18	19	prose	p	
1Kings	18	20	prose	p	
1Kings	18	22	prose	p	
1Kings	18	23	prose	p	
1Kings	18	24	prose	p	
1Kings	18	25	prose	p	
1Kings	18	30	prose	p	
1Kings	19	4	prose	p	
1Kings	19	6	prose	p	
1Kings	19	7	prose	p	
1Kings	19	8	prose	p	
1Kings	19	9	prose	p	
1Kings	19	15	prose	p	
1Kings	19	17	prose	p	
1Kings	19	18	prose	p	
1Kings	19	20	prose	p	
1Kings	19	23	prose	p	
1Kings	20	2	prose	p	
1Kings	20	3	prose	p	
1Kings	20	4	prose	p	
1Kings	20	5	prose	p	
1Kings	20	9	prose	p	
1Kings	20	10	prose	p	
1Kings	20	11	prose	p	
1Kings	20	17	prose	p	
1Kings	20	24	prose	p	
1Kings	20	27	prose	p	
1Kings	20	28	prose	p	
1Kings	20	30	prose	p	
1Kings	20	32	prose	p	
1Kings	20	33	prose	p	
1Kings	20	35	prose	p	
1Kings	20	41	prose	p	
1Kings	21	4	prose	p	
1Kings	21	5	prose	p	
1Kings	21	7	prose	p	
1Kings	21	8	prose	p	
1Kings	21	9	prose	p	
1Kings	21	10	prose	p	
1Kings	21	12	prose	p	
1Kings	22	6	prose	p	
1Kings	22	9	prose	p	
1Kings	22	11	prose	p	
1Kings	22	13	prose	p	
1Kings	22	14	prose	p	
1Kings	22	16	prose	p	
1Kings	22	18	prose	p	
1Kings	22	19	prose	p	
1Kings	22	22	prose	p	
1Kings	23	2	prose	p	
1Kings	23	3	prose	p	
1Kings	23	4	prose	p	
1Kings	23	5	prose	p	
1Kings	23	6	prose	p	
1Kings	23	7	prose	p	
1Kings	23	12	prose	p	
1Kings	23	13	prose	p	
1Kings	23	16	prose	p	
1Kings	23	19	prose	p	
1Kings	23	21	prose	p	
1Kings	23	24	prose	p	
1Kings	23	29	prose	p	
1Kings	24	9	prose	p	
1Kings	24	16	prose	p	
1Kings	24	22	prose	p	
1Kings	25	2	prose	p	
1Kings	25	9	prose	p	
1Kings	25	10	prose	p	
1Kings	25	12	prose	p	
1Kings	25	13	prose	p	
1Kings	25	14	prose	p	
1Kings	25	18	prose	p	
1Kings	25	21	prose	p	
1Kings	25	23	prose	p	
1Kings	25	32	prose	p	
1Kings	25	35	prose	p	
1Kings	25	36	prose	p	
1Kings	25	40	prose	p	
1Kings	25	41	prose	p	
1Kings	25	44	prose	p	
1Kings	26	6	prose	p	
1Kings	26	7	prose	p	
1Kings	26	9	prose	p	
1Kings	26	12	prose	p	
1Kings	26	15	prose	p	
1Kings	26	17	prose	p	
1Kings	26	18	prose	p	
1Kings	26	21	prose	p	
1Kings	26	22	prose	p	
1Kings	26	25	prose	p	
1Kings	27	5	prose	p	
1Kings	27	8	prose	p	
1Kings	27	10	prose	p	
1Kings	27	11	prose	p	
1Kings	27	12	prose	p	
1Kings	28	2	prose	p	
1Kings	28	3	prose	p	
1Kings	28	4	prose	p	
1Kings	28	8	prose	p	
1Kings	28	9	prose	p	
1Kings	28	10	prose	p	
1Kings	28	11	prose	p	
1Kings	28	12	prose	p	
1Kings	28	13	prose	p	
1Kings	28	14	prose	p	
1Kings	28	15	prose	p	
1Kings	28	16	prose	p	
1Kings	28	20	prose	p	
1Kings	28	21	prose	p	
1Kings	28	23	prose	p	
1Kings	29	3	prose	p	
1Kings	29	4	prose	p	
1Kings	29	6	prose	p	
1Kings	29	8	prose	p	
1Kings	29	9	prose	p	
1Kings	29	11	prose	p	
1Kings	30	8	prose	p	
1Kings	30	9	prose	p	
1Kings	30	14	prose	p	
1Kings	30	15	prose	p	
1Kings	30	16	prose	p	
1Kings	30	21	prose	p	
1Kings	30	23	prose	p	
1Kings	30	26	prose	p	
1Kings	31	7	prose	p	
2Kings	1	3	prose	p	
2Kings	1	4	prose	p	
2Kings	1	5	prose	p	
2Kings	1	6	prose	p	
2Kings	1	11	prose	p	
2Kings	1	13	prose	p	
2Kings	1	14	prose	p	
2Kings	1	17	prose	p	
2Kings	1	19	poetry	q1	
2Kings	1	20	poetry	q1	
2Kings	1	21	poetry	q1	
2Kings	1	22	poetry	q1	
2Kings	1	23	poetry	q1	
2Kings	1	24	poetry	q1	
2Kings	1	25	poetry	q1	
2Kings	1	26	poetry	q1	
2Kings	1	27	poetry	q1	
2Kings	2	2	prose	p	
2Kings	2	8	prose	p	
2Kings	2	12	prose	p	
2Kings	2	15	prose	p	
2Kings	2	20	prose	p	
2Kings	2	21	prose	p	
2Kings	2	24	prose	p	
2Kings	2	27	prose	p	
2Kings	2	30	prose	p	
2Kings	3	6	prose	p	
2Kings	3	8	prose	p	
2Kings	3	11	prose	p	
2Kings	3	12	prose	p	
2Kings	3	13	prose	p	
2Kings	3	15	prose	p	
2Kings	3	17	prose	p	
2Kings	3	19	prose	p	
2Kings	3	22	prose	p	
2Kings	3	24	prose	p	
2Kings	3	26	prose	p	
2Kings	3	31	prose	p	
2Kings	3	35	prose	p	
2Kings	3	36	prose	p	
2Kings	4	4	prose	p	
2Kings	4	5	prose	p	
2Kings	4	9	prose	p	
2Kings	5	4	prose	p	
2Kings	5	6	prose	p	
2Kings	5	9	prose	p	
2Kings	5	13	prose	p	
2Kings	5	17	prose	p	
2Kings	5	20	prose	p	
2Kings	5	22	prose	p	
2Kings	5	25	prose	p	
2Kings	6	6	prose	p	
2Kings	6	13	prose	p	
2Kings	6	16	prose	p	
2Kings	6	20	prose	p	
2Kings	6	21	prose	p	
2Kings	6	23	prose	p	
2Kings	7	3	prose	p	
2Kings	7	4	prose	p	
2Kings	7	18	prose	p	
2Kings	7	25	prose	p	
2Kings	7	28	prose	p	
2Kings	8	3	prose	p	
2Kings	8	9	prose	p	
2Kings	8	13	prose	p	
2Kings	8	15	prose	p	
2Kings	9	3	prose	p	
2Kings	9	4	prose	p	
2Kings	9	5	prose	p	
2Kings	9	7	prose	p	
2Kings	9	8	prose	p	
2Kings	9	9	prose	p	
2Kings	9	11	prose	p	
2Kings	10	3	prose	p	
2Kings	10	4	prose	p	
2Kings	10	6	prose	p	
2Kings	10	15	prose	p	
2Kings	11	4	prose	p	
2Kings	11	6	prose	p	
2Kings	11	11	prose	p	
2Kings	11	12	prose	p	
2Kings	11	16	prose	p	
2Kings	11	22	prose	p	
2Kings	11	25	prose	p	
2Kings	11	26	prose	p	
2Kings	12	5	prose	p	
2Kings	12	7	prose	p	
2Kings	12	11	prose	p	
2Kings	12	13	prose	p	
2Kings	12	14	prose	p	
2Kings	12	16	prose	p	
2Kings	12	19	prose	p	
2Kings	12	20	prose	p	
2Kings	12	22	prose	p	
2Kings	12	24	prose	p	
2Kings	12	26	prose	p	
2Kings	12	29	prose	p	
2Kings	13	5	prose	p	
2Kings	13	6	prose	p	
2Kings	13	7	prose	p	
2Kings	13	12	prose	p	
2Kings	13	14	prose	p	
2Kings	13	16	prose	p	
2Kings	13	17	prose	p	
2Kings	13	18	prose	p	
2Kings	13	21	prose	p	
2Kings	13	23	prose	p	
2Kings	13	25	prose	p	
2Kings	13	26	prose	p	
2Kings	13	27	prose	p	
2Kings	13	29	prose	p	
2Kings	13	30	prose	p	
2Kings	13	31	prose	p	
2Kings	13	37	prose	p	
2Kings	14	4	prose	p	
2Kings	14	5	prose	p	
2Kings	14	6	prose	p	
2Kings	14	8	prose	p	
2Kings	14	9	prose	p	
2Kings	14	10	prose	p	
2Kings	14	11	prose	p	
2Kings	14	12	prose	p	
2Kings	14	13	prose	p	
2Kings	14	18	prose	p	
2Kings	14	19	prose	p	
2Kings	14	20	prose	p	
2Kings	14	21	prose	p	
2Kings	14	22	prose	p	
2Kings	14	23	prose	p	
2Kings	14	31	prose	p	
2Kings	14	32	prose	p	
2Kings	14	33	prose	p	
2Kings	15	3	prose	p	
2Kings	15	7	prose	p	
2Kings	15	9	prose	p	
2Kings	15	10	prose	p	
2Kings	15	11	prose	p	
2Kings	15	14	prose	p	
2Kings	15	15	prose	p	
2Kings	15	16	prose	p	
2Kings	15	19	prose	p	
2Kings	15	21	prose	p	
2Kings	15	22	prose	p	
2Kings	15	31	prose	p	
2Kings	15	32	prose	p	
2Kings	15	37	prose	p	
2Kings	16	3	prose	p	
2Kings	16	4	prose	p	
2Kings	16	5	prose	p	
2Kings	16	9	prose	p	
2Kings	16	11	prose	p	
2Kings	16	15	prose	p	
2Kings	16	17	prose	p	
2Kings	16	18	prose	p	
2Kings	16	20	prose	p	
2Kings	16	21	prose	p	
2Kings	16	22	prose	p	
2Kings	16	23	prose	p	
2Kings	17	4	prose	p	
2Kings	17	6	prose	p	
2Kings	17	7	prose	p	
2Kings	17	14	prose	p	
2Kings	17	15	prose	p	
2Kings	17	17	prose	p	
2Kings	17	21	prose	p	
2Kings	17	22	prose	p	
2Kings	17	23	prose	p	
2Kings	17	24	prose	p	
2Kings	17	27	prose	p	
2Kings	18	3	prose	p	
2Kings	18	4	prose	p	
2Kings	18	5	prose	p	
2Kings	18	6	prose	p	
2Kings	18	9	prose	p	
2Kings	18	11	prose	p	
2Kings	18	12	prose	p	
2Kings	18	14	prose	p	
2Kings	18	18	prose	p	
2Kings	18	19	prose	p	
2Kings	18	20	prose	p	
2Kings	18	21	prose	p	
2Kings	18	22	prose	p	
2Kings	18	23	prose	p	
2Kings	18	24	prose	p	
2Kings	18	26	prose	p	
2Kings	18	27	prose	p	
2Kings	18	28	prose	p	
2Kings	18	29	prose	p	
2Kings	18	30	prose	p	
2Kings	18	31	prose	p	
2Kings	18	32	prose	p	
2Kings	18	33	prose	p	
2Kings	19	3	prose	p	
2Kings	19	5	prose	p	
2Kings	19	8	prose	p	
2Kings	19	11	prose	p	
2Kings	19	15	prose	p	
2Kings	19	19	prose	p	
2Kings	19	21	prose	p	
2Kings	19	22	prose	p	
2Kings	19	24	prose	p	
2Kings	19	26	prose	p	
2Kings	19	29	prose	p	
2Kings	19	30	prose	p	
2Kings	19	31	prose	p	
2Kings	19	34	prose	p	
2Kings	19	38	prose	p	
2Kings	19	39	prose	p	
2Kings	19	42	prose	p	
2Kings	19	43	prose	p	
2Kings	20	2	prose	p	
2Kings	20	3	prose	p	
2Kings	20	4	prose	p	
2Kings	20	5	prose	p	
2Kings	20	7	prose	p	
2Kings	20	12	prose	p	
2Kings	20	16	prose	p	
2Kings	20	18	prose	p	
2Kings	20	20	prose	p	
2Kings	20	22	prose	p	
2Kings	20	23	prose	p	
2Kings	21	2	prose	p	
2Kings	21	4	prose	p	
2Kings	21	5	prose	p	
2Kings	21	7	prose	p	
2Kings	21	10	prose	p	
2Kings	21	15	prose	p	
2Kings	21	18	prose	p	
2Kings	22	3	poetry	q1	
2Kings	22	4	poetry	q1	
2Kings	22	5	poetry	q1	
2Kings	22	6	poetry	q1	
2Kings	22	7	poetry	q1	
2Kings	22	8	poetry	q1	
2Kings	22	9	poetry	q1	
2Kings	22	10	poetry	q1	
2Kings	22	11	poetry	q1	
2Kings	22	12	poetry	q1	
2Kings	22	13	poetry	q1	
2Kings	22	14	poetry	q1	
2Kings	22	15	poetry	q1	
2Kings	22	16	poetry	q1	
2Kings	22	17	poetry	q1	
2Kings	22	18	poetry	q1	
2Kings	22	19	poetry	q1	
2Kings	22	20	poetry	q1	
2Kings	22	21	poetry	q1	
2Kings	22	22	poetry	q1	
2Kings	22	23	poetry	q1	
2Kings	22	24	poetry	q1	
2Kings	22	25	poetry	q1	
2Kings	22	26	poetry	q1	
2Kings	22	27	poetry	q2	
2Kings	22	28	poetry	q1	
2Kings	22	29	poetry	q1	
2Kings	22	30	poetry	q1	
2Kings	22	31	poetry	q1	
2Kings	22	32	poetry	q1	
2Kings	22	33	poetry	q1	
2Kings	22	34	poetry	q1	
2Kings	22	35	poetry	q1	
2Kings	22	36	poetry	q1	
2Kings	22	37	poetry	q1	
2Kings	22	38	poetry	q1	
2Kings	22	39	poetry	q1	
2Kings	22	40	poetry	q1	
2Kings	22	41	poetry	q1	
2Kings	22	42	poetry	q1	
2Kings	22	43	poetry	q1	
2Kings	22	44	poetry	q1	
2Kings	22	45	poetry	q1	
2Kings	22	46	poetry	q1	
2Kings	22	47	poetry	q1	
2Kings	22	48	poetry	q2	
2Kings	22	49	poetry	q2	
2Kings	22	50	poetry	q1	
2Kings	22	51	poetry	q1	
2Kings	23	2	poetry	q1	
2Kings	23	3	poetry	q1	
2Kings	23	4	poetry	q1	
2Kings	23	5	poetry	q1	
2Kings	23	6	poetry	q1	
2Kings	23	7	poetry	q1	
2Kings	23	8	prose	p	
2Kings	23	13	prose	p	
2Kings	23	16	prose	p	
2Kings	23	18	prose	p	
2Kings	23	20	prose	p	
2Kings	23	24	prose	p	
2Kings	24	3	prose	p	
2Kings	24	4	prose	p	
2Kings	24	10	prose	p	
2Kings	24	11	prose	p	
2Kings	24	13	prose	p	
2Kings	24	14	prose	p	
2Kings	24	15	prose	p	
2Kings	24	17	prose	p	
2Kings	24	18	prose	p	
2Kings	24	19	prose	p	
2Kings	24	22	prose	p	
2Kings	24	24	prose	p	
3Kings	1	5	prose	p	
3Kings	1	9	prose	p	
3Kings	1	11	prose	p	
3Kings	1	15	prose	p	
3Kings	1	17	prose	p	
3Kings	1	22	prose	p	
3Kings	1	24	prose	p	
3Kings	1	28	prose	p	
3Kings	1	31	prose	p	
3Kings	1	32	prose	p	
3Kings	1	36	prose	p	
3Kings	1	38	prose	p	
3Kings	1	40	prose	p	
3Kings	1	42	prose	p	
3Kings	1	43	prose	p	
3Kings	1	49	prose	p	
3Kings	1	52	prose	p	
3Kings	1	53	prose	p	
3Kings	2	5	prose	p	
3Kings	2	8	prose	p	
3Kings	2	10	prose	p	
3Kings	2	13	prose	p	
3Kings	2	14	prose	p	
3Kings	2	15	prose	p	
3Kings	2	17	prose	p	
3Kings	2	18	prose	p	
3Kings	2	19	prose	p	
3Kings	2	21	prose	p	
3Kings	2	22	prose	p	
3Kings	2	25	prose	p	
3Kings	2	28	prose	p	
3Kings	2	30	prose	p	
3Kings	2	31	prose	p	
3Kings	2	34	prose	p	
3Kings	2	36	prose	p	
3Kings	2	38	prose	p	
3Kings	2	39	prose	p	
3Kings	2	40	prose	p	
3Kings	2	42	prose	p	
3Kings	3	6	prose	p	
3Kings	3	10	prose	p	
3Kings	3	15	prose	p	
3Kings	3	16	prose	p	
3Kings	3	22	prose	p	
3Kings	3	23	prose	p	
3Kings	3	24	prose	p	
3Kings	3	25	prose	p	
3Kings	3	26	prose	p	
3Kings	3	27	prose	p	
3Kings	3	28	prose	p	
3Kings	4	7	prose	p	
3Kings	4	20	prose	p	
3Kings	5	7	prose	p	
3Kings	5	10	prose	p	
3Kings	5	13	prose	p	
3Kings	6	11	prose	p	
3Kings	6	14	prose	p	
3Kings	6	23	prose	p	
3Kings	6	29	prose	p	
3Kings	6	37	prose	p	
3Kings	7	13	prose	p	
3Kings	7	23	prose	p	
3Kings	7	27	prose	p	
3Kings	7	40	prose	p	
3Kings	7	48	prose	p	
3Kings	7	51	prose	p	
3Kings	8	12	prose	p	
3Kings	8	14	prose	p	
3Kings	8	17	prose	p	
3Kings	8	22	prose	p	
3Kings	8	26	prose	p	
3Kings	8	31	prose	p	
3Kings	8	33	prose	p	
3Kings	8	35	prose	p	
3Kings	8	37	prose	p	
3Kings	8	41	prose	p	
3Kings	8	44	prose	p	
3Kings	8	54	prose	p	
3Kings	8	61	prose	p	
3Kings	8	62	prose	p	
3Kings	8	65	prose	p	
3Kings	9	10	prose	p	
3Kings	9	15	prose	p	
3Kings	9	24	prose	p	
3Kings	9	25	prose	p	
3Kings	9	26	prose	p	
3Kings	10	11	prose	p	
3Kings	10	13	prose	p	
3Kings	10	14	prose	p	
3Kings	10	23	prose	p	
3Kings	10	26	prose	p	
3Kings	11	14	prose	p	
3Kings	11	22	prose	p	
3Kings	11	23	prose	p	
3Kings	11	26	prose	p	
3Kings	11	34	prose	p	
3Kings	11	40	prose	p	
3Kings	11	41	prose	p	
3Kings	12	5	prose	p	
3Kings	12	6	prose	p	
3Kings	12	7	prose	p	
3Kings	12	8	prose	p	
3Kings	12	10	prose	p	
3Kings	12	12	prose	p	
3Kings	12	15	prose	p	
3Kings	12	17	prose	p	
3Kings	12	20	prose	p	
3Kings	12	21	prose	p	
3Kings	12	25	prose	p	
3Kings	13	4	prose	p	
3Kings	13	7	prose	p	
3Kings	13	8	prose	p	
3Kings	13	11	prose	p	
3Kings	13	12	prose	p	
3Kings	13	15	prose	p	
3Kings	13	16	prose	p	
3Kings	13	18	prose	p	
3Kings	13	19	prose	p	
3Kings	13	23	prose	p	
3Kings	13	31	prose	p	
3Kings	13	33	prose	p	
3Kings	14	4	prose	p	
3Kings	14	6	prose	p	
3Kings	14	17	prose	p	
3Kings	14	19	prose	p	
3Kings	14	21	prose	p	
3Kings	14	25	prose	p	
3Kings	14	29	prose	p	
3Kings	15	9	prose	p	
3Kings	15	16	prose	p	
3Kings	15	20	prose	p	
3Kings	15	25	prose	p	
3Kings	15	31	prose	p	
3Kings	15	33	prose	p	
3Kings	16	5	prose	p	
3Kings	16	7	prose	p	
3Kings	16	8	prose	p	
3Kings	16	11	prose	p	
3Kings	16	15	prose	p	
3Kings	16	21	prose	p	
3Kings	16	29	prose	p	
3Kings	17	2	prose	p	
3Kings	17	8	prose	p	
3Kings	17	10	prose	p	
3Kings	17	11	prose	p	
3Kings	17	12	prose	p	
3Kings	17	13	prose	p	
3Kings	17	15	prose	p	
3Kings	17	17	prose	p	
3Kings	17	19	prose	p	
3Kings	17	21	prose	p	
3Kings	17	22	prose	p	
3Kings	17	24	prose	p	
3Kings	18	2	prose	p	
3Kings	18	6	prose	p	
3Kings	18	8	prose	p	
3Kings	18	9	prose	p	
3Kings	18	15	prose	p	
3Kings	18	17	prose	p	
3Kings	18	18	prose	p	
3Kings	18	20	prose	p	
3Kings	18	22	prose	p	
3Kings	18	25	prose	p	
3Kings	18	26	prose	p	
3Kings	18	27	prose	p	
3Kings	18	28	prose	p	
3Kings	18	30	prose	p	
3Kings	18	36	prose	p	
3Kings	18	38	prose	p	
3Kings	18	40	prose	p	
3Kings	18	41	prose	p	
3Kings	18	42	prose	p	
3Kings	18	44	prose	p	
3Kings	18	45	prose	p	
3Kings	19	3	prose	p	
3Kings	19	5	prose	p	
3Kings	19	6	prose	p	
3Kings	19	8	prose	p	
3Kings	19	10	prose	p	
3Kings	19	11	prose	p	
3Kings	19	12	prose	p	
3Kings	19	14	prose	p	
3Kings	19	15	prose	p	
3Kings	19	19	prose	p	
3Kings	19	21	prose	p	
3Kings	20	4	prose	p	
3Kings	20	5	prose	p	
3Kings	20	7	prose	p	
3Kings	20	8	prose	p	
3Kings	20	9	prose	p	
3Kings	20	10	prose	p	
3Kings	20	11	prose	p	
3Kings	20	12	prose	p	
3Kings	20	13	prose	p	
3Kings	20	14	prose	p	
3Kings	20	15	prose	p	
3Kings	20	18	prose	p	
3Kings	20	19	prose	p	
3Kings	20	23	prose	p	
3Kings	20	26	prose	p	
3Kings	20	29	prose	p	
3Kings	20	32	prose	p	
3Kings	20	33	prose	p	
3Kings	20	34	prose	p	
3Kings	20	35	prose	p	
3Kings	20	36	prose	p	
3Kings	20	37	prose	p	
3Kings	20	38	prose	p	
3Kings	20	41	prose	p	
3Kings	20	43	prose	p	
3Kings	21	3	prose	p	
3Kings	21	4	prose	p	
3Kings	21	6	prose	p	
3Kings	21	7	prose	p	
3Kings	21	11	prose	p	
3Kings	21	15	prose	p	
3Kings	21	16	prose	p	
3Kings	21	17	prose	p	
3Kings	21	20	prose	p	
3Kings	21	21	prose	p	
3Kings	21	25	prose	p	
3Kings	21	27	prose	p	
3Kings	21	28	prose	p	
3Kings	22	5	prose	p	
3Kings	22	6	prose	p	
3Kings	22	7	prose	p	
3Kings	22	8	prose	p	
3Kings	22	9	prose	p	
3Kings	22	10	prose	p	
3Kings	22	13	prose	p	
3Kings	22	14	prose	p	
3Kings	22	15	prose	p	
3Kings	22	16	prose	p	
3Kings	22	17	prose	p	
3Kings	22	18	prose	p	
3Kings	22	19	prose	p	
3Kings	22	21	prose	p	
3Kings	22	22	prose	p	
3Kings	22	23	prose	p	
3Kings	22	24	prose	p	
3Kings	22	25	prose	p	
3Kings	22	26	prose	p	
3Kings	22	28	prose	p	
3Kings	22	29	prose	p	
3Kings	22	31	prose	p	
3Kings	22	32	prose	p	
3Kings	22	37	prose	p	
3Kings	22	39	prose	p	
3Kings	22	41	prose	p	
3Kings	22	45	prose	p	
3Kings	22	51	prose	p	
4Kings	1	2	prose	p	
4Kings	1	3	prose	p	
4Kings	1	5	prose	p	
4Kings	1	6	prose	p	
4Kings	1	7	prose	p	
4Kings	1	8	prose	p	
4Kings	1	9	prose	p	
4Kings	1	10	prose	p	
4Kings	1	11	prose	p	
4Kings	1	12	prose	p	
4Kings	1	13	prose	p	
4Kings	1	15	prose	p	
4Kings	1	16	prose	p	
4Kings	1	17	prose	p	
4Kings	2	3	prose	p	
4Kings	2	4	prose	p	
4Kings	2	5	prose	p	
4Kings	2	6	prose	p	
4Kings	2	7	prose	p	
4Kings	2	10	prose	p	
4Kings	2	11	prose	p	
4Kings	2	13	prose	p	
4Kings	2	15	prose	p	
4Kings	2	17	prose	p	
4Kings	2	18	prose	p	
4Kings	2	19	prose	p	
4Kings	2	20	prose	p	
4Kings	2	23	prose	p	
4Kings	3	4	prose	p	
4Kings	3	8	prose	p	
4Kings	3	9	prose	p	
4Kings	3	11	prose	p	
4Kings	3	12	prose	p	
4Kings	3	13	prose	p	
4Kings	3	14	prose	p	
4Kings	3	20	prose	p	
4Kings	3	21	prose	p	
4Kings	3	24	prose	p	
4Kings	4	2	prose	p	
4Kings	4	3	prose	p	
4Kings	4	5	prose	p	
4Kings	4	7	prose	p	
4Kings	4	8	prose	p	
4Kings	4	11	prose	p	
4Kings	4	14	prose	p	
4Kings	4	15	prose	p	
4Kings	4	17	prose	p	
4Kings	4	20	prose	p	
4Kings	4	23	prose	p	
4Kings	4	24	prose	p	
4Kings	4	25	prose	p	
4Kings	4	27	prose	p	
4Kings	4	28	prose	p	
4Kings	4	29	prose	p	
4Kings	4	30	prose	p	
4Kings	4	31	prose	p	
4Kings	4	32	prose	p	
4Kings	4	37	prose	p	
4Kings	4	38	prose	p	
4Kings	4	39	prose	p	
4Kings	4	41	prose	p	
4Kings	4	42	prose	p	
4Kings	4	43	prose	p	
4Kings	4	44	prose	p	
4Kings	5	4	prose	p	
4Kings	5	5	prose	p	
4Kings	5	6	prose	p	
4Kings	5	7	prose	p	
4Kings	5	8	prose	p	
4Kings	5	9	prose	p	
4Kings	5	11	prose	p	
4Kings	5	13	prose	p	
4Kings	5	14	prose	p	
4Kings	5	16	prose	p	
4Kings	5	17	prose	p	
4Kings	5	19	prose	p	
4Kings	5	20	prose	p	
4Kings	5	21	prose	p	
4Kings	5	22	prose	p	
4Kings	5	23	prose	p	
4Kings	5	26	prose	p	
4Kings	6	3	prose	p	
4Kings	6	4	prose	p	
4Kings	6	6	prose	p	
4Kings	6	8	prose	p	
4Kings	6	9	prose	p	
4Kings	6	12	prose	p	
4Kings	6	13	prose	p	
4Kings	6	14	prose	p	
4Kings	6	16	prose	p	
4Kings	6	19	prose	p	
4Kings	6	21	prose	p	
4Kings	6	22	prose	p	
4Kings	6	23	prose	p	
4Kings	6	24	prose	p	
4Kings	6	27	prose	p	
4Kings	6	29	prose	p	
4Kings	6	30	prose	p	
4Kings	6	32	prose	p	
4Kings	6	33	prose	p	
4Kings	7	2	prose	p	
4Kings	7	3	prose	p	
4Kings	7	5	prose	p	
4Kings	7	10	prose	p	
4Kings	7	11	prose	p	
4Kings	7	12	prose	p	
4Kings	7	13	prose	p	
4Kings	7	14	prose	p	
4Kings	7	15	prose	p	
4Kings	8	2	prose	p	
4Kings	8	6	prose	p	
4Kings	8	7	prose	p	
4Kings	8	8	prose	p	
4Kings	8	9	prose	p	
4Kings	8	10	prose	p	
4Kings	8	12	prose	p	
4Kings	8	13	prose	p	
4Kings	8	14	prose	p	
4Kings	8	15	prose	p	
4Kings	8	16	prose	p	
4Kings	8	20	prose	p	
4Kings	8	25	prose	p	
4Kings	8	28	prose	p	
4Kings	9	4	prose	p	
4Kings	9	6	prose	p	
4Kings	9	11	prose	p	
4Kings	9	12	prose	p	
4Kings	9	13	prose	p	
4Kings	9	14	prose	p	
4Kings	9	18	prose	p	
4Kings	9	19	prose	p	
4Kings	9	20	prose	p	
4Kings	9	21	prose	p	
4Kings	9	22	prose	p	
4Kings	9	23	prose	p	
4Kings	9	24	prose	p	
4Kings	9	27	prose	p	
4Kings	9	30	prose	p	
4Kings	9	32	prose	p	
4Kings	9	33	prose	p	
4Kings	9	34	prose	p	
4Kings	9	35	prose	p	
4Kings	9	37	prose	p	
4Kings	10	4	prose	p	
4Kings	10	6	prose	p	
4Kings	10	7	prose	p	
4Kings	10	9	prose	p	
4Kings	10	11	prose	p	
4Kings	10	12	prose	p	
4Kings	10	14	prose	p	
4Kings	10	15	prose	p	
4Kings	10	16	prose	p	
4Kings	10	18	prose	p	
4Kings	10	20	prose	p	
4Kings	10	21	prose	p	
4Kings	10	23	prose	p	
4Kings	10	24	prose	p	
4Kings	10	25	prose	p	
4Kings	10	29	prose	p	
4Kings	10	31	prose	p	
4Kings	10	32	prose	p	
4Kings	11	4	prose	p	
4Kings	11	9	prose	p	
4Kings	11	13	prose	p	
4Kings	11	15	prose	p	
4Kings	11	17	prose	p	
4Kings	11	21	prose	p	
4Kings	12	4	prose	p	
4Kings	12	6	prose	p	
4Kings	12	8	prose	p	
4Kings	12	17	prose	p	
4Kings	12	19	prose	p	
4Kings	13	10	prose	p	
4Kings	13	14	prose	p	
4Kings	13	15	prose	p	
4Kings	13	18	prose	p	
4Kings	13	20	prose	p	
4Kings	13	21	prose	p	
4Kings	13	22	prose	p	
4Kings	13	24	prose	p	
4Kings	14	7	prose	p	
4Kings	14	9	prose	p	
4Kings	14	11	prose	p	
4Kings	14	15	prose	p	
4Kings	14	17	prose	p	
4Kings	14	21	prose	p	
4Kings	14	23	prose	p	
4Kings	15	8	prose	p	
4Kings	15	13	prose	p	
4Kings	15	16	prose	p	
4Kings	15	17	prose	p	
4Kings	15	23	prose	p	
4Kings	15	27	prose	p	
4Kings	15	32	prose	p	
4Kings	16	5	prose	p	
4Kings	16	10	prose	p	
4Kings	16	17	prose	p	
4Kings	17	7	prose	p	
4Kings	17	19	prose	p	
4Kings	17	24	prose	p	
4Kings	17	27	prose	p	
4Kings	17	28	prose	p	
4Kings	17	29	prose	p	
4Kings	17	40	prose	p	
4Kings	18	9	prose	p	
4Kings	18	13	prose	p	
4Kings	18	17	prose	p	
4Kings	18	26	prose	p	
4Kings	18	27	prose	p	
4Kings	18	28	prose	p	
4Kings	18	36	prose	p	
4Kings	19	5	prose	p	
4Kings	19	8	prose	p	
4Kings	19	14	prose	p	
4Kings	19	20	prose	p	
4Kings	19	29	prose	p	
4Kings	19	32	prose	p	
4Kings	19	35	prose	p	
4Kings	20	2	prose	p	
4Kings	20	4	prose	p	
4Kings	20	7	prose	p	
4Kings	20	8	prose	p	
4Kings	20	9	prose	p	
4Kings	20	10	prose	p	
4Kings	20	11	prose	p	
4Kings	20	12	prose	p	
4Kings	20	14	prose	p	
4Kings	20	15	prose	p	
4Kings	20	16	prose	p	
4Kings	20	19	prose	p	
4Kings	20	20	prose	p	
4Kings	21	10	prose	p	
4Kings	21	16	prose	p	
4Kings	21	17	prose	p	
4Kings	21	19	prose	p	
4Kings	22	3	prose	p	
4Kings	22	8	prose	p	
4Kings	22	11	prose	p	
4Kings	22	14	prose	p	
4Kings	23	4	prose	p	
4Kings	23	15	prose	p	
4Kings	23	18	prose	p	
4Kings	23	21	prose	p	
4Kings	23	24	prose	p	
4Kings	23	28	prose	p	
4Kings	23	31	prose	p	
4Kings	24	7	prose	p	
4Kings	24	8	prose	p	
4Kings	24	18	prose	p	
4Kings	25	8	prose	p	
4Kings	25	13	prose	p	
4Kings	25	18	prose	p	
4Kings	25	22	prose	p	
4Kings	25	25	prose	p	
1Par	1	5	prose	p	
1Par	1	8	prose	p	
1Par	1	17	prose	p	
1Par	1	28	prose	p	
1Par	1	32	prose	p	
1Par	1	34	prose	p	
1Par	1	38	prose	p	
1Par	1	43	prose	p	
1Par	2	3	prose	p	
1Par	2	5	prose	p	
1Par	2	9	prose	p	
1Par	2	18	prose	p	
1Par	2	21	prose	p	
1Par	2	25	prose	p	
1Par	2	42	prose	p	
1Par	2	50	prose	p	
1Par	3	10	prose	p	
1Par	4	9	prose	p	
1Par	4	10	prose	p	
1Par	4	11	prose	p	
1Par	4	24	prose	p	
1Par	4	39	prose	p	
1Par	5	10	prose	p	
1Par	5	11	prose	p	
1Par	5	18	prose	p	
1Par	5	23	prose	p	
1Par	6	16	prose	p	
1Par	6	31	prose	p	
1Par	6	50	prose	p	
1Par	6	61	prose	p	
1Par	6	66	prose	p	
1Par	6	71	prose	p	
1Par	6	77	prose	p	
1Par	7	6	prose	p	
1Par	7	13	prose	p	
1Par	7	14	prose	p	
1Par	7	20	prose	p	
1Par	7	30	prose	p	
1Par	8	8	prose	p	
1Par	8	29	prose	p	
1Par	9	10	prose	p	
1Par	9	14	prose	p	
1Par	9	17	prose	p	
1Par	9	28	prose	p	
1Par	9	30	prose	p	
1Par	9	33	prose	p	
1Par	9	35	prose	p	
1Par	10	5	prose	p	
1Par	10	8	prose	p	
1Par	10	13	prose	p	
1Par	11	3	prose	p	
1Par	11	4	prose	p	
1Par	11	10	prose	p	
1Par	11	11	prose	p	
1Par	11	15	prose	p	
1Par	11	18	prose	p	
1Par	11	20	prose	p	
1Par	11	22	prose	p	
1Par	11	26	prose	p	
1Par	12	8	prose	p	
1Par	12	16	prose	p	
1Par	12	19	prose	p	
1Par	12	20	prose	p	
1Par	12	23	prose	p	
1Par	12	38	prose	p	
1Par	13	4	prose	p	
1Par	13	6	prose	p	
1Par	13	9	prose	p	
1Par	14	3	prose	p	
1Par	14	8	prose	p	
1Par	14	11	prose	p	
1Par	14	13	prose	p	
1Par	14	16	prose	p	
1Par	15	3	prose	p	
1Par	15	11	prose	p	
1Par	15	14	prose	p	
1Par	15	16	prose	p	
1Par	15	25	prose	p	
1Par	16	4	prose	p	
1Par	16	7	prose	p	
1Par	16	8	poetry	q1	
1Par	16	9	poetry	q1	
1Par	16	10	poetry	q1	
1Par	16	11	poetry	q1	
1Par	16	12	poetry	q1	
1Par	16	13	poetry	q1	
1Par	16	14	poetry	q1	
1Par	16	15	poetry	q1	
1Par	16	16	poetry	q2	
1Par	16	17	poetry	q1	
1Par	16	18	poetry	q1	
1Par	16	19	poetry	q2	
1Par	16	20	poetry	q1	
1Par	16	21	poetry	q1	
1Par	16	22	poetry	q1	
1Par	16	23	poetry	q1	
1Par	16	24	poetry	q1	
1Par	16	25	poetry	q1	
1Par	16	26	poetry	q1	
1Par	16	27	poetry	q1	
1Par	16	28	poetry	q1	
1Par	16	29	poetry	q1	
1Par	16	30	poetry	q1	
1Par	16	31	poetry	q1	
1Par	16	32	poetry	q1	
1Par	16	33	poetry	q1	
1Par	16	34	poetry	q1	
1Par	16	35	poetry	q1	
1Par	16	36	poetry	q1	
1Par	16	37	prose	p	
1Par	17	2	prose	p	
1Par	17	3	prose	p	
1Par	17	7	prose	p	
1Par	17	16	prose	p	
1Par	18	3	prose	p	
1Par	18	9	prose	p	
1Par	18	12	prose	p	
1Par	18	14	prose	p	
1Par	19	3	prose	p	
1Par	19	6	prose	p	
1Par	19	10	prose	p	
1Par	19	14	prose	p	
1Par	19	16	prose	p	
1Par	20	4	prose	p	
1Par	20	5	prose	p	
1Par	21	3	prose	p	
1Par	21	4	prose	p	
1Par	21	7	prose	p	
1Par	21	9	prose	p	
1Par	21	11	prose	p	
1Par	21	13	prose	p	
1Par	21	14	prose	p	
1Par	21	17	prose	p	
1Par	21	18	prose	p	
1Par	21	20	prose	p	
1Par	21	22	prose	p	
1Par	21	23	prose	p	
1Par	21	24	prose	p	
1Par	21	25	prose	p	
1Par	21	27	prose	p	
1Par	21	28	prose	p	
1Par	22	2	prose	p	
1Par	22	17	prose	p	
1Par	23	6	prose	p	
1Par	23	7	prose	p	
1Par	23	12	prose	p	
1Par	23	21	prose	p	
1Par	23	24	prose	p	
1Par	24	7	prose	p	
1Par	24	20	prose	p	
1Par	25	9	prose	p	
1Par	26	12	prose	p	
1Par	26	20	prose	p	
1Par	26	29	prose	p	
1Par	27	2	prose	p	
1Par	27	16	prose	p	
1Par	27	25	prose	p	
1Par	27	32	prose	p	
1Par	28	8	prose	p	
1Par	28	9	prose	p	
1Par	28	11	prose	p	
1Par	28	20	prose	p	
1Par	29	6	prose	p	
1Par	29	10	prose	p	
1Par	29	20	prose	p	
1Par	29	21	prose	p	
1Par	29	23	prose	p	
1Par	29	26	prose	p	
2Par	1	2	prose	p	
2Par	1	7	prose	p	
2Par	1	8	prose	p	
2Par	1	11	prose	p	
2Par	1	13	prose	p	
2Par	1	14	prose	p	
2Par	2	3	prose	p	
2Par	2	5	prose	p	
2Par	2	7	prose	p	
2Par	2	8	prose	p	
2Par	2	11	prose	p	
2Par	2	13	prose	p	
2Par	2	15	prose	p	
2Par	2	17	prose	p	
2Par	3	8	prose	p	
2Par	3	10	prose	p	
2Par	3	15	prose	p	
2Par	4	7	prose	p	
2Par	4	11	prose	p	
2Par	4	12	prose	p	
2Par	4	19	prose	p	
2Par	5	2	prose	p	
2Par	5	11	prose	p	
2Par	5	14	prose	m	
2Par	6	3	prose	p	
2Par	6	4	prose	p	
2Par	6	10	prose	p	
2Par	6	12	prose	p	
2Par	6	16	prose	p	
2Par	6	18	prose	p	
2Par	6	22	prose	p	
2Par	6	24	prose	p	
2Par	6	26	prose	p	
2Par	6	28	prose	p	
2Par	6	32	prose	p	
2Par	6	34	prose	p	
2Par	6	36	prose	p	
2Par	6	40	prose	p	
2Par	6	41	prose	p	
2Par	6	42	prose	p	
2Par	7	4	prose	p	
2Par	7	7	prose	p	
2Par	7	8	prose	p	
2Par	7	9	prose	p	
2Par	7	11	prose	p	
2Par	7	12	prose	p	
2Par	7	13	prose	p	
2Par	7	17	prose	p	
2Par	7	19	prose	p	
2Par	8	3	prose	p	
2Par	8	7	prose	p	
2Par	8	11	prose	p	
2Par	8	12	prose	p	
2Par	8	14	prose	p	
2Par	8	16	prose	p	
2Par	8	17	prose	p	
2Par	9	5	prose	p	
2Par	9	9	prose	p	
2Par	9	10	prose	p	
2Par	9	13	prose	p	
2Par	9	22	prose	p	
2Par	9	29	prose	p	
2Par	10	5	prose	p	
2Par	10	6	prose	p	
2Par	10	7	prose	p	
2Par	10	8	prose	p	
2Par	10	10	prose	p	
2Par	10	12	prose	p	
2Par	10	15	prose	p	
2Par	10	16	prose	p	
2Par	10	17	prose	p	
2Par	11	5	prose	p	
2Par	11	13	prose	p	
2Par	11	18	prose	p	
2Par	12	6	prose	p	
2Par	12	7	prose	p	
2Par	12	9	prose	p	
2Par	12	13	prose	p	
2Par	12	15	prose	p	
2Par	13	8	prose	p	
2Par	13	10	prose	p	
2Par	13	13	prose	p	
2Par	13	20	prose	p	
2Par	14	8	prose	p	
2Par	14	9	prose	p	
2Par	14	12	prose	p	
2Par	15	8	prose	p	
2Par	15	16	prose	p	
2Par	16	4	prose	p	
2Par	16	7	prose	p	
2Par	16	10	prose	p	
2Par	16	11	prose	p	
2Par	17	7	prose	p	
2Par	17	10	prose	p	
2Par	18	4	prose	p	
2Par	18	5	prose	p	
2Par	18	6	prose	p	
2Par	18	7	prose	p	
2Par	18	8	prose	p	
2Par	18	9	prose	p	
2Par	18	11	prose	p	
2Par	18	12	prose	p	
2Par	18	13	prose	p	
2Par	18	14	prose	p	
2Par	18	15	prose	p	
2Par	18	16	prose	p	
2Par	18	17	prose	p	
2Par	18	18	prose	p	
2Par	18	21	prose	p	
2Par	18	22	prose	p	
2Par	18	23	prose	p	
2Par	18	24	prose	p	
2Par	18	25	prose	p	
2Par	18	27	prose	p	
2Par	18	28	prose	p	
2Par	18	31	prose	p	
2Par	19	4	prose	p	
2Par	19	8	prose	p	
2Par	20	5	prose	p	
2Par	20	13	prose	p	
2Par	20	14	prose	p	
2Par	20	18	prose	p	
2Par	20	20	prose	p	
2Par	20	21	prose	p	
2Par	20	24	prose	p	
2Par	20	31	prose	p	
2Par	20	34	prose	p	
2Par	20	35	prose	p	
2Par	21	8	prose	p	
2Par	21	11	prose	p	
2Par	21	16	prose	p	
2Par	21	18	prose	p	
2Par	22	7	prose	p	
2Par	22	10	prose	p	
2Par	23	8	prose	p	
2Par	23	12	prose	p	
2Par	23	14	prose	p	
2Par	23	16	prose	p	
2Par	24	4	prose	p	
2Par	24	8	prose	p	
2Par	24	15	prose	p	
2Par	24	17	prose	p	
2Par	24	20	prose	p	
2Par	24	21	prose	p	
2Par	24	23	prose	p	
2Par	24	25	prose	p	
2Par	25	5	prose	p	
2Par	25	9	prose	p	
2Par	25	10	prose	p	
2Par	25	11	prose	p	
2Par	25	14	prose	p	
2Par	25	16	prose	p	
2Par	25	17	prose	p	
2Par	25	18	prose	p	
2Par	25	20	prose	p	
2Par	25	23	prose	p	
2Par	25	25	prose	p	
2Par	26	6	prose	p	
2Par	26	16	prose	p	
2Par	26	19	prose	p	
2Par	26	22	prose	p	
2Par	28	5	prose	p	
2Par	28	14	prose	p	
2Par	28	16	prose	p	
2Par	28	22	prose	p	
2Par	28	26	prose	p	
2Par	29	12	prose	p	
2Par	29	20	prose	p	
2Par	29	25	prose	p	
2Par	29	29	prose	p	
2Par	29	31	prose	p	
2Par	30	6	prose	p	
2Par	30	10	prose	p	
2Par	30	13	prose	p	
2Par	30	20	prose	p	
2Par	30	23	prose	p	
2Par	31	2	prose	p	
2Par	31	7	prose	p	
2Par	31	11	prose	p	
2Par	31	20	prose	p	
2Par	32	5	prose	p	
2Par	32	9	prose	p	
2Par	32	16	prose	p	
2Par	32	20	prose	p	
2Par	32	21	prose	p	
2Par	32	24	prose	p	
2Par	32	27	prose	p	
2Par	32	31	prose	p	
2Par	32	32	prose	p	
2Par	33	10	prose	p	
2Par	33	12	prose	p	
2Par	33	14	prose	p	
2Par	33	18	prose	p	
2Par	33	21	prose	p	
2Par	34	8	prose	p	
2Par	34	14	prose	p	
2Par	34	16	prose	p	
2Par	34	19	prose	p	
2Par	34	22	prose	p	
2Par	34	23	prose	p	
2Par	34	29	prose	p	
2Par	35	7	prose	p	
2Par	35	10	prose	p	
2Par	35	16	prose	p	
2Par	35	20	prose	p	
2Par	35	22	prose	p	
2Par	35	24	prose	p	
2Par	36	5	prose	p	
2Par	36	9	prose	p	
2Par	36	11	prose	p	
2Par	36	15	prose	p	
2Par	36	17	prose	p	
2Par	36	22	prose	p	
1Esd	1	2	prose	mi	
1Esd	1	5	prose	p	
1Esd	2	3	prose	p	
1Esd	2	36	prose	p	
1Esd	2	40	prose	p	
1Esd	2	43	prose	p	
1Esd	2	55	prose	p	
1Esd	2	59	prose	p	
1Esd	2	64	prose	p	
1Esd	2	68	prose	p	
1Esd	2	70	prose	p	
1Esd	3	8	prose	p	
1Esd	3	10	prose	p	
1Esd	3	12	prose	p	
1Esd	4	3	prose	p	
1Esd	4	4	prose	p	
1Esd	4	7	prose	p	
1Esd	4	11	prose	p	
1Esd	4	12	prose	pi1	
1Esd	4	17	prose	p	
1Esd	4	18	prose	pi1	
1Esd	4	23	prose	p	
1Esd	5	3	prose	p	
1Esd	5	6	prose	p	
1Esd	5	8	prose	pi1	
1Esd	5	17	prose	pi1	
1Esd	6	3	prose	pi1	
1Esd	6	6	prose	pi1	
1Esd	6	13	prose	p	
1Esd	6	14	prose	p	
1Esd	6	16	prose	p	
1Esd	6	19	prose	p	
1Esd	7	11	prose	p	
1Esd	7	12	prose	mi	
1Esd	7	13	prose	pi1	
1Esd	7	21	prose	pi1	
1Esd	7	24	prose	pi1	
1Esd	7	25	prose	pi1	
1Esd	7	27	prose	p	
1Esd	8	2	prose	li1	
1Esd	8	3	prose	li1	
1Esd	8	4	prose	li1	
1Esd	8	5	prose	li1	
1Esd	8	6	prose	li1	
1Esd	8	7	prose	li1	
1Esd	8	8	prose	li1	
1Esd	8	9	prose	li1	
1Esd	8	10	prose	li1	
1Esd	8	11	prose	li1	
1Esd	8	12	prose	li1	
1Esd	8	13	prose	li1	
1Esd	8	14	prose	li1	
1Esd	8	15	prose	p	
1Esd	8	21	prose	p	
1Esd	8	24	prose	p	
1Esd	8	30	prose	p	
1Esd	8	31	prose	p	
1Esd	8	35	prose	p	
1Esd	9	3	prose	p	
1Esd	9	5	prose	p	
1Esd	9	10	prose	p	
1Esd	9	13	prose	p	
1Esd	10	5	prose	p	
1Esd	10	9	prose	p	
1Esd	10	10	prose	p	
1Esd	10	12	prose	p	
1Esd	10	15	prose	p	
1Esd	10	16	prose	p	
1Esd	10	18	prose	p	
1Esd	10	19	prose	li1	
1Esd	10	20	prose	li1	
1Esd	10	21	prose	li1	
1Esd	10	22	prose	li1	
1Esd	10	23	prose	li1	
1Esd	10	24	prose	li1	
1Esd	10	25	prose	li1	
1Esd	10	26	prose	li1	
1Esd	10	27	prose	li1	
1Esd	10	28	prose	li1	
1Esd	10	29	prose	li1	
1Esd	10	30	prose	li1	
1Esd	10	31	prose	li1	
1Esd	10	33	prose	li1	
1Esd	10	34	prose	li1	
1Esd	10	43	prose	li1	
1Esd	10	44	prose	p	
2Esd	1	2	prose	p	
2Esd	1	4	prose	p	
2Esd	1	8	prose	p	
2Esd	1	10	prose	p	
2Esd	2	3	prose	p	
2Esd	2	4	prose	p	
2Esd	2	5	prose	p	
2Esd	2	6	prose	p	
2Esd	2	7	prose	p	
2Esd	2	9	prose	p	
2Esd	2	11	prose	p	
2Esd	2	17	prose	p	
2Esd	2	19	prose	p	
2Esd	2	20	prose	p	
2Esd	3	3	prose	p	
2Esd	3	6	prose	p	
2Esd	3	13	prose	p	
2Esd	3	14	prose	p	
2Esd	3	15	prose	p	
2Esd	3	28	prose	p	
2Esd	4	3	prose	p	
2Esd	4	4	prose	p	
2Esd	4	6	prose	p	
2Esd	4	7	prose	p	
2Esd	4	10	prose	p	
2Esd	4	12	prose	p	
2Esd	4	13	prose	p	
2Esd	4	15	prose	p	
2Esd	4	21	prose	p	
2Esd	5	6	prose	p	
2Esd	5	12	prose	p	
2Esd	5	13	prose	p	
2Esd	5	14	prose	p	
2Esd	6	3	prose	p	
2Esd	6	4	prose	p	
2Esd	6	8	prose	p	
2Esd	6	10	prose	p	
2Esd	6	11	prose	p	
2Esd	6	15	prose	p	
2Esd	7	4	prose	p	
2Esd	7	5	prose	p	
2Esd	7	6	prose	p	
2Esd	7	8	prose	li1	
2Esd	7	9	prose	li1	
2Esd	7	10	prose	li1	
2Esd	7	11	prose	li1	
2Esd	7	12	prose	li1	
2Esd	7	13	prose	li1	
2Esd	7	14	prose	li1	
2Esd	7	15	prose	li1	
2Esd	7	16	prose	li1	
2Esd	7	17	prose	li1	
2Esd	7	18	prose	li1	
2Esd	7	19	prose	li1	
2Esd	7	20	prose	li1	
2Esd	7	21	prose	li1	
2Esd	7	22	prose	li1	
2Esd	7	23	prose	li1	
2Esd	7	24	prose	li1	
2Esd	7	25	prose	li1	
2Esd	7	26	prose	li1	
2Esd	7	27	prose	li1	
2Esd	7	28	prose	li1	
2Esd	7	29	prose	li1	
2Esd	7	30	prose	li1	
2Esd	7	31	prose	li1	
2Esd	7	32	prose	li1	
2Esd	7	33	prose	li1	
2Esd	7	34	prose	li1	
2Esd	7	35	prose	li1	
2Esd	7	36	prose	li1	
2Esd	7	37	prose	li1	
2Esd	7	38	prose	li1	
2Esd	7	39	prose	li1	
2Esd	7	40	prose	li1	
2Esd	7	41	prose	li1	
2Esd	7	42	prose	li1	
2Esd	7	43	prose	li1	
2Esd	7	44	prose	li1	
2Esd	7	45	prose	li1	
2Esd	7	46	prose	p	
2Esd	7	57	prose	p	
2Esd	7	61	prose	p	
2Esd	7	62	prose	li1	
2Esd	7	63	prose	li1	
2Esd	7	64	prose	p	
2Esd	7	66	prose	p	
2Esd	7	70	prose	p	
2Esd	7	73	prose	p	
2Esd	8	7	prose	p	
2Esd	8	9	prose	p	
2Esd	8	11	prose	p	
2Esd	8	12	prose	p	
2Esd	8	13	prose	p	
2Esd	8	16	prose	p	
2Esd	9	5	prose	p	
2Esd	9	9	prose	p	
2Esd	9	13	prose	p	
2Esd	9	16	prose	p	
2Esd	9	21	prose	p	
2Esd	9	24	prose	p	
2Esd	9	26	prose	p	
2Esd	9	31	prose	p	
2Esd	9	32	prose	p	
2Esd	9	36	prose	p	
2Esd	10	28	prose	p	
2Esd	10	32	prose	p	
2Esd	11	3	prose	p	
2Esd	11	7	prose	p	
2Esd	11	10	prose	p	
2Esd	11	15	prose	p	
2Esd	11	19	prose	p	
2Esd	11	22	prose	p	
2Esd	11	25	prose	p	
2Esd	12	8	prose	p	
2Esd	12	12	prose	p	
2Esd	12	22	prose	p	
2Esd	12	27	prose	p	
2Esd	12	31	prose	p	
2Esd	12	38	prose	p	
2Esd	12	44	prose	p	
2Esd	13	4	prose	p	
2Esd	13	10	prose	p	
2Esd	13	14	prose	p	
2Esd	13	15	prose	p	
2Esd	13	19	prose	p	
2Esd	13	23	prose	p	
2Esd	13	28	prose	p	
2Esd	13	30	prose	p	
Tob	1	3	prose	p	
Tob	1	15	prose	p	
Tob	2	3	prose	p	
Tob	2	7	prose	p	
Tob	2	11	prose	p	
Tob	3	2	prose	p	
Tob	3	7	prose	p	
Tob	3	16	prose	p	
Tob	4	4	prose	p	
Tob	5	3	prose	p	
Tob	5	4	prose	p	
Tob	5	6	prose	p	
Tob	5	7	prose	p	
Tob	5	8	prose	p	
Tob	5	9	prose	p	
Tob	5	11	prose	p	
Tob	5	12	prose	p	
Tob	5	13	prose	p	
Tob	5	16	prose	p	
Tob	5	17	prose	p	
Tob	5	20	prose	p	
Tob	5	22	prose	p	
Tob	6	4	prose	p	
Tob	6	6	prose	p	
Tob	6	7	prose	p	
Tob	6	9	prose	p	
Tob	6	13	prose	p	
Tob	6	15	prose	p	
Tob	7	4	prose	p	
Tob	7	5	prose	p	
Tob	7	6	prose	p	
Tob	7	9	prose	p	
Tob	7	12	prose	p	
Tob	7	16	prose	p	
Tob	8	8	prose	p	
Tob	8	9	prose	p	
Tob	8	13	prose	p	
Tob	8	15	prose	p	
Tob	8	18	prose	p	
Tob	10	4	prose	p	
Tob	10	7	prose	p	
Tob	10	8	prose	p	
Tob	10	10	prose	p	
Tob	11	5	prose	p	
Tob	11	7	prose	p	
Tob	11	9	prose	p	
Tob	11	10	prose	p	
Tob	11	14	prose	p	
Tob	11	16	prose	p	
Tob	12	2	prose	p	
Tob	12	4	prose	p	
Tob	12	5	prose	p	
Tob	12	6	prose	p	
Tob	12	16	prose	p	
Tob	13	2	poetry	q1	
Tob	13	3	poetry	q1	
Tob	13	4	poetry	q1	
Tob	13	5	poetry	q1	
Tob	13	6	poetry	q1	
Tob	13	7	poetry	q1	
Tob	13	8	poetry	q1	
Tob	13	9	poetry	q1	
Tob	13	10	poetry	q1	
Tob	13	11	poetry	q1	
Tob	13	12	poetry	q1	
Tob	13	13	poetry	q1	
Tob	13	14	poetry	q1	
Tob	13	15	poetry	q2	
Tob	13	16	poetry	q1	
Tob	13	17	poetry	q1	
Tob	13	18	poetry	q2	
Tob	14	3	prose	p	
Tob	14	12	prose	p	
Jdt	1	7	prose	p	
Jdt	1	12	prose	p	
Jdt	2	4	prose	p	
Jdt	2	14	prose	p	
Jdt	2	21	prose	p	
Jdt	2	28	prose	p	
Jdt	3	5	prose	p	
Jdt	3	6	prose	p	
Jdt	3	9	prose	p	
Jdt	4	4	prose	p	
Jdt	4	9	prose	p	
Jdt	5	5	prose	p	
Jdt	5	17	prose	p	
Jdt	5	20	prose	p	
Jdt	5	22	prose	p	
Jdt	6	2	prose	p	
Jdt	6	5	prose	p	
Jdt	6	10	prose	p	
Jdt	6	14	prose	p	
Jdt	7	4	prose	p	
Jdt	7	6	prose	p	
Jdt	7	8	prose	p	
Jdt	7	16	prose	p	
Jdt	7	19	prose	p	
Jdt	7	23	prose	p	
Jdt	7	29	prose	p	
Jdt	8	9	prose	p	
Jdt	8	28	prose	p	
Jdt	8	32	prose	p	
Jdt	8	35	prose	p	
Jdt	10	6	prose	p	
Jdt	10	9	prose	p	
Jdt	10	10	prose	p	
Jdt	10	11	prose	p	
Jdt	10	13	prose	p	
Jdt	10	14	prose	p	
Jdt	10	18	prose	p	
Jdt	10	20	prose	p	
Jdt	11	5	prose	p	
Jdt	11	20	prose	p	
Jdt	11	22	prose	p	
Jdt	12	2	prose	p	
Jdt	12	3	prose	p	
Jdt	12	4	prose	p	
Jdt	12	7	prose	p	
Jdt	12	10	prose	p	
Jdt	12	13	prose	p	
Jdt	12	14	prose	p	
Jdt	12	16	prose	p	
Jdt	12	18	prose	p	
Jdt	13	11	prose	p	
Jdt	13	12	prose	p	
Jdt	13	15	prose	p	
Jdt	13	17	prose	p	
Jdt	13	18	prose	p	
Jdt	14	6	prose	p	
Jdt	14	9	prose	p	
Jdt	14	11	prose	p	
Jdt	14	14	prose	p	
Jdt	14	19	prose	p	
Jdt	15	8	prose	p	
Jdt	15	11	prose	p	
Jdt	15	12	prose	p	
Jdt	16	3	poetry	q1	
Jdt	16	4	poetry	q1	
Jdt	16	5	poetry	q1	
Jdt	16	6	poetry	q1	
Jdt	16	7	poetry	q2	
Jdt	16	8	poetry	q1	
Jdt	16	9	poetry	q1	
Jdt	16	10	poetry	q1	
Jdt	16	11	poetry	q1	
Jdt	16	12	poetry	q1	
Jdt	16	13	poetry	q1	
Jdt	16	14	poetry	q1	
Jdt	16	15	poetry	q1	
Jdt	16	16	poetry	q1	
Jdt	16	17	poetry	q1	
Jdt	16	18	prose	p	
Jdt	16	20	prose	p	
Jdt	16	21	prose	p	
Esth	1	2	prose	p	
Esth	1	9	prose	p	
Esth	1	14	prose	p	
Esth	2	5	prose	p	
Esth	2	12	prose	p	
Esth	2	19	prose	p	
Esth	2	21	prose	p	
Esth	3	7	prose	p	
Esth	3	10	prose	p	
Esth	3	14	prose	p	
Esth	4	9	prose	p	
Esth	4	12	prose	p	
Esth	4	15	prose	p	
Esth	4	17	prose	p	
Esth	4	28	prose	p	
Esth	5	2	prose	p	
Esth	5	3	prose	p	
Esth	5	4	prose	p	
Esth	5	5	prose	p	
Esth	5	7	prose	p	
Esth	5	9	prose	p	
Esth	5	14	prose	p	
Esth	6	4	prose	p	
Esth	6	6	prose	p	
Esth	6	7	prose	p	
Esth	6	10	prose	p	
Esth	6	11	prose	p	
Esth	6	13	prose	p	
Esth	7	3	prose	p	
Esth	7	5	prose	p	
Esth	7	6	prose	p	
Esth	7	7	prose	p	
Esth	7	9	prose	p	
Esth	7	10	prose	p	
Esth	8	7	prose	p	
Esth	8	14	prose	p	
Esth	8	15	prose	p	
Esth	9	12	prose	p	
Esth	9	13	prose	p	
Esth	9	14	prose	p	
Esth	9	16	prose	p	
Esth	9	18	prose	p	
Esth	9	20	prose	p	
Esth	9	29	prose	p	
Esth	10	3	prose	p	
Job	1	6	prose	p	
Job	1	8	prose	p	
Job	1	9	prose	p	
Job	1	12	prose	p	
Job	1	13	prose	p	
Job	1	16	prose	p	
Job	1	17	prose	p	
Job	1	18	prose	p	
Job	1	20	prose	p	
Job	2	3	prose	p	
Job	2	4	prose	p	
Job	2	6	prose	p	
Job	2	7	prose	p	
Job	2	10	prose	p	
Job	2	11	prose	p	
Job	3	3	poetry	q1	
Job	3	4	poetry	q1	
Job	3	5	poetry	q1	
Job	3	6	poetry	q1	
Job	3	7	poetry	q1	
Job	3	8	poetry	q1	
Job	3	9	poetry	q1	
Job	3	10	poetry	q1	
Job	3	11	poetry	q1	
Job	3	12	poetry	q1	
Job	3	13	poetry	q1	
Job	3	14	poetry	q1	
Job	3	15	poetry	q1	
Job	3	16	poetry	q1	
Job	3	17	poetry	q1	
Job	3	18	poetry	q1	
Job	3	19	poetry	q1	
Job	3	20	poetry	q1	
Job	3	21	poetry	q1	
Job	3	22	poetry	q1	
Job	3	23	poetry	q1	
Job	3	24	poetry	q1	
Job	3	25	poetry	q1	
Job	3	26	poetry	q1	
Job	4	2	poetry	q1	
Job	4	3	poetry	q1	
Job	4	4	poetry	q1	
Job	4	5	poetry	q1	
Job	4	6	poetry	q1	
Job	4	7	poetry	q1	
Job	4	8	poetry	q1	
Job	4	9	poetry	q1	
Job	4	10	poetry	q1	
Job	4	11	poetry	q1	
Job	4	12	poetry	q1	
Job	4	13	poetry	q1	
Job	4	14	poetry	q1	
Job	4	15	poetry	q1	
Job	4	16	poetry	q1	
Job	4	17	poetry	q1	
Job	4	18	poetry	q1	
Job	4	19	poetry	q1	
Job	4	20	poetry	q1	
Job	4	21	poetry	q1	
Job	5	2	poetry	q1	
Job	5	3	poetry	q1	
Job	5	4	poetry	q1	
Job	5	5	poetry	q1	
Job	5	6	poetry	q1	
Job	5	7	poetry	q1	
Job	5	8	poetry	q1	
Job	5	9	poetry	q1	
Job	5	10	poetry	q1	
Job	5	11	poetry	q1	
Job	5	12	poetry	q1	
Job	5	13	poetry	q1	
Job	5	14	poetry	q1	
Job	5	15	poetry	q1	
Job	5	16	poetry	q1	
Job	5	17	poetry	q1	
Job	5	18	poetry	q1	
Job	5	19	poetry	q1	
Job	5	20	poetry	q1	
Job	5	21	poetry	q1	
Job	5	22	poetry	q1	
Job	5	23	poetry	q1	
Job	5	24	poetry	q1	
Job	5	25	poetry	q1	
Job	5	26	poetry	q1	
Job	5	27	poetry	q1	
Job	6	2	poetry	q1	
Job	6	3	poetry	q1	
Job	6	4	poetry	q1	
Job	6	5	poetry	q2	
Job	6	6	poetry	q2	
Job	6	7	poetry	q2	
Job	6	8	poetry	q1	
Job	6	9	poetry	q1	
Job	6	10	poetry	q1	
Job	6	11	poetry	q1	
Job	6	12	poetry	q1	
Job	6	13	poetry	q1	
Job	6	14	poetry	q1	
Job	6	15	poetry	q1	
Job	6	16	poetry	q1	
Job	6	17	poetry	q1	
Job	6	18	poetry	q1	
Job	6	19	poetry	q1	
Job	6	20	poetry	q1	
Job	6	21	poetry	q1	
Job	6	22	poetry	q1	
Job	6	23	poetry	q1	
Job	6	24	poetry	q1	
Job	6	25	poetry	q1	
Job	6	26	poetry	q1	
Job	6	27	poetry	q1	
Job	6	28	poetry	q1	
Job	6	29	poetry	q1	
Job	6	30	poetry	q1	
Job	7	2	poetry	q1	
Job	7	3	poetry	q1	
Job	7	4	poetry	q1	
Job	7	5	poetry	q1	
Job	7	6	poetry	q1	
Job	7	7	poetry	q1	
Job	7	8	poetry	q1	
Job	7	9	poetry	q1	
Job	7	10	poetry	q1	
Job	7	11	poetry	q1	
Job	7	12	poetry	q1	
Job	7	13	poetry	q1	
Job	7	14	poetry	q1	
Job	7	15	poetry	q1	
Job	7	16	poetry	q1	
Job	7	17	poetry	q1	
Job	7	18	poetry	q1	
Job	7	19	poetry	q1	
Job	7	20	poetry	q1	
Job	7	21	poetry	q1	
Job	8	2	poetry	q1	
Job	8	3	poetry	q1	
Job	8	4	poetry	q1	
Job	8	5	poetry	q1	
Job	8	6	poetry	q1	
Job	8	7	poetry	q2	
Job	8	8	poetry	q1	
Job	8	9	poetry	q1	
Job	8	10	poetry	q1	
Job	8	11	poetry	q1	
Job	8	12	poetry	q1	
Job	8	13	poetry	q1	
Job	8	14	poetry	q1	
Job	8	15	poetry	q1	
Job	8	16	poetry	q1	
Job	8	17	poetry	q1	
Job	8	18	poetry	q1	
Job	8	19	poetry	q1	
Job	8	20	poetry	q1	
Job	8	21	poetry	q1	
Job	8	22	poetry	q1	
Job	9	2	poetry	q1	
Job	9	3	poetry	q1	
Job	9	4	poetry	q1	
Job	9	5	poetry	q1	
Job	9	6	poetry	q1	
Job	9	7	poetry	q1	
Job	9	8	poetry	q1	
Job	9	9	poetry	q1	
Job	9	10	poetry	q1	
Job	9	11	poetry	q1	
Job	9	12	poetry	q1	
Job	9	13	poetry	q1	
Job	9	14	poetry	q1	
Job	9	15	poetry	q1	
Job	9	16	poetry	q1	
Job	9	17	poetry	q1	
Job	9	18	poetry	q1	
Job	9	19	poetry	q1	
Job	9	20	poetry	q1	
Job	9	21	poetry	q1	
Job	9	22	poetry	q1	
Job	9	23	poetry	q1	
Job	9	24	poetry	q1	
Job	9	25	poetry	q1	
Job	9	26	poetry	q1	
Job	9	27	poetry	q1	
Job	9	28	poetry	q1	
Job	9	29	poetry	q1	
Job	9	30	poetry	q1	
Job	9	31	poetry	q1	
Job	9	32	poetry	q1	
Job	9	33	poetry	q1	
Job	9	34	poetry	q1	
Job	9	35	poetry	q1	
Job	10	2	poetry	q1	
Job	10	3	poetry	q1	
Job	10	4	poetry	q1	
Job	10	5	poetry	q1	
Job	10	6	poetry	q1	
Job	10	7	poetry	q1	
Job	10	8	poetry	q1	
Job	10	9	poetry	q1	
Job	10	10	poetry	q1	
Job	10	11	poetry	q1	
Job	10	12	poetry	q1	
Job	10	13	poetry	q1	
Job	10	14	poetry	q1	
Job	10	15	poetry	q1	
Job	10	16	poetry	q1	
Job	10	17	poetry	q1	
Job	10	18	poetry	q1	
Job	10	19	poetry	q1	
Job	10	20	poetry	q1	
Job	10	21	poetry	q2	
Job	10	22	poetry	q1	
Job	11	2	poetry	q1	
Job	11	3	poetry	q1	
Job	11	4	poetry	q1	
Job	11	5	poetry	q1	
Job	11	6	poetry	q1	
Job	11	7	poetry	q1	
Job	11	8	poetry	q1	
Job	11	9	poetry	q1	
Job	11	10	poetry	q1	
Job	11	11	poetry	q1	
Job	11	12	poetry	q1	
Job	11	13	poetry	q1	
Job	11	14	poetry	q1	
Job	11	15	poetry	q1	
Job	11	16	poetry	q2	
Job	11	17	poetry	q1	
Job	11	18	poetry	q1	
Job	11	19	poetry	q1	
Job	11	20	poetry	q1	
Job	12	2	poetry	q1	
Job	12	3	poetry	q1	
Job	12	4	poetry	q1	
Job	12	5	poetry	q1	
Job	12	6	poetry	q1	
Job	12	7	poetry	q1	
Job	12	8	poetry	q1	
Job	12	9	poetry	q1	
Job	12	10	poetry	q1	
Job	12	11	poetry	q1	
Job	12	12	poetry	q1	
Job	12	13	poetry	q1	
Job	12	14	poetry	q1	
Job	12	15	poetry	q1	
Job	12	16	poetry	q1	
Job	12	17	poetry	q1	
Job	12	18	poetry	q1	
Job	12	19	poetry	q1	
Job	12	20	poetry	q1	
Job	12	21	poetry	q1	
Job	12	22	poetry	q1	
Job	12	23	poetry	q1	
Job	12	24	poetry	q1	
Job	12	25	poetry	q1	
Job	13	2	poetry	q1	
Job	13	3	poetry	q1	
Job	13	4	poetry	q1	
Job	13	5	poetry	q1	
Job	13	6	poetry	q1	
Job	13	7	poetry	q1	
Job	13	8	poetry	q1	
Job	13	9	poetry	q1	
Job	13	10	poetry	q1	
Job	13	11	poetry	q1	
Job	13	12	poetry	q1	
Job	13	13	poetry	q1	
Job	13	14	poetry	q1	
Job	13	15	poetry	q1	
Job	13	16	poetry	q1	
Job	13	17	poetry	q1	
Job	13	18	poetry	q1	
Job	13	19	poetry	q1	
Job	13	20	poetry	q1	
Job	13	21	poetry	q1	
Job	13	22	poetry	q1	
Job	13	23	poetry	q1	
Job	13	24	poetry	q1	
Job	13	25	poetry	q1	
Job	13	26	poetry	q1	
Job	13	27	poetry	q1	
Job	13	28	poetry	q1	
Job	14	2	poetry	q1	
Job	14	3	poetry	q1	
Job	14	4	poetry	q1	
Job	14	5	poetry	q2	
Job	14	6	poetry	q1	
Job	14	7	poetry	q1	
Job	14	8	poetry	q1	
Job	14	9	poetry	q1	
Job	14	10	poetry	q1	
Job	14	11	poetry	q1	
Job	14	12	poetry	q1	
Job	14	13	poetry	q1	
Job	14	14	poetry	q1	
Job	14	15	poetry	q1	
Job	14	16	poetry	q1	
Job	14	17	poetry	q1	
Job	14	18	poetry	q1	
Job	14	19	poetry	q1	
Job	14	20	poetry	q1	
Job	14	21	poetry	q1	
Job	14	22	poetry	q1	
Job	15	2	poetry	q1	
Job	15	3	poetry	q1	
Job	15	4	poetry	q1	
Job	15	5	poetry	q1	
Job	15	6	poetry	q1	
Job	15	7	poetry	q1	
Job	15	8	poetry	q1	
Job	15	9	poetry	q1	
Job	15	10	poetry	q1	
Job	15	11	poetry	q1	
Job	15	12	poetry	q1	
Job	15	13	poetry	q1	
Job	15	14	poetry	q1	
Job	15	15	poetry	q1	
Job	15	16	poetry	q1	
Job	15	17	poetry	q1	
Job	15	18	poetry	q1	
Job	15	19	poetry	q1	
Job	15	20	poetry	q1	
Job	15	21	poetry	q1	
Job	15	22	poetry	q1	
Job	15	23	poetry	q1	
Job	15	24	poetry	q1	
Job	15	25	poetry	q1	
Job	15	26	poetry	q1	
Job	15	27	poetry	q1	
Job	15	28	poetry	q1	
Job	15	29	poetry	q1	
Job	15	30	poetry	q1	
Job	15	31	poetry	q1	
Job	15	32	poetry	q1	
Job	15	33	poetry	q1	
Job	15	34	poetry	q1	
Job	15	35	poetry	q1	
Job	16	2	poetry	q1	
Job	16	3	poetry	q1	
Job	16	4	poetry	q1	
Job	16	5	poetry	q1	
Job	16	6	poetry	q1	
Job	16	7	poetry	q1	
Job	16	8	poetry	q1	
Job	16	9	poetry	q1	
Job	16	10	poetry	q1	
Job	16	11	poetry	q1	
Job	16	12	poetry	q1	
Job	16	13	poetry	q1	
Job	16	14	poetry	q1	
Job	16	15	poetry	q1	
Job	16	16	poetry	q1	
Job	16	17	poetry	q1	
Job	16	18	poetry	q1	
Job	16	19	poetry	q1	
Job	16	20	poetry	q1	
Job	16	21	poetry	q1	
Job	16	22	poetry	q1	
Job	17	2	poetry	q1	
Job	17	3	poetry	q1	
Job	17	4	poetry	q1	
Job	17	5	poetry	q1	
Job	17	6	poetry	q1	
Job	17	7	poetry	q1	
Job	17	8	poetry	q1	
Job	17	9	poetry	q1	
Job	17	10	poetry	q1	
Job	17	11	poetry	q1	
Job	17	12	poetry	q1	
Job	17	13	poetry	q1	
Job	17	14	poetry	q1	
Job	17	15	poetry	q1	
Job	17	16	poetry	q1	
Job	18	2	poetry	q1	
Job	18	3	poetry	q1	
Job	18	4	poetry	q1	
Job	18	5	poetry	q1	
Job	18	6	poetry	q1	
Job	18	7	poetry	q1	
Job	18	8	poetry	q1	
Job	18	9	poetry	q1	
Job	18	10	poetry	q1	
Job	18	11	poetry	q1	
Job	18	12	poetry	q1	
Job	18	13	poetry	q1	
Job	18	14	poetry	q1	
Job	18	15	poetry	q1	
Job	18	16	poetry	q1	
Job	18	17	poetry	q1	
Job	18	18	poetry	q1	
Job	18	19	poetry	q1	
Job	18	20	poetry	q1	
Job	18	21	poetry	q1	
Job	19	2	poetry	q1	
Job	19	3	poetry	q1	
Job	19	4	poetry	q1	
Job	19	5	poetry	q1	
Job	19	6	poetry	q1	
Job	19	7	poetry	q1	
Job	19	8	poetry	q1	
Job	19	9	poetry	q1	
Job	19	10	poetry	q1	
Job	19	11	poetry	q1	
Job	19	12	poetry	q1	
Job	19	13	poetry	q1	
Job	19	14	poetry	q1	
Job	19	15	poetry	q1	
Job	19	16	poetry	q1	
Job	19	17	poetry	q1	
Job	19	18	poetry	q1	
Job	19	19	poetry	q1	
Job	19	20	poetry	q1	
Job	19	21	poetry	q1	
Job	19	22	poetry	q1	
Job	19	23	poetry	q1	
Job	19	24	poetry	q1	
Job	19	25	poetry	q1	
Job	19	26	poetry	q1	
Job	19	27	poetry	q1	
Job	19	28	poetry	q1	
Job	19	29	poetry	q1	
Job	20	2	poetry	q1	
Job	20	3	poetry	q1	
Job	20	4	poetry	q1	
Job	20	5	poetry	q1	
Job	20	6	poetry	q1	
Job	20	7	poetry	q1	
Job	20	8	poetry	q1	
Job	20	9	poetry	q1	
Job	20	10	poetry	q1	
Job	20	11	poetry	q1	
Job	20	12	poetry	q1	
Job	20	13	poetry	q1	
Job	20	14	poetry	q1	
Job	20	15	poetry	q1	
Job	20	16	poetry	q1	
Job	20	17	poetry	q1	
Job	20	18	poetry	q1	
Job	20	19	poetry	q1	
Job	20	20	poetry	q1	
Job	20	21	poetry	q1	
Job	20	22	poetry	q1	
Job	20	23	poetry	q1	
Job	20	24	poetry	q1	
Job	20	25	poetry	q1	
Job	20	26	poetry	q1	
Job	20	27	poetry	q1	
Job	20	28	poetry	q1	
Job	20	29	poetry	q1	
Job	21	2	poetry	q1	
Job	21	3	poetry	q1	
Job	21	4	poetry	q1	
Job	21	5	poetry	q1	
Job	21	6	poetry	q1	
Job	21	7	poetry	q1	
Job	21	8	poetry	q1	
Job	21	9	poetry	q1	
Job	21	10	poetry	q1	
Job	21	11	poetry	q1	
Job	21	12	poetry	q1	
Job	21	13	poetry	q1	
Job	21	14	poetry	q1	
Job	21	15	poetry	q1	
Job	21	16	poetry	q1	
Job	21	17	poetry	q1	
Job	21	18	poetry	q1	
Job	21	19	poetry	q1	
Job	21	20	poetry	q1	
Job	21	21	poetry	q1	
Job	21	22	poetry	q1	
Job	21	23	poetry	q1	
Job	21	24	poetry	q1	
Job	21	25	poetry	q1	
Job	21	26	poetry	q1	
Job	21	27	poetry	q1	
Job	21	28	poetry	q1	
Job	21	29	poetry	q1	
Job	21	30	poetry	q1	
Job	21	31	poetry	q1	
Job	21	32	poetry	q1	
Job	21	33	poetry	q1	
Job	21	34	poetry	q1	
Job	22	2	poetry	q1	
Job	22	3	poetry	q1	
Job	22	4	poetry	q1	
Job	22	5	poetry	q1	
Job	22	6	poetry	q1	
Job	22	7	poetry	q1	
Job	22	8	poetry	q1	
Job	22	9	poetry	q1	
Job	22	10	poetry	q1	
Job	22	11	poetry	q1	
Job	22	12	poetry	q1	
Job	22	13	poetry	q1	
Job	22	14	poetry	q1	
Job	22	15	poetry	q1	
Job	22	16	poetry	q1	
Job	22	17	poetry	q1	
Job	22	18	poetry	q1	
Job	22	19	poetry	q1	
Job	22	20	poetry	q1	
Job	22	21	poetry	q1	
Job	22	22	poetry	q1	
Job	22	23	poetry	q1	
Job	22	24	poetry	q1	
Job	22	25	poetry	q1	
Job	22	26	poetry	q1	
Job	22	27	poetry	q1	
Job	22	28	poetry	q1	
Job	22	29	poetry	q1	
Job	22	30	poetry	q1	
Job	23	2	poetry	q1	
Job	23	3	poetry	q1	
Job	23	4	poetry	q1	
Job	23	5	poetry	q1	
Job	23	6	poetry	q1	
Job	23	7	poetry	q1	
Job	23	8	poetry	q1	
Job	23	9	poetry	q1	
Job	23	10	poetry	q1	
Job	23	11	poetry	q1	
Job	23	12	poetry	q1	
Job	23	13	poetry	q1	
Job	23	14	poetry	q1	
Job	23	15	poetry	q1	
Job	23	16	poetry	q1	
Job	23	17	poetry	q1	
Job	24	2	poetry	q1	
Job	24	3	poetry	q1	
Job	24	4	poetry	q1	
Job	24	5	poetry	q1	
Job	24	6	poetry	q2	
Job	24	7	poetry	q2	
Job	24	8	poetry	q2	
Job	24	9	poetry	q2	
Job	24	10	poetry	q2	
Job	24	11	poetry	q1	
Job	24	12	poetry	q1	
Job	24	13	poetry	q1	
Job	24	14	poetry	q1	
Job	24	15	poetry	q1	
Job	24	16	poetry	q1	
Job	24	17	poetry	q1	
Job	24	18	poetry	q1	
Job	24	19	poetry	q1	
Job	24	20	poetry	q1	
Job	24	21	poetry	q1	
Job	24	22	poetry	q1	
Job	24	23	poetry	q1	
Job	24	24	poetry	q1	
Job	24	25	poetry	q1	
Job	25	2	poetry	q1	
Job	25	3	poetry	q1	
Job	25	4	poetry	q1	
Job	25	5	poetry	q1	
Job	25	6	poetry	q1	
Job	26	2	poetry	q1	
Job	26	3	poetry	q1	
Job	26	4	poetry	q1	
Job	26	5	poetry	q1	
Job	26	6	poetry	q1	
Job	26	7	poetry	q1	
Job	26	8	poetry	q1	
Job	26	9	poetry	q1	
Job	26	10	poetry	q1	
Job	26	11	poetry	q1	
Job	26	12	poetry	q1	
Job	26	13	poetry	q1	
Job	26	14	poetry	q1	
Job	27	2	poetry	q1	
Job	27	3	poetry	q1	
Job	27	4	poetry	q1	
Job	27	5	poetry	q1	
Job	27	6	poetry	q1	
Job	27	7	poetry	q1	
Job	27	8	poetry	q1	
Job	27	9	poetry	q1	
Job	27	10	poetry	q1	
Job	27	11	poetry	q1	
Job	27	12	poetry	q1	
Job	27	13	poetry	q1	
Job	27	14	poetry	q1	
Job	27	15	poetry	q1	
Job	27	16	poetry	q1	
Job	27	17	poetry	q1	
Job	27	18	poetry	q1	
Job	27	19	poetry	q1	
Job	27	20	poetry	q1	
Job	27	21	poetry	q1	
Job	27	22	poetry	q1	
Job	27	23	poetry	q1	
Job	28	2	poetry	q1	
Job	28	3	poetry	q1	
Job	28	4	poetry	q1	
Job	28	5	poetry	q1	
Job	28	6	poetry	q1	
Job	28	7	poetry	q1	
Job	28	8	poetry	q1	
Job	28	9	poetry	q1	
Job	28	10	poetry	q1	
Job	28	11	poetry	q1	
Job	28	12	poetry	q1	
Job	28	13	poetry	q1	
Job	28	14	poetry	q1	
Job	28	15	poetry	q1	
Job	28	16	poetry	q1	
Job	28	17	poetry	q1	
Job	28	18	poetry	q1	
Job	28	19	poetry	q1	
Job	28	20	poetry	q1	
Job	28	21	poetry	q1	
Job	28	22	poetry	q1	
Job	28	23	poetry	q1	
Job	28	24	poetry	q1	
Job	28	25	poetry	q1	
Job	28	26	poetry	q1	
Job	28	27	poetry	q1	
Job	28	28	poetry	q1	
Job	29	2	poetry	q1	
Job	29	3	poetry	q1	
Job	29	4	poetry	q1	
Job	29	5	poetry	q1	
Job	29	6	poetry	q1	
Job	29	7	poetry	q1	
Job	29	8	poetry	q1	
Job	29	9	poetry	q1	
Job	29	10	poetry	q1	
Job	29	11	poetry	q1	
Job	29	12	poetry	q1	
Job	29	13	poetry	q1	
Job	29	14	poetry	q1	
Job	29	15	poetry	q1	
Job	29	16	poetry	q1	
Job	29	17	poetry	q1	
Job	29	18	poetry	q1	
Job	29	19	poetry	q1	
Job	29	20	poetry	q1	
Job	29	21	poetry	q1	
Job	29	22	poetry	q1	
Job	29	23	poetry	q1	
Job	29	24	poetry	q1	
Job	29	25	poetry	q1	
Job	30	2	poetry	q1	
Job	30	3	poetry	q1	
Job	30	4	poetry	q1	
Job	30	5	poetry	q1	
Job	30	6	poetry	q1	
Job	30	7	poetry	q1	
Job	30	8	poetry	q1	
Job	30	9	poetry	q1	
Job	30	10	poetry	q1	
Job	30	11	poetry	q1	
Job	30	12	poetry	q1	
Job	30	13	poetry	q1	
Job	30	14	poetry	q1	
Job	30	15	poetry	q1	
Job	30	16	poetry	q1	
Job	30	17	poetry	q1	
Job	30	18	poetry	q1	
Job	30	19	poetry	q1	
Job	30	20	poetry	q1	
Job	30	21	poetry	q1	
Job	30	22	poetry	q1	
Job	30	23	poetry	q1	
Job	30	24	poetry	q1	
Job	30	25	poetry	q1	
Job	30	26	poetry	q1	
Job	30	27	poetry	q1	
Job	30	28	poetry	q1	
Job	30	29	poetry	q1	
Job	30	30	poetry	q1	
Job	30	31	poetry	q1	
Job	31	2	poetry	q1	
Job	31	3	poetry	q1	
Job	31	4	poetry	q1	
Job	31	5	poetry	q1	
Job	31	6	poetry	q1	
Job	31	7	poetry	q1	
Job	31	8	poetry	q1	
Job	31	9	poetry	q1	
Job	31	10	poetry	q1	
Job	31	11	poetry	q1	
Job	31	12	poetry	q1	
Job	31	13	poetry	q1	
Job	31	14	poetry	q1	
Job	31	15	poetry	q1	
Job	31	16	poetry	q1	
Job	31	17	poetry	q1	
Job	31	18	poetry	q1	
Job	31	19	poetry	q1	
Job	31	20	poetry	q1	
Job	31	21	poetry	q1	
Job	31	22	poetry	q1	
Job	31	23	poetry	q1	
Job	31	24	poetry	q1	
Job	31	25	poetry	q1	
Job	31	26	poetry	q1	
Job	31	27	poetry	q1	
Job	31	28	poetry	q1	
Job	31	29	poetry	q1	
Job	31	30	poetry	q1	
Job	31	31	poetry	q1	
Job	31	32	poetry	q1	
Job	31	33	poetry	q1	
Job	31	34	poetry	q1	
Job	31	35	poetry	q1	
Job	31	36	poetry	q1	
Job	31	37	poetry	q1	
Job	31	38	poetry	q1	
Job	31	39	poetry	q1	
Job	31	40	poetry	q1	
Job	32	6	prose	p	
Job	32	7	poetry	q1	
Job	32	8	poetry	q1	
Job	32	9	poetry	q1	
Job	32	10	poetry	q1	
Job	32	11	poetry	q1	
Job	32	12	poetry	q1	
Job	32	13	poetry	q1	
Job	32	14	poetry	q1	
Job	32	15	poetry	q1	
Job	32	16	poetry	q1	
Job	32	17	poetry	q1	
Job	32	18	poetry	q1	
Job	32	19	poetry	q1	
Job	32	20	poetry	q1	
Job	32	21	poetry	q1	
Job	32	22	poetry	q1	
Job	33	2	poetry	q1	
Job	33	3	poetry	q1	
Job	33	4	poetry	q1	
Job	33	5	poetry	q1	
Job	33	6	poetry	q1	
Job	33	7	poetry	q1	
Job	33	8	poetry	q1	
Job	33	9	poetry	q1	
Job	33	10	poetry	q1	
Job	33	11	poetry	q1	
Job	33	12	poetry	q1	
Job	33	13	poetry	q1	
Job	33	14	poetry	q1	
Job	33	15	poetry	q1	
Job	33	16	poetry	q1	
Job	33	17	poetry	q1	
Job	33	18	poetry	q1	
Job	33	19	poetry	q1	
Job	33	20	poetry	q1	
Job	33	21	poetry	q1	
Job	33	22	poetry	q1	
Job	33	23	poetry	q1	
Job	33	24	poetry	q1	
Job	33	25	poetry	q1	
Job	33	26	poetry	q1	
Job	33	27	poetry	q1	
Job	33	28	poetry	q1	
Job	33	29	poetry	q1	
Job	33	30	poetry	q1	
Job	33	31	poetry	q1	
Job	33	32	poetry	q1	
Job	33	33	poetry	q1	
Job	34	2	poetry	q1	
Job	34	3	poetry	q1	
Job	34	4	poetry	q1	
Job	34	5	poetry	q1	
Job	34	6	poetry	q1	
Job	34	7	poetry	q1	
Job	34	8	poetry	q1	
Job	34	9	poetry	q1	
Job	34	10	poetry	q1	
Job	34	11	poetry	q1	
Job	34	12	poetry	q1	
Job	34	13	poetry	q1	
Job	34	14	poetry	q1	
Job	34	15	poetry	q1	
Job	34	16	poetry	q1	
Job	34	17	poetry	q1	
Job	34	18	poetry	q1	
Job	34	19	poetry	q1	
Job	34	20	poetry	q1	
Job	34	21	poetry	q1	
Job	34	22	poetry	q1	
Job	34	23	poetry	q1	
Job	34	24	poetry	q1	
Job	34	25	poetry	q1	
Job	34	26	poetry	q1	
Job	34	27	poetry	q1	
Job	34	28	poetry	q1	
Job	34	29	poetry	q1	
Job	34	30	poetry	q1	
Job	34	31	poetry	q1	
Job	34	32	poetry	q1	
Job	34	33	poetry	q1	
Job	34	34	poetry	q1	
Job	34	35	poetry	q1	
Job	34	36	poetry	q1	
Job	34	37	poetry	q1	
Job	35	2	poetry	q1	
Job	35	3	poetry	q1	
Job	35	4	poetry	q1	
Job	35	5	poetry	q1	
Job	35	6	poetry	q1	
Job	35	7	poetry	q1	
Job	35	8	poetry	q1	
Job	35	9	poetry	q1	
Job	35	10	poetry	q1	
Job	35	11	poetry	q1	
Job	35	12	poetry	q1	
Job	35	13	poetry	q1	
Job	35	14	poetry	q1	
Job	35	15	poetry	q1	
Job	35	16	poetry	q1	
Job	36	2	poetry	q1	
Job	36	3	poetry	q1	
Job	36	4	poetry	q1	
Job	36	5	poetry	q1	
Job	36	6	poetry	q1	
Job	36	7	poetry	q1	
Job	36	8	poetry	q1	
Job	36	9	poetry	q1	
Job	36	10	poetry	q1	
Job	36	11	poetry	q1	
Job	36	12	poetry	q1	
Job	36	13	poetry	q1	
Job	36	14	poetry	q1	
Job	36	15	poetry	q1	
Job	36	16	poetry	q1	
Job	36	17	poetry	q1	
Job	36	18	poetry	q1	
Job	36	19	poetry	q1	
Job	36	20	poetry	q1	
Job	36	21	poetry	q1	
Job	36	22	poetry	q1	
Job	36	23	poetry	q1	
Job	36	24	poetry	q1	
Job	36	25	poetry	q1	
Job	36	26	poetry	q1	
Job	36	27	poetry	q1	
Job	36	28	poetry	q1	
Job	36	29	poetry	q1	
Job	36	30	poetry	q1	
Job	36	31	poetry	q1	
Job	36	32	poetry	q1	
Job	36	33	poetry	q1	
Job	37	2	poetry	q1	
Job	37	3	poetry	q1	
Job	37	4	poetry	q1	
Job	37	5	poetry	q1	
Job	37	6	poetry	q1	
Job	37	7	poetry	q1	
Job	37	8	poetry	q1	
Job	37	9	poetry	q1	
Job	37	10	poetry	q1	
Job	37	11	poetry	q1	
Job	37	12	poetry	q1	
Job	37	13	poetry	q1	
Job	37	14	poetry	q1	
Job	37	15	poetry	q1	
Job	37	16	poetry	q1	
Job	37	17	poetry	q1	
Job	37	18	poetry	q1	
Job	37	19	poetry	q1	
Job	37	20	poetry	q1	
Job	37	21	poetry	q1	
Job	37	22	poetry	q1	
Job	37	23	poetry	q1	
Job	37	24	poetry	q1	
Job	38	2	poetry	q1	
Job	38	3	poetry	q1	
Job	38	4	poetry	q1	
Job	38	5	poetry	q1	
Job	38	6	poetry	q1	
Job	38	7	poetry	q1	
Job	38	8	poetry	q1	
Job	38	9	poetry	q1	
Job	38	10	poetry	q1	
Job	38	11	poetry	q1	
Job	38	12	poetry	q1	
Job	38	13	poetry	q1	
Job	38	14	poetry	q1	
Job	38	15	poetry	q1	
Job	38	16	poetry	q1	
Job	38	17	poetry	q1	
Job	38	18	poetry	q1	
Job	38	19	poetry	q1	
Job	38	20	poetry	q1	
Job	38	21	poetry	q1	
Job	38	22	poetry	q1	
Job	38	23	poetry	q1	
Job	38	24	poetry	q1	
Job	38	25	poetry	q1	
Job	38	26	poetry	q1	
Job	38	27	poetry	q1	
Job	38	28	poetry	q1	
Job	38	29	poetry	q1	
Job	38	30	poetry	q1	
Job	38	31	poetry	q1	
Job	38	32	poetry	q1	
Job	38	33	poetry	q1	
Job	38	34	poetry	q1	
Job	38	35	poetry	q1	
Job	38	36	poetry	q1	
Job	38	37	poetry	q1	
Job	38	38	poetry	q1	
Job	38	39	poetry	q1	
Job	38	40	poetry	q1	
Job	38	41	poetry	q1	
Job	39	2	poetry	q1	
Job	39	3	poetry	q1	
Job	39	4	poetry	q1	
Job	39	5	poetry	q1	
Job	39	6	poetry	q1	
Job	39	7	poetry	q1	
Job	39	8	poetry	q1	
Job	39	9	poetry	q1	
Job	39	10	poetry	q1	
Job	39	11	poetry	q1	
Job	39	12	poetry	q1	
Job	39	13	poetry	q1	
Job	39	14	poetry	q1	
Job	39	15	poetry	q1	
Job	39	16	poetry	q1	
Job	39	17	poetry	q1	
Job	39	18	poetry	q1	
Job	39	19	poetry	q1	
Job	39	20	poetry	q1	
Job	39	21	poetry	q1	
Job	39	22	poetry	q1	
Job	39	23	poetry	q1	
Job	39	24	poetry	q1	
Job	39	25	poetry	q1	
Job	39	26	poetry	q1	
Job	39	27	poetry	q1	
Job	39	28	poetry	q1	
Job	39	29	poetry	q1	
Job	39	30	poetry	q1	
Job	40	2	poetry	q1	
Job	40	3	prose	p	
Job	40	4	poetry	q1	
Job	40	5	poetry	q1	
Job	40	6	prose	p	
Job	40	7	poetry	q1	
Job	40	8	poetry	q1	
Job	40	9	poetry	q1	
Job	40	10	poetry	q1	
Job	40	11	poetry	q1	
Job	40	12	poetry	q1	
Job	40	13	poetry	q1	
Job	40	14	poetry	q1	
Job	40	15	poetry	q1	
Job	40	16	poetry	q1	
Job	40	17	poetry	q1	
Job	40	18	poetry	q1	
Job	40	19	poetry	q1	
Job	40	20	poetry	q1	
Job	40	21	poetry	q1	
Job	40	22	poetry	q1	
Job	40	23	poetry	q1	
Job	40	24	poetry	q1	
Job	41	2	poetry	q1	
Job	41	3	poetry	q1	
Job	41	4	poetry	q1	
Job	41	5	poetry	q1	
Job	41	6	poetry	q1	
Job	41	7	poetry	q1	
Job	41	8	poetry	q1	
Job	41	9	poetry	q1	
Job	41	10	poetry	q1	
Job	41	11	poetry	q1	
Job	41	12	poetry	q1	
Job	41	13	poetry	q1	
Job	41	14	poetry	q1	
Job	41	15	poetry	q1	
Job	41	16	poetry	q1	
Job	41	17	poetry	q1	
Job	41	18	poetry	q1	
Job	41	19	poetry	q1	
Job	41	20	poetry	q1	
Job	41	21	poetry	q1	
Job	41	22	poetry	q1	
Job	41	23	poetry	q1	
Job	41	24	poetry	q1	
Job	41	25	poetry	q1	
Job	41	26	poetry	q1	
Job	41	27	poetry	q1	
Job	41	28	poetry	q1	
Job	41	29	poetry	q1	
Job	41	30	poetry	q1	
Job	41	31	poetry	q1	
Job	41	32	poetry	q1	
Job	41	33	poetry	q1	
Job	41	34	poetry	q1	
Job	42	2	poetry	q1	
Job	42	3	poetry	q1	
Job	42	4	poetry	q1	
Job	42	5	poetry	q1	
Job	42	6	poetry	q1	
Job	42	7	prose	p	
Job	42	9	prose	p	
Job	42	10	prose	p	
Job	42	12	prose	p	
Ps	1	2	poetry	q1	
Ps	1	3	poetry	q1	
Ps	1	4	poetry	q1	
Ps	1	5	poetry	q1	
Ps	1	6	poetry	q1	
Ps	2	2	poetry	q1	
Ps	2	3	poetry	q1	
Ps	2	4	poetry	q1	
Ps	2	5	poetry	q1	
Ps	2	6	poetry	q1	
Ps	2	7	poetry	q2	
Ps	2	8	poetry	q1	
Ps	2	9	poetry	q1	
Ps	2	10	poetry	q1	
Ps	2	11	poetry	q1	
Ps	2	12	poetry	q1	
Ps	3	2	poetry	q1	
Ps	3	3	poetry	q1	
Ps	3	4	poetry	q1	
Ps	3	5	poetry	q1	
Ps	3	6	poetry	q1	
Ps	3	7	poetry	q1	
Ps	3	8	poetry	q1	
Ps	4	2	poetry	q1	
Ps	4	3	poetry	q1	
Ps	4	4	poetry	q1	
Ps	4	5	poetry	q1	
Ps	4	6	poetry	q1	
Ps	4	7	poetry	q1	
Ps	4	8	poetry	q1	
Ps	5	2	poetry	q1	
Ps	5	3	poetry	q1	
Ps	5	4	poetry	q1	
Ps	5	5	poetry	q1	
Ps	5	6	poetry	q1	
Ps	5	7	poetry	q1	
Ps	5	8	poetry	q1	
Ps	5	9	poetry	q1	
Ps	5	10	poetry	q1	
Ps	5	11	poetry	q1	
Ps	5	12	poetry	q2	
Ps	6	2	poetry	q1	
Ps	6	3	poetry	q1	
Ps	6	4	poetry	q1	
Ps	6	5	poetry	q1	
Ps	6	6	poetry	q1	
Ps	6	7	poetry	q1	
Ps	6	8	poetry	q1	
Ps	6	9	poetry	q1	
Ps	6	10	poetry	q1	
Ps	7	2	poetry	q1	
Ps	7	3	poetry	q1	
Ps	7	4	poetry	q1	
Ps	7	5	poetry	q2	
Ps	7	6	poetry	q1	
Ps	7	7	poetry	q2	
Ps	7	8	poetry	q1	
Ps	7	9	poetry	q1	
Ps	7	10	poetry	q1	
Ps	7	11	poetry	q1	
Ps	7	12	poetry	q1	
Ps	7	13	poetry	q1	
Ps	7	14	poetry	q1	
Ps	7	15	poetry	q1	
Ps	7	16	poetry	q1	
Ps	7	17	poetry	q1	
Ps	8	2	poetry	q1	
Ps	8	3	poetry	q1	
Ps	8	4	poetry	q1	
Ps	8	5	poetry	q1	
Ps	8	6	poetry	q1	
Ps	8	7	poetry	q1	
Ps	8	8	poetry	q2	
Ps	8	9	poetry	q1	
Ps	9	2	poetry	q1	
Ps	9	3	poetry	q1	
Ps	9	4	poetry	q1	
Ps	9	5	poetry	q1	
Ps	9	6	poetry	q1	
Ps	9	7	poetry	q1	
Ps	9	8	poetry	q1	
Ps	9	9	poetry	q1	
Ps	9	10	poetry	q1	
Ps	9	11	poetry	q1	
Ps	9	12	poetry	q1	
Ps	9	13	poetry	q1	
Ps	9	14	poetry	q2	
Ps	9	15	poetry	q1	
Ps	9	16	poetry	q1	
Ps	9	17	poetry	q1	
Ps	9	18	poetry	q1	
Ps	9	19	poetry	q1	
Ps	9	20	poetry	q1	
Ps	10	2	poetry	q1	
Ps	10	3	poetry	q1	
Ps	10	4	poetry	q1	
Ps	10	5	poetry	q1	
Ps	10	6	poetry	q2	
Ps	10	7	poetry	q1	
Ps	10	8	poetry	q1	
Ps	10	9	poetry	q1	
Ps	10	10	poetry	q1	
Ps	10	11	poetry	q1	
Ps	10	12	poetry	q1	
Ps	10	13	poetry	q1	
Ps	10	14	poetry	q1	
Ps	10	15	poetry	q1	
Ps	10	16	poetry	q1	
Ps	10	17	poetry	q1	
Ps	10	18	poetry	q2	
Ps	11	2	poetry	q1	
Ps	11	3	poetry	q1	
Ps	11	4	poetry	q1	
Ps	11	5	poetry	q1	
Ps	11	6	poetry	q1	
Ps	11	7	poetry	q1	
Ps	12	2	poetry	q1	
Ps	12	3	poetry	q1	
Ps	12	4	poetry	q1	
Ps	12	5	poetry	q1	
Ps	12	6	poetry	q1	
Ps	12	7	poetry	q1	
Ps	12	8	poetry	q1	
Ps	13	2	poetry	q1	
Ps	13	3	poetry	q1	
Ps	13	4	poetry	q2	
Ps	13	5	poetry	q1	
Ps	13	6	poetry	q1	
Ps	14	2	poetry	q1	
Ps	14	3	poetry	q1	
Ps	14	4	poetry	q1	
Ps	14	5	poetry	q1	
Ps	14	6	poetry	q1	
Ps	14	7	poetry	q1	
Ps	15	2	poetry	q1	
Ps	15	3	poetry	q1	
Ps	15	4	poetry	q1	
Ps	15	5	poetry	q1	
Ps	16	2	poetry	q1	
Ps	16	3	poetry	q1	
Ps	16	4	poetry	q1	
Ps	16	5	poetry	q1	
Ps	16	6	poetry	q1	
Ps	16	7	poetry	q1	
Ps	16	8	poetry	q1	
Ps	16	9	poetry	q1	
Ps	16	10	poetry	q1	
Ps	16	11	poetry	q1	
Ps	17	2	poetry	q1	
Ps	17	3	poetry	q1	
Ps	17	4	poetry	q1	
Ps	17	5	poetry	q1	
Ps	17	6	poetry	q1	
Ps	17	7	poetry	q1	
Ps	17	8	poetry	q1	
Ps	17	9	poetry	q1	
Ps	17	10	poetry	q1	
Ps	17	11	poetry	q1	
Ps	17	12	poetry	q1	
Ps	17	13	poetry	q1	
Ps	17	14	poetry	q2	
Ps	17	15	poetry	q1	
Ps	18	2	poetry	q1	
Ps	18	3	poetry	q1	
Ps	18	4	poetry	q1	
Ps	18	5	poetry	q1	
Ps	18	6	poetry	q1	
Ps	18	7	poetry	q1	
Ps	18	8	poetry	q1	
Ps	18	9	poetry	q1	
Ps	18	10	poetry	q1	
Ps	18	11	poetry	q1	
Ps	18	12	poetry	q1	
Ps	18	13	poetry	q1	
Ps	18	14	poetry	q1	
Ps	18	15	poetry	q1	
Ps	18	16	poetry	q1	
Ps	18	17	poetry	q1	
Ps	18	18	poetry	q1	
Ps	18	19	poetry	q1	
Ps	18	20	poetry	q1	
Ps	18	21	poetry	q1	
Ps	18	22	poetry	q1	
Ps	18	23	poetry	q1	
Ps	18	24	poetry	q1	
Ps	18	25	poetry	q1	
Ps	18	26	poetry	q1	
Ps	18	27	poetry	q1	
Ps	18	28	poetry	q1	
Ps	18	29	poetry	q1	
Ps	18	30	poetry	q1	
Ps	18	31	poetry	q1	
Ps	18	32	poetry	q2	
Ps	18	33	poetry	q1	
Ps	18	34	poetry	q1	
Ps	18	35	poetry	q1	
Ps	18	36	poetry	q1	
Ps	18	37	poetry	q1	
Ps	18	38	poetry	q1	
Ps	18	39	poetry	q1	
Ps	18	40	poetry	q1	
Ps	18	41	poetry	q1	
Ps	18	42	poetry	q1	
Ps	18	43	poetry	q1	
Ps	18	44	poetry	q2	
Ps	18	45	poetry	q1	
Ps	18	46	poetry	q1	
Ps	18	47	poetry	q1	
Ps	18	48	poetry	q1	
Ps	18	49	poetry	q1	
Ps	18	50	poetry	q1	
Ps	19	2	poetry	q1	
Ps	19	3	poetry	q1	
Ps	19	4	poetry	q1	
Ps	19	5	poetry	q2	
Ps	19	6	poetry	q1	
Ps	19	7	poetry	q1	
Ps	19	8	poetry	q1	
Ps	19	9	poetry	q1	
Ps	19	10	poetry	q1	
Ps	19	11	poetry	q1	
Ps	19	12	poetry	q1	
Ps	19	13	poetry	q1	
Ps	19	14	poetry	q1	
Ps	20	2	poetry	q2	
Ps	20	3	poetry	q2	
Ps	20	4	poetry	q1	
Ps	20	5	poetry	q1	
Ps	20	6	poetry	q1	
Ps	20	7	poetry	q1	
Ps	20	8	poetry	q1	
Ps	20	9	poetry	q1	
Ps	21	2	poetry	q1	
Ps	21	3	poetry	q1	
Ps	21	4	poetry	q1	
Ps	21	5	poetry	q1	
Ps	21	6	poetry	q1	
Ps	21	7	poetry	q1	
Ps	21	8	poetry	q1	
Ps	21	9	poetry	q1	
Ps	21	10	poetry	q1	
Ps	21	11	poetry	q1	
Ps	21	12	poetry	q1	
Ps	21	13	poetry	q1	
Ps	22	2	poetry	q1	
Ps	22	3	poetry	q1	
Ps	22	4	poetry	q1	
Ps	22	5	poetry	q1	
Ps	22	6	poetry	q1	
Ps	22	7	poetry	q1	
Ps	22	8	poetry	q2	
Ps	22	9	poetry	q1	
Ps	22	10	poetry	q1	
Ps	22	11	poetry	q1	
Ps	22	12	poetry	q1	
Ps	22	13	poetry	q1	
Ps	22	14	poetry	q1	
Ps	22	15	poetry	q1	
Ps	22	16	poetry	q1	
Ps	22	17	poetry	q1	
Ps	22	18	poetry	q1	
Ps	22	19	poetry	q1	
Ps	22	20	poetry	q1	
Ps	22	21	poetry	q1	
Ps	22	22	poetry	q1	
Ps	22	23	poetry	q1	
Ps	22	24	poetry	q1	
Ps	22	25	poetry	q1	
Ps	22	26	poetry	q1	
Ps	22	27	poetry	q1	
Ps	22	28	poetry	q1	
Ps	22	29	poetry	q1	
Ps	22	30	poetry	q1	
Ps	22	31	poetry	q1	
Ps	23	2	poetry	q1	
Ps	23	3	poetry	q1	
Ps	23	4	poetry	q1	
Ps	23	5	poetry	q1	
Ps	23	6	poetry	q1	
Ps	24	2	poetry	q1	
Ps	24	3	poetry	q1	
Ps	24	4	poetry	q1	
Ps	24	5	poetry	q1	
Ps	24	6	poetry	q1	
Ps	24	7	poetry	q1	
Ps	24	8	poetry	q1	
Ps	24	9	poetry	q1	
Ps	24	10	poetry	q1	
Ps	25	2	poetry	q1	
Ps	25	3	poetry	q1	
Ps	25	4	poetry	q1	
Ps	25	5	poetry	q1	
Ps	25	6	poetry	q1	
Ps	25	7	poetry	q1	
Ps	25	8	poetry	q1	
Ps	25	9	poetry	q1	
Ps	25	10	poetry	q1	
Ps	25	11	poetry	q1	
Ps	25	12	poetry	q1	
Ps	25	13	poetry	q1	
Ps	25	14	poetry	q1	
Ps	25	15	poetry	q1	
Ps	25	16	poetry	q1	
Ps	25	17	poetry	q1	
Ps	25	18	poetry	q1	
Ps	25	19	poetry	q1	
Ps	25	20	poetry	q1	
Ps	25	21	poetry	q1	
Ps	25	22	poetry	q1	
Ps	26	2	poetry	q1	
Ps	26	3	poetry	q1	
Ps	26	4	poetry	q1	
Ps	26	5	poetry	q1	
Ps	26	6	poetry	q1	
Ps	26	7	poetry	q2	
Ps	26	8	poetry	q1	
Ps	26	9	poetry	q1	
Ps	26	10	poetry	q2	
Ps	26	11	poetry	q1	
Ps	26	12	poetry	q1	
Ps	27	2	poetry	q1	
Ps	27	3	poetry	q1	
Ps	27	4	poetry	q1	
Ps	27	5	poetry	q1	
Ps	27	6	poetry	q1	
Ps	27	7	poetry	q1	
Ps	27	8	poetry	q1	
Ps	27	9	poetry	q1	
Ps	27	10	poetry	q1	
Ps	27	11	poetry	q1	
Ps	27	12	poetry	q1	
Ps	27	13	poetry	q1	
Ps	27	14	poetry	q1	
Ps	28	2	poetry	q1	
Ps	28	3	poetry	q1	
Ps	28	4	poetry	q1	
Ps	28	5	poetry	q1	
Ps	28	6	poetry	q1	
Ps	28	7	poetry	q1	
Ps	28	8	poetry	q1	
Ps	28	9	poetry	q1	
Ps	29	2	poetry	q1	
Ps	29	3	poetry	q1	
Ps	29	4	poetry	q1	
Ps	29	5	poetry	q1	
Ps	29	6	poetry	q1	
Ps	29	7	poetry	q1	
Ps	29	8	poetry	q2	
Ps	29	9	poetry	q1	
Ps	29	10	poetry	q1	
Ps	29	11	poetry	q1	
Ps	30	2	poetry	q1	
Ps	30	3	poetry	q1	
Ps	30	4	poetry	q1	
Ps	30	5	poetry	q1	
Ps	30	6	poetry	q1	
Ps	30	7	poetry	q1	
Ps	30	8	poetry	q1	
Ps	30	9	poetry	q1	
Ps	30	10	poetry	q1	
Ps	30	11	poetry	q1	
Ps	30	12	poetry	q2	
Ps	31	2	poetry	q1	
Ps	31	3	poetry	q1	
Ps	31	4	poetry	q1	
Ps	31	5	poetry	q1	
Ps	31	6	poetry	q1	
Ps	31	7	poetry	q1	
Ps	31	8	poetry	q1	
Ps	31	9	poetry	q1	
Ps	31	10	poetry	q1	
Ps	31	11	poetry	q1	
Ps	31	12	poetry	q1	
Ps	31	13	poetry	q1	
Ps	31	14	poetry	q1	
Ps	31	15	poetry	q1	
Ps	31	16	poetry	q1	
Ps	31	17	poetry	q1	
Ps	31	18	poetry	q1	
Ps	31	19	poetry	q1	
Ps	31	20	poetry	q1	
Ps	31	21	poetry	q1	
Ps	31	22	poetry	q1	
Ps	31	23	poetry	q1	
Ps	31	24	poetry	q1	
Ps	32	2	poetry	q1	
Ps	32	3	poetry	q1	
Ps	32	4	poetry	q1	
Ps	32	5	poetry	q1	
Ps	32	6	poetry	q1	
Ps	32	7	poetry	q1	
Ps	32	8	poetry	q1	
Ps	32	9	poetry	q1	
Ps	32	10	poetry	q1	
Ps	32	11	poetry	q1	
Ps	33	2	poetry	q1	
Ps	33	3	poetry	q1	
Ps	33	4	poetry	q1	
Ps	33	5	poetry	q1	
Ps	33	6	poetry	q1	
Ps	33	7	poetry	q1	
Ps	33	8	poetry	q1	
Ps	33	9	poetry	q1	
Ps	33	10	poetry	q1	
Ps	33	11	poetry	q1	
Ps	33	12	poetry	q1	
Ps	33	13	poetry	q1	
Ps	33	14	poetry	q1	
Ps	33	15	poetry	q2	
Ps	33	16	poetry	q1	
Ps	33	17	poetry	q1	
Ps	33	18	poetry	q1	
Ps	33	19	poetry	q2	
Ps	33	20	poetry	q1	
Ps	33	21	poetry	q1	
Ps	33	22	poetry	q1	
Ps	34	2	poetry	q1	
Ps	34	3	poetry	q1	
Ps	34	4	poetry	q1	
Ps	34	5	poetry	q1	
Ps	34	6	poetry	q1	
Ps	34	7	poetry	q1	
Ps	34	8	poetry	q1	
Ps	34	9	poetry	q1	
Ps	34	10	poetry	q1	
Ps	34	11	poetry	q1	
Ps	34	12	poetry	q1	
Ps	34	13	poetry	q1	
Ps	34	14	poetry	q1	
Ps	34	15	poetry	q1	
Ps	34	16	poetry	q1	
Ps	34	17	poetry	q1	
Ps	34	18	poetry	q1	
Ps	34	19	poetry	q1	
Ps	34	20	poetry	q1	
Ps	34	21	poetry	q1	
Ps	34	22	poetry	q1	
Ps	35	2	poetry	q1	
Ps	35	3	poetry	q1	
Ps	35	4	poetry	q1	
Ps	35	5	poetry	q1	
Ps	35	6	poetry	q1	
Ps	35	7	poetry	q1	
Ps	35	8	poetry	q1	
Ps	35	9	poetry	q1	
Ps	35	10	poetry	q1	
Ps	35	11	poetry	q1	
Ps	35	12	poetry	q1	
Ps	35	13	poetry	q1	
Ps	35	14	poetry	q1	
Ps	35	15	poetry	q1	
Ps	35	16	poetry	q1	
Ps	35	17	poetry	q1	
Ps	35	18	poetry	q1	
Ps	35	19	poetry	q1	
Ps	35	20	poetry	q1	
Ps	35	21	poetry	q1	
Ps	35	22	poetry	q1	
Ps	35	23	poetry	q1	
Ps	35	24	poetry	q1	
Ps	35	25	poetry	q1	
Ps	35	26	poetry	q1	
Ps	35	27	poetry	q1	
Ps	35	28	poetry	q1	
Ps	36	2	poetry	q1	
Ps	36	3	poetry	q1	
Ps	36	4	poetry	q1	
Ps	36	5	poetry	q1	
Ps	36	6	poetry	q1	
Ps	36	7	poetry	q1	
Ps	36	8	poetry	q1	
Ps	36	9	poetry	q1	
Ps	36	10	poetry	q1	
Ps	36	11	poetry	q1	
Ps	36	12	poetry	q1	
Ps	37	2	poetry	q1	
Ps	37	3	poetry	q1	
Ps	37	4	poetry	q1	
Ps	37	5	poetry	q1	
Ps	37	6	poetry	q1	
Ps	37	7	poetry	q1	
Ps	37	8	poetry	q1	
Ps	37	9	poetry	q1	
Ps	37	10	poetry	q1	
Ps	37	11	poetry	q1	
Ps	37	12	poetry	q1	
Ps	37	13	poetry	q1	
Ps	37	14	poetry	q1	
Ps	37	15	poetry	q1	
Ps	37	16	poetry	q1	
Ps	37	17	poetry	q1	
Ps	37	18	poetry	q1	
Ps	37	19	poetry	q1	
Ps	37	20	poetry	q1	
Ps	37	21	poetry	q1	
Ps	37	22	poetry	q1	
Ps	37	23	poetry	q1	
Ps	37	24	poetry	q1	
Ps	37	25	poetry	q1	
Ps	37	26	poetry	q1	
Ps	37	27	poetry	q1	
Ps	37	28	poetry	q1	
Ps	37	29	poetry	q1	
Ps	37	30	poetry	q1	
Ps	37	31	poetry	q1	
Ps	37	32	poetry	q1	
Ps	37	33	poetry	q1	
Ps	37	34	poetry	q1	
Ps	37	35	poetry	q1	
Ps	37	36	poetry	q1	
Ps	37	37	poetry	q1	
Ps	37	38	poetry	q1	
Ps	37	39	poetry	q1	
Ps	37	40	poetry	q1	
Ps	38	2	poetry	q1	
Ps	38	3	poetry	q1	
Ps	38	4	poetry	q1	
Ps	38	5	poetry	q1	
Ps	38	6	poetry	q1	
Ps	38	7	poetry	q1	
Ps	38	8	poetry	q1	
Ps	38	9	poetry	q1	
Ps	38	10	poetry	q1	
Ps	38	11	poetry	q1	
Ps	38	12	poetry	q1	
Ps	38	13	poetry	q1	
Ps	38	14	poetry	q1	
Ps	38	15	poetry	q1	
Ps	38	16	poetry	q1	
Ps	38	17	poetry	q1	
Ps	38	18	poetry	q1	
Ps	38	19	poetry	q1	
Ps	38	20	poetry	q1	
Ps	38	21	poetry	q1	
Ps	38	22	poetry	q1	
Ps	39	2	poetry	q1	
Ps	39	3	poetry	q1	
Ps	39	4	poetry	q2	
Ps	39	5	poetry	q1	
Ps	39	6	poetry	q1	
Ps	39	7	poetry	q1	
Ps	39	8	poetry	q1	
Ps	39	9	poetry	q1	
Ps	39	10	poetry	q1	
Ps	39	11	poetry	q1	
Ps	39	12	poetry	q1	
Ps	39	13	poetry	q1	
Ps	40	2	poetry	q1	
Ps	40	3	poetry	q1	
Ps	40	4	poetry	q1	
Ps	40	5	poetry	q1	
Ps	40	6	poetry	q1	
Ps	40	7	poetry	q1	
Ps	40	8	poetry	q1	
Ps	40	9	poetry	q1	
Ps	40	10	poetry	q1	
Ps	40	11	poetry	q1	
Ps	40	12	poetry	q1	
Ps	40	13	poetry	q1	
Ps	40	14	poetry	q1	
Ps	40	15	poetry	q1	
Ps	40	16	poetry	q1	
Ps	40	17	poetry	q1	
Ps	41	2	poetry	q1	
Ps	41	3	poetry	q1	
Ps	41	4	poetry	q1	
Ps	41	5	poetry	q1	
Ps	41	6	poetry	q1	
Ps	41	7	poetry	q1	
Ps	41	8	poetry	q1	
Ps	41	9	poetry	q1	
Ps	41	10	poetry	q1	
Ps	41	11	poetry	q1	
Ps	41	12	poetry	q1	
Ps	41	13	poetry	q1	
Ps	42	2	poetry	q1	
Ps	42	3	poetry	q1	
Ps	42	4	poetry	q1	
Ps	42	5	poetry	q1	
Ps	42	6	poetry	q1	
Ps	42	7	poetry	q1	
Ps	42	8	poetry	q1	
Ps	42	9	poetry	q1	
Ps	42	10	poetry	q1	
Ps	42	11	poetry	q1	
Ps	43	2	poetry	q1	
Ps	43	3	poetry	q1	
Ps	43	4	poetry	q1	
Ps	43	5	poetry	q1	
Ps	44	2	poetry	q1	
Ps	44	3	poetry	q1	
Ps	44	4	poetry	q1	
Ps	44	5	poetry	q1	
Ps	44	6	poetry	q1	
Ps	44	7	poetry	q1	
Ps	44	8	poetry	q1	
Ps	44	9	poetry	q1	
Ps	44	10	poetry	q1	
Ps	44	11	poetry	q1	
Ps	44	12	poetry	q1	
Ps	44	13	poetry	q1	
Ps	44	14	poetry	q1	
Ps	44	15	poetry	q1	
Ps	44	16	poetry	q2	
Ps	44	17	poetry	q1	
Ps	44	18	poetry	q1	
Ps	44	19	poetry	q2	
Ps	44	20	poetry	q1	
Ps	44	21	poetry	q2	
Ps	44	22	poetry	q1	
Ps	44	23	poetry	q1	
Ps	44	24	poetry	q1	
Ps	44	25	poetry	q1	
Ps	44	26	poetry	q1	
Ps	45	2	poetry	q1	
Ps	45	3	poetry	q1	
Ps	45	4	poetry	q1	
Ps	45	5	poetry	q1	
Ps	45	6	poetry	q1	
Ps	45	7	poetry	q1	
Ps	45	8	poetry	q1	
Ps	45	9	poetry	q1	
Ps	45	10	poetry	q1	
Ps	45	11	poetry	q2	
Ps	45	12	poetry	q1	
Ps	45	13	poetry	q1	
Ps	45	14	poetry	q1	
Ps	45	15	poetry	q1	
Ps	45	16	poetry	q1	
Ps	45	17	poetry	q1	
Ps	46	2	poetry	q1	
Ps	46	3	poetry	q2	
Ps	46	4	poetry	q1	
Ps	46	5	poetry	q1	
Ps	46	6	poetry	q1	
Ps	46	7	poetry	q1	
Ps	46	8	poetry	q1	
Ps	46	9	poetry	q1	
Ps	46	10	poetry	q1	
Ps	46	11	poetry	q1	
Ps	47	2	poetry	q1	
Ps	47	3	poetry	q1	
Ps	47	4	poetry	q1	
Ps	47	5	poetry	q1	
Ps	47	6	poetry	q1	
Ps	47	7	poetry	q1	
Ps	47	8	poetry	q1	
Ps	47	9	poetry	q1	
Ps	48	2	poetry	q1	
Ps	48	3	poetry	q1	
Ps	48	4	poetry	q1	
Ps	48	5	poetry	q1	
Ps	48	6	poetry	q1	
Ps	48	7	poetry	q1	
Ps	48	8	poetry	q1	
Ps	48	9	poetry	q1	
Ps	48	10	poetry	q1	
Ps	48	11	poetry	q1	
Ps	48	12	poetry	q1	
Ps	48	13	poetry	q1	
Ps	48	14	poetry	q1	
Ps	49	2	poetry	q2	
Ps	49	3	poetry	q1	
Ps	49	4	poetry	q1	
Ps	49	5	poetry	q1	
Ps	49	6	poetry	q1	
Ps	49	7	poetry	q2	
Ps	49	8	poetry	q1	
Ps	49	9	poetry	q2	
Ps	49	10	poetry	q1	
Ps	49	11	poetry	q1	
Ps	49	12	poetry	q1	
Ps	49	13	poetry	q1	
Ps	49	14	poetry	q1	
Ps	49	15	poetry	q1	
Ps	49	16	poetry	q1	
Ps	49	17	poetry	q1	
Ps	49	18	poetry	q1	
Ps	49	19	poetry	q2	
Ps	49	20	poetry	q1	
Ps	50	2	poetry	q1	
Ps	50	3	poetry	q1	
Ps	50	4	poetry	q1	
Ps	50	5	poetry	q1	
Ps	50	6	poetry	q1	
Ps	50	7	poetry	q1	
Ps	50	8	poetry	q1	
Ps	50	9	poetry	q1	
Ps	50	10	poetry	q1	
Ps	50	11	poetry	q1	
Ps	50	12	poetry	q1	
Ps	50	13	poetry	q1	
Ps	50	14	poetry	q1	
Ps	50	15	poetry	q1	
Ps	50	16	poetry	q1	
Ps	50	17	poetry	q2	
Ps	50	18	poetry	q1	
Ps	50	19	poetry	q1	
Ps	50	20	poetry	q1	
Ps	50	21	poetry	q1	
Ps	50	22	poetry	q1	
Ps	50	23	poetry	q1	
Ps	51	2	poetry	q1	
Ps	51	3	poetry	q1	
Ps	51	4	poetry	q1	
Ps	51	5	poetry	q1	
Ps	51	6	poetry	q1	
Ps	51	7	poetry	q1	
Ps	51	8	poetry	q1	
Ps	51	9	poetry	q1	
Ps	51	10	poetry	q1	
Ps	51	11	poetry	q1	
Ps	51	12	poetry	q1	
Ps	51	13	poetry	q1	
Ps	51	14	poetry	q1	
Ps	51	15	poetry	q1	
Ps	51	16	poetry	q1	
Ps	51	17	poetry	q1	
Ps	51	18	poetry	q1	
Ps	51	19	poetry	q1	
Ps	52	2	poetry	q1	
Ps	52	3	poetry	q1	
Ps	52	4	poetry	q1	
Ps	52	5	poetry	q1	
Ps	52	6	poetry	q1	
Ps	52	7	poetry	q1	
Ps	52	8	poetry	q1	
Ps	52	9	poetry	q1	
Ps	53	2	poetry	q1	
Ps	53	3	poetry	q1	
Ps	53	4	poetry	q1	
Ps	53	5	poetry	q1	
Ps	53	6	poetry	q1	
Ps	54	2	poetry	q1	
Ps	54	3	poetry	q1	
Ps	54	4	poetry	q1	
Ps	54	5	poetry	q1	
Ps	54	6	poetry	q1	
Ps	54	7	poetry	q1	
Ps	55	2	poetry	q1	
Ps	55	3	poetry	q2	
Ps	55	4	poetry	q1	
Ps	55	5	poetry	q1	
Ps	55	6	poetry	q1	
Ps	55	7	poetry	q1	
Ps	55	8	poetry	q1	
Ps	55	9	poetry	q1	
Ps	55	10	poetry	q1	
Ps	55	11	poetry	q1	
Ps	55	12	poetry	q1	
Ps	55	13	poetry	q1	
Ps	55	14	poetry	q1	
Ps	55	15	poetry	q1	
Ps	55	16	poetry	q1	
Ps	55	17	poetry	q1	
Ps	55	18	poetry	q1	
Ps	55	19	poetry	q1	
Ps	55	20	poetry	q1	
Ps	55	21	poetry	q1	
Ps	55	22	poetry	q1	
Ps	55	23	poetry	q1	
Ps	56	2	poetry	q1	
Ps	56	3	poetry	q1	
Ps	56	4	poetry	q1	
Ps	56	5	poetry	q1	
Ps	56	6	poetry	q1	
Ps	56	7	poetry	q1	
Ps	56	8	poetry	q1	
Ps	56	9	poetry	q1	
Ps	56	10	poetry	q1	
Ps	56	11	poetry	q1	
Ps	56	12	poetry	q1	
Ps	56	13	poetry	q1	
Ps	57	2	poetry	q1	
Ps	57	3	poetry	q1	
Ps	57	4	poetry	q1	
Ps	57	5	poetry	q1	
Ps	57	6	poetry	q1	
Ps	57	7	poetry	q1	
Ps	57	8	poetry	q1	
Ps	57	9	poetry	q1	
Ps	57	10	poetry	q1	
Ps	57	11	poetry	q1	
Ps	58	2	poetry	q1	
Ps	58	3	poetry	q1	
Ps	58	4	poetry	q1	
Ps	58	5	poetry	q2	
Ps	58	6	poetry	q1	
Ps	58	7	poetry	q1	
Ps	58	8	poetry	q1	
Ps	58	9	poetry	q1	
Ps	58	10	poetry	q1	
Ps	58	11	poetry	q1	
Ps	59	2	poetry	q1	
Ps	59	3	poetry	q1	
Ps	59	4	poetry	q1	
Ps	59	5	poetry	q1	
Ps	59	6	poetry	q1	
Ps	59	7	poetry	q1	
Ps	59	8	poetry	q1	
Ps	59	9	poetry	q1	
Ps	59	10	poetry	q1	
Ps	59	11	poetry	q1	
Ps	59	12	poetry	q1	
Ps	59	13	poetry	q1	
Ps	59	14	poetry	q1	
Ps	59	15	poetry	q1	
Ps	59	16	poetry	q1	
Ps	59	17	poetry	q1	
Ps	60	2	poetry	q1	
Ps	60	3	poetry	q1	
Ps	60	4	poetry	q1	
Ps	60	5	poetry	q1	
Ps	60	6	poetry	q1	
Ps	60	7	poetry	q1	
Ps	60	8	poetry	q1	
Ps	60	9	poetry	q1	
Ps	60	10	poetry	q1	
Ps	60	11	poetry	q1	
Ps	60	12	poetry	q1	
Ps	61	2	poetry	q1	
Ps	61	3	poetry	q1	
Ps	61	4	poetry	q1	
Ps	61	5	poetry	q1	
Ps	61	6	poetry	q1	
Ps	61	7	poetry	q1	
Ps	61	8	poetry	q1	
Ps	62	2	poetry	q1	
Ps	62	3	poetry	q1	
Ps	62	4	poetry	q1	
Ps	62	5	poetry	q1	
Ps	62	6	poetry	q1	
Ps	62	7	poetry	q1	
Ps	62	8	poetry	q1	
Ps	62	9	poetry	q1	
Ps	62	10	poetry	q1	
Ps	62	11	poetry	q1	
Ps	62	12	poetry	q1	
Ps	63	2	poetry	q1	
Ps	63	3	poetry	q1	
Ps	63	4	poetry	q1	
Ps	63	5	poetry	q1	
Ps	63	6	poetry	q2	
Ps	63	7	poetry	q1	
Ps	63	8	poetry	q1	
Ps	63	9	poetry	q1	
Ps	63	10	poetry	q1	
Ps	63	11	poetry	q1	
Ps	64	2	poetry	q1	
Ps	64	3	poetry	q1	
Ps	64	4	poetry	q2	
Ps	64	5	poetry	q1	
Ps	64	6	poetry	q1	
Ps	64	7	poetry	q1	
Ps	64	8	poetry	q1	
Ps	64	9	poetry	q1	
Ps	64	10	poetry	q1	
Ps	65	2	poetry	q1	
Ps	65	3	poetry	q1	
Ps	65	4	poetry	q1	
Ps	65	5	poetry	q1	
Ps	65	6	poetry	q1	
Ps	65	7	poetry	q1	
Ps	65	8	poetry	q1	
Ps	65	9	poetry	q1	
Ps	65	10	poetry	q1	
Ps	65	11	poetry	q1	
Ps	65	12	poetry	q1	
Ps	65	13	poetry	q1	
Ps	66	2	poetry	q2	
Ps	66	3	poetry	q1	
Ps	66	4	poetry	q1	
Ps	66	5	poetry	q1	
Ps	66	6	poetry	q1	
Ps	66	7	poetry	q1	
Ps	66	8	poetry	q1	
Ps	66	9	poetry	q1	
Ps	66	10	poetry	q1	
Ps	66	11	poetry	q1	
Ps	66	12	poetry	q1	
Ps	66	13	poetry	q1	
Ps	66	14	poetry	q2	
Ps	66	15	poetry	q1	
Ps	66	16	poetry	q1	
Ps	66	17	poetry	q1	
Ps	66	18	poetry	q1	
Ps	66	19	poetry	q1	
Ps	66	20	poetry	q1	
Ps	67	2	poetry	q1	
Ps	67	3	poetry	q1	
Ps	67	4	poetry	q1	
Ps	67	5	poetry	q1	
Ps	67	6	poetry	q1	
Ps	67	7	poetry	q1	
Ps	68	2	poetry	q1	
Ps	68	3	poetry	q1	
Ps	68	4	poetry	q1	
Ps	68	5	poetry	q1	
Ps	68	6	poetry	q1	
Ps	68	7	poetry	q1	
Ps	68	8	poetry	q1	
Ps	68	9	poetry	q1	
Ps	68	10	poetry	q1	
Ps	68	11	poetry	q1	
Ps	68	12	poetry	q1	
Ps	68	13	poetry	q2	
Ps	68	14	poetry	q1	
Ps	68	15	poetry	q1	
Ps	68	16	poetry	q1	
Ps	68	17	poetry	q1	
Ps	68	18	poetry	q1	
Ps	68	19	poetry	q1	
Ps	68	20	poetry	q1	
Ps	68	21	poetry	q1	
Ps	68	22	poetry	q1	
Ps	68	23	poetry	q1	
Ps	68	24	poetry	q1	
Ps	68	25	poetry	q1	
Ps	68	26	poetry	q1	
Ps	68	27	poetry	q1	
Ps	68	28	poetry	q1	
Ps	68	29	poetry	q1	
Ps	68	30	poetry	q1	
Ps	68	31	poetry	q1	
Ps	68	32	poetry	q1	
Ps	68	33	poetry	q1	
Ps	68	34	poetry	q1	
Ps	68	35	poetry	q1	
Ps	69	2	poetry	q1	
Ps	69	3	poetry	q1	
Ps	69	4	poetry	q1	
Ps	69	5	poetry	q1	
Ps	69	6	poetry	q1	
Ps	69	7	poetry	q1	
Ps	69	8	poetry	q1	
Ps	69	9	poetry	q1	
Ps	69	10	poetry	q1	
Ps	69	11	poetry	q1	
Ps	69	12	poetry	q1	
Ps	69	13	poetry	q1	
Ps	69	14	poetry	q1	
Ps	69	15	poetry	q1	
Ps	69	16	poetry	q1	
Ps	69	17	poetry	q1	
Ps	69	18	poetry	q1	
Ps	69	19	poetry	q1	
Ps	69	20	poetry	q1	
Ps	69	21	poetry	q1	
Ps	69	22	poetry	q1	
Ps	69	23	poetry	q1	
Ps	69	24	poetry	q1	
Ps	69	25	poetry	q1	
Ps	69	26	poetry	q1	
Ps	69	27	poetry	q1	
Ps	69	28	poetry	q1	
Ps	69	29	poetry	q1	
Ps	69	30	poetry	q1	
Ps	69	31	poetry	q1	
Ps	69	32	poetry	q1	
Ps	69	33	poetry	q1	
Ps	69	34	poetry	q1	
Ps	69	35	poetry	q1	
Ps	69	36	poetry	q1	
Ps	70	2	poetry	q1	
Ps	70	3	poetry	q1	
Ps	70	4	poetry	q1	
Ps	70	5	poetry	q1	
Ps	71	2	poetry	q1	
Ps	71	3	poetry	q1	
Ps	71	4	poetry	q1	
Ps	71	5	poetry	q1	
Ps	71	6	poetry	q1	
Ps	71	7	poetry	q1	
Ps	71	8	poetry	q1	
Ps	71	9	poetry	q1	
Ps	71	10	poetry	q1	
Ps	71	11	poetry	q2	
Ps	71	12	poetry	q1	
Ps	71	13	poetry	q1	
Ps	71	14	poetry	q1	
Ps	71	15	poetry	q1	
Ps	71	16	poetry	q1	
Ps	71	17	poetry	q1	
Ps	71	18	poetry	q1	
Ps	71	19	poetry	q1	
Ps	71	20	poetry	q1	
Ps	71	21	poetry	q1	
Ps	71	22	poetry	q1	
Ps	71	23	poetry	q1	
Ps	71	24	poetry	q1	
Ps	72	2	poetry	q1	
Ps	72	3	poetry	q1	
Ps	72	4	poetry	q1	
Ps	72	5	poetry	q1	
Ps	72	6	poetry	q1	
Ps	72	7	poetry	q1	
Ps	72	8	poetry	q1	
Ps	72	9	poetry	q1	
Ps	72	10	poetry	q1	
Ps	72	11	poetry	q1	
Ps	72	12	poetry	q1	
Ps	72	13	poetry	q1	
Ps	72	14	poetry	q1	
Ps	72	15	poetry	q1	
Ps	72	16	poetry	q1	
Ps	72	17	poetry	q1	
Ps	72	18	poetry	q1	
Ps	72	19	poetry	q1	
Ps	72	20	prose	p	
Ps	73	2	poetry	q1	
Ps	73	3	poetry	q1	
Ps	73	4	poetry	q1	
Ps	73	5	poetry	q1	
Ps	73	6	poetry	q1	
Ps	73	7	poetry	q1	
Ps	73	8	poetry	q1	
Ps	73	9	poetry	q1	
Ps	73	10	poetry	q1	
Ps	73	11	poetry	q1	
Ps	73	12	poetry	q1	
Ps	73	13	poetry	q1	
Ps	73	14	poetry	q1	
Ps	73	15	poetry	q1	
Ps	73	16	poetry	q1	
Ps	73	17	poetry	q1	
Ps	73	18	poetry	q1	
Ps	73	19	poetry	q1	
Ps	73	20	poetry	q1	
Ps	73	21	poetry	q1	
Ps	73	22	poetry	q1	
Ps	73	23	poetry	q1	
Ps	73	24	poetry	q1	
Ps	73	25	poetry	q1	
Ps	73	26	poetry	q1	
Ps	73	27	poetry	q1	
Ps	73	28	poetry	q1	
Ps	74	2	poetry	q1	
Ps	74	3	poetry	q1	
Ps	74	4	poetry	q1	
Ps	74	5	poetry	q1	
Ps	74	6	poetry	q1	
Ps	74	7	poetry	q2	
Ps	74	8	poetry	q1	
Ps	74	9	poetry	q1	
Ps	74	10	poetry	q1	
Ps	74	11	poetry	q1	
Ps	74	12	poetry	q1	
Ps	74	13	poetry	q1	
Ps	74	14	poetry	q1	
Ps	74	15	poetry	q1	
Ps	74	16	poetry	q1	
Ps	74	17	poetry	q1	
Ps	74	18	poetry	q1	
Ps	74	19	poetry	q1	
Ps	74	20	poetry	q1	
Ps	74	21	poetry	q1	
Ps	74	22	poetry	q1	
Ps	74	23	poetry	q1	
Ps	75	2	poetry	q1	
Ps	75	3	poetry	q1	
Ps	75	4	poetry	q1	
Ps	75	5	poetry	q1	
Ps	75	6	poetry	q1	
Ps	75	7	poetry	q1	
Ps	75	8	poetry	q1	
Ps	75	9	poetry	q1	
Ps	75	10	poetry	q1	
Ps	76	2	poetry	q1	
Ps	76	3	poetry	q1	
Ps	76	4	poetry	q1	
Ps	76	5	poetry	q1	
Ps	76	6	poetry	q1	
Ps	76	7	poetry	q1	
Ps	76	8	poetry	q1	
Ps	76	9	poetry	q2	
Ps	76	10	poetry	q1	
Ps	76	11	poetry	q1	
Ps	76	12	poetry	q1	
Ps	77	2	poetry	q1	
Ps	77	3	poetry	q1	
Ps	77	4	poetry	q1	
Ps	77	5	poetry	q1	
Ps	77	6	poetry	q1	
Ps	77	7	poetry	q1	
Ps	77	8	poetry	q1	
Ps	77	9	poetry	q1	
Ps	77	10	poetry	q1	
Ps	77	11	poetry	q1	
Ps	77	12	poetry	q1	
Ps	77	13	poetry	q1	
Ps	77	14	poetry	q1	
Ps	77	15	poetry	q1	
Ps	77	16	poetry	q1	
Ps	77	17	poetry	q1	
Ps	77	18	poetry	q1	
Ps	77	19	poetry	q1	
Ps	77	20	poetry	q1	
Ps	78	2	poetry	q1	
Ps	78	3	poetry	q1	
Ps	78	4	poetry	q1	
Ps	78	5	poetry	q1	
Ps	78	6	poetry	q1	
Ps	78	7	poetry	q1	
Ps	78	8	poetry	q1	
Ps	78	9	poetry	q1	
Ps	78	10	poetry	q1	
Ps	78	11	poetry	q1	
Ps	78	12	poetry	q1	
Ps	78	13	poetry	q1	
Ps	78	14	poetry	q1	
Ps	78	15	poetry	q1	
Ps	78	16	poetry	q1	
Ps	78	17	poetry	q1	
Ps	78	18	poetry	q1	
Ps	78	19	poetry	q1	
Ps	78	20	poetry	q1	
Ps	78	21	poetry	q1	
Ps	78	22	poetry	q1	
Ps	78	23	poetry	q1	
Ps	78	24	poetry	q1	
Ps	78	25	poetry	q1	
Ps	78	26	poetry	q1	
Ps	78	27	poetry	q1	
Ps	78	28	poetry	q1	
Ps	78	29	poetry	q1	
Ps	78	30	poetry	q1	
Ps	78	31	poetry	q2	
Ps	78	32	poetry	q1	
Ps	78	33	poetry	q1	
Ps	78	34	poetry	q1	
Ps	78	35	poetry	q1	
Ps	78	36	poetry	q1	
Ps	78	37	poetry	q1	
Ps	78	38	poetry	q1	
Ps	78	39	poetry	q1	
Ps	78	40	poetry	q1	
Ps	78	41	poetry	q1	
Ps	78	42	poetry	q1	
Ps	78	43	poetry	q1	
Ps	78	44	poetry	q1	
Ps	78	45	poetry	q1	
Ps	78	46	poetry	q1	
Ps	78	47	poetry	q1	
Ps	78	48	poetry	q1	
Ps	78	49	poetry	q1	
Ps	78	50	poetry	q1	
Ps	78	51	poetry	q1	
Ps	78	52	poetry	q1	
Ps	78	53	poetry	q1	
Ps	78	54	poetry	q1	
Ps	78	55	poetry	q1	
Ps	78	56	poetry	q1	
Ps	78	57	poetry	q1	
Ps	78	58	poetry	q1	
Ps	78	59	poetry	q1	
Ps	78	60	poetry	q1	
Ps	78	61	poetry	q1	
Ps	78	62	poetry	q1	
Ps	78	63	poetry	q1	
Ps	78	64	poetry	q1	
Ps	78	65	poetry	q1	
Ps	78	66	poetry	q1	
Ps	78	67	poetry	q1	
Ps	78	68	poetry	q1	
Ps	78	69	poetry	q1	
Ps	78	70	poetry	q1	
Ps	78	71	poetry	q1	
Ps	78	72	poetry	q1	
Ps	79	2	poetry	q1	
Ps	79	3	poetry	q1	
Ps	79	4	poetry	q1	
Ps	79	5	poetry	q1	
Ps	79	6	poetry	q1	
Ps	79	7	poetry	q1	
Ps	79	8	poetry	q1	
Ps	79	9	poetry	q1	
Ps	79	10	poetry	q1	
Ps	79	11	poetry	q1	
Ps	79	12	poetry	q1	
Ps	79	13	poetry	q1	
Ps	80	2	poetry	q1	
Ps	80	3	poetry	q1	
Ps	80	4	poetry	q1	
Ps	80	5	poetry	q1	
Ps	80	6	poetry	q1	
Ps	80	7	poetry	q1	
Ps	80	8	poetry	q1	
Ps	80	9	poetry	q1	
Ps	80	10	poetry	q1	
Ps	80	11	poetry	q1	
Ps	80	12	poetry	q1	
Ps	80	13	poetry	q1	
Ps	80	14	poetry	q1	
Ps	80	15	poetry	q1	
Ps	80	16	poetry	q1	
Ps	80	17	poetry	q1	
Ps	80	18	poetry	q1	
Ps	80	19	poetry	q1	
Ps	81	2	poetry	q1	
Ps	81	3	poetry	q1	
Ps	81	4	poetry	q1	
Ps	81	5	poetry	q1	
Ps	81	6	poetry	q1	
Ps	81	7	poetry	q1	
Ps	81	8	poetry	q1	
Ps	81	9	poetry	q1	
Ps	81	10	poetry	q1	
Ps	81	11	poetry	q1	
Ps	81	12	poetry	q1	
Ps	81	13	poetry	q1	
Ps	81	14	poetry	q1	
Ps	81	15	poetry	q1	
Ps	81	16	poetry	q1	
Ps	82	2	poetry	q1	
Ps	82	3	poetry	q1	
Ps	82	4	poetry	q1	
Ps	82	5	poetry	q1	
Ps	82	6	poetry	q1	
Ps	82	7	poetry	q1	
Ps	82	8	poetry	q1	
Ps	83	2	poetry	q1	
Ps	83	3	poetry	q1	
Ps	83	4	poetry	q1	
Ps	83	5	poetry	q1	
Ps	83	6	poetry	q1	
Ps	83	7	poetry	q1	
Ps	83	8	poetry	q1	
Ps	83	9	poetry	q1	
Ps	83	10	poetry	q1	
Ps	83	11	poetry	q1	
Ps	83	12	poetry	q2	
Ps	83	13	poetry	q1	
Ps	83	14	poetry	q1	
Ps	83	15	poetry	q2	
Ps	83	16	poetry	q1	
Ps	83	17	poetry	q1	
Ps	83	18	poetry	q1	
Ps	84	2	poetry	q1	
Ps	84	3	poetry	q1	
Ps	84	4	poetry	q1	
Ps	84	5	poetry	q1	
Ps	84	6	poetry	q1	
Ps	84	7	poetry	q1	
Ps	84	8	poetry	q1	
Ps	84	9	poetry	q1	
Ps	84	10	poetry	q1	
Ps	84	11	poetry	q1	
Ps	84	12	poetry	q1	
Ps	85	2	poetry	q1	
Ps	85	3	poetry	q1	
Ps	85	4	poetry	q1	
Ps	85	5	poetry	q1	
Ps	85	6	poetry	q1	
Ps	85	7	poetry	q1	
Ps	85	8	poetry	q1	
Ps	85	9	poetry	q1	
Ps	85	10	poetry	q1	
Ps	85	11	poetry	q1	
Ps	85	12	poetry	q1	
Ps	85	13	poetry	q1	
Ps	86	2	poetry	q1	
Ps	86	3	poetry	q1	
Ps	86	4	poetry	q1	
Ps	86	5	poetry	q1	
Ps	86	6	poetry	q1	
Ps	86	7	poetry	q1	
Ps	86	8	poetry	q1	
Ps	86	9	poetry	q1	
Ps	86	10	poetry	q1	
Ps	86	11	poetry	q1	
Ps	86	12	poetry	q1	
Ps	86	13	poetry	q1	
Ps	86	14	poetry	q1	
Ps	86	15	poetry	q1	
Ps	86	16	poetry	q1	
Ps	86	17	poetry	q1	
Ps	87	2	poetry	q2	
Ps	87	3	poetry	q1	
Ps	87	4	poetry	q1	
Ps	87	5	poetry	q1	
Ps	87	6	poetry	q1	
Ps	87	7	poetry	q1	
Ps	88	2	poetry	q1	
Ps	88	3	poetry	q1	
Ps	88	4	poetry	q1	
Ps	88	5	poetry	q2	
Ps	88	6	poetry	q1	
Ps	88	7	poetry	q1	
Ps	88	8	poetry	q1	
Ps	88	9	poetry	q1	
Ps	88	10	poetry	q1	
Ps	88	11	poetry	q1	
Ps	88	12	poetry	q1	
Ps	88	13	poetry	q1	
Ps	88	14	poetry	q1	
Ps	88	15	poetry	q1	
Ps	88	16	poetry	q1	
Ps	88	17	poetry	q1	
Ps	88	18	poetry	q1	
Ps	89	2	poetry	q1	
Ps	89	3	poetry	q1	
Ps	89	4	poetry	q1	
Ps	89	5	poetry	q1	
Ps	89	6	poetry	q1	
Ps	89	7	poetry	q1	
Ps	89	8	poetry	q1	
Ps	89	9	poetry	q1	
Ps	89	10	poetry	q1	
Ps	89	11	poetry	q1	
Ps	89	12	poetry	q1	
Ps	89	13	poetry	q1	
Ps	89	14	poetry	q1	
Ps	89	15	poetry	q1	
Ps	89	16	poetry	q1	
Ps	89	17	poetry	q1	
Ps	89	18	poetry	q1	
Ps	89	19	poetry	q1	
Ps	89	20	poetry	q1	
Ps	89	21	poetry	q1	
Ps	89	22	poetry	q1	
Ps	89	23	poetry	q1	
Ps	89	24	poetry	q1	
Ps	89	25	poetry	q1	
Ps	89	26	poetry	q1	
Ps	89	27	poetry	q1	
Ps	89	28	poetry	q1	
Ps	89	29	poetry	q1	
Ps	89	30	poetry	q1	
Ps	89	31	poetry	q1	
Ps	89	32	poetry	q1	
Ps	89	33	poetry	q1	
Ps	89	34	poetry	q1	
Ps	89	35	poetry	q1	
Ps	89	36	poetry	q1	
Ps	89	37	poetry	q1	
Ps	89	38	poetry	q1	
Ps	89	39	poetry	q1	
Ps	89	40	poetry	q1	
Ps	89	41	poetry	q1	
Ps	89	42	poetry	q1	
Ps	89	43	poetry	q1	
Ps	89	44	poetry	q1	
Ps	89	45	poetry	q1	
Ps	89	46	poetry	q1	
Ps	89	47	poetry	q1	
Ps	89	48	poetry	q1	
Ps	89	49	poetry	q1	
Ps	89	50	poetry	q1	
Ps	89	51	poetry	q1	
Ps	89	52	poetry	q1	
Ps	90	2	poetry	q2	
Ps	90	3	poetry	q1	
Ps	90	4	poetry	q1	
Ps	90	5	poetry	q1	
Ps	90	6	poetry	q1	
Ps	90	7	poetry	q1	
Ps	90	8	poetry	q1	
Ps	90	9	poetry	q1	
Ps	90	10	poetry	q1	
Ps	90	11	poetry	q1	
Ps	90	12	poetry	q1	
Ps	90	13	poetry	q1	
Ps	90	14	poetry	q1	
Ps	90	15	poetry	q1	
Ps	90	16	poetry	q1	
Ps	90	17	poetry	q1	
Ps	91	2	poetry	q1	
Ps	91	3	poetry	q1	
Ps	91	4	poetry	q1	
Ps	91	5	poetry	q1	
Ps	91	6	poetry	q2	
Ps	91	7	poetry	q1	
Ps	91	8	poetry	q1	
Ps	91	9	poetry	q1	
Ps	91	10	poetry	q1	
Ps	91	11	poetry	q1	
Ps	91	12	poetry	q1	
Ps	91	13	poetry	q1	
Ps	91	14	poetry	q1	
Ps	91	15	poetry	q1	
Ps	91	16	poetry	q1	
Ps	92	2	poetry	q1	
Ps	92	3	poetry	q1	
Ps	92	4	poetry	q1	
Ps	92	5	poetry	q1	
Ps	92	6	poetry	q1	
Ps	92	7	poetry	q1	
Ps	92	8	poetry	q1	
Ps	92	9	poetry	q1	
Ps	92	10	poetry	q1	
Ps	92	11	poetry	q1	
Ps	92	12	poetry	q1	
Ps	92	13	poetry	q1	
Ps	92	14	poetry	q1	
Ps	92	15	poetry	q2	
Ps	93	2	poetry	q1	
Ps	93	3	poetry	q1	
Ps	93	4	poetry	q1	
Ps	93	5	poetry	q1	
Ps	94	2	poetry	q1	
Ps	94	3	poetry	q1	
Ps	94	4	poetry	q1	
Ps	94	5	poetry	q1	
Ps	94	6	poetry	q1	
Ps	94	7	poetry	q1	
Ps	94	8	poetry	q1	
Ps	94	9	poetry	q1	
Ps	94	10	poetry	q1	
Ps	94	11	poetry	q1	
Ps	94	12	poetry	q1	
Ps	94	13	poetry	q1	
Ps	94	14	poetry	q1	
Ps	94	15	poetry	q1	
Ps	94	16	poetry	q1	
Ps	94	17	poetry	q1	
Ps	94	18	poetry	q1	
Ps	94	19	poetry	q1	
Ps	94	20	poetry	q1	
Ps	94	21	poetry	q1	
Ps	94	22	poetry	q1	
Ps	94	23	poetry	q1	
Ps	95	2	poetry	q1	
Ps	95	3	poetry	q1	
Ps	95	4	poetry	q1	
Ps	95	5	poetry	q1	
Ps	95	6	poetry	q1	
Ps	95	7	poetry	q2	
Ps	95	8	poetry	q2	
Ps	95	9	poetry	q1	
Ps	95	10	poetry	q1	
Ps	95	11	poetry	q1	
Ps	96	2	poetry	q1	
Ps	96	3	poetry	q1	
Ps	96	4	poetry	q1	
Ps	96	5	poetry	q1	
Ps	96	6	poetry	q1	
Ps	96	7	poetry	q1	
Ps	96	8	poetry	q1	
Ps	96	9	poetry	q1	
Ps	96	10	poetry	q1	
Ps	96	11	poetry	q1	
Ps	96	12	poetry	q2	
Ps	96	13	poetry	q2	
Ps	97	2	poetry	q1	
Ps	97	3	poetry	q1	
Ps	97	4	poetry	q1	
Ps	97	5	poetry	q1	
Ps	97	6	poetry	q1	
Ps	97	7	poetry	q1	
Ps	97	8	poetry	q1	
Ps	97	9	poetry	q1	
Ps	97	10	poetry	q1	
Ps	97	11	poetry	q1	
Ps	97	12	poetry	q1	
Ps	98	2	poetry	q1	
Ps	98	3	poetry	q1	
Ps	98	4	poetry	q1	
Ps	98	5	poetry	q1	
Ps	98	6	poetry	q1	
Ps	98	7	poetry	q1	
Ps	98	8	poetry	q1	
Ps	98	9	poetry	q1	
Ps	99	2	poetry	q1	
Ps	99	3	poetry	q1	
Ps	99	4	poetry	q1	
Ps	99	5	poetry	q1	
Ps	99	6	poetry	q1	
Ps	99	7	poetry	q1	
Ps	99	8	poetry	q1	
Ps	99	9	poetry	q1	
Ps	100	2	poetry	q2	
Ps	100	3	poetry	q1	
Ps	100	4	poetry	q1	
Ps	100	5	poetry	q1	
Ps	101	2	poetry	q1	
Ps	101	3	poetry	q1	
Ps	101	4	poetry	q1	
Ps	101	5	poetry	q1	
Ps	101	6	poetry	q1	
Ps	101	7	poetry	q1	
Ps	101	8	poetry	q1	
Ps	102	2	poetry	q1	
Ps	102	3	poetry	q1	
Ps	102	4	poetry	q1	
Ps	102	5	poetry	q1	
Ps	102	6	poetry	q1	
Ps	102	7	poetry	q2	
Ps	102	8	poetry	q1	
Ps	102	9	poetry	q1	
Ps	102	10	poetry	q2	
Ps	102	11	poetry	q1	
Ps	102	12	poetry	q1	
Ps	102	13	poetry	q1	
Ps	102	14	poetry	q1	
Ps	102	15	poetry	q1	
Ps	102	16	poetry	q1	
Ps	102	17	poetry	q1	
Ps	102	18	poetry	q1	
Ps	102	19	poetry	q1	
Ps	102	20	poetry	q1	
Ps	102	21	poetry	q1	
Ps	102	22	poetry	q1	
Ps	102	23	poetry	q1	
Ps	102	24	poetry	q1	
Ps	102	25	poetry	q1	
Ps	102	26	poetry	q1	
Ps	102	27	poetry	q1	
Ps	102	28	poetry	q1	
Ps	103	2	poetry	q1	
Ps	103	3	poetry	q1	
Ps	103	4	poetry	q1	
Ps	103	5	poetry	q1	
Ps	103	6	poetry	q1	
Ps	103	7	poetry	q1	
Ps	103	8	poetry	q1	
Ps	103	9	poetry	q1	
Ps	103	10	poetry	q1	
Ps	103	11	poetry	q1	
Ps	103	12	poetry	q1	
Ps	103	13	poetry	q1	
Ps	103	14	poetry	q1	
Ps	103	15	poetry	q1	
Ps	103	16	poetry	q1	
Ps	103	17	poetry	q1	
Ps	103	18	poetry	q1	
Ps	103	19	poetry	q1	
Ps	103	20	poetry	q1	
Ps	103	21	poetry	q1	
Ps	103	22	poetry	q1	
Ps	104	2	poetry	q1	
Ps	104	3	poetry	q1	
Ps	104	4	poetry	q1	
Ps	104	5	poetry	q1	
Ps	104	6	poetry	q1	
Ps	104	7	poetry	q1	
Ps	104	8	poetry	q1	
Ps	104	9	poetry	q1	
Ps	104	10	poetry	q1	
Ps	104	11	poetry	q1	
Ps	104	12	poetry	q1	
Ps	104	13	poetry	q1	
Ps	104	14	poetry	q1	
Ps	104	15	poetry	q1	
Ps	104	16	poetry	q1	
Ps	104	17	poetry	q1	
Ps	104	18	poetry	q1	
Ps	104	19	poetry	q1	
Ps	104	20	poetry	q1	
Ps	104	21	poetry	q1	
Ps	104	22	poetry	q1	
Ps	104	23	poetry	q1	
Ps	104	24	poetry	q1	
Ps	104	25	poetry	q1	
Ps	104	26	poetry	q1	
Ps	104	27	poetry	q1	
Ps	104	28	poetry	q1	
Ps	104	29	poetry	q1	
Ps	104	30	poetry	q1	
Ps	104	31	poetry	q1	
Ps	104	32	poetry	q1	
Ps	104	33	poetry	q1	
Ps	104	34	poetry	q1	
Ps	104	35	poetry	q1	
Ps	105	2	poetry	q1	
Ps	105	3	poetry	q1	
Ps	105	4	poetry	q1	
Ps	105	5	poetry	q1	
Ps	105	6	poetry	q1	
Ps	105	7	poetry	q1	
Ps	105	8	poetry	q1	
Ps	105	9	poetry	q1	
Ps	105	10	poetry	q1	
Ps	105	11	poetry	q1	
Ps	105	12	poetry	q1	
Ps	105	13	poetry	q1	
Ps	105	14	poetry	q1	
Ps	105	15	poetry	q1	
Ps	105	16	poetry	q1	
Ps	105	17	poetry	q1	
Ps	105	18	poetry	q1	
Ps	105	19	poetry	q1	
Ps	105	20	poetry	q1	
Ps	105	21	poetry	q1	
Ps	105	22	poetry	q1	
Ps	105	23	poetry	q1	
Ps	105	24	poetry	q1	
Ps	105	25	poetry	q1	
Ps	105	26	poetry	q1	
Ps	105	27	poetry	q1	
Ps	105	28	poetry	q1	
Ps	105	29	poetry	q1	
Ps	105	30	poetry	q1	
Ps	105	31	poetry	q1	
Ps	105	32	poetry	q1	
Ps	105	33	poetry	q1	
Ps	105	34	poetry	q1	
Ps	105	35	poetry	q1	
Ps	105	36	poetry	q1	
Ps	105	37	poetry	q1	
Ps	105	38	poetry	q1	
Ps	105	39	poetry	q1	
Ps	105	40	poetry	q1	
Ps	105	41	poetry	q1	
Ps	105	42	poetry	q1	
Ps	105	43	poetry	q1	
Ps	105	44	poetry	q1	
Ps	105	45	poetry	q1	
Ps	106	2	poetry	q1	
Ps	106	3	poetry	q1	
Ps	106	4	poetry	q1	
Ps	106	5	poetry	q1	
Ps	106	6	poetry	q1	
Ps	106	7	poetry	q1	
Ps	106	8	poetry	q1	
Ps	106	9	poetry	q1	
Ps	106	10	poetry	q1	
Ps	106	11	poetry	q1	
Ps	106	12	poetry	q1	
Ps	106	13	poetry	q1	
Ps	106	14	poetry	q2	
Ps	106	15	poetry	q1	
Ps	106	16	poetry	q1	
Ps	106	17	poetry	q1	
Ps	106	18	poetry	q1	
Ps	106	19	poetry	q1	
Ps	106	20	poetry	q1	
Ps	106	21	poetry	q1	
Ps	106	22	poetry	q2	
Ps	106	23	poetry	q1	
Ps	106	24	poetry	q1	
Ps	106	25	poetry	q2	
Ps	106	26	poetry	q1	
Ps	106	27	poetry	q2	
Ps	106	28	poetry	q1	
Ps	106	29	poetry	q1	
Ps	106	30	poetry	q1	
Ps	106	31	poetry	q1	
Ps	106	32	poetry	q1	
Ps	106	33	poetry	q1	
Ps	106	34	poetry	q1	
Ps	106	35	poetry	q2	
Ps	106	36	poetry	q1	
Ps	106	37	poetry	q1	
Ps	106	38	poetry	q2	
Ps	106	39	poetry	q1	
Ps	106	40	poetry	q1	
Ps	106	41	poetry	q1	
Ps	106	42	poetry	q1	
Ps	106	43	poetry	q1	
Ps	106	44	poetry	q1	
Ps	106	45	poetry	q1	
Ps	106	46	poetry	q1	
Ps	106	47	poetry	q1	
Ps	106	48	poetry	q1	
Ps	107	2	poetry	q1	
Ps	107	3	poetry	q2	
Ps	107	4	poetry	q1	
Ps	107	5	poetry	q1	
Ps	107	6	poetry	q1	
Ps	107	7	poetry	q1	
Ps	107	8	poetry	q1	
Ps	107	9	poetry	q1	
Ps	107	10	poetry	q1	
Ps	107	11	poetry	q2	
Ps	107	12	poetry	q1	
Ps	107	13	poetry	q1	
Ps	107	14	poetry	q1	
Ps	107	15	poetry	q1	
Ps	107	16	poetry	q1	
Ps	107	17	poetry	q1	
Ps	107	18	poetry	q1	
Ps	107	19	poetry	q1	
Ps	107	20	poetry	q1	
Ps	107	21	poetry	q1	
Ps	107	22	poetry	q1	
Ps	107	23	poetry	q1	
Ps	107	24	poetry	q2	
Ps	107	25	poetry	q1	
Ps	107	26	poetry	q1	
Ps	107	27	poetry	q1	
Ps	107	28	poetry	q1	
Ps	107	29	poetry	q1	
Ps	107	30	poetry	q1	
Ps	107	31	poetry	q1	
Ps	107	32	poetry	q1	
Ps	107	33	poetry	q1	
Ps	107	34	poetry	q2	
Ps	107	35	poetry	q1	
Ps	107	36	poetry	q1	
Ps	107	37	poetry	q2	
Ps	107	38	poetry	q1	
Ps	107	39	poetry	q1	
Ps	107	40	poetry	q1	
Ps	107	41	poetry	q1	
Ps	107	42	poetry	q1	
Ps	107	43	poetry	q1	
Ps	108	2	poetry	q1	
Ps	108	3	poetry	q1	
Ps	108	4	poetry	q1	
Ps	108	5	poetry	q1	
Ps	108	6	poetry	q1	
Ps	108	7	poetry	q1	
Ps	108	8	poetry	q1	
Ps	108	9	poetry	q1	
Ps	108	10	poetry	q1	
Ps	108	11	poetry	q1	
Ps	108	12	poetry	q1	
Ps	108	13	poetry	q1	
Ps	109	2	poetry	q2	
Ps	109	3	poetry	q1	
Ps	109	4	poetry	q1	
Ps	109	5	poetry	q1	
Ps	109	6	poetry	q1	
Ps	109	7	poetry	q1	
Ps	109	8	poetry	q1	
Ps	109	9	poetry	q1	
Ps	109	10	poetry	q1	
Ps	109	11	poetry	q1	
Ps	109	12	poetry	q1	
Ps	109	13	poetry	q1	
Ps	109	14	poetry	q1	
Ps	109	15	poetry	q1	
Ps	109	16	poetry	q1	
Ps	109	17	poetry	q1	
Ps	109	18	poetry	q1	
Ps	109	19	poetry	q1	
Ps	109	20	poetry	q1	
Ps	109	21	poetry	q1	
Ps	109	22	poetry	q2	
Ps	109	23	poetry	q1	
Ps	109	24	poetry	q1	
Ps	109	25	poetry	q1	
Ps	109	26	poetry	q1	
Ps	109	27	poetry	q1	
Ps	109	28	poetry	q1	
Ps	109	29	poetry	q1	
Ps	109	30	poetry	q1	
Ps	109	31	poetry	q1	
Ps	110	2	poetry	q1	
Ps	110	3	poetry	q1	
Ps	110	4	poetry	q1	
Ps	110	5	poetry	q1	
Ps	110	6	poetry	q1	
Ps	110	7	poetry	q1	
Ps	111	2	poetry	q1	
Ps	111	3	poetry	q1	
Ps	111	4	poetry	q1	
Ps	111	5	poetry	q1	
Ps	111	6	poetry	q1	
Ps	111	7	poetry	q1	
Ps	111	8	poetry	q1	
Ps	111	9	poetry	q1	
Ps	111	10	poetry	q1	
Ps	112	2	poetry	q1	
Ps	112	3	poetry	q1	
Ps	112	4	poetry	q1	
Ps	112	5	poetry	q1	
Ps	112	6	poetry	q1	
Ps	112	7	poetry	q1	
Ps	112	8	poetry	q1	
Ps	112	9	poetry	q1	
Ps	112	10	poetry	q1	
Ps	113	2	poetry	q1	
Ps	113	3	poetry	q1	
Ps	113	4	poetry	q1	
Ps	113	5	poetry	q1	
Ps	113	6	poetry	q2	
Ps	113	7	poetry	q1	
Ps	113	8	poetry	q1	
Ps	113	9	poetry	q1	
Ps	114	2	poetry	q1	
Ps	114	3	poetry	q1	
Ps	114	4	poetry	q1	
Ps	114	5	poetry	q1	
Ps	114	6	poetry	q1	
Ps	114	7	poetry	q1	
Ps	114	8	poetry	q1	
Ps	115	2	poetry	q1	
Ps	115	3	poetry	q1	
Ps	115	4	poetry	q1	
Ps	115	5	poetry	q1	
Ps	115	6	poetry	q1	
Ps	115	7	poetry	q1	
Ps	115	8	poetry	q1	
Ps	115	9	poetry	q1	
Ps	115	10	poetry	q1	
Ps	115	11	poetry	q1	
Ps	115	12	poetry	q1	
Ps	115	13	poetry	q1	
Ps	115	14	poetry	q1	
Ps	115	15	poetry	q1	
Ps	115	16	poetry	q1	
Ps	115	17	poetry	q1	
Ps	115	18	poetry	q1	
Ps	116	2	poetry	q1	
Ps	116	3	poetry	q1	
Ps	116	4	poetry	q1	
Ps	116	5	poetry	q1	
Ps	116	6	poetry	q1	
Ps	116	7	poetry	q1	
Ps	116	8	poetry	q1	
Ps	116	9	poetry	q1	
Ps	116	10	poetry	q1	
Ps	116	11	poetry	q1	
Ps	116	12	poetry	q1	
Ps	116	13	poetry	q2	
Ps	116	14	poetry	q1	
Ps	116	15	poetry	q1	
Ps	116	16	poetry	q1	
Ps	116	17	poetry	q1	
Ps	116	18	poetry	q1	
Ps	116	19	poetry	q1	
Ps	117	2	poetry	q1	
Ps	118	2	poetry	q1	
Ps	118	3	poetry	q1	
Ps	118	4	poetry	q1	
Ps	118	5	poetry	q1	
Ps	118	6	poetry	q1	
Ps	118	7	poetry	q1	
Ps	118	8	poetry	q1	
Ps	118	9	poetry	q1	
Ps	118	10	poetry	q1	
Ps	118	11	poetry	q1	
Ps	118	12	poetry	q1	
Ps	118	13	poetry	q1	
Ps	118	14	poetry	q1	
Ps	118	15	poetry	q1	
Ps	118	16	poetry	q1	
Ps	118	17	poetry	q1	
Ps	118	18	poetry	q1	
Ps	118	19	poetry	q1	
Ps	118	20	poetry	q1	
Ps	118	21	poetry	q1	
Ps	118	22	poetry	q1	
Ps	118	23	poetry	q1	
Ps	118	24	poetry	q1	
Ps	118	25	poetry	q1	
Ps	118	26	poetry	q1	
Ps	118	27	poetry	q1	
Ps	118	28	poetry	q1	
Ps	118	29	poetry	q1	
Ps	119	2	poetry	q1	
Ps	119	3	poetry	q1	
Ps	119	4	poetry	q1	
Ps	119	5	poetry	q1	
Ps	119	6	poetry	q1	
Ps	119	7	poetry	q1	
Ps	119	8	poetry	q1	
Ps	119	9	poetry	q1	
Ps	119	10	poetry	q1	
Ps	119	11	poetry	q1	
Ps	119	12	poetry	q1	
Ps	119	13	poetry	q1	
Ps	119	14	poetry	q1	
Ps	119	15	poetry	q1	
Ps	119	16	poetry	q1	
Ps	119	17	poetry	q1	
Ps	119	18	poetry	q1	
Ps	119	19	poetry	q1	
Ps	119	20	poetry	q1	
Ps	119	21	poetry	q1	
Ps	119	22	poetry	q1	
Ps	119	23	poetry	q1	
Ps	119	24	poetry	q1	
Ps	119	25	poetry	q1	
Ps	119	26	poetry	q1	
Ps	119	27	poetry	q1	
Ps	119	28	poetry	q1	
Ps	119	29	poetry	q1	
Ps	119	30	poetry	q1	
Ps	119	31	poetry	q1	
Ps	119	32	poetry	q1	
Ps	119	33	poetry	q1	
Ps	119	34	poetry	q1	
Ps	119	35	poetry	q1	
Ps	119	36	poetry	q1	
Ps	119	37	poetry	q1	
Ps	119	38	poetry	q1	
Ps	119	39	poetry	q1	
Ps	119	40	poetry	q1	
Ps	119	41	poetry	q1	
Ps	119	42	poetry	q1	
Ps	119	43	poetry	q1	
Ps	119	44	poetry	q1	
Ps	119	45	poetry	q1	
Ps	119	46	poetry	q1	
Ps	119	47	poetry	q1	
Ps	119	48	poetry	q1	
Ps	119	49	poetry	q1	
Ps	119	50	poetry	q1	
Ps	119	51	poetry	q1	
Ps	119	52	poetry	q1	
Ps	119	53	poetry	q1	
Ps	119	54	poetry	q1	
Ps	119	55	poetry	q1	
Ps	119	56	poetry	q1	
Ps	119	57	poetry	q1	
Ps	119	58	poetry	q1	
Ps	119	59	poetry	q1	
Ps	119	60	poetry	q1	
Ps	119	61	poetry	q1	
Ps	119	62	poetry	q1	
Ps	119	63	poetry	q1	
Ps	119	64	poetry	q1	
Ps	119	65	poetry	q1	
Ps	119	66	poetry	q1	
Ps	119	67	poetry	q1	
Ps	119	68	poetry	q1	
Ps	119	69	poetry	q1	
Ps	119	70	poetry	q1	
Ps	119	71	poetry	q1	
Ps	119	72	poetry	q1	
Ps	119	73	poetry	q1	
Ps	119	74	poetry	q1	
Ps	119	75	poetry	q1	
Ps	119	76	poetry	q1	
Ps	119	77	poetry	q1	
Ps	119	78	poetry	q1	
Ps	119	79	poetry	q1	
Ps	119	80	poetry	q1	
Ps	119	81	poetry	q1	
Ps	119	82	poetry	q1	
Ps	119	83	poetry	q1	
Ps	119	84	poetry	q1	
Ps	119	85	poetry	q1	
Ps	119	86	poetry	q1	
Ps	119	87	poetry	q1	
Ps	119	88	poetry	q1	
Ps	119	89	poetry	q1	
Ps	119	90	poetry	q1	
Ps	119	91	poetry	q1	
Ps	119	92	poetry	q1	
Ps	119	93	poetry	q1	
Ps	119	94	poetry	q1	
Ps	119	95	poetry	q1	
Ps	119	96	poetry	q1	
Ps	119	97	poetry	q1	
Ps	119	98	poetry	q1	
Ps	119	99	poetry	q1	
Ps	119	100	poetry	q1	
Ps	119	101	poetry	q1	
Ps	119	102	poetry	q1	
Ps	119	103	poetry	q1	
Ps	119	104	poetry	q1	
Ps	119	105	poetry	q1	
Ps	119	106	poetry	q1	
Ps	119	107	poetry	q1	
Ps	119	108	poetry	q1	
Ps	119	109	poetry	q1	
Ps	119	110	poetry	q1	
Ps	119	111	poetry	q1	
Ps	119	112	poetry	q1	
Ps	119	113	poetry	q1	
Ps	119	114	poetry	q1	
Ps	119	115	poetry	q1	
Ps	119	116	poetry	q1	
Ps	119	117	poetry	q1	
Ps	119	118	poetry	q1	
Ps	119	119	poetry	q1	
Ps	119	120	poetry	q1	
Ps	119	121	poetry	q1	
Ps	119	122	poetry	q1	
Ps	119	123	poetry	q1	
Ps	119	124	poetry	q1	
Ps	119	125	poetry	q1	
Ps	119	126	poetry	q1	
Ps	119	127	poetry	q1	
Ps	119	128	poetry	q1	
Ps	119	129	poetry	q1	
Ps	119	130	poetry	q1	
Ps	119	131	poetry	q1	
Ps	119	132	poetry	q1	
Ps	119	133	poetry	q1	
Ps	119	134	poetry	q1	
Ps	119	135	poetry	q1	
Ps	119	136	poetry	q1	
Ps	119	137	poetry	q1	
Ps	119	138	poetry	q1	
Ps	119	139	poetry	q1	
Ps	119	140	poetry	q1	
Ps	119	141	poetry	q1	
Ps	119	142	poetry	q1	
Ps	119	143	poetry	q1	
Ps	119	144	poetry	q1	
Ps	119	145	poetry	q1	
Ps	119	146	poetry	q1	
Ps	119	147	poetry	q1	
Ps	119	148	poetry	q1	
Ps	119	149	poetry	q1	
Ps	119	150	poetry	q1	
Ps	119	151	poetry	q1	
Ps	119	152	poetry	q1	
Ps	119	153	poetry	q1	
Ps	119	154	poetry	q1	
Ps	119	155	poetry	q1	
Ps	119	156	poetry	q1	
Ps	119	157	poetry	q1	
Ps	119	158	poetry	q1	
Ps	119	159	poetry	q1	
Ps	119	160	poetry	q1	
Ps	119	161	poetry	q1	
Ps	119	162	poetry	q1	
Ps	119	163	poetry	q1	
Ps	119	164	poetry	q1	
Ps	119	165	poetry	q1	
Ps	119	166	poetry	q1	
Ps	119	167	poetry	q1	
Ps	119	168	poetry	q1	
Ps	119	169	poetry	q1	
Ps	119	170	poetry	q1	
Ps	119	171	poetry	q1	
Ps	119	172	poetry	q1	
Ps	119	173	poetry	q1	
Ps	119	174	poetry	q1	
Ps	119	175	poetry	q1	
Ps	119	176	poetry	q1	
Ps	120	2	poetry	q1	
Ps	120	3	poetry	q1	
Ps	120	4	poetry	q1	
Ps	120	5	poetry	q1	
Ps	120	6	poetry	q1	
Ps	120	7	poetry	q1	
Ps	121	2	poetry	q1	
Ps	121	3	poetry	q1	
Ps	121	4	poetry	q1	
Ps	121	5	poetry	q1	
Ps	121	6	poetry	q1	
Ps	121	7	poetry	q1	
Ps	121	8	poetry	q1	
Ps	122	2	poetry	q1	
Ps	122	3	poetry	q2	
Ps	122	4	poetry	q1	
Ps	122	5	poetry	q1	
Ps	122	6	poetry	q1	
Ps	122	7	poetry	q1	
Ps	122	8	poetry	q1	
Ps	122	9	poetry	q1	
Ps	123	2	poetry	q1	
Ps	123	3	poetry	q1	
Ps	123	4	poetry	q1	
Ps	124	2	poetry	q1	
Ps	124	3	poetry	q1	
Ps	124	4	poetry	q1	
Ps	124	5	poetry	q1	
Ps	124	6	poetry	q1	
Ps	124	7	poetry	q1	
Ps	124	8	poetry	q1	
Ps	125	2	poetry	q1	
Ps	125	3	poetry	q1	
Ps	125	4	poetry	q1	
Ps	125	5	poetry	q1	
Ps	126	2	poetry	q1	
Ps	126	3	poetry	q1	
Ps	126	4	poetry	q1	
Ps	126	5	poetry	q1	
Ps	126	6	poetry	q2	
Ps	127	2	poetry	q1	
Ps	127	3	poetry	q1	
Ps	127	4	poetry	q1	
Ps	127	5	poetry	q1	
Ps	128	2	poetry	q1	
Ps	128	3	poetry	q1	
Ps	128	4	poetry	q1	
Ps	128	5	poetry	q2	
Ps	128	6	poetry	q1	
Ps	129	2	poetry	q1	
Ps	129	3	poetry	q1	
Ps	129	4	poetry	q1	
Ps	129	5	poetry	q1	
Ps	129	6	poetry	q1	
Ps	129	7	poetry	q1	
Ps	129	8	poetry	q1	
Ps	130	2	poetry	q1	
Ps	130	3	poetry	q1	
Ps	130	4	poetry	q1	
Ps	130	5	poetry	q1	
Ps	130	6	poetry	q1	
Ps	130	7	poetry	q1	
Ps	130	8	poetry	q1	
Ps	131	2	poetry	q1	
Ps	131	3	poetry	q1	
Ps	132	2	poetry	q1	
Ps	132	3	poetry	q1	
Ps	132	4	poetry	q1	
Ps	132	5	poetry	q1	
Ps	132	6	poetry	q1	
Ps	132	7	poetry	q1	
Ps	132	8	poetry	q1	
Ps	132	9	poetry	q1	
Ps	132	10	poetry	q1	
Ps	132	11	poetry	q1	
Ps	132	12	poetry	q1	
Ps	132	13	poetry	q1	
Ps	132	14	poetry	q1	
Ps	132	15	poetry	q1	
Ps	132	16	poetry	q1	
Ps	132	17	poetry	q1	
Ps	132	18	poetry	q1	
Ps	133	2	poetry	q1	
Ps	133	3	poetry	q1	
Ps	134	2	poetry	q1	
Ps	134	3	poetry	q1	
Ps	135	2	poetry	q1	
Ps	135	3	poetry	q1	
Ps	135	4	poetry	q1	
Ps	135	5	poetry	q1	
Ps	135	6	poetry	q1	
Ps	135	7	poetry	q1	
Ps	135	8	poetry	q1	
Ps	135	9	poetry	q1	
Ps	135	10	poetry	q1	
Ps	135	11	poetry	q1	
Ps	135	12	poetry	q1	
Ps	135	13	poetry	q1	
Ps	135	14	poetry	q1	
Ps	135	15	poetry	q1	
Ps	135	16	poetry	q1	
Ps	135	17	poetry	q1	
Ps	135	18	poetry	q1	
Ps	135	19	poetry	q1	
Ps	135	20	poetry	q1	
Ps	135	21	poetry	q1	
Ps	136	2	poetry	q1	
Ps	136	3	poetry	q1	
Ps	136	4	poetry	q1	
Ps	136	5	poetry	q1	
Ps	136	6	poetry	q1	
Ps	136	7	poetry	q1	
Ps	136	8	poetry	q1	
Ps	136	9	poetry	q1	
Ps	136	10	poetry	q1	
Ps	136	11	poetry	q1	
Ps	136	12	poetry	q1	
Ps	136	13	poetry	q1	
Ps	136	14	poetry	q1	
Ps	136	15	poetry	q1	
Ps	136	16	poetry	q1	
Ps	136	17	poetry	q1	
Ps	136	18	poetry	q1	
Ps	136	19	poetry	q1	
Ps	136	20	poetry	q1	
Ps	136	21	poetry	q1	
Ps	136	22	poetry	q1	
Ps	136	23	poetry	q1	
Ps	136	24	poetry	q1	
Ps	136	25	poetry	q1	
Ps	136	26	poetry	q1	
Ps	137	2	poetry	q1	
Ps	137	3	poetry	q1	
Ps	137	4	poetry	q1	
Ps	137	5	poetry	q1	
Ps	137	6	poetry	q1	
Ps	137	7	poetry	q1	
Ps	137	8	poetry	q1	
Ps	137	9	poetry	q1	
Ps	138	2	poetry	q1	
Ps	138	3	poetry	q1	
Ps	138	4	poetry	q1	
Ps	138	5	poetry	q1	
Ps	138	6	poetry	q1	
Ps	138	7	poetry	q1	
Ps	138	8	poetry	q1	
Ps	139	2	poetry	q1	
Ps	139	3	poetry	q1	
Ps	139	4	poetry	q1	
Ps	139	5	poetry	q1	
Ps	139	6	poetry	q1	
Ps	139	7	poetry	q1	
Ps	139	8	poetry	q1	
Ps	139	9	poetry	q1	
Ps	139	10	poetry	q1	
Ps	139	11	poetry	q1	
Ps	139	12	poetry	q1	
Ps	139	13	poetry	q1	
Ps	139	14	poetry	q1	
Ps	139	15	poetry	q1	
Ps	139	16	poetry	q1	
Ps	139	17	poetry	q1	
Ps	139	18	poetry	q1	
Ps	139	19	poetry	q1	
Ps	139	20	poetry	q1	
Ps	139	21	poetry	q1	
Ps	139	22	poetry	q1	
Ps	139	23	poetry	q1	
Ps	139	24	poetry	q1	
Ps	140	2	poetry	q1	
Ps	140	3	poetry	q1	
Ps	140	4	poetry	q1	
Ps	140	5	poetry	q1	
Ps	140	6	poetry	q1	
Ps	140	7	poetry	q1	
Ps	140	8	poetry	q1	
Ps	140	9	poetry	q1	
Ps	140	10	poetry	q1	
Ps	140	11	poetry	q1	
Ps	140	12	poetry	q1	
Ps	140	13	poetry	q1	
Ps	141	2	poetry	q1	
Ps	141	3	poetry	q1	
Ps	141	4	poetry	q1	
Ps	141	5	poetry	q1	
Ps	141	6	poetry	q1	
Ps	141	7	poetry	q1	
Ps	141	8	poetry	q1	
Ps	141	9	poetry	q1	
Ps	141	10	poetry	q1	
Ps	142	2	poetry	q1	
Ps	142	3	poetry	q1	
Ps	142	4	poetry	q1	
Ps	142	5	poetry	q1	
Ps	142	6	poetry	q1	
Ps	142	7	poetry	q1	
Ps	143	2	poetry	q1	
Ps	143	3	poetry	q1	
Ps	143	4	poetry	q1	
Ps	143	5	poetry	q1	
Ps	143	6	poetry	q1	
Ps	143	7	poetry	q1	
Ps	143	8	poetry	q1	
Ps	143	9	poetry	q1	
Ps	143	10	poetry	q1	
Ps	143	11	poetry	q1	
Ps	143	12	poetry	q1	
Ps	144	2	poetry	q1	
Ps	144	3	poetry	q1	
Ps	144	4	poetry	q1	
Ps	144	5	poetry	q1	
Ps	144	6	poetry	q1	
Ps	144	7	poetry	q1	
Ps	144	8	poetry	q2	
Ps	144	9	poetry	q1	
Ps	144	10	poetry	q1	
Ps	144	11	poetry	q1	
Ps	144	12	poetry	q1	
Ps	144	13	poetry	q1	
Ps	144	14	poetry	q1	
Ps	144	15	poetry	q1	
Ps	145	2	poetry	q1	
Ps	145	3	poetry	q1	
Ps	145	4	poetry	q1	
Ps	145	5	poetry	q1	
Ps	145	6	poetry	q1	
Ps	145	7	poetry	q1	
Ps	145	8	poetry	q1	
Ps	145	9	poetry	q1	
Ps	145	10	poetry	q1	
Ps	145	11	poetry	q1	
Ps	145	12	poetry	q1	
Ps	145	13	poetry	q1	
Ps	145	14	poetry	q1	
Ps	145	15	poetry	q1	
Ps	145	16	poetry	q1	
Ps	145	17	poetry	q1	
Ps	145	18	poetry	q1	
Ps	145	19	poetry	q1	
Ps	145	20	poetry	q1	
Ps	145	21	poetry	q1	
Ps	146	2	poetry	q1	
Ps	146	3	poetry	q1	
Ps	146	4	poetry	q1	
Ps	146	5	poetry	q1	
Ps	146	6	poetry	q1	
Ps	146	7	poetry	q1	
Ps	146	8	poetry	q2	
Ps	146	9	poetry	q1	
Ps	146	10	poetry	q1	
Ps	147	2	poetry	q1	
Ps	147	3	poetry	q1	
Ps	147	4	poetry	q1	
Ps	147	5	poetry	q1	
Ps	147	6	poetry	q1	
Ps	147	7	poetry	q1	
Ps	147	8	poetry	q1	
Ps	147	9	poetry	q1	
Ps	147	10	poetry	q1	
Ps	147	11	poetry	q1	
Ps	147	12	poetry	q1	
Ps	147	13	poetry	q1	
Ps	147	14	poetry	q1	
Ps	147	15	poetry	q1	
Ps	147	16	poetry	q1	
Ps	147	17	poetry	q1	
Ps	147	18	poetry	q1	
Ps	147	19	poetry	q1	
Ps	147	20	poetry	q1	
Ps	148	2	poetry	q1	
Ps	148	3	poetry	q1	
Ps	148	4	poetry	q1	
Ps	148	5	poetry	q1	
Ps	148	6	poetry	q1	
Ps	148	7	poetry	q1	
Ps	148	8	poetry	q1	
Ps	148	9	poetry	q1	
Ps	148	10	poetry	q1	
Ps	148	11	poetry	q1	
Ps	148	12	poetry	q1	
Ps	148	13	poetry	q1	
Ps	148	14	poetry	q1	
Ps	149	2	poetry	q1	
Ps	149	3	poetry	q1	
Ps	149	4	poetry	q1	
Ps	149	5	poetry	q1	
Ps	149	6	poetry	q1	
Ps	149	7	poetry	q1	
Ps	149	8	poetry	q1	
Ps	149	9	poetry	q1	
Ps	150	2	poetry	q1	
Ps	150	3	poetry	q1	
Ps	150	4	poetry	q1	
Ps	150	5	poetry	q1	
Ps	150	6	poetry	q1	
Prov	1	2	poetry	q1	
Prov	1	3	poetry	q1	
Prov	1	4	poetry	q1	
Prov	1	5	poetry	q1	
Prov	1	6	poetry	q1	
Prov	1	7	poetry	q1	
Prov	1	8	poetry	q1	
Prov	1	9	poetry	q1	
Prov	1	10	poetry	q1	
Prov	1	11	poetry	q1	
Prov	1	12	poetry	q1	
Prov	1	13	poetry	q1	
Prov	1	14	poetry	q1	
Prov	1	15	poetry	q1	
Prov	1	16	poetry	q1	
Prov	1	17	poetry	q1	
Prov	1	18	poetry	q1	
Prov	1	19	poetry	q1	
Prov	1	20	poetry	q1	
Prov	1	21	poetry	q1	
Prov	1	22	poetry	q1	
Prov	1	23	poetry	q1	
Prov	1	24	poetry	q1	
Prov	1	25	poetry	q1	
Prov	1	26	poetry	q1	
Prov	1	27	poetry	q1	
Prov	1	28	poetry	q1	
Prov	1	29	poetry	q1	
Prov	1	30	poetry	q1	
Prov	1	31	poetry	q1	
Prov	1	32	poetry	q1	
Prov	1	33	poetry	q1	
Prov	2	2	poetry	q1	
Prov	2	3	poetry	q1	
Prov	2	4	poetry	q1	
Prov	2	5	poetry	q1	
Prov	2	6	poetry	q1	
Prov	2	7	poetry	q1	
Prov	2	8	poetry	q1	
Prov	2	9	poetry	q1	
Prov	2	10	poetry	q1	
Prov	2	11	poetry	q1	
Prov	2	12	poetry	q1	
Prov	2	13	poetry	q1	
Prov	2	14	poetry	q1	
Prov	2	15	poetry	q1	
Prov	2	16	poetry	q1	
Prov	2	17	poetry	q1	
Prov	2	18	poetry	q1	
Prov	2	19	poetry	q1	
Prov	2	20	poetry	q1	
Prov	2	21	poetry	q1	
Prov	2	22	poetry	q1	
Prov	3	2	poetry	q1	
Prov	3	3	poetry	q1	
Prov	3	4	poetry	q1	
Prov	3	5	poetry	q1	
Prov	3	6	poetry	q1	
Prov	3	7	poetry	q1	
Prov	3	8	poetry	q1	
Prov	3	9	poetry	q1	
Prov	3	10	poetry	q1	
Prov	3	11	poetry	q1	
Prov	3	12	poetry	q1	
Prov	3	13	poetry	q1	
Prov	3	14	poetry	q1	
Prov	3	15	poetry	q1	
Prov	3	16	poetry	q1	
Prov	3	17	poetry	q1	
Prov	3	18	poetry	q1	
Prov	3	19	poetry	q1	
Prov	3	20	poetry	q1	
Prov	3	21	poetry	q1	
Prov	3	22	poetry	q1	
Prov	3	23	poetry	q1	
Prov	3	24	poetry	q1	
Prov	3	25	poetry	q1	
Prov	3	26	poetry	q1	
Prov	3	27	poetry	q1	
Prov	3	28	poetry	q1	
Prov	3	29	poetry	q1	
Prov	3	30	poetry	q1	
Prov	3	31	poetry	q1	
Prov	3	32	poetry	q1	
Prov	3	33	poetry	q1	
Prov	3	34	poetry	q1	
Prov	3	35	poetry	q1	
Prov	4	2	poetry	q1	
Prov	4	3	poetry	q1	
Prov	4	4	poetry	q1	
Prov	4	5	poetry	q1	
Prov	4	6	poetry	q1	
Prov	4	7	poetry	q1	
Prov	4	8	poetry	q1	
Prov	4	9	poetry	q1	
Prov	4	10	poetry	q1	
Prov	4	11	poetry	q1	
Prov	4	12	poetry	q1	
Prov	4	13	poetry	q1	
Prov	4	14	poetry	q1	
Prov	4	15	poetry	q1	
Prov	4	16	poetry	q1	
Prov	4	17	poetry	q1	
Prov	4	18	poetry	q1	
Prov	4	19	poetry	q1	
Prov	4	20	poetry	q1	
Prov	4	21	poetry	q1	
Prov	4	22	poetry	q1	
Prov	4	23	poetry	q1	
Prov	4	24	poetry	q1	
Prov	4	25	poetry	q1	
Prov	4	26	poetry	q1	
Prov	4	27	poetry	q1	
Prov	5	2	poetry	q1	
Prov	5	3	poetry	q1	
Prov	5	4	poetry	q1	
Prov	5	5	poetry	q1	
Prov	5	6	poetry	q1	
Prov	5	7	poetry	q1	
Prov	5	8	poetry	q1	
Prov	5	9	poetry	q1	
Prov	5	10	poetry	q1	
Prov	5	11	poetry	q1	
Prov	5	12	poetry	q1	
Prov	5	13	poetry	q1	
Prov	5	14	poetry	q1	
Prov	5	15	poetry	q1	
Prov	5	16	poetry	q1	
Prov	5	17	poetry	q1	
Prov	5	18	poetry	q1	
Prov	5	19	poetry	q1	
Prov	5	20	poetry	q1	
Prov	5	21	poetry	q1	
Prov	5	22	poetry	q1	
Prov	5	23	poetry	q1	
Prov	6	2	poetry	q1	
Prov	6	3	poetry	q1	
Prov	6	4	poetry	q1	
Prov	6	5	poetry	q1	
Prov	6	6	poetry	q1	
Prov	6	7	poetry	q1	
Prov	6	8	poetry	q2	
Prov	6	9	poetry	q1	
Prov	6	10	poetry	q1	
Prov	6	11	poetry	q1	
Prov	6	12	poetry	q1	
Prov	6	13	poetry	q1	
Prov	6	14	poetry	q1	
Prov	6	15	poetry	q1	
Prov	6	16	poetry	q1	
Prov	6	17	poetry	q1	
Prov	6	18	poetry	q1	
Prov	6	19	poetry	q1	
Prov	6	20	poetry	q1	
Prov	6	21	poetry	q1	
Prov	6	22	poetry	q1	
Prov	6	23	poetry	q1	
Prov	6	24	poetry	q1	
Prov	6	25	poetry	q1	
Prov	6	26	poetry	q1	
Prov	6	27	poetry	q1	
Prov	6	28	poetry	q1	
Prov	6	29	poetry	q1	
Prov	6	30	poetry	q1	
Prov	6	31	poetry	q1	
Prov	6	32	poetry	q1	
Prov	6	33	poetry	q1	
Prov	6	34	poetry	q1	
Prov	6	35	poetry	q1	
Prov	7	2	poetry	q1	
Prov	7	3	poetry	q1	
Prov	7	4	poetry	q1	
Prov	7	5	poetry	q1	
Prov	7	6	poetry	q1	
Prov	7	7	poetry	q1	
Prov	7	8	poetry	q1	
Prov	7	9	poetry	q1	
Prov	7	10	poetry	q1	
Prov	7	11	poetry	q1	
Prov	7	12	poetry	q1	
Prov	7	13	poetry	q1	
Prov	7	14	poetry	q1	
Prov	7	15	poetry	q1	
Prov	7	16	poetry	q1	
Prov	7	17	poetry	q1	
Prov	7	18	poetry	q1	
Prov	7	19	poetry	q1	
Prov	7	20	poetry	q1	
Prov	7	21	poetry	q1	
Prov	7	22	poetry	q1	
Prov	7	23	poetry	q1	
Prov	7	24	poetry	q1	
Prov	7	25	poetry	q1	
Prov	7	26	poetry	q1	
Prov	7	27	poetry	q1	
Prov	8	2	poetry	q1	
Prov	8	3	poetry	q1	
Prov	8	4	poetry	q1	
Prov	8	5	poetry	q1	
Prov	8	6	poetry	q1	
Prov	8	7	poetry	q1	
Prov	8	8	poetry	q1	
Prov	8	9	poetry	q1	
Prov	8	10	poetry	q1	
Prov	8	11	poetry	q1	
Prov	8	12	poetry	q1	
Prov	8	13	poetry	q1	
Prov	8	14	poetry	q1	
Prov	8	15	poetry	q1	
Prov	8	16	poetry	q1	
Prov	8	17	poetry	q1	
Prov	8	18	poetry	q1	
Prov	8	19	poetry	q1	
Prov	8	20	poetry	q1	
Prov	8	21	poetry	q1	
Prov	8	22	poetry	q1	
Prov	8	23	poetry	q1	
Prov	8	24	poetry	q1	
Prov	8	25	poetry	q1	
Prov	8	26	poetry	q1	
Prov	8	27	poetry	q1	
Prov	8	28	poetry	q1	
Prov	8	29	poetry	q1	
Prov	8	30	poetry	q1	
Prov	8	31	poetry	q1	
Prov	8	32	poetry	q1	
Prov	8	33	poetry	q1	
Prov	8	34	poetry	q1	
Prov	8	35	poetry	q1	
Prov	8	36	poetry	q1	
Prov	9	2	poetry	q1	
Prov	9	3	poetry	q1	
Prov	9	4	poetry	q1	
Prov	9	5	poetry	q1	
Prov	9	6	poetry	q1	
Prov	9	7	poetry	q1	
Prov	9	8	poetry	q1	
Prov	9	9	poetry	q1	
Prov	9	10	poetry	q1	
Prov	9	11	poetry	q1	
Prov	9	12	poetry	q1	
Prov	9	13	poetry	q1	
Prov	9	14	poetry	q1	
Prov	9	15	poetry	q1	
Prov	9	16	poetry	q1	
Prov	9	17	poetry	q1	
Prov	9	18	poetry	q1	
Prov	10	2	poetry	q1	
Prov	10	3	poetry	q1	
Prov	10	4	poetry	q1	
Prov	10	5	poetry	q1	
Prov	10	6	poetry	q1	
Prov	10	7	poetry	q1	
Prov	10	8	poetry	q1	
Prov	10	9	poetry	q1	
Prov	10	10	poetry	q1	
Prov	10	11	poetry	q1	
Prov	10	12	poetry	q1	
Prov	10	13	poetry	q1	
Prov	10	14	poetry	q1	
Prov	10	15	poetry	q1	
Prov	10	16	poetry	q1	
Prov	10	17	poetry	q1	
Prov	10	18	poetry	q1	
Prov	10	19	poetry	q1	
Prov	10	20	poetry	q1	
Prov	10	21	poetry	q1	
Prov	10	22	poetry	q1	
Prov	10	23	poetry	q1	
Prov	10	24	poetry	q1	
Prov	10	25	poetry	q1	
Prov	10	26	poetry	q1	
Prov	10	27	poetry	q1	
Prov	10	28	poetry	q1	
Prov	10	29	poetry	q1	
Prov	10	30	poetry	q1	
Prov	10	31	poetry	q1	
Prov	10	32	poetry	q1	
Prov	11	2	poetry	q1	
Prov	11	3	poetry	q1	
Prov	11	4	poetry	q1	
Prov	11	5	poetry	q1	
Prov	11	6	poetry	q1	
Prov	11	7	poetry	q1	
Prov	11	8	poetry	q1	
Prov	11	9	poetry	q1	
Prov	11	10	poetry	q1	
Prov	11	11	poetry	q1	
Prov	11	12	poetry	q1	
Prov	11	13	poetry	q1	
Prov	11	14	poetry	q1	
Prov	11	15	poetry	q1	
Prov	11	16	poetry	q1	
Prov	11	17	poetry	q1	
Prov	11	18	poetry	q1	
Prov	11	19	poetry	q1	
Prov	11	20	poetry	q1	
Prov	11	21	poetry	q1	
Prov	11	22	poetry	q1	
Prov	11	23	poetry	q1	
Prov	11	24	poetry	q1	
Prov	11	25	poetry	q1	
Prov	11	26	poetry	q1	
Prov	11	27	poetry	q1	
Prov	11	28	poetry	q1	
Prov	11	29	poetry	q1	
Prov	11	30	poetry	q1	
Prov	11	31	poetry	q1	
Prov	12	2	poetry	q1	
Prov	12	3	poetry	q1	
Prov	12	4	poetry	q1	
Prov	12	5	poetry	q1	
Prov	12	6	poetry	q1	
Prov	12	7	poetry	q1	
Prov	12	8	poetry	q1	
Prov	12	9	poetry	q1	
Prov	12	10	poetry	q1	
Prov	12	11	poetry	q1	
Prov	12	12	poetry	q1	
Prov	12	13	poetry	q1	
Prov	12	14	poetry	q1	
Prov	12	15	poetry	q1	
Prov	12	16	poetry	q1	
Prov	12	17	poetry	q1	
Prov	12	18	poetry	q1	
Prov	12	19	poetry	q1	
Prov	12	20	poetry	q1	
Prov	12	21	poetry	q1	
Prov	12	22	poetry	q1	
Prov	12	23	poetry	q1	
Prov	12	24	poetry	q1	
Prov	12	25	poetry	q1	
Prov	12	26	poetry	q1	
Prov	12	27	poetry	q1	
Prov	12	28	poetry	q1	
Prov	13	2	poetry	q1	
Prov	13	3	poetry	q1	
Prov	13	4	poetry	q1	
Prov	13	5	poetry	q1	
Prov	13	6	poetry	q1	
Prov	13	7	poetry	q1	
Prov	13	8	poetry	q1	
Prov	13	9	poetry	q1	
Prov	13	10	poetry	q1	
Prov	13	11	poetry	q1	
Prov	13	12	poetry	q1	
Prov	13	13	poetry	q1	
Prov	13	14	poetry	q1	
Prov	13	15	poetry	q1	
Prov	13	16	poetry	q1	
Prov	13	17	poetry	q1	
Prov	13	18	poetry	q1	
Prov	13	19	poetry	q1	
Prov	13	20	poetry	q1	
Prov	13	21	poetry	q1	
Prov	13	22	poetry	q1	
Prov	13	23	poetry	q1	
Prov	13	24	poetry	q1	
Prov	13	25	poetry	q1	
Prov	14	2	poetry	q1	
Prov	14	3	poetry	q1	
Prov	14	4	poetry	q1	
Prov	14	5	poetry	q1	
Prov	14	6	poetry	q1	
Prov	14	7	poetry	q1	
Prov	14	8	poetry	q1	
Prov	14	9	poetry	q1	
Prov	14	10	poetry	q1	
Prov	14	11	poetry	q1	
Prov	14	12	poetry	q1	
Prov	14	13	poetry	q1	
Prov	14	14	poetry	q1	
Prov	14	15	poetry	q1	
Prov	14	16	poetry	q1	
Prov	14	17	poetry	q1	
Prov	14	18	poetry	q1	
Prov	14	19	poetry	q1	
Prov	14	20	poetry	q1	
Prov	14	21	poetry	q1	
Prov	14	22	poetry	q1	
Prov	14	23	poetry	q1	
Prov	14	24	poetry	q1	
Prov	14	25	poetry	q1	
Prov	14	26	poetry	q1	
Prov	14	27	poetry	q1	
Prov	14	28	poetry	q1	
Prov	14	29	poetry	q1	
Prov	14	30	poetry	q1	
Prov	14	31	poetry	q1	
Prov	14	32	poetry	q1	
Prov	14	33	poetry	q1	
Prov	14	34	poetry	q1	
Prov	14	35	poetry	q1	
Prov	15	2	poetry	q1	
Prov	15	3	poetry	q1	
Prov	15	4	poetry	q1	
Prov	15	5	poetry	q1	
Prov	15	6	poetry	q1	
Prov	15	7	poetry	q1	
Prov	15	8	poetry	q1	
Prov	15	9	poetry	q1	
Prov	15	10	poetry	q1	
Prov	15	11	poetry	q1	
Prov	15	12	poetry	q1	
Prov	15	13	poetry	q1	
Prov	15	14	poetry	q1	
Prov	15	15	poetry	q1	
Prov	15	16	poetry	q1	
Prov	15	17	poetry	q1	
Prov	15	18	poetry	q1	
Prov	15	19	poetry	q1	
Prov	15	20	poetry	q1	
Prov	15	21	poetry	q1	
Prov	15	22	poetry	q1	
Prov	15	23	poetry	q1	
Prov	15	24	poetry	q1	
Prov	15	25	poetry	q1	
Prov	15	26	poetry	q1	
Prov	15	27	poetry	q1	
Prov	15	28	poetry	q1	
Prov	15	29	poetry	q1	
Prov	15	30	poetry	q1	
Prov	15	31	poetry	q1	
Prov	15	32	poetry	q1	
Prov	15	33	poetry	q1	
Prov	16	2	poetry	q1	
Prov	16	3	poetry	q1	
Prov	16	4	poetry	q1	
Prov	16	5	poetry	q1	
Prov	16	6	poetry	q1	
Prov	16	7	poetry	q1	
Prov	16	8	poetry	q1	
Prov	16	9	poetry	q1	
Prov	16	10	poetry	q1	
Prov	16	11	poetry	q1	
Prov	16	12	poetry	q1	
Prov	16	13	poetry	q1	
Prov	16	14	poetry	q1	
Prov	16	15	poetry	q1	
Prov	16	16	poetry	q1	
Prov	16	17	poetry	q1	
Prov	16	18	poetry	q1	
Prov	16	19	poetry	q1	
Prov	16	20	poetry	q1	
Prov	16	21	poetry	q1	
Prov	16	22	poetry	q1	
Prov	16	23	poetry	q1	
Prov	16	24	poetry	q1	
Prov	16	25	poetry	q1	
Prov	16	26	poetry	q1	
Prov	16	27	poetry	q1	
Prov	16	28	poetry	q1	
Prov	16	29	poetry	q1	
Prov	16	30	poetry	q1	
Prov	16	31	poetry	q1	
Prov	16	32	poetry	q1	
Prov	16	33	poetry	q1	
Prov	17	2	poetry	q1	
Prov	17	3	poetry	q1	
Prov	17	4	poetry	q1	
Prov	17	5	poetry	q1	
Prov	17	6	poetry	q1	
Prov	17	7	poetry	q1	
Prov	17	8	poetry	q1	
Prov	17	9	poetry	q1	
Prov	17	10	poetry	q1	
Prov	17	11	poetry	q1	
Prov	17	12	poetry	q1	
Prov	17	13	poetry	q1	
Prov	17	14	poetry	q1	
Prov	17	15	poetry	q1	
Prov	17	16	poetry	q1	
Prov	17	17	poetry	q1	
Prov	17	18	poetry	q1	
Prov	17	19	poetry	q1	
Prov	17	20	poetry	q1	
Prov	17	21	poetry	q1	
Prov	17	22	poetry	q1	
Prov	17	23	poetry	q1	
Prov	17	24	poetry	q1	
Prov	17	25	poetry	q1	
Prov	17	26	poetry	q1	
Prov	17	27	poetry	q1	
Prov	17	28	poetry	q1	
Prov	18	2	poetry	q1	
Prov	18	3	poetry	q1	
Prov	18	4	poetry	q1	
Prov	18	5	poetry	q1	
Prov	18	6	poetry	q1	
Prov	18	7	poetry	q1	
Prov	18	8	poetry	q1	
Prov	18	9	poetry	q1	
Prov	18	10	poetry	q1	
Prov	18	11	poetry	q1	
Prov	18	12	poetry	q1	
Prov	18	13	poetry	q1	
Prov	18	14	poetry	q1	
Prov	18	15	poetry	q1	
Prov	18	16	poetry	q1	
Prov	18	17	poetry	q1	
Prov	18	18	poetry	q1	
Prov	18	19	poetry	q1	
Prov	18	20	poetry	q1	
Prov	18	21	poetry	q1	
Prov	18	22	poetry	q1	
Prov	18	23	poetry	q1	
Prov	18	24	poetry	q1	
Prov	19	2	poetry	q1	
Prov	19	3	poetry	q1	
Prov	19	4	poetry	q1	
Prov	19	5	poetry	q1	
Prov	19	6	poetry	q1	
Prov	19	7	poetry	q1	
Prov	19	8	poetry	q1	
Prov	19	9	poetry	q1	
Prov	19	10	poetry	q1	
Prov	19	11	poetry	q1	
Prov	19	12	poetry	q1	
Prov	19	13	poetry	q1	
Prov	19	14	poetry	q1	
Prov	19	15	poetry	q1	
Prov	19	16	poetry	q1	
Prov	19	17	poetry	q1	
Prov	19	18	poetry	q1	
Prov	19	19	poetry	q1	
Prov	19	20	poetry	q1	
Prov	19	21	poetry	q1	
Prov	19	22	poetry	q1	
Prov	19	23	poetry	q1	
Prov	19	24	poetry	q1	
Prov	19	25	poetry	q1	
Prov	19	26	poetry	q1	
Prov	19	27	poetry	q1	
Prov	19	28	poetry	q1	
Prov	19	29	poetry	q1	
Prov	20	2	poetry	q1	
Prov	20	3	poetry	q1	
Prov	20	4	poetry	q1	
Prov	20	5	poetry	q1	
Prov	20	6	poetry	q1	
Prov	20	7	poetry	q1	
Prov	20	8	poetry	q1	
Prov	20	9	poetry	q1	
Prov	20	10	poetry	q1	
Prov	20	11	poetry	q1	
Prov	20	12	poetry	q1	
Prov	20	13	poetry	q1	
Prov	20	14	poetry	q1	
Prov	20	15	poetry	q1	
Prov	20	16	poetry	q1	
Prov	20	17	poetry	q1	
Prov	20	18	poetry	q1	
Prov	20	19	poetry	q1	
Prov	20	20	poetry	q1	
Prov	20	21	poetry	q1	
Prov	20	22	poetry	q1	
Prov	20	23	poetry	q1	
Prov	20	24	poetry	q1	
Prov	20	25	poetry	q1	
Prov	20	26	poetry	q1	
Prov	20	27	poetry	q1	
Prov	20	28	poetry	q1	
Prov	20	29	poetry	q1	
Prov	20	30	poetry	q1	
Prov	21	2	poetry	q1	
Prov	21	3	poetry	q1	
Prov	21	4	poetry	q1	
Prov	21	5	poetry	q1	
Prov	21	6	poetry	q1	
Prov	21	7	poetry	q1	
Prov	21	8	poetry	q1	
Prov	21	9	poetry	q1	
Prov	21	10	poetry	q1	
Prov	21	11	poetry	q1	
Prov	21	12	poetry	q1	
Prov	21	13	poetry	q1	
Prov	21	14	poetry	q1	
Prov	21	15	poetry	q1	
Prov	21	16	poetry	q1	
Prov	21	17	poetry	q1	
Prov	21	18	poetry	q1	
Prov	21	19	poetry	q1	
Prov	21	20	poetry	q1	
Prov	21	21	poetry	q1	
Prov	21	22	poetry	q1	
Prov	21	23	poetry	q1	
Prov	21	24	poetry	q1	
Prov	21	25	poetry	q1	
Prov	21	26	poetry	q1	
Prov	21	27	poetry	q1	
Prov	21	28	poetry	q1	
Prov	21	29	poetry	q1	
Prov	21	30	poetry	q1	
Prov	21	31	poetry	q1	
Prov	22	2	poetry	q1	
Prov	22	3	poetry	q1	
Prov	22	4	poetry	q1	
Prov	22	5	poetry	q1	
Prov	22	6	poetry	q1	
Prov	22	7	poetry	q1	
Prov	22	8	poetry	q1	
Prov	22	9	poetry	q1	
Prov	22	10	poetry	q1	
Prov	22	11	poetry	q1	
Prov	22	12	poetry	q1	
Prov	22	13	poetry	q1	
Prov	22	14	poetry	q1	
Prov	22	15	poetry	q1	
Prov	22	16	poetry	q1	
Prov	22	17	poetry	q1	
Prov	22	18	poetry	q1	
Prov	22	19	poetry	q1	
Prov	22	20	poetry	q1	
Prov	22	21	poetry	q1	
Prov	22	22	poetry	q1	
Prov	22	23	poetry	q1	
Prov	22	24	poetry	q1	
Prov	22	25	poetry	q1	
Prov	22	26	poetry	q1	
Prov	22	27	poetry	q1	
Prov	22	28	poetry	q1	
Prov	22	29	poetry	q1	
Prov	23	2	poetry	q1	
Prov	23	3	poetry	q1	
Prov	23	4	poetry	q1	
Prov	23	5	poetry	q1	
Prov	23	6	poetry	q1	
Prov	23	7	poetry	q2	
Prov	23	8	poetry	q1	
Prov	23	9	poetry	q1	
Prov	23	10	poetry	q1	
Prov	23	11	poetry	q1	
Prov	23	12	poetry	q1	
Prov	23	13	poetry	q1	
Prov	23	14	poetry	q1	
Prov	23	15	poetry	q1	
Prov	23	16	poetry	q1	
Prov	23	17	poetry	q1	
Prov	23	18	poetry	q1	
Prov	23	19	poetry	q1	
Prov	23	20	poetry	q1	
Prov	23	21	poetry	q1	
Prov	23	22	poetry	q1	
Prov	23	23	poetry	q1	
Prov	23	24	poetry	q1	
Prov	23	25	poetry	q1	
Prov	23	26	poetry	q1	
Prov	23	27	poetry	q1	
Prov	23	28	poetry	q1	
Prov	23	29	poetry	q1	
Prov	23	30	poetry	q1	
Prov	23	31	poetry	q1	
Prov	23	32	poetry	q1	
Prov	23	33	poetry	q1	
Prov	23	34	poetry	q1	
Prov	23	35	poetry	q1	
Prov	24	2	poetry	q1	
Prov	24	3	poetry	q1	
Prov	24	4	poetry	q1	
Prov	24	5	poetry	q1	
Prov	24	6	poetry	q1	
Prov	24	7	poetry	q1	
Prov	24	8	poetry	q1	
Prov	24	9	poetry	q1	
Prov	24	10	poetry	q1	
Prov	24	11	poetry	q1	
Prov	24	12	poetry	q1	
Prov	24	13	poetry	q1	
Prov	24	14	poetry	q1	
Prov	24	15	poetry	q1	
Prov	24	16	poetry	q1	
Prov	24	17	poetry	q1	
Prov	24	18	poetry	q1	
Prov	24	19	poetry	q1	
Prov	24	20	poetry	q1	
Prov	24	21	poetry	q1	
Prov	24	22	poetry	q1	
Prov	24	23	prose	p	
Prov	24	24	poetry	q1	
Prov	24	25	poetry	q1	
Prov	24	26	poetry	q1	
Prov	24	27	poetry	q1	
Prov	24	28	poetry	q1	
Prov	24	29	poetry	q1	
Prov	24	30	poetry	q1	
Prov	24	31	poetry	q1	
Prov	24	32	poetry	q1	
Prov	24	33	poetry	q1	
Prov	24	34	poetry	q1	
Prov	25	2	poetry	q1	
Prov	25	3	poetry	q1	
Prov	25	4	poetry	q1	
Prov	25	5	poetry	q1	
Prov	25	6	poetry	q1	
Prov	25	7	poetry	q1	
Prov	25	8	poetry	q1	
Prov	25	9	poetry	q1	
Prov	25	10	poetry	q2	
Prov	25	11	poetry	q1	
Prov	25	12	poetry	q1	
Prov	25	13	poetry	q1	
Prov	25	14	poetry	q1	
Prov	25	15	poetry	q1	
Prov	25	16	poetry	q1	
Prov	25	17	poetry	q1	
Prov	25	18	poetry	q1	
Prov	25	19	poetry	q1	
Prov	25	20	poetry	q1	
Prov	25	21	poetry	q1	
Prov	25	22	poetry	q1	
Prov	25	23	poetry	q1	
Prov	25	24	poetry	q1	
Prov	25	25	poetry	q1	
Prov	25	26	poetry	q1	
Prov	25	27	poetry	q1	
Prov	25	28	poetry	q1	
Prov	26	2	poetry	q1	
Prov	26	3	poetry	q1	
Prov	26	4	poetry	q1	
Prov	26	5	poetry	q1	
Prov	26	6	poetry	q1	
Prov	26	7	poetry	q1	
Prov	26	8	poetry	q1	
Prov	26	9	poetry	q1	
Prov	26	10	poetry	q1	
Prov	26	11	poetry	q1	
Prov	26	12	poetry	q1	
Prov	26	13	poetry	q1	
Prov	26	14	poetry	q1	
Prov	26	15	poetry	q1	
Prov	26	16	poetry	q1	
Prov	26	17	poetry	q1	
Prov	26	18	poetry	q1	
Prov	26	19	poetry	q2	
Prov	26	20	poetry	q1	
Prov	26	21	poetry	q1	
Prov	26	22	poetry	q1	
Prov	26	23	poetry	q1	
Prov	26	24	poetry	q1	
Prov	26	25	poetry	q1	
Prov	26	26	poetry	q1	
Prov	26	27	poetry	q1	
Prov	26	28	poetry	q1	
Prov	27	2	poetry	q1	
Prov	27	3	poetry	q1	
Prov	27	4	poetry	q1	
Prov	27	5	poetry	q1	
Prov	27	6	poetry	q1	
Prov	27	7	poetry	q1	
Prov	27	8	poetry	q1	
Prov	27	9	poetry	q1	
Prov	27	10	poetry	q1	
Prov	27	11	poetry	q1	
Prov	27	12	poetry	q1	
Prov	27	13	poetry	q1	
Prov	27	14	poetry	q1	
Prov	27	15	poetry	q1	
Prov	27	16	poetry	q1	
Prov	27	17	poetry	q1	
Prov	27	18	poetry	q1	
Prov	27	19	poetry	q1	
Prov	27	20	poetry	q1	
Prov	27	21	poetry	q1	
Prov	27	22	poetry	q1	
Prov	27	23	poetry	q1	
Prov	27	24	poetry	q1	
Prov	27	25	poetry	q1	
Prov	27	26	poetry	q1	
Prov	27	27	poetry	q1	
Prov	28	2	poetry	q1	
Prov	28	3	poetry	q1	
Prov	28	4	poetry	q1	
Prov	28	5	poetry	q1	
Prov	28	6	poetry	q1	
Prov	28	7	poetry	q1	
Prov	28	8	poetry	q1	
Prov	28	9	poetry	q1	
Prov	28	10	poetry	q1	
Prov	28	11	poetry	q1	
Prov	28	12	poetry	q1	
Prov	28	13	poetry	q1	
Prov	28	14	poetry	q1	
Prov	28	15	poetry	q1	
Prov	28	16	poetry	q1	
Prov	28	17	poetry	q1	
Prov	28	18	poetry	q1	
Prov	28	19	poetry	q1	
Prov	28	20	poetry	q1	
Prov	28	21	poetry	q1	
Prov	28	22	poetry	q1	
Prov	28	23	poetry	q1	
Prov	28	24	poetry	q1	
Prov	28	25	poetry	q1	
Prov	28	26	poetry	q1	
Prov	28	27	poetry	q1	
Prov	28	28	poetry	q1	
Prov	29	2	poetry	q1	
Prov	29	3	poetry	q1	
Prov	29	4	poetry	q1	
Prov	29	5	poetry	q1	
Prov	29	6	poetry	q1	
Prov	29	7	poetry	q1	
Prov	29	8	poetry	q1	
Prov	29	9	poetry	q1	
Prov	29	10	poetry	q1	
Prov	29	11	poetry	q1	
Prov	29	12	poetry	q1	
Prov	29	13	poetry	q1	
Prov	29	14	poetry	q1	
Prov	29	15	poetry	q1	
Prov	29	16	poetry	q1	
Prov	29	17	poetry	q1	
Prov	29	18	poetry	q1	
Prov	29	19	poetry	q1	
Prov	29	20	poetry	q1	
Prov	29	21	poetry	q1	
Prov	29	22	poetry	q1	
Prov	29	23	poetry	q1	
Prov	29	24	poetry	q1	
Prov	29	25	poetry	q1	
Prov	29	26	poetry	q1	
Prov	29	27	poetry	q1	
Prov	30	2	poetry	q1	
Prov	30	3	poetry	q1	
Prov	30	4	poetry	q1	
Prov	30	5	poetry	q1	
Prov	30	6	poetry	q1	
Prov	30	7	poetry	q1	
Prov	30	8	poetry	q1	
Prov	30	9	poetry	q1	
Prov	30	10	poetry	q1	
Prov	30	11	poetry	q1	
Prov	30	12	poetry	q1	
Prov	30	13	poetry	q1	
Prov	30	14	poetry	q1	
Prov	30	15	poetry	q1	
Prov	30	16	poetry	q2	
Prov	30	17	poetry	q1	
Prov	30	18	poetry	q1	
Prov	30	19	poetry	q2	
Prov	30	20	poetry	q1	
Prov	30	21	poetry	q1	
Prov	30	22	poetry	q2	
Prov	30	23	poetry	q2	
Prov	30	24	poetry	q1	
Prov	30	25	poetry	q2	
Prov	30	26	poetry	q2	
Prov	30	27	poetry	q2	
Prov	30	28	poetry	q2	
Prov	30	29	poetry	q1	
Prov	30	30	poetry	q2	
Prov	30	31	poetry	q2	
Prov	30	32	poetry	q1	
Prov	30	33	poetry	q2	
Prov	31	2	poetry	q1	
Prov	31	3	poetry	q1	
Prov	31	4	poetry	q1	
Prov	31	5	poetry	q1	
Prov	31	6	poetry	q1	
Prov	31	7	poetry	q1	
Prov	31	8	poetry	q1	
Prov	31	9	poetry	q1	
Prov	31	10	poetry	q1	
Prov	31	11	poetry	q1	
Prov	31	12	poetry	q1	
Prov	31	13	poetry	q1	
Prov	31	14	poetry	q1	
Prov	31	15	poetry	q1	
Prov	31	16	poetry	q1	
Prov	31	17	poetry	q1	
Prov	31	18	poetry	q1	
Prov	31	19	poetry	q1	
Prov	31	20	poetry	q1	
Prov	31	21	poetry	q1	
Prov	31	22	poetry	q1	
Prov	31	23	poetry	q1	
Prov	31	24	poetry	q1	
Prov	31	25	poetry	q1	
Prov	31	26	poetry	q1	
Prov	31	27	poetry	q1	
Prov	31	28	poetry	q1	
Prov	31	29	poetry	q1	
Prov	31	30	poetry	q1	
Prov	31	31	poetry	q1	
Eccles	1	2	prose	p	
Eccles	1	12	prose	p	
Eccles	2	3	prose	p	
Eccles	2	12	prose	p	
Eccles	2	17	prose	p	
Eccles	2	20	prose	p	
Eccles	3	2	poetry	q1	
Eccles	3	3	poetry	q1	
Eccles	3	4	poetry	q1	
Eccles	3	5	poetry	q1	
Eccles	3	6	poetry	q1	
Eccles	3	7	poetry	q1	
Eccles	3	8	poetry	q1	
Eccles	3	9	prose	p	
Eccles	3	16	prose	p	
Eccles	3	22	prose	p	
Eccles	4	5	prose	p	
Eccles	4	7	prose	p	
Eccles	4	9	prose	p	
Eccles	4	13	prose	p	
Eccles	5	8	prose	p	
Eccles	5	10	prose	p	
Eccles	5	12	prose	p	
Eccles	5	13	prose	p	
Eccles	5	18	prose	p	
Eccles	6	3	prose	p	
Eccles	7	9	prose	p	
Eccles	7	11	prose	p	
Eccles	7	13	prose	p	
Eccles	7	15	prose	p	
Eccles	7	26	prose	p	
Eccles	7	27	prose	p	
Eccles	8	2	prose	p	
Eccles	8	9	prose	p	
Eccles	8	14	prose	p	
Eccles	8	16	prose	p	
Eccles	9	7	prose	p	
Eccles	9	11	prose	p	
Eccles	9	13	prose	p	
Eccles	10	2	poetry	q1	
Eccles	10	3	poetry	q2	
Eccles	10	5	prose	p	
Eccles	10	11	prose	p	
Eccles	10	15	prose	p	
Eccles	10	16	poetry	q1	
Eccles	10	17	poetry	q1	
Eccles	10	18	poetry	q1	
Eccles	10	19	poetry	q1	
Eccles	10	20	poetry	q1	
Eccles	11	2	poetry	q1	
Eccles	11	3	poetry	q1	
Eccles	11	4	poetry	q1	
Eccles	11	5	poetry	q1	
Eccles	11	6	poetry	q1	
Eccles	11	7	poetry	q1	
Eccles	11	8	poetry	q1	
Eccles	11	9	poetry	q1	
Eccles	11	10	poetry	q1	
Eccles	12	2	poetry	q1	
Eccles	12	3	poetry	q1	
Eccles	12	4	poetry	q1	
Eccles	12	5	poetry	q1	
Eccles	12	6	poetry	q1	
Eccles	12	7	poetry	q1	
Eccles	12	8	poetry	q2	
Eccles	12	9	prose	p	
Eccles	12	13	prose	p	
Cant	1	2	poetry	q1	
Cant	1	3	poetry	q1	
Cant	1	4	poetry	q1	
Cant	1	5	poetry	q1	
Cant	1	6	poetry	q1	
Cant	1	7	poetry	q1	
Cant	1	8	poetry	q1	
Cant	1	9	poetry	q1	
Cant	1	10	poetry	q1	
Cant	1	11	poetry	q1	
Cant	1	12	poetry	q1	
Cant	1	13	poetry	q1	
Cant	1	14	poetry	q1	
Cant	1	15	poetry	q1	
Cant	1	16	poetry	q1	
Cant	1	17	poetry	q1	
Cant	2	2	poetry	q1	
Cant	2	3	poetry	q1	
Cant	2	4	poetry	q1	
Cant	2	5	poetry	q1	
Cant	2	6	poetry	q1	
Cant	2	7	poetry	q1	
Cant	2	8	poetry	q1	
Cant	2	9	poetry	q1	
Cant	2	10	poetry	q1	
Cant	2	11	poetry	q1	
Cant	2	12	poetry	q1	
Cant	2	13	poetry	q1	
Cant	2	14	poetry	q1	
Cant	2	15	poetry	q1	
Cant	2	16	poetry	q1	
Cant	2	17	poetry	q1	
Cant	3	2	poetry	q1	
Cant	3	3	poetry	q1	
Cant	3	4	poetry	q1	
Cant	3	5	poetry	q1	
Cant	3	6	poetry	q1	
Cant	3	7	poetry	q1	
Cant	3	8	poetry	q1	
Cant	3	9	poetry	q1	
Cant	3	10	poetry	q1	
Cant	3	11	poetry	q1	
Cant	4	2	poetry	q1	
Cant	4	3	poetry	q1	
Cant	4	4	poetry	q1	
Cant	4	5	poetry	q1	
Cant	4	6	poetry	q1	
Cant	4	7	poetry	q1	
Cant	4	8	poetry	q1	
Cant	4	9	poetry	q1	
Cant	4	10	poetry	q1	
Cant	4	11	poetry	q1	
Cant	4	12	poetry	q1	
Cant	4	13	poetry	q1	
Cant	4	14	poetry	q2	
Cant	4	15	poetry	q2	
Cant	4	16	poetry	q1	
Cant	5	2	poetry	q1	
Cant	5	3	poetry	q1	
Cant	5	4	poetry	q1	
Cant	5	5	poetry	q1	
Cant	5	6	poetry	q1	
Cant	5	7	poetry	q1	
Cant	5	8	poetry	q1	
Cant	5	9	poetry	q1	
Cant	5	10	poetry	q1	
Cant	5	11	poetry	q1	
Cant	5	12	poetry	q1	
Cant	5	13	poetry	q1	
Cant	5	14	poetry	q1	
Cant	5	15	poetry	q1	
Cant	5	16	poetry	q1	
Cant	6	2	poetry	q1	
Cant	6	3	poetry	q1	
Cant	6	4	poetry	q1	
Cant	6	5	poetry	q1	
Cant	6	6	poetry	q1	
Cant	6	7	poetry	q1	
Cant	6	8	poetry	q1	
Cant	6	9	poetry	q1	
Cant	6	10	poetry	q1	
Cant	6	11	poetry	q1	
Cant	6	12	poetry	q1	
Cant	6	13	poetry	q1	
Cant	7	2	poetry	q1	
Cant	7	3	poetry	q1	
Cant	7	4	poetry	q1	
Cant	7	5	poetry	q1	
Cant	7	6	poetry	q1	
Cant	7	7	poetry	q1	
Cant	7	8	poetry	q1	
Cant	7	9	poetry	q1	
Cant	7	10	poetry	q1	
Cant	7	11	poetry	q1	
Cant	7	12	poetry	q1	
Cant	7	13	poetry	q1	
Cant	8	2	poetry	q1	
Cant	8	3	poetry	q1	
Cant	8	4	poetry	q1	
Cant	8	5	poetry	q1	
Cant	8	6	poetry	q1	
Cant	8	7	poetry	q1	
Cant	8	8	poetry	q1	
Cant	8	9	poetry	q1	
Cant	8	10	poetry	q1	
Cant	8	11	poetry	q1	
Cant	8	12	poetry	q1	
Cant	8	13	poetry	q1	
Cant	8	14	poetry	q1	
Wis	1	2	poetry	q2	
Wis	1	3	poetry	q1	
Wis	1	4	poetry	q1	
Wis	1	5	poetry	q1	
Wis	1	6	poetry	q1	
Wis	1	7	poetry	q1	
Wis	1	8	poetry	q1	
Wis	1	9	poetry	q1	
Wis	1	10	poetry	q1	
Wis	1	11	poetry	q1	
Wis	1	12	poetry	q1	
Wis	1	13	poetry	q2	
Wis	1	14	poetry	q1	
Wis	1	15	poetry	q1	
Wis	1	16	poetry	q2	
Wis	2	2	poetry	q1	
Wis	2	3	poetry	q1	
Wis	2	4	poetry	q1	
Wis	2	5	poetry	q1	
Wis	2	6	poetry	q1	
Wis	2	7	poetry	q1	
Wis	2	8	poetry	q1	
Wis	2	9	poetry	q1	
Wis	2	10	poetry	q1	
Wis	2	11	poetry	q1	
Wis	2	12	poetry	q1	
Wis	2	13	poetry	q1	
Wis	2	14	poetry	q1	
Wis	2	15	poetry	q1	
Wis	2	16	poetry	q1	
Wis	2	17	poetry	q1	
Wis	2	18	poetry	q1	
Wis	2	19	poetry	q1	
Wis	2	20	poetry	q1	
Wis	2	21	poetry	q1	
Wis	2	22	poetry	q1	
Wis	2	23	poetry	q1	
Wis	2	24	poetry	q1	
Wis	3	2	poetry	q1	
Wis	3	3	poetry	q2	
Wis	3	4	poetry	q1	
Wis	3	5	poetry	q1	
Wis	3	6	poetry	q1	
Wis	3	7	poetry	q1	
Wis	3	8	poetry	q1	
Wis	3	9	poetry	q2	
Wis	3	10	poetry	q1	
Wis	3	11	poetry	q2	
Wis	3	12	poetry	q1	
Wis	3	13	poetry	q2	
Wis	3	14	poetry	q1	
Wis	3	15	poetry	q1	
Wis	3	16	poetry	q1	
Wis	3	17	poetry	q1	
Wis	3	18	poetry	q1	
Wis	3	19	poetry	q1	
Wis	4	2	poetry	q1	
Wis	4	3	poetry	q1	
Wis	4	4	poetry	q1	
Wis	4	5	poetry	q1	
Wis	4	6	poetry	q1	
Wis	4	7	poetry	q1	
Wis	4	8	poetry	q1	
Wis	4	9	poetry	q2	
Wis	4	10	poetry	q1	
Wis	4	11	poetry	q1	
Wis	4	12	poetry	q1	
Wis	4	13	poetry	q1	
Wis	4	14	poetry	q2	
Wis	4	15	poetry	q1	
Wis	4	16	poetry	q1	
Wis	4	17	poetry	q1	
Wis	4	18	poetry	q1	
Wis	4	19	poetry	q1	
Wis	4	20	poetry	q1	
Wis	5	2	poetry	q1	
Wis	5	3	poetry	q1	
Wis	5	4	poetry	q1	
Wis	5	5	poetry	q1	
Wis	5	6	poetry	q1	
Wis	5	7	poetry	q1	
Wis	5	8	poetry	q1	
Wis	5	9	poetry	q1	
Wis	5	10	poetry	q2	
Wis	5	11	poetry	q1	
Wis	5	12	poetry	q1	
Wis	5	13	poetry	q1	
Wis	5	14	poetry	q1	
Wis	5	15	poetry	q1	
Wis	5	16	poetry	q1	
Wis	5	17	poetry	q1	
Wis	5	18	poetry	q1	
Wis	5	19	poetry	q1	
Wis	5	20	poetry	q2	
Wis	5	21	poetry	q1	
Wis	5	22	poetry	q1	
Wis	5	23	poetry	q1	
Wis	6	2	poetry	q2	
Wis	6	3	poetry	q1	
Wis	6	4	poetry	q1	
Wis	6	5	poetry	q1	
Wis	6	6	poetry	q1	
Wis	6	7	poetry	q1	
Wis	6	8	poetry	q1	
Wis	6	9	poetry	q1	
Wis	6	10	poetry	q1	
Wis	6	11	poetry	q1	
Wis	6	12	poetry	q1	
Wis	6	13	poetry	q1	
Wis	6	14	poetry	q1	
Wis	6	15	poetry	q2	
Wis	6	16	poetry	q1	
Wis	6	17	poetry	q1	
Wis	6	18	poetry	q1	
Wis	6	19	poetry	q1	
Wis	6	20	poetry	q2	
Wis	6	21	poetry	q1	
Wis	6	22	poetry	q1	
Wis	6	23	poetry	q1	
Wis	6	24	poetry	q1	
Wis	6	25	poetry	q1	
Wis	7	2	poetry	q1	
Wis	7	3	poetry	q1	
Wis	7	4	poetry	q1	
Wis	7	5	poetry	q1	
Wis	7	6	poetry	q2	
Wis	7	7	poetry	q1	
Wis	7	8	poetry	q1	
Wis	7	9	poetry	q1	
Wis	7	10	poetry	q1	
Wis	7	11	poetry	q1	
Wis	7	12	poetry	q1	
Wis	7	13	poetry	q1	
Wis	7	14	poetry	q1	
Wis	7	15	poetry	q1	
Wis	7	16	poetry	q1	
Wis	7	17	poetry	q1	
Wis	7	18	poetry	q2	
Wis	7	19	poetry	q2	
Wis	7	20	poetry	q2	
Wis	7	21	poetry	q1	
Wis	7	22	poetry	q2	
Wis	7	23	poetry	q2	
Wis	7	24	poetry	q1	
Wis	7	25	poetry	q1	
Wis	7	26	poetry	q1	
Wis	7	27	poetry	q1	
Wis	7	28	poetry	q2	
Wis	7	29	poetry	q1	
Wis	7	30	poetry	q1	
Wis	8	2	poetry	q1	
Wis	8	3	poetry	q1	
Wis	8	4	poetry	q1	
Wis	8	5	poetry	q1	
Wis	8	6	poetry	q1	
Wis	8	7	poetry	q1	
Wis	8	8	poetry	q1	
Wis	8	9	poetry	q1	
Wis	8	10	poetry	q1	
Wis	8	11	poetry	q1	
Wis	8	12	poetry	q1	
Wis	8	13	poetry	q1	
Wis	8	14	poetry	q1	
Wis	8	15	poetry	q1	
Wis	8	16	poetry	q1	
Wis	8	17	poetry	q1	
Wis	8	18	poetry	q1	
Wis	8	19	poetry	q1	
Wis	8	20	poetry	q2	
Wis	8	21	poetry	q1	
Wis	9	2	poetry	q1	
Wis	9	3	poetry	q1	
Wis	9	4	poetry	q2	
Wis	9	5	poetry	q2	
Wis	9	6	poetry	q1	
Wis	9	7	poetry	q1	
Wis	9	8	poetry	q1	
Wis	9	9	poetry	q1	
Wis	9	10	poetry	q1	
Wis	9	11	poetry	q1	
Wis	9	12	poetry	q1	
Wis	9	13	poetry	q1	
Wis	9	14	poetry	q1	
Wis	9	15	poetry	q1	
Wis	9	16	poetry	q1	
Wis	9	17	poetry	q1	
Wis	9	18	poetry	q1	
Wis	10	2	poetry	q1	
Wis	10	3	poetry	q1	
Wis	10	4	poetry	q1	
Wis	10	5	poetry	q1	
Wis	10	6	poetry	q1	
Wis	10	7	poetry	q1	
Wis	10	8	poetry	q1	
Wis	10	9	poetry	q1	
Wis	10	10	poetry	q1	
Wis	10	11	poetry	q1	
Wis	10	12	poetry	q1	
Wis	10	13	poetry	q1	
Wis	10	14	poetry	q1	
Wis	10	15	poetry	q1	
Wis	10	16	poetry	q1	
Wis	10	17	poetry	q1	
Wis	10	18	poetry	q1	
Wis	10	19	poetry	q1	
Wis	10	20	poetry	q1	
Wis	10	21	poetry	q1	
Wis	11	2	poetry	q1	
Wis	11	3	poetry	q1	
Wis	11	4	poetry	q1	
Wis	11	5	poetry	q1	
Wis	11	6	poetry	q1	
Wis	11	7	poetry	q1	
Wis	11	8	poetry	q1	
Wis	11	9	poetry	q1	
Wis	11	10	poetry	q1	
Wis	11	11	poetry	q1	
Wis	11	12	poetry	q1	
Wis	11	13	poetry	q1	
Wis	11	14	poetry	q1	
Wis	11	15	poetry	q1	
Wis	11	16	poetry	q2	
Wis	11	17	poetry	q1	
Wis	11	18	poetry	q2	
Wis	11	19	poetry	q1	
Wis	11	20	poetry	q1	
Wis	11	21	poetry	q1	
Wis	11	22	poetry	q1	
Wis	11	23	poetry	q1	
Wis	11	24	poetry	q1	
Wis	11	25	poetry	q1	
Wis	11	26	poetry	q1	
Wis	12	2	poetry	q1	
Wis	12	3	poetry	q1	
Wis	12	4	poetry	q2	
Wis	12	5	poetry	q2	
Wis	12	6	poetry	q2	
Wis	12	7	poetry	q2	
Wis	12	8	poetry	q1	
Wis	12	9	poetry	q1	
Wis	12	10	poetry	q1	
Wis	12	11	poetry	q1	
Wis	12	12	poetry	q1	
Wis	12	13	poetry	q1	
Wis	12	14	poetry	q1	
Wis	12	15	poetry	q1	
Wis	12	16	poetry	q1	
Wis	12	17	poetry	q1	
Wis	12	18	poetry	q1	
Wis	12	19	poetry	q1	
Wis	12	20	poetry	q1	
Wis	12	21	poetry	q1	
Wis	12	22	poetry	q1	
Wis	12	23	poetry	q1	
Wis	12	24	poetry	q1	
Wis	12	25	poetry	q1	
Wis	12	26	poetry	q1	
Wis	12	27	poetry	q1	
Wis	13	2	poetry	q1	
Wis	13	3	poetry	q1	
Wis	13	4	poetry	q1	
Wis	13	5	poetry	q1	
Wis	13	6	poetry	q1	
Wis	13	7	poetry	q1	
Wis	13	8	poetry	q1	
Wis	13	9	poetry	q1	
Wis	13	10	poetry	q1	
Wis	13	11	poetry	q1	
Wis	13	12	poetry	q1	
Wis	13	13	poetry	q1	
Wis	13	14	poetry	q2	
Wis	13	15	poetry	q1	
Wis	13	16	poetry	q1	
Wis	13	17	poetry	q1	
Wis	13	18	poetry	q1	
Wis	13	19	poetry	q1	
Wis	14	2	poetry	q1	
Wis	14	3	poetry	q1	
Wis	14	4	poetry	q1	
Wis	14	5	poetry	q1	
Wis	14	6	poetry	q1	
Wis	14	7	poetry	q1	
Wis	14	8	poetry	q2	
Wis	14	9	poetry	q1	
Wis	14	10	poetry	q2	
Wis	14	11	poetry	q2	
Wis	14	12	poetry	q1	
Wis	14	13	poetry	q1	
Wis	14	14	poetry	q1	
Wis	14	15	poetry	q1	
Wis	14	16	poetry	q1	
Wis	14	17	poetry	q1	
Wis	14	18	poetry	q1	
Wis	14	19	poetry	q1	
Wis	14	20	poetry	q1	
Wis	14	21	poetry	q1	
Wis	14	22	poetry	q1	
Wis	14	23	poetry	q1	
Wis	14	24	poetry	q1	
Wis	14	25	poetry	q1	
Wis	14	26	poetry	q1	
Wis	14	27	poetry	q2	
Wis	14	28	poetry	q1	
Wis	14	29	poetry	q1	
Wis	14	30	poetry	q1	
Wis	14	31	poetry	q1	
Wis	15	2	poetry	q1	
Wis	15	3	poetry	q1	
Wis	15	4	poetry	q1	
Wis	15	5	poetry	q1	
Wis	15	6	poetry	q1	
Wis	15	7	poetry	q1	
Wis	15	8	poetry	q1	
Wis	15	9	poetry	q1	
Wis	15	10	poetry	q1	
Wis	15	11	poetry	q1	
Wis	15	12	poetry	q1	
Wis	15	13	poetry	q1	
Wis	15	14	poetry	q1	
Wis	15	15	poetry	q1	
Wis	15	16	poetry	q1	
Wis	15	17	poetry	q1	
Wis	15	18	poetry	q1	
Wis	15	19	poetry	q1	
Wis	16	2	poetry	q1	
Wis	16	3	poetry	q1	
Wis	16	4	poetry	q1	
Wis	16	5	poetry	q1	
Wis	16	6	poetry	q1	
Wis	16	7	poetry	q1	
Wis	16	8	poetry	q1	
Wis	16	9	poetry	q1	
Wis	16	10	poetry	q1	
Wis	16	11	poetry	q1	
Wis	16	12	poetry	q1	
Wis	16	13	poetry	q1	
Wis	16	14	poetry	q1	
Wis	16	15	poetry	q1	
Wis	16	16	poetry	q1	
Wis	16	17	poetry	q1	
Wis	16	18	poetry	q1	
Wis	16	19	poetry	q1	
Wis	16	20	poetry	q1	
Wis	16	21	poetry	q1	
Wis	16	22	poetry	q1	
Wis	16	23	poetry	q1	
Wis	16	24	poetry	q1	
Wis	16	25	poetry	q1	
Wis	16	26	poetry	q1	
Wis	16	27	poetry	q1	
Wis	16	28	poetry	q1	
Wis	16	29	poetry	q1	
Wis	17	2	poetry	q1	
Wis	17	3	poetry	q1	
Wis	17	4	poetry	q1	
Wis	17	5	poetry	q1	
Wis	17	6	poetry	q1	
Wis	17	7	poetry	q1	
Wis	17	8	poetry	q1	
Wis	17	9	poetry	q1	
Wis	17	10	poetry	q1	
Wis	17	11	poetry	q1	
Wis	17	12	poetry	q2	
Wis	17	13	poetry	q2	
Wis	17	14	poetry	q1	
Wis	17	15	poetry	q2	
Wis	17	16	poetry	q1	
Wis	17	17	poetry	q1	
Wis	17	18	poetry	q1	
Wis	17	19	poetry	q2	
Wis	17	20	poetry	q1	
Wis	17	21	poetry	q2	
Wis	18	2	poetry	q1	
Wis	18	3	poetry	q1	
Wis	18	4	poetry	q1	
Wis	18	5	poetry	q1	
Wis	18	6	poetry	q1	
Wis	18	7	poetry	q1	
Wis	18	8	poetry	q1	
Wis	18	9	poetry	q1	
Wis	18	10	poetry	q1	
Wis	18	11	poetry	q1	
Wis	18	12	poetry	q1	
Wis	18	13	poetry	q1	
Wis	18	14	poetry	q1	
Wis	18	15	poetry	q1	
Wis	18	16	poetry	q1	
Wis	18	17	poetry	q1	
Wis	18	18	poetry	q1	
Wis	18	19	poetry	q1	
Wis	18	20	poetry	q1	
Wis	18	21	poetry	q1	
Wis	18	22	poetry	q1	
Wis	18	23	poetry	q1	
Wis	18	24	poetry	q1	
Wis	18	25	poetry	q1	
Wis	19	2	poetry	q1	
Wis	19	3	poetry	q1	
Wis	19	4	poetry	q1	
Wis	19	5	poetry	q2	
Wis	19	6	poetry	q1	
Wis	19	7	poetry	q1	
Wis	19	8	poetry	q2	
Wis	19	9	poetry	q1	
Wis	19	10	poetry	q1	
Wis	19	11	poetry	q1	
Wis	19	12	poetry	q1	
Wis	19	13	poetry	q1	
Wis	19	14	poetry	q1	
Wis	19	15	poetry	q1	
Wis	19	16	poetry	q2	
Wis	19	17	poetry	q1	
Wis	19	18	poetry	q1	
Wis	19	19	poetry	q1	
Wis	19	20	poetry	q1	
Wis	19	21	poetry	q1	
Wis	19	22	poetry	q1	
Ecclus	1	2	poetry	q1	
Ecclus	1	3	poetry	q1	
Ecclus	1	4	poetry	q1	
Ecclus	1	6	poetry	q1	
Ecclus	1	8	poetry	q1	
Ecclus	1	9	poetry	q1	
Ecclus	1	10	poetry	q1	
Ecclus	1	11	poetry	q1	
Ecclus	1	12	poetry	q1	
Ecclus	1	13	poetry	q1	
Ecclus	1	14	poetry	q1	
Ecclus	1	15	poetry	q1	
Ecclus	1	16	poetry	q1	
Ecclus	1	17	poetry	q1	
Ecclus	1	18	poetry	q1	
Ecclus	1	19	poetry	q1	
Ecclus	1	20	poetry	q1	
Ecclus	1	22	poetry	q1	
Ecclus	1	23	poetry	q1	
Ecclus	1	24	poetry	q1	
Ecclus	1	25	poetry	q1	
Ecclus	1	26	poetry	q1	
Ecclus	1	27	poetry	q1	
Ecclus	1	28	poetry	q1	
Ecclus	1	29	poetry	q1	
Ecclus	1	30	poetry	q1	
Ecclus	2	2	poetry	q1	
Ecclus	2	3	poetry	q1	
Ecclus	2	4	poetry	q1	
Ecclus	2	5	poetry	q1	
Ecclus	2	6	poetry	q1	
Ecclus	2	7	poetry	q1	
Ecclus	2	8	poetry	q1	
Ecclus	2	9	poetry	q1	
Ecclus	2	10	poetry	q1	
Ecclus	2	11	poetry	q1	
Ecclus	2	12	poetry	q1	
Ecclus	2	13	poetry	q1	
Ecclus	2	14	poetry	q1	
Ecclus	2	15	poetry	q1	
Ecclus	2	16	poetry	q1	
Ecclus	2	17	poetry	q1	
Ecclus	2	18	poetry	q1	
Ecclus	3	2	poetry	q1	
Ecclus	3	3	poetry	q1	
Ecclus	3	4	poetry	q2	
Ecclus	3	5	poetry	q1	
Ecclus	3	6	poetry	q1	
Ecclus	3	7	poetry	q1	
Ecclus	3	8	poetry	q1	
Ecclus	3	9	poetry	q1	
Ecclus	3	10	poetry	q1	
Ecclus	3	11	poetry	q1	
Ecclus	3	12	poetry	q1	
Ecclus	3	13	poetry	q1	
Ecclus	3	14	poetry	q1	
Ecclus	3	15	poetry	q1	
Ecclus	3	16	poetry	q1	
Ecclus	3	17	poetry	q1	
Ecclus	3	18	poetry	q1	
Ecclus	3	20	poetry	q1	
Ecclus	3	21	poetry	q1	
Ecclus	3	22	poetry	q1	
Ecclus	3	23	poetry	q1	
Ecclus	3	24	poetry	q1	
Ecclus	3	25	poetry	q1	
Ecclus	3	26	poetry	q1	
Ecclus	3	27	poetry	q1	
Ecclus	3	28	poetry	q1	
Ecclus	3	29	poetry	q1	
Ecclus	3	30	poetry	q1	
Ecclus	3	31	poetry	q1	
Ecclus	4	2	poetry	q1	
Ecclus	4	3	poetry	q1	
Ecclus	4	4	poetry	q1	
Ecclus	4	5	poetry	q1	
Ecclus	4	6	poetry	q1	
Ecclus	4	7	poetry	q1	
Ecclus	4	8	poetry	q1	
Ecclus	4	9	poetry	q1	
Ecclus	4	10	poetry	q1	
Ecclus	4	11	poetry	q1	
Ecclus	4	12	poetry	q1	
Ecclus	4	13	poetry	q1	
Ecclus	4	14	poetry	q1	
Ecclus	4	15	poetry	q1	
Ecclus	4	16	poetry	q1	
Ecclus	4	17	poetry	q1	
Ecclus	4	18	poetry	q1	
Ecclus	4	19	poetry	q1	
Ecclus	4	20	poetry	q1	
Ecclus	4	21	poetry	q1	
Ecclus	4	22	poetry	q1	
Ecclus	4	23	poetry	q1	
Ecclus	4	24	poetry	q1	
Ecclus	4	25	poetry	q1	
Ecclus	4	26	poetry	q1	
Ecclus	4	27	poetry	q1	
Ecclus	4	28	poetry	q1	
Ecclus	4	29	poetry	q1	
Ecclus	4	30	poetry	q1	
Ecclus	4	31	poetry	q1	
Ecclus	5	2	poetry	q1	
Ecclus	5	3	poetry	q1	
Ecclus	5	4	poetry	q1	
Ecclus	5	5	poetry	q1	
Ecclus	5	6	poetry	q1	
Ecclus	5	7	poetry	q1	
Ecclus	5	8	poetry	q1	
Ecclus	5	9	poetry	q1	
Ecclus	5	10	poetry	q1	
Ecclus	5	11	poetry	q1	
Ecclus	5	12	poetry	q1	
Ecclus	5	13	poetry	q1	
Ecclus	5	14	poetry	q1	
Ecclus	5	15	poetry	q1	
Ecclus	6	2	poetry	q1	
Ecclus	6	3	poetry	q1	
Ecclus	6	4	poetry	q1	
Ecclus	6	5	poetry	q1	
Ecclus	6	6	poetry	q1	
Ecclus	6	7	poetry	q1	
Ecclus	6	8	poetry	q1	
Ecclus	6	9	poetry	q1	
Ecclus	6	10	poetry	q1	
Ecclus	6	11	poetry	q1	
Ecclus	6	12	poetry	q1	
Ecclus	6	13	poetry	q1	
Ecclus	6	14	poetry	q1	
Ecclus	6	15	poetry	q1	
Ecclus	6	16	poetry	q1	
Ecclus	6	17	poetry	q1	
Ecclus	6	18	poetry	q1	
Ecclus	6	19	poetry	q1	
Ecclus	6	20	poetry	q1	
Ecclus	6	21	poetry	q1	
Ecclus	6	22	poetry	q1	
Ecclus	6	23	poetry	q1	
Ecclus	6	24	poetry	q1	
Ecclus	6	25	poetry	q1	
Ecclus	6	26	poetry	q1	
Ecclus	6	27	poetry	q1	
Ecclus	6	28	poetry	q1	
Ecclus	6	29	poetry	q1	
Ecclus	6	30	poetry	q1	
Ecclus	6	31	poetry	q1	
Ecclus	6	32	poetry	q1	
Ecclus	6	33	poetry	q1	
Ecclus	6	34	poetry	q1	
Ecclus	6	35	poetry	q1	
Ecclus	6	36	poetry	q1	
Ecclus	6	37	poetry	q1	
Ecclus	7	2	poetry	q1	
Ecclus	7	3	poetry	q1	
Ecclus	7	4	poetry	q1	
Ecclus	7	5	poetry	q1	
Ecclus	7	6	poetry	q1	
Ecclus	7	7	poetry	q1	
Ecclus	7	8	poetry	q1	
Ecclus	7	9	poetry	q1	
Ecclus	7	10	poetry	q1	
Ecclus	7	11	poetry	q1	
Ecclus	7	12	poetry	q1	
Ecclus	7	13	poetry	q1	
Ecclus	7	14	poetry	q1	
Ecclus	7	15	poetry	q1	
Ecclus	7	16	poetry	q1	
Ecclus	7	17	poetry	q1	
Ecclus	7	18	poetry	q1	
Ecclus	7	19	poetry	q1	
Ecclus	7	20	poetry	q1	
Ecclus	7	21	poetry	q1	
Ecclus	7	22	poetry	q1	
Ecclus	7	23	poetry	q1	
Ecclus	7	24	poetry	q1	
Ecclus	7	25	poetry	q1	
Ecclus	7	26	poetry	q1	
Ecclus	7	27	poetry	q1	
Ecclus	7	28	poetry	q1	
Ecclus	7	29	poetry	q1	
Ecclus	7	30	poetry	q1	
Ecclus	7	31	poetry	q1	
Ecclus	7	32	poetry	q1	
Ecclus	7	33	poetry	q1	
Ecclus	7	34	poetry	q1	
Ecclus	7	35	poetry	q1	
Ecclus	7	36	poetry	q1	
Ecclus	8	2	poetry	q1	
Ecclus	8	3	poetry	q1	
Ecclus	8	4	poetry	q1	
Ecclus	8	5	poetry	q1	
Ecclus	8	6	poetry	q1	
Ecclus	8	7	poetry	q1	
Ecclus	8	8	poetry	q1	
Ecclus	8	9	poetry	q1	
Ecclus	8	10	poetry	q1	
Ecclus	8	11	poetry	q1	
Ecclus	8	12	poetry	q1	
Ecclus	8	13	poetry	q1	
Ecclus	8	14	poetry	q1	
Ecclus	8	15	poetry	q1	
Ecclus	8	16	poetry	q1	
Ecclus	8	17	poetry	q1	
Ecclus	8	18	poetry	q1	
Ecclus	8	19	poetry	q1	
Ecclus	9	2	poetry	q1	
Ecclus	9	3	poetry	q1	
Ecclus	9	4	poetry	q1	
Ecclus	9	5	poetry	q1	
Ecclus	9	6	poetry	q1	
Ecclus	9	7	poetry	q1	
Ecclus	9	8	poetry	q1	
Ecclus	9	9	poetry	q1	
Ecclus	9	10	poetry	q1	
Ecclus	9	11	poetry	q1	
Ecclus	9	12	poetry	q1	
Ecclus	9	13	poetry	q1	
Ecclus	9	14	poetry	q1	
Ecclus	9	15	poetry	q1	
Ecclus	9	16	poetry	q1	
Ecclus	9	17	poetry	q1	
Ecclus	9	18	poetry	q1	
Ecclus	10	2	poetry	q1	
Ecclus	10	3	poetry	q1	
Ecclus	10	4	poetry	q1	
Ecclus	10	5	poetry	q1	
Ecclus	10	6	poetry	q1	
Ecclus	10	7	poetry	q1	
Ecclus	10	8	poetry	q1	
Ecclus	10	9	poetry	q1	
Ecclus	10	10	poetry	q1	
Ecclus	10	11	poetry	q1	
Ecclus	10	12	poetry	q1	
Ecclus	10	13	poetry	q1	
Ecclus	10	14	poetry	q1	
Ecclus	10	15	poetry	q1	
Ecclus	10	16	poetry	q1	
Ecclus	10	17	poetry	q1	
Ecclus	10	18	poetry	q1	
Ecclus	10	19	poetry	q1	
Ecclus	10	20	poetry	q1	
Ecclus	10	22	poetry	q1	
Ecclus	10	23	poetry	q1	
Ecclus	10	24	poetry	q1	
Ecclus	10	25	poetry	q1	
Ecclus	10	26	poetry	q1	
Ecclus	10	27	poetry	q1	
Ecclus	10	28	poetry	q1	
Ecclus	10	29	poetry	q1	
Ecclus	10	30	poetry	q1	
Ecclus	10	31	poetry	q1	
Ecclus	11	2	poetry	q1	
Ecclus	11	3	poetry	q1	
Ecclus	11	4	poetry	q1	
Ecclus	11	5	poetry	q1	
Ecclus	11	6	poetry	q1	
Ecclus	11	7	poetry	q1	
Ecclus	11	8	poetry	q1	
Ecclus	11	9	poetry	q1	
Ecclus	11	10	poetry	q1	
Ecclus	11	11	poetry	q1	
Ecclus	11	12	poetry	q1	
Ecclus	11	13	poetry	q1	
Ecclus	11	14	poetry	q1	
Ecclus	11	17	poetry	q1	
Ecclus	11	18	poetry	q1	
Ecclus	11	19	poetry	q1	
Ecclus	11	20	poetry	q1	
Ecclus	11	21	poetry	q1	
Ecclus	11	22	poetry	q1	
Ecclus	11	23	poetry	q1	
Ecclus	11	24	poetry	q1	
Ecclus	11	25	poetry	q1	
Ecclus	11	26	poetry	q1	
Ecclus	11	27	poetry	q1	
Ecclus	11	28	poetry	q1	
Ecclus	11	29	poetry	q1	
Ecclus	11	30	poetry	q1	
Ecclus	11	31	poetry	q1	
Ecclus	11	32	poetry	q1	
Ecclus	11	33	poetry	q1	
Ecclus	11	34	poetry	q1	
Ecclus	12	2	poetry	q1	
Ecclus	12	3	poetry	q1	
Ecclus	12	4	poetry	q1	
Ecclus	12	5	poetry	q1	
Ecclus	12	6	poetry	q1	
Ecclus	12	7	poetry	q1	
Ecclus	12	8	poetry	q1	
Ecclus	12	9	poetry	q1	
Ecclus	12	10	poetry	q1	
Ecclus	12	11	poetry	q1	
Ecclus	12	12	poetry	q1	
Ecclus	12	13	poetry	q1	
Ecclus	12	14	poetry	q1	
Ecclus	12	15	poetry	q1	
Ecclus	12	16	poetry	q1	
Ecclus	12	17	poetry	q1	
Ecclus	12	18	poetry	q1	
Ecclus	13	2	poetry	q1	
Ecclus	13	3	poetry	q1	
Ecclus	13	4	poetry	q1	
Ecclus	13	5	poetry	q1	
Ecclus	13	6	poetry	q1	
Ecclus	13	7	poetry	q1	
Ecclus	13	8	poetry	q1	
Ecclus	13	9	poetry	q1	
Ecclus	13	10	poetry	q1	
Ecclus	13	11	poetry	q1	
Ecclus	13	12	poetry	q1	
Ecclus	13	13	poetry	q1	
Ecclus	13	15	poetry	q1	
Ecclus	13	16	poetry	q1	
Ecclus	13	17	poetry	q1	
Ecclus	13	18	poetry	q1	
Ecclus	13	19	poetry	q1	
Ecclus	13	20	poetry	q1	
Ecclus	13	21	poetry	q1	
Ecclus	13	22	poetry	q1	
Ecclus	13	23	poetry	q1	
Ecclus	13	24	poetry	q1	
Ecclus	13	25	poetry	q1	
Ecclus	13	26	poetry	q1	
Ecclus	14	2	poetry	q1	
Ecclus	14	3	poetry	q1	
Ecclus	14	4	poetry	q1	
Ecclus	14	5	poetry	q1	
Ecclus	14	6	poetry	q1	
Ecclus	14	7	poetry	q1	
Ecclus	14	8	poetry	q1	
Ecclus	14	9	poetry	q1	
Ecclus	14	10	poetry	q1	
Ecclus	14	11	poetry	q1	
Ecclus	14	12	poetry	q1	
Ecclus	14	13	poetry	q1	
Ecclus	14	14	poetry	q1	
Ecclus	14	15	poetry	q1	
Ecclus	14	16	poetry	q1	
Ecclus	14	17	poetry	q1	
Ecclus	14	18	poetry	q1	
Ecclus	14	19	poetry	q1	
Ecclus	14	20	poetry	q1	
Ecclus	14	21	poetry	q1	
Ecclus	14	22	poetry	q1	
Ecclus	14	23	poetry	q1	
Ecclus	14	24	poetry	q1	
Ecclus	14	25	poetry	q1	
Ecclus	14	26	poetry	q1	
Ecclus	14	27	poetry	q1	
Ecclus	15	2	poetry	q1	
Ecclus	15	3	poetry	q1	
Ecclus	15	4	poetry	q1	
Ecclus	15	5	poetry	q1	
Ecclus	15	6	poetry	q1	
Ecclus	15	7	poetry	q1	
Ecclus	15	8	poetry	q1	
Ecclus	15	9	poetry	q1	
Ecclus	15	10	poetry	q1	
Ecclus	15	11	poetry	q1	
Ecclus	15	12	poetry	q1	
Ecclus	15	13	poetry	q1	
Ecclus	15	14	poetry	q1	
Ecclus	15	15	poetry	q1	
Ecclus	15	16	poetry	q1	
Ecclus	15	17	poetry	q1	
Ecclus	15	18	poetry	q1	
Ecclus	15	19	poetry	q1	
Ecclus	15	20	poetry	q1	
Ecclus	16	2	poetry	q1	
Ecclus	16	3	poetry	q1	
Ecclus	16	4	poetry	q1	
Ecclus	16	5	poetry	q1	
Ecclus	16	6	poetry	q1	
Ecclus	16	7	poetry	q1	
Ecclus	16	8	poetry	q1	
Ecclus	16	9	poetry	q1	
Ecclus	16	10	poetry	q2	
Ecclus	16	11	poetry	q1	
Ecclus	16	12	poetry	q1	
Ecclus	16	13	poetry	q1	
Ecclus	16	14	poetry	q1	
Ecclus	16	17	poetry	q1	
Ecclus	16	18	poetry	q1	
Ecclus	16	19	poetry	q1	
Ecclus	16	20	poetry	q1	
Ecclus	16	21	poetry	q1	
Ecclus	16	22	poetry	q1	
Ecclus	16	23	poetry	q1	
Ecclus	16	24	poetry	q1	
Ecclus	16	25	poetry	q1	
Ecclus	16	26	poetry	q1	
Ecclus	16	27	poetry	q1	
Ecclus	16	28	poetry	q1	
Ecclus	16	29	poetry	q1	
Ecclus	16	30	poetry	q1	
Ecclus	17	2	poetry	q1	
Ecclus	17	3	poetry	q1	
Ecclus	17	4	poetry	q1	
Ecclus	17	6	poetry	q1	
Ecclus	17	7	poetry	q1	
Ecclus	17	8	poetry	q1	
Ecclus	17	10	poetry	q1	
Ecclus	17	11	poetry	q1	
Ecclus	17	12	poetry	q1	
Ecclus	17	13	poetry	q1	
Ecclus	17	14	poetry	q1	
Ecclus	17	15	poetry	q1	
Ecclus	17	17	poetry	q1	
Ecclus	17	19	poetry	q1	
Ecclus	17	20	poetry	q1	
Ecclus	17	22	poetry	q1	
Ecclus	17	23	poetry	q1	
Ecclus	17	24	poetry	q1	
Ecclus	17	25	poetry	q1	
Ecclus	17	26	poetry	q1	
Ecclus	17	27	poetry	q1	
Ecclus	17	28	poetry	q1	
Ecclus	17	29	poetry	q1	
Ecclus	17	30	poetry	q1	
Ecclus	17	31	poetry	q1	
Ecclus	17	32	poetry	q1	
Ecclus	18	2	poetry	q1	
Ecclus	18	4	poetry	q1	
Ecclus	18	5	poetry	q1	
Ecclus	18	6	poetry	q1	
Ecclus	18	7	poetry	q1	
Ecclus	18	8	poetry	q1	
Ecclus	18	9	poetry	q1	
Ecclus	18	10	poetry	q1	
Ecclus	18	11	poetry	q1	
Ecclus	18	12	poetry	q1	
Ecclus	18	13	poetry	q1	
Ecclus	18	14	poetry	q1	
Ecclus	18	15	poetry	q1	
Ecclus	18	16	poetry	q1	
Ecclus	18	17	poetry	q1	
Ecclus	18	18	poetry	q1	
Ecclus	18	19	poetry	q1	
Ecclus	18	20	poetry	q1	
Ecclus	18	21	poetry	q1	
Ecclus	18	22	poetry	q1	
Ecclus	18	23	poetry	q1	
Ecclus	18	24	poetry	q1	
Ecclus	18	25	poetry	q1	
Ecclus	18	26	poetry	q1	
Ecclus	18	27	poetry	q1	
Ecclus	18	28	poetry	q1	
Ecclus	18	29	poetry	q1	
Ecclus	18	30	poetry	q1	
Ecclus	18	31	poetry	q1	
Ecclus	18	32	poetry	q1	
Ecclus	18	33	poetry	q1	
Ecclus	19	2	poetry	q1	
Ecclus	19	3	poetry	q1	
Ecclus	19	4	poetry	q1	
Ecclus	19	5	poetry	q1	
Ecclus	19	6	poetry	q1	
Ecclus	19	7	poetry	q1	
Ecclus	19	8	poetry	q1	
Ecclus	19	9	poetry	q1	
Ecclus	19	10	poetry	q1	
Ecclus	19	11	poetry	q1	
Ecclus	19	12	poetry	q1	
Ecclus	19	13	poetry	q1	
Ecclus	19	14	poetry	q1	
Ecclus	19	15	poetry	q1	
Ecclus	19	16	poetry	q1	
Ecclus	19	17	poetry	q1	
Ecclus	19	20	poetry	q1	
Ecclus	19	22	poetry	q1	
Ecclus	19	23	poetry	q1	
Ecclus	19	24	poetry	q1	
Ecclus	19	25	poetry	q1	
Ecclus	19	26	poetry	q1	
Ecclus	19	27	poetry	q2	
Ecclus	19	28	poetry	q1	
Ecclus	19	29	poetry	q1	
Ecclus	19	30	poetry	q1	
Ecclus	20	2	poetry	q1	
Ecclus	20	4	poetry	q1	
Ecclus	20	5	poetry	q1	
Ecclus	20	6	poetry	q1	
Ecclus	20	7	poetry	q1	
Ecclus	20	8	poetry	q1	
Ecclus	20	9	poetry	q1	
Ecclus	20	10	poetry	q1	
Ecclus	20	11	poetry	q1	
Ecclus	20	12	poetry	q1	
Ecclus	20	13	poetry	q1	
Ecclus	20	14	poetry	q1	
Ecclus	20	15	poetry	q1	
Ecclus	20	16	poetry	q1	
Ecclus	20	17	poetry	q1	
Ecclus	20	18	poetry	q1	
Ecclus	20	19	poetry	q1	
Ecclus	20	20	poetry	q1	
Ecclus	20	21	poetry	q1	
Ecclus	20	22	poetry	q1	
Ecclus	20	23	poetry	q1	
Ecclus	20	24	poetry	q1	
Ecclus	20	25	poetry	q1	
Ecclus	20	26	poetry	q1	
Ecclus	20	27	poetry	q1	
Ecclus	20	28	poetry	q1	
Ecclus	20	29	poetry	q1	
Ecclus	20	30	poetry	q1	
Ecclus	20	31	poetry	q1	
Ecclus	21	2	poetry	q1	
Ecclus	21	3	poetry	q1	
Ecclus	21	4	poetry	q1	
Ecclus	21	5	poetry	q1	
Ecclus	21	6	poetry	q1	
Ecclus	21	7	poetry	q1	
Ecclus	21	8	poetry	q1	
Ecclus	21	9	poetry	q1	
Ecclus	21	10	poetry	q1	
Ecclus	21	11	poetry	q1	
Ecclus	21	12	poetry	q1	
Ecclus	21	13	poetry	q1	
Ecclus	21	14	poetry	q1	
Ecclus	21	15	poetry	q1	
Ecclus	21	16	poetry	q1	
Ecclus	21	17	poetry	q1	
Ecclus	21	18	poetry	q1	
Ecclus	21	19	poetry	q1	
Ecclus	21	20	poetry	q1	
Ecclus	21	21	poetry	q1	
Ecclus	21	22	poetry	q1	
Ecclus	21	23	poetry	q1	
Ecclus	21	24	poetry	q1	
Ecclus	21	25	poetry	q1	
Ecclus	21	26	poetry	q1	
Ecclus	21	27	poetry	q1	
Ecclus	21	28	poetry	q1	
Ecclus	22	2	poetry	q1	
Ecclus	22	3	poetry	q1	
Ecclus	22	4	poetry	q1	
Ecclus	22	5	poetry	q1	
Ecclus	22	6	poetry	q1	
Ecclus	22	7	poetry	q1	
Ecclus	22	8	poetry	q1	
Ecclus	22	11	poetry	q1	
Ecclus	22	12	poetry	q1	
Ecclus	22	13	poetry	q1	
Ecclus	22	14	poetry	q1	
Ecclus	22	15	poetry	q1	
Ecclus	22	16	poetry	q1	
Ecclus	22	17	poetry	q1	
Ecclus	22	18	poetry	q1	
Ecclus	22	19	poetry	q1	
Ecclus	22	20	poetry	q1	
Ecclus	22	21	poetry	q1	
Ecclus	22	22	poetry	q1	
Ecclus	22	23	poetry	q1	
Ecclus	22	24	poetry	q1	
Ecclus	22	25	poetry	q1	
Ecclus	22	26	poetry	q1	
Ecclus	22	27	poetry	q1	
Ecclus	23	2	poetry	q1	
Ecclus	23	3	poetry	q1	
Ecclus	23	4	poetry	q1	
Ecclus	23	5	poetry	q2	
Ecclus	23	6	poetry	q1	
Ecclus	23	7	poetry	q1	
Ecclus	23	8	poetry	q1	
Ecclus	23	9	poetry	q1	
Ecclus	23	10	poetry	q1	
Ecclus	23	11	poetry	q1	
Ecclus	23	12	poetry	q1	
Ecclus	23	13	poetry	q1	
Ecclus	23	14	poetry	q1	
Ecclus	23	15	poetry	q1	
Ecclus	23	16	poetry	q1	
Ecclus	23	17	poetry	q1	
Ecclus	23	18	poetry	q1	
Ecclus	23	19	poetry	q1	
Ecclus	23	20	poetry	q1	
Ecclus	23	21	poetry	q1	
Ecclus	23	22	poetry	q1	
Ecclus	23	23	poetry	q1	
Ecclus	23	24	poetry	q1	
Ecclus	23	25	poetry	q1	
Ecclus	23	26	poetry	q1	
Ecclus	23	27	poetry	q1	
Ecclus	24	2	poetry	q1	
Ecclus	24	3	poetry	q1	
Ecclus	24	4	poetry	q1	
Ecclus	24	5	poetry	q1	
Ecclus	24	6	poetry	q1	
Ecclus	24	7	poetry	q1	
Ecclus	24	8	poetry	q1	
Ecclus	24	9	poetry	q1	
Ecclus	24	10	poetry	q1	
Ecclus	24	11	poetry	q1	
Ecclus	24	12	poetry	q1	
Ecclus	24	13	poetry	q1	
Ecclus	24	14	poetry	q1	
Ecclus	24	15	poetry	q1	
Ecclus	24	16	poetry	q1	
Ecclus	24	17	poetry	q1	
Ecclus	24	19	poetry	q1	
Ecclus	24	20	poetry	q1	
Ecclus	24	21	poetry	q1	
Ecclus	24	22	poetry	q1	
Ecclus	24	23	poetry	q1	
Ecclus	24	25	poetry	q1	
Ecclus	24	26	poetry	q1	
Ecclus	24	27	poetry	q1	
Ecclus	24	28	poetry	q1	
Ecclus	24	29	poetry	q1	
Ecclus	24	30	poetry	q1	
Ecclus	24	31	poetry	q1	
Ecclus	24	32	poetry	q1	
Ecclus	24	33	poetry	q1	
Ecclus	24	34	poetry	q1	
Ecclus	25	2	poetry	q1	
Ecclus	25	3	poetry	q1	
Ecclus	25	4	poetry	q1	
Ecclus	25	5	poetry	q1	
Ecclus	25	6	poetry	q1	
Ecclus	25	7	poetry	q1	
Ecclus	25	8	poetry	q1	
Ecclus	25	9	poetry	q1	
Ecclus	25	10	poetry	q1	
Ecclus	25	11	poetry	q1	
Ecclus	25	13	poetry	q1	
Ecclus	25	14	poetry	q1	
Ecclus	25	15	poetry	q1	
Ecclus	25	16	poetry	q1	
Ecclus	25	17	poetry	q1	
Ecclus	25	18	poetry	q1	
Ecclus	25	19	poetry	q1	
Ecclus	25	20	poetry	q1	
Ecclus	25	21	poetry	q1	
Ecclus	25	22	poetry	q1	
Ecclus	25	23	poetry	q1	
Ecclus	25	24	poetry	q1	
Ecclus	25	25	poetry	q1	
Ecclus	25	26	poetry	q1	
Ecclus	26	2	poetry	q1	
Ecclus	26	3	poetry	q1	
Ecclus	26	4	poetry	q1	
Ecclus	26	5	poetry	q1	
Ecclus	26	6	poetry	q1	
Ecclus	26	7	poetry	q1	
Ecclus	26	8	poetry	q1	
Ecclus	26	9	poetry	q1	
Ecclus	26	10	poetry	q1	
Ecclus	26	11	poetry	q1	
Ecclus	26	12	poetry	q1	
Ecclus	26	13	poetry	q1	
Ecclus	26	14	poetry	q1	
Ecclus	26	15	poetry	q1	
Ecclus	26	16	poetry	q1	
Ecclus	26	17	poetry	q1	
Ecclus	26	18	poetry	q1	
Ecclus	26	28	poetry	q1	
Ecclus	26	29	poetry	q1	
Ecclus	27	2	poetry	q1	
Ecclus	27	3	poetry	q1	
Ecclus	27	4	poetry	q1	
Ecclus	27	5	poetry	q1	
Ecclus	27	6	poetry	q1	
Ecclus	27	7	poetry	q1	
Ecclus	27	8	poetry	q1	
Ecclus	27	9	poetry	q1	
Ecclus	27	10	poetry	q1	
Ecclus	27	11	poetry	q1	
Ecclus	27	12	poetry	q1	
Ecclus	27	13	poetry	q1	
Ecclus	27	14	poetry	q1	
Ecclus	27	15	poetry	q1	
Ecclus	27	16	poetry	q1	
Ecclus	27	17	poetry	q1	
Ecclus	27	18	poetry	q1	
Ecclus	27	19	poetry	q1	
Ecclus	27	20	poetry	q1	
Ecclus	27	21	poetry	q1	
Ecclus	27	22	poetry	q1	
Ecclus	27	23	poetry	q1	
Ecclus	27	24	poetry	q1	
Ecclus	27	25	poetry	q1	
Ecclus	27	26	poetry	q1	
Ecclus	27	27	poetry	q1	
Ecclus	27	28	poetry	q1	
Ecclus	27	29	poetry	q1	
Ecclus	27	30	poetry	q1	
Ecclus	28	2	poetry	q1	
Ecclus	28	3	poetry	q1	
Ecclus	28	4	poetry	q1	
Ecclus	28	5	poetry	q1	
Ecclus	28	6	poetry	q1	
Ecclus	28	7	poetry	q1	
Ecclus	28	8	poetry	q1	
Ecclus	28	9	poetry	q1	
Ecclus	28	10	poetry	q1	
Ecclus	28	11	poetry	q1	
Ecclus	28	12	poetry	q1	
Ecclus	28	13	poetry	q1	
Ecclus	28	14	poetry	q1	
Ecclus	28	15	poetry	q1	
Ecclus	28	16	poetry	q1	
Ecclus	28	17	poetry	q1	
Ecclus	28	18	poetry	q1	
Ecclus	28	19	poetry	q1	
Ecclus	28	20	poetry	q1	
Ecclus	28	21	poetry	q1	
Ecclus	28	22	poetry	q1	
Ecclus	28	23	poetry	q1	
Ecclus	28	24	poetry	q1	
Ecclus	28	25	poetry	q1	
Ecclus	28	26	poetry	q1	
Ecclus	29	2	poetry	q1	
Ecclus	29	3	poetry	q1	
Ecclus	29	4	poetry	q1	
Ecclus	29	5	poetry	q1	
Ecclus	29	6	poetry	q1	
Ecclus	29	7	poetry	q1	
Ecclus	29	8	poetry	q1	
Ecclus	29	9	poetry	q1	
Ecclus	29	10	poetry	q1	
Ecclus	29	11	poetry	q1	
Ecclus	29	12	poetry	q1	
Ecclus	29	13	poetry	q1	
Ecclus	29	14	poetry	q1	
Ecclus	29	15	poetry	q1	
Ecclus	29	16	poetry	q1	
Ecclus	29	17	poetry	q2	
Ecclus	29	18	poetry	q1	
Ecclus	29	19	poetry	q1	
Ecclus	29	20	poetry	q1	
Ecclus	29	21	poetry	q1	
Ecclus	29	22	poetry	q1	
Ecclus	29	23	poetry	q1	
Ecclus	29	24	poetry	q1	
Ecclus	29	25	poetry	q1	
Ecclus	29	26	poetry	q1	
Ecclus	29	27	poetry	q1	
Ecclus	29	28	poetry	q1	
Ecclus	30	2	poetry	q1	
Ecclus	30	3	poetry	q1	
Ecclus	30	4	poetry	q1	
Ecclus	30	5	poetry	q1	
Ecclus	30	6	poetry	q1	
Ecclus	30	7	poetry	q1	
Ecclus	30	8	poetry	q1	
Ecclus	30	9	poetry	q1	
Ecclus	30	10	poetry	q1	
Ecclus	30	11	poetry	q1	
Ecclus	30	12	poetry	q1	
Ecclus	30	13	poetry	q1	
Ecclus	30	14	poetry	q1	
Ecclus	30	15	poetry	q1	
Ecclus	30	16	poetry	q1	
Ecclus	30	17	poetry	q1	
Ecclus	30	18	poetry	q1	
Ecclus	30	19	poetry	q1	
Ecclus	30	20	poetry	q2	
Ecclus	30	21	poetry	q1	
Ecclus	30	22	poetry	q1	
Ecclus	30	23	poetry	q1	
Ecclus	30	24	poetry	q1	
Ecclus	30	25	poetry	q1	
Ecclus	31	2	poetry	q1	
Ecclus	31	3	poetry	q1	
Ecclus	31	4	poetry	q1	
Ecclus	31	5	poetry	q1	
Ecclus	31	6	poetry	q1	
Ecclus	31	7	poetry	q1	
Ecclus	31	8	poetry	q1	
Ecclus	31	9	poetry	q1	
Ecclus	31	10	poetry	q1	
Ecclus	31	11	poetry	q1	
Ecclus	31	12	poetry	q1	
Ecclus	31	13	poetry	q1	
Ecclus	31	14	poetry	q1	
Ecclus	31	15	poetry	q1	
Ecclus	31	16	poetry	q1	
Ecclus	31	17	poetry	q1	
Ecclus	31	18	poetry	q1	
Ecclus	31	19	poetry	q1	
Ecclus	31	20	poetry	q1	
Ecclus	31	21	poetry	q1	
Ecclus	31	22	poetry	q1	
Ecclus	31	23	poetry	q1	
Ecclus	31	24	poetry	q1	
Ecclus	31	25	poetry	q1	
Ecclus	31	26	poetry	q1	
Ecclus	31	27	poetry	q1	
Ecclus	31	28	poetry	q1	
Ecclus	31	29	poetry	q1	
Ecclus	31	30	poetry	q1	
Ecclus	31	31	poetry	q1	
Ecclus	32	2	poetry	q1	
Ecclus	32	3	poetry	q1	
Ecclus	32	4	poetry	q1	
Ecclus	32	5	poetry	q1	
Ecclus	32	6	poetry	q1	
Ecclus	32	7	poetry	q1	
Ecclus	32	8	poetry	q1	
Ecclus	32	9	poetry	q1	
Ecclus	32	10	poetry	q1	
Ecclus	32	11	poetry	q1	
Ecclus	32	12	poetry	q1	
Ecclus	32	13	poetry	q1	
Ecclus	32	14	poetry	q1	
Ecclus	32	15	poetry	q1	
Ecclus	32	16	poetry	q1	
Ecclus	32	17	poetry	q1	
Ecclus	32	18	poetry	q1	
Ecclus	32	19	poetry	q1	
Ecclus	32	20	poetry	q1	
Ecclus	32	21	poetry	q1	
Ecclus	32	22	poetry	q2	
Ecclus	32	23	poetry	q1	
Ecclus	32	24	poetry	q1	
Ecclus	33	2	poetry	q1	
Ecclus	33	3	poetry	q1	
Ecclus	33	4	poetry	q1	
Ecclus	33	5	poetry	q1	
Ecclus	33	6	poetry	q1	
Ecclus	33	7	poetry	q1	
Ecclus	33	8	poetry	q1	
Ecclus	33	9	poetry	q1	
Ecclus	33	10	poetry	q1	
Ecclus	33	11	poetry	q1	
Ecclus	33	12	poetry	q1	
Ecclus	33	13	poetry	q1	
Ecclus	33	14	poetry	q1	
Ecclus	33	15	poetry	q1	
Ecclus	33	16	poetry	q1	
Ecclus	33	17	poetry	q1	
Ecclus	33	18	poetry	q1	
Ecclus	33	19	poetry	q1	
Ecclus	33	20	poetry	q1	
Ecclus	33	21	poetry	q1	
Ecclus	33	22	poetry	q1	
Ecclus	33	23	poetry	q1	
Ecclus	33	24	poetry	q1	
Ecclus	33	25	poetry	q1	
Ecclus	33	26	poetry	q1	
Ecclus	33	27	poetry	q1	
Ecclus	33	28	poetry	q1	
Ecclus	33	29	poetry	q1	
Ecclus	33	30	poetry	q1	
Ecclus	33	31	poetry	q1	
Ecclus	33	32	poetry	q1	
Ecclus	33	33	poetry	q2	
Ecclus	34	2	poetry	q1	
Ecclus	34	3	poetry	q1	
Ecclus	34	4	poetry	q1	
Ecclus	34	5	poetry	q1	
Ecclus	34	6	poetry	q1	
Ecclus	34	7	poetry	q1	
Ecclus	34	8	poetry	q1	
Ecclus	34	9	poetry	q1	
Ecclus	34	10	poetry	q1	
Ecclus	34	11	poetry	q1	
Ecclus	34	12	poetry	q1	
Ecclus	34	13	poetry	q1	
Ecclus	34	14	poetry	q1	
Ecclus	34	15	poetry	q1	
Ecclus	34	16	poetry	q1	
Ecclus	34	17	poetry	q1	
Ecclus	34	18	poetry	q1	
Ecclus	34	19	poetry	q1	
Ecclus	34	20	poetry	q1	
Ecclus	34	21	poetry	q1	
Ecclus	34	22	poetry	q1	
Ecclus	34	23	poetry	q1	
Ecclus	34	24	poetry	q1	
Ecclus	34	25	poetry	q1	
Ecclus	34	26	poetry	q1	
Ecclus	35	2	poetry	q1	
Ecclus	35	3	poetry	q1	
Ecclus	35	4	poetry	q1	
Ecclus	35	5	poetry	q2	
Ecclus	35	6	poetry	q1	
Ecclus	35	7	poetry	q1	
Ecclus	35	8	poetry	q1	
Ecclus	35	9	poetry	q1	
Ecclus	35	10	poetry	q1	
Ecclus	35	11	poetry	q1	
Ecclus	35	12	poetry	q1	
Ecclus	35	13	poetry	q1	
Ecclus	35	14	poetry	q1	
Ecclus	35	15	poetry	q1	
Ecclus	35	16	poetry	q1	
Ecclus	35	17	poetry	q1	
Ecclus	35	18	poetry	q1	
Ecclus	35	19	poetry	q2	
Ecclus	35	20	poetry	q1	
Ecclus	36	2	poetry	q2	
Ecclus	36	3	poetry	q1	
Ecclus	36	4	poetry	q1	
Ecclus	36	5	poetry	q1	
Ecclus	36	6	poetry	q1	
Ecclus	36	7	poetry	q1	
Ecclus	36	8	poetry	q1	
Ecclus	36	9	poetry	q1	
Ecclus	36	10	poetry	q1	
Ecclus	36	11	poetry	q1	
Ecclus	36	12	poetry	q1	
Ecclus	36	13	poetry	q1	
Ecclus	36	14	poetry	q1	
Ecclus	36	15	poetry	q1	
Ecclus	36	16	poetry	q1	
Ecclus	36	17	poetry	q1	
Ecclus	36	18	poetry	q1	
Ecclus	36	19	poetry	q1	
Ecclus	36	20	poetry	q1	
Ecclus	36	21	poetry	q1	
Ecclus	36	22	poetry	q1	
Ecclus	36	23	poetry	q1	
Ecclus	36	24	poetry	q1	
Ecclus	36	25	poetry	q1	
Ecclus	36	26	poetry	q1	
Ecclus	37	2	poetry	q1	
Ecclus	37	3	poetry	q1	
Ecclus	37	4	poetry	q1	
Ecclus	37	5	poetry	q1	
Ecclus	37	6	poetry	q1	
Ecclus	37	7	poetry	q1	
Ecclus	37	8	poetry	q1	
Ecclus	37	9	poetry	q2	
Ecclus	37	10	poetry	q1	
Ecclus	37	11	poetry	q1	
Ecclus	37	12	poetry	q1	
Ecclus	37	13	poetry	q1	
Ecclus	37	14	poetry	q1	
Ecclus	37	15	poetry	q1	
Ecclus	37	16	poetry	q1	
Ecclus	37	17	poetry	q1	
Ecclus	37	18	poetry	q2	
Ecclus	37	19	poetry	q1	
Ecclus	37	20	poetry	q1	
Ecclus	37	21	poetry	q1	
Ecclus	37	22	poetry	q1	
Ecclus	37	23	poetry	q1	
Ecclus	37	24	poetry	q1	
Ecclus	37	25	poetry	q1	
Ecclus	37	26	poetry	q1	
Ecclus	37	27	poetry	q1	
Ecclus	37	28	poetry	q1	
Ecclus	37	29	poetry	q1	
Ecclus	37	30	poetry	q1	
Ecclus	37	31	poetry	q1	
Ecclus	38	2	poetry	q1	
Ecclus	38	3	poetry	q1	
Ecclus	38	4	poetry	q1	
Ecclus	38	5	poetry	q1	
Ecclus	38	6	poetry	q1	
Ecclus	38	7	poetry	q1	
Ecclus	38	8	poetry	q1	
Ecclus	38	9	poetry	q1	
Ecclus	38	10	poetry	q1	
Ecclus	38	11	poetry	q1	
Ecclus	38	12	poetry	q1	
Ecclus	38	13	poetry	q1	
Ecclus	38	14	poetry	q2	
Ecclus	38	15	poetry	q1	
Ecclus	38	16	poetry	q1	
Ecclus	38	17	poetry	q1	
Ecclus	38	18	poetry	q1	
Ecclus	38	19	poetry	q1	
Ecclus	38	20	poetry	q1	
Ecclus	38	21	poetry	q1	
Ecclus	38	22	poetry	q1	
Ecclus	38	23	poetry	q1	
Ecclus	38	24	poetry	q1	
Ecclus	38	25	poetry	q1	
Ecclus	38	26	poetry	q1	
Ecclus	38	27	poetry	q1	
Ecclus	38	28	poetry	q1	
Ecclus	38	29	poetry	q1	
Ecclus	38	30	poetry	q1	
Ecclus	38	31	poetry	q1	
Ecclus	38	32	poetry	q1	
Ecclus	38	33	poetry	q1	
Ecclus	38	34	poetry	q1	
Ecclus	39	2	poetry	q1	
Ecclus	39	3	poetry	q1	
Ecclus	39	4	poetry	q1	
Ecclus	39	5	poetry	q1	
Ecclus	39	6	poetry	q1	
Ecclus	39	7	poetry	q1	
Ecclus	39	8	poetry	q1	
Ecclus	39	9	poetry	q1	
Ecclus	39	10	poetry	q1	
Ecclus	39	11	poetry	q1	
Ecclus	39	12	poetry	q1	
Ecclus	39	13	poetry	q1	
Ecclus	39	14	poetry	q1	
Ecclus	39	15	poetry	q1	
Ecclus	39	16	poetry	q1	
Ecclus	39	17	poetry	q1	
Ecclus	39	18	poetry	q1	
Ecclus	39	19	poetry	q1	
Ecclus	39	20	poetry	q1	
Ecclus	39	21	poetry	q1	
Ecclus	39	22	poetry	q1	
Ecclus	39	23	poetry	q1	
Ecclus	39	24	poetry	q1	
Ecclus	39	25	poetry	q1	
Ecclus	39	26	poetry	q1	
Ecclus	39	27	poetry	q1	
Ecclus	39	28	poetry	q1	
Ecclus	39	29	poetry	q1	
Ecclus	39	30	poetry	q2	
Ecclus	39	31	poetry	q1	
Ecclus	39	32	poetry	q1	
Ecclus	39	33	poetry	q1	
Ecclus	39	34	poetry	q1	
Ecclus	39	35	poetry	q1	
Ecclus	40	2	poetry	q1	
Ecclus	40	3	poetry	q1	
Ecclus	40	4	poetry	q1	
Ecclus	40	5	poetry	q1	
Ecclus	40	6	poetry	q1	
Ecclus	40	7	poetry	q1	
Ecclus	40	8	poetry	q1	
Ecclus	40	9	poetry	q2	
Ecclus	40	10	poetry	q1	
Ecclus	40	11	poetry	q1	
Ecclus	40	12	poetry	q1	
Ecclus	40	13	poetry	q1	
Ecclus	40	14	poetry	q1	
Ecclus	40	15	poetry	q1	
Ecclus	40	16	poetry	q1	
Ecclus	40	17	poetry	q1	
Ecclus	40	18	poetry	q1	
Ecclus	40	19	poetry	q1	
Ecclus	40	20	poetry	q1	
Ecclus	40	21	poetry	q1	
Ecclus	40	22	poetry	q1	
Ecclus	40	23	poetry	q1	
Ecclus	40	24	poetry	q1	
Ecclus	40	25	poetry	q1	
Ecclus	40	26	poetry	q1	
Ecclus	40	27	poetry	q1	
Ecclus	40	28	poetry	q1	
Ecclus	40	29	poetry	q1	
Ecclus	40	30	poetry	q1	
Ecclus	41	2	poetry	q1	
Ecclus	41	3	poetry	q1	
Ecclus	41	4	poetry	q2	
Ecclus	41	5	poetry	q1	
Ecclus	41	6	poetry	q1	
Ecclus	41	7	poetry	q1	
Ecclus	41	8	poetry	q1	
Ecclus	41	9	poetry	q1	
Ecclus	41	10	poetry	q1	
Ecclus	41	11	poetry	q1	
Ecclus	41	12	poetry	q1	
Ecclus	41	13	poetry	q1	
Ecclus	41	14	poetry	q1	
Ecclus	41	15	poetry	q1	
Ecclus	41	16	poetry	q1	
Ecclus	41	17	poetry	q1	
Ecclus	41	18	poetry	q2	
Ecclus	41	19	poetry	q2	
Ecclus	41	20	poetry	q2	
Ecclus	41	21	poetry	q2	
Ecclus	41	22	poetry	q2	
Ecclus	41	23	poetry	q2	
Ecclus	41	24	poetry	q1	
Ecclus	42	2	poetry	q2	
Ecclus	42	3	poetry	q2	
Ecclus	42	4	poetry	q2	
Ecclus	42	5	poetry	q2	
Ecclus	42	6	poetry	q1	
Ecclus	42	7	poetry	q1	
Ecclus	42	8	poetry	q1	
Ecclus	42	9	poetry	q1	
Ecclus	42	10	poetry	q2	
Ecclus	42	11	poetry	q1	
Ecclus	42	12	poetry	q1	
Ecclus	42	13	poetry	q1	
Ecclus	42	14	poetry	q1	
Ecclus	42	15	poetry	q1	
Ecclus	42	16	poetry	q1	
Ecclus	42	17	poetry	q1	
Ecclus	42	18	poetry	q1	
Ecclus	42	19	poetry	q1	
Ecclus	42	20	poetry	q1	
Ecclus	42	21	poetry	q1	
Ecclus	42	22	poetry	q1	
Ecclus	42	23	poetry	q1	
Ecclus	42	24	poetry	q1	
Ecclus	42	25	poetry	q1	
Ecclus	43	2	poetry	q1	
Ecclus	43	3	poetry	q1	
Ecclus	43	4	poetry	q1	
Ecclus	43	5	poetry	q1	
Ecclus	43	6	poetry	q1	
Ecclus	43	7	poetry	q1	
Ecclus	43	8	poetry	q1	
Ecclus	43	9	poetry	q2	
Ecclus	43	10	poetry	q1	
Ecclus	43	11	poetry	q1	
Ecclus	43	12	poetry	q1	
Ecclus	43	13	poetry	q1	
Ecclus	43	14	poetry	q1	
Ecclus	43	15	poetry	q1	
Ecclus	43	16	poetry	q1	
Ecclus	43	17	poetry	q1	
Ecclus	43	18	poetry	q1	
Ecclus	43	19	poetry	q1	
Ecclus	43	20	poetry	q1	
Ecclus	43	21	poetry	q1	
Ecclus	43	22	poetry	q1	
Ecclus	43	23	poetry	q1	
Ecclus	43	24	poetry	q1	
Ecclus	43	25	poetry	q1	
Ecclus	43	26	poetry	q1	
Ecclus	43	27	poetry	q1	
Ecclus	43	28	poetry	q1	
Ecclus	43	29	poetry	q1	
Ecclus	43	30	poetry	q1	
Ecclus	43	31	poetry	q1	
Ecclus	43	32	poetry	q1	
Ecclus	43	33	poetry	q1	
Ecclus	44	2	poetry	q1	
Ecclus	44	3	poetry	q1	
Ecclus	44	4	poetry	q2	
Ecclus	44	5	poetry	q1	
Ecclus	44	6	poetry	q2	
Ecclus	44	7	poetry	q1	
Ecclus	44	8	poetry	q1	
Ecclus	44	9	poetry	q1	
Ecclus	44	10	poetry	q1	
Ecclus	44	11	poetry	q1	
Ecclus	44	12	poetry	q1	
Ecclus	44	13	poetry	q1	
Ecclus	44	14	poetry	q1	
Ecclus	44	15	poetry	q1	
Ecclus	44	16	poetry	q1	
Ecclus	44	17	poetry	q1	
Ecclus	44	18	poetry	q1	
Ecclus	44	19	poetry	q1	
Ecclus	44	20	poetry	q2	
Ecclus	44	21	poetry	q1	
Ecclus	44	22	poetry	q1	
Ecclus	44	23	poetry	q1	
Ecclus	45	2	poetry	q1	
Ecclus	45	3	poetry	q1	
Ecclus	45	4	poetry	q1	
Ecclus	45	5	poetry	q1	
Ecclus	45	6	poetry	q1	
Ecclus	45	7	poetry	q1	
Ecclus	45	8	poetry	q1	
Ecclus	45	9	poetry	q1	
Ecclus	45	10	poetry	q2	
Ecclus	45	11	poetry	q2	
Ecclus	45	12	poetry	q2	
Ecclus	45	13	poetry	q1	
Ecclus	45	14	poetry	q1	
Ecclus	45	15	poetry	q1	
Ecclus	45	16	poetry	q1	
Ecclus	45	17	poetry	q1	
Ecclus	45	18	poetry	q1	
Ecclus	45	19	poetry	q1	
Ecclus	45	20	poetry	q1	
Ecclus	45	21	poetry	q1	
Ecclus	45	22	poetry	q1	
Ecclus	45	23	poetry	q1	
Ecclus	45	24	poetry	q1	
Ecclus	45	25	poetry	q1	
Ecclus	45	26	poetry	q1	
Ecclus	46	2	poetry	q1	
Ecclus	46	3	poetry	q1	
Ecclus	46	4	poetry	q1	
Ecclus	46	5	poetry	q1	
Ecclus	46	6	poetry	q1	
Ecclus	46	7	poetry	q1	
Ecclus	46	8	poetry	q1	
Ecclus	46	9	poetry	q1	
Ecclus	46	10	poetry	q2	
Ecclus	46	11	poetry	q1	
Ecclus	46	12	poetry	q1	
Ecclus	46	13	poetry	q1	
Ecclus	46	14	poetry	q1	
Ecclus	46	15	poetry	q1	
Ecclus	46	16	poetry	q1	
Ecclus	46	17	poetry	q1	
Ecclus	46	18	poetry	q1	
Ecclus	46	19	poetry	q1	
Ecclus	46	20	poetry	q1	
Ecclus	47	2	poetry	q1	
Ecclus	47	3	poetry	q1	
Ecclus	47	4	poetry	q1	
Ecclus	47	5	poetry	q1	
Ecclus	47	6	poetry	q1	
Ecclus	47	7	poetry	q1	
Ecclus	47	8	poetry	q1	
Ecclus	47	9	poetry	q1	
Ecclus	47	10	poetry	q1	
Ecclus	47	11	poetry	q1	
Ecclus	47	12	poetry	q1	
Ecclus	47	13	poetry	q1	
Ecclus	47	14	poetry	q1	
Ecclus	47	15	poetry	q1	
Ecclus	47	16	poetry	q1	
Ecclus	47	17	poetry	q1	
Ecclus	47	18	poetry	q1	
Ecclus	47	19	poetry	q1	
Ecclus	47	20	poetry	q1	
Ecclus	47	21	poetry	q2	
Ecclus	47	22	poetry	q1	
Ecclus	47	23	poetry	q1	
Ecclus	47	24	poetry	q1	
Ecclus	47	25	poetry	q1	
Ecclus	48	2	poetry	q1	
Ecclus	48	3	poetry	q1	
Ecclus	48	4	poetry	q1	
Ecclus	48	5	poetry	q1	
Ecclus	48	6	poetry	q1	
Ecclus	48	7	poetry	q1	
Ecclus	48	8	poetry	q1	
Ecclus	48	9	poetry	q1	
Ecclus	48	10	poetry	q1	
Ecclus	48	11	poetry	q1	
Ecclus	48	12	poetry	q1	
Ecclus	48	13	poetry	q1	
Ecclus	48	14	poetry	q1	
Ecclus	48	15	poetry	q1	
Ecclus	48	16	poetry	q1	
Ecclus	48	17	poetry	q1	
Ecclus	48	18	poetry	q1	
Ecclus	48	19	poetry	q1	
Ecclus	48	20	poetry	q1	
Ecclus	48	21	poetry	q1	
Ecclus	48	22	poetry	q1	
Ecclus	48	23	poetry	q1	
Ecclus	48	24	poetry	q1	
Ecclus	48	25	poetry	q1	
Ecclus	49	2	poetry	q1	
Ecclus	49	3	poetry	q1	
Ecclus	49	4	poetry	q1	
Ecclus	49	5	poetry	q1	
Ecclus	49	6	poetry	q1	
Ecclus	49	7	poetry	q1	
Ecclus	49	8	poetry	q1	
Ecclus	49	9	poetry	q1	
Ecclus	49	10	poetry	q1	
Ecclus	49	11	poetry	q1	
Ecclus	49	12	poetry	q1	
Ecclus	49	13	poetry	q1	
Ecclus	49	14	poetry	q1	
Ecclus	49	15	poetry	q1	
Ecclus	49	16	poetry	q1	
Ecclus	50	2	poetry	q1	
Ecclus	50	3	poetry	q1	
Ecclus	50	4	poetry	q1	
Ecclus	50	5	poetry	q1	
Ecclus	50	6	poetry	q1	
Ecclus	50	7	poetry	q2	
Ecclus	50	8	poetry	q2	
Ecclus	50	9	poetry	q2	
Ecclus	50	10	poetry	q2	
Ecclus	50	11	poetry	q1	
Ecclus	50	12	poetry	q1	
Ecclus	50	13	poetry	q1	
Ecclus	50	14	poetry	q1	
Ecclus	50	15	poetry	q2	
Ecclus	50	16	poetry	q1	
Ecclus	50	17	poetry	q1	
Ecclus	50	18	poetry	q1	
Ecclus	50	19	poetry	q1	
Ecclus	50	20	poetry	q1	
Ecclus	50	21	poetry	q1	
Ecclus	50	22	poetry	q1	
Ecclus	50	23	poetry	q1	
Ecclus	50	24	poetry	q2	
Ecclus	50	25	poetry	q1	
Ecclus	50	26	poetry	q2	
Ecclus	50	27	poetry	q1	
Ecclus	50	28	poetry	q1	
Ecclus	50	29	poetry	q1	
Ecclus	51	2	poetry	q2	
Ecclus	51	3	poetry	q2	
Ecclus	51	4	poetry	q2	
Ecclus	51	5	poetry	q2	
Ecclus	51	6	poetry	q2	
Ecclus	51	7	poetry	q1	
Ecclus	51	8	poetry	q1	
Ecclus	51	9	poetry	q1	
Ecclus	51	10	poetry	q1	
Ecclus	51	11	poetry	q1	
Ecclus	51	12	poetry	q1	
Ecclus	51	13	poetry	q1	
Ecclus	51	14	poetry	q1	
Ecclus	51	15	poetry	q1	
Ecclus	51	16	poetry	q1	
Ecclus	51	17	poetry	q1	
Ecclus	51	18	poetry	q1	
Ecclus	51	19	poetry	q1	
Ecclus	51	20	poetry	q1	
Ecclus	51	21	poetry	q1	
Ecclus	51	22	poetry	q1	
Ecclus	51	23	poetry	q1	
Ecclus	51	24	poetry	q1	
Ecclus	51	25	poetry	q1	
Ecclus	51	26	poetry	q1	
Ecclus	51	27	poetry	q1	
Ecclus	51	28	poetry	q1	
Ecclus	51	29	poetry	q1	
Ecclus	51	30	poetry	q1	
Is	1	2	poetry	q1	
Is	1	3	poetry	q1	
Is	1	4	poetry	q1	
Is	1	5	poetry	q1	
Is	1	6	poetry	q1	
Is	1	7	poetry	q1	
Is	1	8	poetry	q1	
Is	1	9	poetry	q1	
Is	1	10	poetry	q1	
Is	1	11	poetry	q1	
Is	1	12	poetry	q1	
Is	1	13	poetry	q1	
Is	1	14	poetry	q1	
Is	1	15	poetry	q1	
Is	1	16	poetry	q1	
Is	1	17	poetry	q1	
Is	1	18	poetry	q1	
Is	1	19	poetry	q1	
Is	1	20	poetry	q2	
Is	1	21	poetry	q1	
Is	1	22	poetry	q1	
Is	1	23	poetry	q1	
Is	1	24	poetry	q1	
Is	1	25	poetry	q1	
Is	1	26	poetry	q1	
Is	1	27	poetry	q1	
Is	1	28	poetry	q1	
Is	1	29	poetry	q1	
Is	1	30	poetry	q1	
Is	1	31	poetry	q1	
Is	2	2	poetry	q1	
Is	2	3	poetry	q1	
Is	2	4	poetry	q1	
Is	2	5	poetry	q1	
Is	2	6	poetry	q1	
Is	2	7	poetry	q1	
Is	2	8	poetry	q1	
Is	2	9	poetry	q1	
Is	2	10	poetry	q1	
Is	2	11	poetry	q1	
Is	2	12	poetry	q1	
Is	2	13	poetry	q2	
Is	2	14	poetry	q2	
Is	2	15	poetry	q2	
Is	2	16	poetry	q2	
Is	2	17	poetry	q1	
Is	2	18	poetry	q1	
Is	2	19	poetry	q1	
Is	2	20	poetry	q1	
Is	2	21	poetry	q2	
Is	2	22	poetry	q1	
Is	3	2	poetry	q2	
Is	3	3	poetry	q2	
Is	3	4	poetry	q1	
Is	3	5	poetry	q1	
Is	3	6	poetry	q1	
Is	3	7	poetry	q1	
Is	3	8	poetry	q1	
Is	3	9	poetry	q1	
Is	3	10	poetry	q1	
Is	3	11	poetry	q1	
Is	3	12	poetry	q1	
Is	3	13	poetry	q1	
Is	3	14	poetry	q1	
Is	3	15	poetry	q2	
Is	3	16	poetry	q1	
Is	3	17	poetry	q1	
Is	3	18	prose	p	
Is	3	24	poetry	q1	
Is	3	25	poetry	q1	
Is	3	26	poetry	q1	
Is	4	2	prose	p	
Is	5	2	poetry	q1	
Is	5	3	poetry	q1	
Is	5	4	poetry	q1	
Is	5	5	poetry	q1	
Is	5	6	poetry	q1	
Is	5	7	poetry	q1	
Is	5	8	poetry	q1	
Is	5	9	poetry	q1	
Is	5	10	poetry	q1	
Is	5	11	poetry	q1	
Is	5	12	poetry	q1	
Is	5	13	poetry	q1	
Is	5	14	poetry	q1	
Is	5	15	poetry	q1	
Is	5	16	poetry	q1	
Is	5	17	poetry	q1	
Is	5	18	poetry	q1	
Is	5	19	poetry	q1	
Is	5	20	poetry	q1	
Is	5	21	poetry	q1	
Is	5	22	poetry	q1	
Is	5	23	poetry	q1	
Is	5	24	poetry	q1	
Is	5	25	poetry	q1	
Is	5	26	poetry	q1	
Is	5	27	poetry	q1	
Is	5	28	poetry	q1	
Is	5	29	poetry	q1	
Is	5	30	poetry	q1	
Is	6	4	prose	p	
Is	6	6	prose	p	
Is	6	8	prose	p	
Is	6	9	prose	p	
Is	6	10	poetry	q1	
Is	6	11	prose	p	
Is	6	12	poetry	q2	
Is	6	13	poetry	q1	
Is	7	3	prose	p	
Is	7	10	prose	p	
Is	7	12	prose	p	
Is	7	13	prose	p	
Is	7	18	prose	p	
Is	7	20	prose	p	
Is	7	21	prose	p	
Is	7	23	prose	p	
Is	8	3	prose	p	
Is	8	5	prose	p	
Is	8	9	prose	p	
Is	8	11	prose	p	
Is	8	16	prose	p	
Is	8	19	prose	p	
Is	9	2	prose	p	
Is	9	3	poetry	q1	
Is	9	4	prose	p	
Is	9	8	prose	p	
Is	9	9	poetry	q1	
Is	9	10	poetry	q1	
Is	9	11	poetry	q1	
Is	9	12	poetry	q2	
Is	9	13	poetry	q1	
Is	9	14	poetry	q1	
Is	9	15	poetry	q1	
Is	9	16	poetry	q1	
Is	9	17	poetry	q1	
Is	9	18	poetry	q1	
Is	9	19	poetry	q1	
Is	9	20	poetry	q1	
Is	9	21	poetry	q2	
Is	10	4	prose	p	
Is	10	5	prose	p	
Is	10	12	prose	p	
Is	10	15	prose	p	
Is	10	20	prose	p	
Is	10	24	prose	p	
Is	10	28	prose	p	
Is	10	33	prose	p	
Is	11	2	poetry	q1	
Is	11	3	poetry	q1	
Is	11	4	poetry	q1	
Is	11	5	poetry	q1	
Is	11	6	poetry	q1	
Is	11	7	poetry	q1	
Is	11	8	poetry	q1	
Is	11	9	poetry	q1	
Is	11	10	prose	p	
Is	11	11	prose	p	
Is	13	2	prose	p	
Is	13	6	prose	p	
Is	13	17	prose	p	
Is	14	3	prose	p	
Is	14	12	prose	p	
Is	14	18	prose	p	
Is	14	21	prose	p	
Is	14	24	prose	p	
Is	14	28	prose	p	
Is	14	29	prose	p	
Is	14	31	prose	p	
Is	14	32	prose	p	
Is	15	2	prose	p	
Is	16	6	prose	p	
Is	16	13	prose	p	
Is	17	2	prose	p	
Is	17	4	prose	p	
Is	17	12	prose	p	
Is	18	4	prose	p	
Is	19	2	prose	p	
Is	19	5	prose	p	
Is	19	11	prose	p	
Is	19	19	prose	p	
Is	19	23	prose	p	
Is	19	24	prose	p	
Is	21	2	prose	p	
Is	21	10	prose	p	
Is	21	11	prose	p	
Is	21	12	prose	p	
Is	21	13	prose	p	
Is	21	14	prose	p	
Is	22	2	prose	p	
Is	22	5	prose	p	
Is	22	12	prose	p	
Is	22	15	prose	p	
Is	22	20	prose	p	
Is	23	2	prose	p	
Is	23	8	prose	p	
Is	23	13	prose	p	
Is	24	14	prose	p	
Is	24	17	prose	p	
Is	24	21	prose	p	
Is	25	6	prose	p	
Is	25	9	prose	p	
Is	25	11	prose	p	
Is	26	2	poetry	q1	
Is	26	3	poetry	q1	
Is	26	4	poetry	q1	
Is	26	5	poetry	q1	
Is	26	6	poetry	q1	
Is	26	7	poetry	q1	
Is	26	8	poetry	q1	
Is	26	9	poetry	q1	
Is	26	10	poetry	q1	
Is	26	11	poetry	q1	
Is	26	12	poetry	q1	
Is	26	13	poetry	q1	
Is	26	14	poetry	q1	
Is	26	15	poetry	q1	
Is	26	16	poetry	q1	
Is	26	17	poetry	q1	
Is	26	18	poetry	q1	
Is	26	19	poetry	q1	
Is	26	20	poetry	q1	
Is	26	21	poetry	q1	
Is	27	2	prose	p	
Is	27	6	prose	p	
Is	27	12	prose	p	
Is	27	13	prose	p	
Is	28	7	prose	p	
Is	28	9	prose	p	
Is	28	11	prose	p	
Is	28	14	prose	p	
Is	28	23	prose	p	
Is	29	5	prose	p	
Is	29	9	prose	p	
Is	29	13	prose	p	
Is	29	15	prose	p	
Is	29	17	prose	p	
Is	29	22	prose	p	
Is	30	6	prose	p	
Is	30	7	prose	p	
Is	30	15	prose	p	
Is	30	18	prose	p	
Is	30	23	prose	p	
Is	30	27	prose	p	
Is	31	2	poetry	q1	
Is	31	3	poetry	q1	
Is	31	4	poetry	q1	
Is	31	5	poetry	q1	
Is	31	6	poetry	q1	
Is	31	8	prose	p	
Is	31	9	poetry	q1	
Is	32	2	poetry	q1	
Is	32	3	poetry	q1	
Is	32	4	poetry	q1	
Is	32	5	poetry	q1	
Is	32	6	poetry	q1	
Is	32	7	poetry	q1	
Is	32	8	poetry	q1	
Is	32	9	poetry	q1	
Is	32	10	poetry	q1	
Is	32	11	poetry	q1	
Is	32	12	poetry	q1	
Is	32	13	poetry	q1	
Is	32	14	poetry	q1	
Is	32	15	poetry	q1	
Is	32	16	poetry	q1	
Is	32	17	poetry	q1	
Is	32	18	poetry	q1	
Is	32	19	poetry	q1	
Is	32	20	poetry	q1	
Is	33	2	poetry	q1	
Is	33	3	poetry	q1	
Is	33	4	poetry	q1	
Is	33	5	poetry	q1	
Is	33	6	poetry	q1	
Is	33	7	poetry	q1	
Is	33	8	poetry	q1	
Is	33	9	poetry	q1	
Is	33	10	poetry	q1	
Is	33	11	poetry	q1	
Is	33	12	poetry	q1	
Is	33	13	poetry	q1	
Is	33	14	poetry	q1	
Is	33	15	poetry	q1	
Is	33	16	poetry	q1	
Is	33	17	poetry	q1	
Is	33	18	poetry	q1	
Is	33	19	poetry	q1	
Is	33	20	poetry	q1	
Is	33	21	poetry	q1	
Is	33	22	poetry	q1	
Is	33	23	poetry	q1	
Is	33	24	poetry	q1	
Is	34	2	poetry	q1	
Is	34	3	poetry	q1	
Is	34	4	poetry	q1	
Is	34	5	poetry	q1	
Is	34	6	poetry	q1	
Is	34	7	poetry	q1	
Is	34	8	poetry	q1	
Is	34	9	poetry	q1	
Is	34	10	poetry	q1	
Is	34	11	poetry	q1	
Is	34	12	poetry	q1	
Is	34	13	poetry	q1	
Is	34	14	poetry	q1	
Is	34	15	poetry	q1	
Is	34	16	poetry	q1	
Is	34	17	poetry	q1	
Is	35	2	poetry	q1	
Is	35	3	poetry	q1	
Is	35	4	poetry	q1	
Is	35	5	poetry	q1	
Is	35	6	poetry	q1	
Is	35	7	poetry	q1	
Is	35	8	poetry	q1	
Is	35	9	poetry	q1	
Is	35	10	poetry	q1	
Is	36	4	prose	p	
Is	36	11	prose	p	
Is	36	12	prose	p	
Is	36	21	prose	p	
Is	36	22	prose	p	
Is	37	5	prose	p	
Is	37	6	prose	p	
Is	37	8	prose	p	
Is	37	14	prose	p	
Is	37	21	prose	p	
Is	37	26	prose	p	
Is	37	30	prose	p	
Is	37	33	prose	p	
Is	37	36	prose	p	
Is	38	2	prose	p	
Is	38	4	prose	p	
Is	38	9	prose	p	
Is	38	10	poetry	q1	
Is	38	11	poetry	q1	
Is	38	12	poetry	q1	
Is	38	13	poetry	q1	
Is	38	14	poetry	q1	
Is	38	15	poetry	q1	
Is	38	16	poetry	q1	
Is	38	17	poetry	q1	
Is	38	18	poetry	q1	
Is	38	19	poetry	q1	
Is	38	20	poetry	q1	
Is	38	21	prose	p	
Is	39	4	prose	p	
Is	39	5	prose	p	
Is	39	8	prose	p	
Is	40	3	poetry	q1	
Is	40	4	poetry	q1	
Is	40	5	poetry	q1	
Is	40	6	poetry	q1	
Is	40	7	poetry	q1	
Is	40	8	poetry	q1	
Is	40	9	poetry	q1	
Is	40	10	poetry	q1	
Is	40	11	poetry	q1	
Is	40	12	poetry	q1	
Is	40	13	poetry	q1	
Is	40	14	poetry	q1	
Is	40	15	poetry	q1	
Is	40	16	poetry	q1	
Is	40	17	poetry	q1	
Is	40	18	poetry	q1	
Is	40	19	poetry	q1	
Is	40	20	poetry	q1	
Is	40	21	poetry	q1	
Is	40	22	poetry	q1	
Is	40	23	poetry	q2	
Is	40	24	poetry	q1	
Is	40	25	poetry	q1	
Is	40	26	poetry	q1	
Is	40	27	poetry	q1	
Is	40	28	poetry	q1	
Is	40	29	poetry	q1	
Is	40	30	poetry	q1	
Is	40	31	poetry	q2	
Is	41	2	poetry	q1	
Is	41	3	poetry	q1	
Is	41	4	poetry	q1	
Is	41	5	poetry	q1	
Is	41	6	poetry	q1	
Is	41	7	poetry	q1	
Is	41	8	poetry	q1	
Is	41	9	poetry	q2	
Is	41	10	poetry	q1	
Is	41	11	poetry	q1	
Is	41	12	poetry	q1	
Is	41	13	poetry	q1	
Is	41	14	poetry	q1	
Is	41	15	poetry	q1	
Is	41	16	poetry	q1	
Is	41	17	poetry	q1	
Is	41	18	poetry	q1	
Is	41	19	poetry	q1	
Is	41	20	poetry	q2	
Is	41	21	poetry	q1	
Is	41	22	poetry	q1	
Is	41	23	poetry	q1	
Is	41	24	poetry	q1	
Is	41	25	poetry	q1	
Is	41	26	poetry	q1	
Is	41	27	poetry	q1	
Is	41	28	poetry	q1	
Is	41	29	poetry	q1	
Is	42	2	poetry	q1	
Is	42	3	poetry	q1	
Is	42	4	poetry	q1	
Is	42	5	poetry	q1	
Is	42	6	poetry	q1	
Is	42	7	poetry	q2	
Is	42	8	poetry	q1	
Is	42	9	poetry	q1	
Is	42	10	poetry	q1	
Is	42	11	poetry	q1	
Is	42	12	poetry	q1	
Is	42	13	poetry	q1	
Is	42	14	poetry	q1	
Is	42	15	poetry	q1	
Is	42	16	poetry	q1	
Is	42	17	poetry	q1	
Is	42	18	poetry	q1	
Is	42	19	poetry	q1	
Is	42	20	poetry	q1	
Is	42	21	poetry	q1	
Is	42	22	poetry	q1	
Is	42	23	poetry	q1	
Is	42	24	poetry	q1	
Is	42	25	poetry	q1	
Is	43	2	poetry	q1	
Is	43	3	poetry	q1	
Is	43	4	poetry	q1	
Is	43	5	poetry	q1	
Is	43	6	poetry	q1	
Is	43	7	poetry	q1	
Is	43	8	poetry	q1	
Is	43	9	poetry	q1	
Is	43	10	poetry	q1	
Is	43	11	poetry	q1	
Is	43	12	poetry	q1	
Is	43	13	poetry	q1	
Is	43	14	prose	p	
Is	43	16	prose	p	
Is	43	17	poetry	q1	
Is	43	18	poetry	q1	
Is	43	19	poetry	q1	
Is	43	20	poetry	q1	
Is	43	21	poetry	q2	
Is	43	22	poetry	q1	
Is	43	23	poetry	q1	
Is	43	24	poetry	q1	
Is	43	25	poetry	q1	
Is	43	26	poetry	q1	
Is	43	27	poetry	q1	
Is	43	28	poetry	q1	
Is	44	2	poetry	q1	
Is	44	3	poetry	q1	
Is	44	4	poetry	q1	
Is	44	5	poetry	q1	
Is	44	6	poetry	q1	
Is	44	7	poetry	q1	
Is	44	8	poetry	q1	
Is	44	9	poetry	q1	
Is	44	10	poetry	q1	
Is	44	11	poetry	q1	
Is	44	12	poetry	q1	
Is	44	13	poetry	q1	
Is	44	14	poetry	q1	
Is	44	15	poetry	q1	
Is	44	16	poetry	q1	
Is	44	17	poetry	q1	
Is	44	18	poetry	q1	
Is	44	19	poetry	q1	
Is	44	20	poetry	q1	
Is	44	21	poetry	q1	
Is	44	22	poetry	q1	
Is	44	23	poetry	q1	
Is	44	24	poetry	q1	
Is	44	25	poetry	q1	
Is	44	26	poetry	q1	
Is	44	27	poetry	q1	
Is	44	28	poetry	q1	
Is	45	2	poetry	q1	
Is	45	3	poetry	q1	
Is	45	4	poetry	q1	
Is	45	5	poetry	q1	
Is	45	6	poetry	q1	
Is	45	7	poetry	q1	
Is	45	8	poetry	q1	
Is	45	9	poetry	q1	
Is	45	10	poetry	q1	
Is	45	11	poetry	q1	
Is	45	12	poetry	q1	
Is	45	13	poetry	q1	
Is	45	14	poetry	q1	
Is	45	15	poetry	q1	
Is	45	16	poetry	q1	
Is	45	17	poetry	q1	
Is	45	18	poetry	q1	
Is	45	19	poetry	q1	
Is	45	20	poetry	q1	
Is	45	21	poetry	q1	
Is	45	22	poetry	q1	
Is	45	23	poetry	q1	
Is	45	24	poetry	q1	
Is	45	25	poetry	q1	
Is	46	2	poetry	q1	
Is	46	3	poetry	q1	
Is	46	4	poetry	q1	
Is	46	5	poetry	q1	
Is	46	6	poetry	q1	
Is	46	7	poetry	q1	
Is	46	8	poetry	q1	
Is	46	9	poetry	q1	
Is	46	10	poetry	q1	
Is	46	11	poetry	q1	
Is	46	12	poetry	q1	
Is	46	13	poetry	q1	
Is	47	2	poetry	q1	
Is	47	3	poetry	q1	
Is	47	4	poetry	q1	
Is	47	5	poetry	q1	
Is	47	6	poetry	q1	
Is	47	7	poetry	q1	
Is	47	8	poetry	q1	
Is	47	9	poetry	q1	
Is	47	10	poetry	q1	
Is	47	11	poetry	q1	
Is	47	12	poetry	q1	
Is	47	13	poetry	q1	
Is	47	14	poetry	q1	
Is	47	15	poetry	q1	
Is	48	2	poetry	q1	
Is	48	3	poetry	q1	
Is	48	4	poetry	q1	
Is	48	5	poetry	q1	
Is	48	6	poetry	q1	
Is	48	7	poetry	q1	
Is	48	8	poetry	q1	
Is	48	9	poetry	q1	
Is	48	10	poetry	q1	
Is	48	11	poetry	q1	
Is	48	12	poetry	q1	
Is	48	13	poetry	q1	
Is	48	14	poetry	q1	
Is	48	15	poetry	q1	
Is	48	16	prose	p	
Is	48	17	poetry	q1	
Is	48	18	poetry	q1	
Is	48	19	poetry	q1	
Is	48	20	poetry	q1	
Is	48	21	poetry	q1	
Is	48	22	poetry	q1	
Is	49	2	poetry	q1	
Is	49	3	poetry	q1	
Is	49	4	poetry	q1	
Is	49	5	poetry	q1	
Is	49	6	poetry	q1	
Is	49	7	poetry	q1	
Is	49	8	poetry	q1	
Is	49	9	poetry	q1	
Is	49	10	poetry	q1	
Is	49	11	poetry	q1	
Is	49	12	poetry	q1	
Is	49	13	poetry	q1	
Is	49	14	poetry	q1	
Is	49	15	poetry	q1	
Is	49	16	poetry	q1	
Is	49	17	poetry	q1	
Is	49	18	poetry	q1	
Is	49	19	poetry	q1	
Is	49	20	poetry	q1	
Is	49	21	poetry	q1	
Is	49	22	poetry	q1	
Is	49	23	poetry	q1	
Is	49	24	poetry	q1	
Is	49	25	poetry	q1	
Is	49	26	poetry	q1	
Is	50	2	poetry	q1	
Is	50	3	poetry	q1	
Is	50	4	poetry	q1	
Is	50	5	poetry	q1	
Is	50	6	poetry	q1	
Is	50	7	poetry	q1	
Is	50	8	poetry	q1	
Is	50	9	poetry	q1	
Is	50	10	poetry	q1	
Is	50	11	poetry	q1	
Is	51	2	poetry	q1	
Is	51	3	poetry	q1	
Is	51	4	poetry	q1	
Is	51	5	poetry	q1	
Is	51	6	poetry	q1	
Is	51	7	poetry	q1	
Is	51	8	poetry	q1	
Is	51	9	poetry	q1	
Is	51	10	poetry	q1	
Is	51	11	poetry	q1	
Is	51	12	poetry	q1	
Is	51	13	poetry	q1	
Is	51	14	poetry	q1	
Is	51	15	poetry	q1	
Is	51	16	poetry	q1	
Is	51	17	poetry	q1	
Is	51	18	poetry	q1	
Is	51	19	poetry	q1	
Is	51	20	poetry	q1	
Is	51	21	poetry	q1	
Is	51	22	poetry	q1	
Is	51	23	poetry	q1	
Is	52	2	poetry	q1	
Is	52	3	poetry	q1	
Is	52	4	prose	p	
Is	52	5	poetry	q1	
Is	52	6	poetry	q1	
Is	52	7	poetry	q1	
Is	52	8	poetry	q1	
Is	52	9	poetry	q1	
Is	52	10	poetry	q1	
Is	52	11	poetry	q1	
Is	52	12	poetry	q1	
Is	52	13	poetry	q1	
Is	52	14	poetry	q1	
Is	52	15	poetry	q1	
Is	53	2	poetry	q1	
Is	53	3	poetry	q1	
Is	53	4	poetry	q1	
Is	53	5	poetry	q1	
Is	53	6	poetry	q1	
Is	53	7	poetry	q1	
Is	53	8	poetry	q1	
Is	53	9	poetry	q1	
Is	53	10	poetry	q1	
Is	53	11	poetry	q1	
Is	53	12	poetry	q1	
Is	54	2	poetry	q1	
Is	54	3	poetry	q1	
Is	54	4	poetry	q1	
Is	54	5	poetry	q1	
Is	54	6	poetry	q1	
Is	54	7	poetry	q1	
Is	54	8	poetry	q1	
Is	54	9	poetry	q1	
Is	54	10	poetry	q1	
Is	54	11	poetry	q1	
Is	54	12	poetry	q1	
Is	54	13	poetry	q1	
Is	54	14	poetry	q1	
Is	54	15	poetry	q1	
Is	54	16	poetry	q1	
Is	54	17	poetry	q1	
Is	55	2	poetry	q1	
Is	55	3	poetry	q1	
Is	55	4	poetry	q1	
Is	55	5	poetry	q1	
Is	55	6	poetry	q1	
Is	55	7	poetry	q1	
Is	55	8	poetry	q1	
Is	55	9	poetry	q1	
Is	55	10	poetry	q1	
Is	55	11	poetry	q1	
Is	55	12	poetry	q1	
Is	55	13	poetry	q1	
Is	56	2	poetry	q1	
Is	56	3	poetry	q1	
Is	56	4	poetry	q1	
Is	56	5	poetry	q1	
Is	56	6	poetry	q1	
Is	56	7	poetry	q1	
Is	56	8	poetry	q1	
Is	56	9	poetry	q1	
Is	56	10	poetry	q1	
Is	56	11	poetry	q1	
Is	56	12	poetry	q1	
Is	57	2	poetry	q1	
Is	57	3	poetry	q1	
Is	57	4	poetry	q1	
Is	57	5	poetry	q1	
Is	57	6	poetry	q1	
Is	57	7	poetry	q1	
Is	57	8	poetry	q1	
Is	57	9	poetry	q1	
Is	57	10	poetry	q1	
Is	57	11	poetry	q1	
Is	57	12	poetry	q1	
Is	57	13	poetry	q1	
Is	57	14	poetry	q1	
Is	57	15	poetry	q1	
Is	57	16	poetry	q1	
Is	57	17	poetry	q1	
Is	57	18	poetry	q1	
Is	57	19	poetry	q1	
Is	57	20	poetry	q1	
Is	57	21	poetry	q1	
Is	58	2	poetry	q1	
Is	58	3	poetry	q1	
Is	58	4	poetry	q1	
Is	58	5	poetry	q1	
Is	58	6	poetry	q1	
Is	58	7	poetry	q1	
Is	58	8	poetry	q1	
Is	58	9	poetry	q1	
Is	58	10	poetry	q1	
Is	58	11	poetry	q1	
Is	58	12	poetry	q1	
Is	58	13	poetry	q1	
Is	58	14	poetry	q1	
Is	59	2	poetry	q1	
Is	59	3	poetry	q1	
Is	59	4	poetry	q1	
Is	59	5	poetry	q1	
Is	59	6	poetry	q1	
Is	59	7	poetry	q1	
Is	59	8	poetry	q1	
Is	59	9	poetry	q1	
Is	59	10	poetry	q1	
Is	59	11	poetry	q1	
Is	59	12	poetry	q1	
Is	59	13	poetry	q1	
Is	59	14	poetry	q1	
Is	59	15	poetry	q1	
Is	59	16	poetry	q1	
Is	59	17	poetry	q1	
Is	59	18	poetry	q1	
Is	59	19	poetry	q1	
Is	59	20	poetry	q1	
Is	59	21	prose	p	
Is	60	2	poetry	q1	
Is	60	3	poetry	q1	
Is	60	4	poetry	q1	
Is	60	5	poetry	q1	
Is	60	6	poetry	q1	
Is	60	7	poetry	q1	
Is	60	8	poetry	q1	
Is	60	9	poetry	q1	
Is	60	10	poetry	q1	
Is	60	11	poetry	q1	
Is	60	12	poetry	q1	
Is	60	13	poetry	q1	
Is	60	14	poetry	q1	
Is	60	15	poetry	q1	
Is	60	16	poetry	q1	
Is	60	17	poetry	q1	
Is	60	18	poetry	q1	
Is	60	19	poetry	q1	
Is	60	20	poetry	q1	
Is	60	21	poetry	q1	
Is	60	22	poetry	q1	
Is	61	2	poetry	q1	
Is	61	3	poetry	q1	
Is	61	4	poetry	q1	
Is	61	5	poetry	q1	
Is	61	6	poetry	q1	
Is	61	7	poetry	q1	
Is	61	8	poetry	q1	
Is	61	9	poetry	q1	
Is	61	10	poetry	q1	
Is	61	11	poetry	q1	
Is	62	2	poetry	q1	
Is	62	3	poetry	q1	
Is	62	4	poetry	q1	
Is	62	5	poetry	q1	
Is	62	6	poetry	q1	
Is	62	7	poetry	q2	
Is	62	8	poetry	q1	
Is	62	9	poetry	q1	
Is	62	10	poetry	q1	
Is	62	11	poetry	q1	
Is	62	12	poetry	q1	
Is	63	2	poetry	q1	
Is	63	3	poetry	q1	
Is	63	4	poetry	q1	
Is	63	5	poetry	q1	
Is	63	6	poetry	q1	
Is	63	7	poetry	q1	
Is	63	8	poetry	q1	
Is	63	9	poetry	q1	
Is	63	10	poetry	q1	
Is	63	11	poetry	q1	
Is	63	12	poetry	q1	
Is	63	13	poetry	q1	
Is	63	14	poetry	q1	
Is	63	15	poetry	q1	
Is	63	16	poetry	q1	
Is	63	17	poetry	q1	
Is	63	18	poetry	q1	
Is	63	19	poetry	q1	
Is	64	2	poetry	q1	
Is	64	3	poetry	q1	
Is	64	4	poetry	q1	
Is	64	5	poetry	q1	
Is	64	6	poetry	q1	
Is	64	7	poetry	q1	
Is	64	8	poetry	q1	
Is	64	9	poetry	q1	
Is	64	10	poetry	q1	
Is	64	11	poetry	q1	
Is	64	12	poetry	q1	
Is	65	2	poetry	q1	
Is	65	3	poetry	q1	
Is	65	4	poetry	q1	
Is	65	5	poetry	q1	
Is	65	6	poetry	q1	
Is	65	7	poetry	q1	
Is	65	8	prose	p	
Is	65	9	poetry	q1	
Is	65	10	poetry	q1	
Is	65	11	poetry	q1	
Is	65	12	poetry	q1	
Is	65	13	prose	p	
Is	65	14	poetry	q1	
Is	65	15	poetry	q1	
Is	65	16	poetry	q2	
Is	65	17	poetry	q1	
Is	65	18	poetry	q1	
Is	65	19	poetry	q1	
Is	65	20	poetry	q1	
Is	65	21	poetry	q1	
Is	65	22	poetry	q1	
Is	65	23	poetry	q1	
Is	65	24	poetry	q1	
Is	65	25	poetry	q1	
Is	66	2	poetry	q1	
Is	66	3	poetry	q1	
Is	66	4	poetry	q1	
Is	66	5	poetry	q1	
Is	66	6	poetry	q1	
Is	66	7	poetry	q1	
Is	66	8	poetry	q1	
Is	66	9	poetry	q1	
Is	66	10	poetry	q1	
Is	66	11	poetry	q1	
Is	66	12	poetry	q1	
Is	66	13	poetry	q1	
Is	66	14	poetry	q1	
Is	66	15	poetry	q1	
Is	66	16	poetry	q1	
Is	66	17	prose	p	
Is	66	18	prose	p	
Is	66	19	prose	p	
Is	66	22	prose	p	
Jer	1	5	poetry	q1	
Jer	1	6	prose	p	
Jer	1	7	prose	p	
Jer	1	9	prose	p	
Jer	1	11	prose	p	
Jer	1	12	prose	p	
Jer	1	13	prose	p	
Jer	1	14	prose	p	
Jer	1	16	poetry	q1	
Jer	1	17	prose	p	
Jer	2	3	poetry	q1	
Jer	2	4	prose	p	
Jer	2	6	poetry	q1	
Jer	2	7	poetry	q1	
Jer	2	8	poetry	q1	
Jer	2	9	poetry	q1	
Jer	2	10	poetry	q1	
Jer	2	11	poetry	q1	
Jer	2	12	poetry	q1	
Jer	2	13	poetry	q1	
Jer	2	14	poetry	q1	
Jer	2	15	poetry	q1	
Jer	2	16	poetry	q2	
Jer	2	17	poetry	q1	
Jer	2	18	poetry	q1	
Jer	2	19	poetry	q1	
Jer	2	20	poetry	q1	
Jer	2	21	poetry	q1	
Jer	2	22	poetry	q1	
Jer	2	23	poetry	q1	
Jer	2	24	poetry	q1	
Jer	2	25	poetry	q1	
Jer	2	26	poetry	q1	
Jer	2	27	poetry	q1	
Jer	2	28	poetry	q1	
Jer	2	29	poetry	q1	
Jer	2	30	poetry	q1	
Jer	2	31	poetry	q1	
Jer	2	32	poetry	q1	
Jer	2	33	poetry	q1	
Jer	2	34	poetry	q1	
Jer	2	35	poetry	q1	
Jer	2	36	poetry	q1	
Jer	2	37	poetry	q1	
Jer	3	2	prose	p	
Jer	3	5	prose	p	
Jer	3	6	prose	p	
Jer	3	11	prose	p	
Jer	3	19	prose	p	
Jer	3	20	prose	p	
Jer	3	23	prose	p	
Jer	4	3	prose	p	
Jer	4	7	prose	p	
Jer	4	10	prose	p	
Jer	4	11	prose	p	
Jer	4	13	prose	p	
Jer	4	19	prose	p	
Jer	4	22	prose	p	
Jer	4	29	prose	p	
Jer	5	3	prose	p	
Jer	5	4	prose	p	
Jer	5	7	prose	p	
Jer	5	10	prose	p	
Jer	5	12	prose	p	
Jer	5	14	prose	p	
Jer	5	18	prose	p	
Jer	5	20	prose	p	
Jer	5	23	prose	p	
Jer	5	25	prose	p	
Jer	5	29	prose	p	
Jer	5	30	prose	p	
Jer	6	4	prose	p	
Jer	6	9	prose	p	
Jer	6	10	prose	p	
Jer	6	12	poetry	q1	
Jer	6	13	poetry	q1	
Jer	6	14	poetry	q1	
Jer	6	15	poetry	q1	
Jer	6	16	prose	p	
Jer	6	21	prose	p	
Jer	6	24	prose	p	
Jer	6	27	prose	p	
Jer	7	3	prose	p	
Jer	7	12	prose	p	
Jer	7	16	prose	p	
Jer	7	20	prose	p	
Jer	7	21	prose	p	
Jer	7	27	prose	p	
Jer	7	30	prose	p	
Jer	8	5	poetry	q1	
Jer	8	6	poetry	q1	
Jer	8	7	poetry	q1	
Jer	8	8	poetry	q1	
Jer	8	9	poetry	q1	
Jer	8	10	poetry	q1	
Jer	8	11	poetry	q1	
Jer	8	12	poetry	q1	
Jer	8	13	poetry	q1	
Jer	8	14	poetry	q1	
Jer	8	15	poetry	q1	
Jer	8	16	poetry	q1	
Jer	8	17	poetry	q1	
Jer	8	18	poetry	q1	
Jer	8	19	poetry	q1	
Jer	8	20	poetry	q1	
Jer	8	21	poetry	q1	
Jer	8	22	poetry	q1	
Jer	9	2	poetry	q1	
Jer	9	3	poetry	q1	
Jer	9	4	poetry	q1	
Jer	9	5	poetry	q1	
Jer	9	6	poetry	q1	
Jer	9	7	prose	p	
Jer	9	8	poetry	q1	
Jer	9	9	poetry	q1	
Jer	9	10	poetry	q1	
Jer	9	11	poetry	q1	
Jer	9	12	prose	p	
Jer	9	13	prose	p	
Jer	9	17	prose	p	
Jer	9	18	poetry	q1	
Jer	9	19	poetry	q1	
Jer	9	20	poetry	q1	
Jer	9	21	poetry	q1	
Jer	9	22	prose	p	
Jer	9	23	prose	p	
Jer	9	24	poetry	q1	
Jer	9	25	prose	p	
Jer	10	3	poetry	q1	
Jer	10	4	poetry	q1	
Jer	10	5	poetry	q1	
Jer	10	6	poetry	q1	
Jer	10	7	poetry	q1	
Jer	10	8	poetry	q1	
Jer	10	9	poetry	q1	
Jer	10	10	poetry	q1	
Jer	10	11	prose	p	
Jer	10	12	poetry	q1	
Jer	10	13	poetry	q1	
Jer	10	14	poetry	q1	
Jer	10	15	poetry	q1	
Jer	10	16	poetry	q1	
Jer	10	17	poetry	q1	
Jer	10	18	poetry	q1	
Jer	10	19	poetry	q1	
Jer	10	20	poetry	q1	
Jer	10	21	poetry	q1	
Jer	10	22	poetry	q1	
Jer	10	23	poetry	q1	
Jer	10	24	poetry	q1	
Jer	10	25	poetry	q1	
Jer	11	6	prose	p	
Jer	11	9	prose	p	
Jer	11	14	prose	p	
Jer	11	15	poetry	q1	
Jer	11	16	poetry	q1	
Jer	11	17	prose	m	
Jer	11	18	prose	p	
Jer	11	20	poetry	q1	
Jer	11	21	prose	p	
Jer	12	2	poetry	q1	
Jer	12	3	poetry	q1	
Jer	12	4	poetry	q1	
Jer	12	5	poetry	q1	
Jer	12	6	poetry	q1	
Jer	12	7	poetry	q1	
Jer	12	8	poetry	q1	
Jer	12	9	poetry	q1	
Jer	12	10	poetry	q1	
Jer	12	11	poetry	q1	
Jer	12	12	poetry	q1	
Jer	12	13	poetry	q1	
Jer	12	14	prose	p	
Jer	13	2	prose	p	
Jer	13	3	prose	p	
Jer	13	5	prose	p	
Jer	13	6	prose	p	
Jer	13	7	prose	p	
Jer	13	8	prose	p	
Jer	13	12	prose	p	
Jer	13	15	poetry	q1	
Jer	13	16	poetry	q1	
Jer	13	17	poetry	q1	
Jer	13	18	poetry	q1	
Jer	13	19	poetry	q1	
Jer	13	20	poetry	q1	
Jer	13	21	poetry	q1	
Jer	13	22	poetry	q1	
Jer	13	23	poetry	q1	
Jer	13	24	poetry	q1	
Jer	13	25	poetry	q1	
Jer	13	26	poetry	q1	
Jer	13	27	poetry	q1	
Jer	14	2	poetry	q1	
Jer	14	3	poetry	q1	
Jer	14	4	poetry	q1	
Jer	14	5	poetry	q1	
Jer	14	6	poetry	q1	
Jer	14	7	poetry	q1	
Jer	14	8	poetry	q1	
Jer	14	9	poetry	q1	
Jer	14	10	prose	p	
Jer	14	11	prose	p	
Jer	14	13	prose	p	
Jer	14	14	prose	p	
Jer	14	17	prose	p	
Jer	14	18	poetry	q1	
Jer	14	19	poetry	q1	
Jer	14	20	poetry	q1	
Jer	14	21	poetry	q1	
Jer	14	22	poetry	q1	
Jer	15	3	prose	p	
Jer	15	5	poetry	q1	
Jer	15	6	poetry	q1	
Jer	15	7	poetry	q1	
Jer	15	8	poetry	q1	
Jer	15	9	poetry	q1	
Jer	15	10	poetry	q1	
Jer	15	11	prose	p	
Jer	15	12	poetry	q1	
Jer	15	13	poetry	q1	
Jer	15	14	poetry	q1	
Jer	15	15	poetry	q1	
Jer	15	16	poetry	q1	
Jer	15	17	poetry	q1	
Jer	15	18	poetry	q1	
Jer	15	19	prose	p	
Jer	15	20	poetry	q1	
Jer	15	21	poetry	q1	
Jer	16	5	prose	p	
Jer	16	8	prose	p	
Jer	16	14	prose	p	
Jer	16	16	prose	p	
Jer	16	19	poetry	q1	
Jer	16	20	poetry	q1	
Jer	16	21	poetry	q1	
Jer	17	2	poetry	q1	
Jer	17	3	poetry	q1	
Jer	17	4	poetry	q1	
Jer	17	5	prose	p	
Jer	17	6	poetry	q1	
Jer	17	7	poetry	q1	
Jer	17	8	poetry	q1	
Jer	17	9	poetry	q1	
Jer	17	10	poetry	q1	
Jer	17	11	poetry	q1	
Jer	17	12	poetry	q1	
Jer	17	13	poetry	q1	
Jer	17	14	poetry	q1	
Jer	17	15	poetry	q1	
Jer	17	16	poetry	q1	
Jer	17	17	poetry	q1	
Jer	17	18	poetry	q1	
Jer	17	19	prose	p	
Jer	18	3	prose	p	
Jer	18	5	prose	p	
Jer	18	11	prose	p	
Jer	18	13	prose	p	
Jer	18	14	poetry	q1	
Jer	18	15	poetry	q1	
Jer	18	16	poetry	q1	
Jer	18	17	poetry	q1	
Jer	18	18	prose	p	
Jer	18	19	poetry	q1	
Jer	18	20	poetry	q1	
Jer	18	21	poetry	q1	
Jer	18	22	poetry	q1	
Jer	18	23	poetry	q1	
Jer	19	7	prose	p	
Jer	19	10	prose	p	
Jer	19	14	prose	p	
Jer	20	7	poetry	q1	
Jer	20	8	poetry	q1	
Jer	20	9	poetry	q1	
Jer	20	10	poetry	q1	
Jer	20	11	poetry	q1	
Jer	20	12	poetry	q1	
Jer	20	13	poetry	q1	
Jer	20	14	poetry	q1	
Jer	20	15	poetry	q1	
Jer	20	16	poetry	q1	
Jer	20	17	poetry	q1	
Jer	20	18	poetry	q1	
Jer	21	3	prose	p	
Jer	21	8	prose	p	
Jer	21	11	prose	p	
Jer	21	13	poetry	q1	
Jer	21	14	poetry	q1	
Jer	22	6	prose	p	
Jer	22	7	poetry	q1	
Jer	22	8	prose	p	
Jer	22	10	poetry	q1	
Jer	22	11	prose	m	
Jer	22	13	poetry	q1	
Jer	22	14	poetry	q1	
Jer	22	15	poetry	q1	
Jer	22	16	poetry	q1	
Jer	22	17	poetry	q1	
Jer	22	18	prose	m	
Jer	22	19	poetry	q1	
Jer	22	20	poetry	q1	
Jer	22	21	poetry	q1	
Jer	22	22	poetry	q1	
Jer	22	23	poetry	q1	
Jer	22	24	prose	p	
Jer	22	28	poetry	q1	
Jer	22	29	poetry	q1	
Jer	22	30	poetry	q1	
Jer	23	5	poetry	q1	
Jer	23	6	poetry	q1	
Jer	23	7	prose	m	
Jer	23	9	prose	p	
Jer	23	10	poetry	q1	
Jer	23	11	poetry	q1	
Jer	23	12	poetry	q1	
Jer	23	13	poetry	q1	
Jer	23	14	poetry	q1	
Jer	23	15	prose	p	
Jer	23	16	prose	p	
Jer	23	17	poetry	q1	
Jer	23	18	poetry	q1	
Jer	23	19	poetry	q1	
Jer	23	20	poetry	q1	
Jer	23	21	poetry	q1	
Jer	23	22	poetry	q1	
Jer	23	23	poetry	q1	
Jer	23	24	poetry	q1	
Jer	23	25	prose	p	
Jer	23	30	prose	p	
Jer	23	33	prose	p	
Jer	24	3	prose	p	
Jer	24	4	prose	p	
Jer	24	8	prose	p	
Jer	25	4	prose	p	
Jer	25	7	prose	p	
Jer	25	8	prose	p	
Jer	25	12	prose	p	
Jer	25	15	prose	p	
Jer	25	17	prose	p	
Jer	25	27	prose	p	
Jer	25	30	prose	p	
Jer	25	31	poetry	q1	
Jer	25	32	prose	p	
Jer	25	33	prose	m	
Jer	25	34	poetry	q1	
Jer	25	35	poetry	q1	
Jer	25	36	poetry	q1	
Jer	25	37	poetry	q1	
Jer	25	38	poetry	q1	
Jer	26	7	prose	p	
Jer	26	10	prose	p	
Jer	26	12	prose	p	
Jer	26	16	prose	p	
Jer	26	17	prose	p	
Jer	26	19	prose	m	
Jer	26	20	prose	p	
Jer	26	24	prose	p	
Jer	27	8	prose	p	
Jer	27	12	prose	p	
Jer	27	16	prose	p	
Jer	28	5	prose	p	
Jer	28	10	prose	p	
Jer	28	12	prose	p	
Jer	28	15	prose	p	
Jer	28	17	prose	p	
Jer	29	4	prose	pi1	
Jer	29	15	prose	pi1	
Jer	29	20	prose	pi1	
Jer	29	24	prose	p	
Jer	29	29	prose	p	
Jer	30	4	prose	p	
Jer	30	6	poetry	q1	
Jer	30	7	poetry	q1	
Jer	30	8	poetry	q1	
Jer	30	9	poetry	q1	
Jer	30	10	poetry	q1	
Jer	30	11	poetry	q1	
Jer	30	12	prose	p	
Jer	30	13	poetry	q1	
Jer	30	14	poetry	q1	
Jer	30	15	poetry	q1	
Jer	30	16	poetry	q1	
Jer	30	17	poetry	q1	
Jer	30	18	prose	p	
Jer	30	19	poetry	q1	
Jer	30	20	poetry	q1	
Jer	30	21	poetry	q1	
Jer	30	22	poetry	q1	
Jer	30	23	poetry	q1	
Jer	30	24	poetry	q1	
Jer	31	2	prose	p	
Jer	31	3	prose	p	
Jer	31	4	poetry	q1	
Jer	31	5	poetry	q1	
Jer	31	6	poetry	q1	
Jer	31	7	prose	p	
Jer	31	8	poetry	q1	
Jer	31	9	poetry	q1	
Jer	31	10	poetry	q1	
Jer	31	11	poetry	q1	
Jer	31	12	poetry	q1	
Jer	31	13	poetry	q1	
Jer	31	14	poetry	q1	
Jer	31	15	prose	p	
Jer	31	16	prose	p	
Jer	31	17	poetry	q1	
Jer	31	18	poetry	q1	
Jer	31	19	poetry	q1	
Jer	31	20	poetry	q1	
Jer	31	21	poetry	q1	
Jer	31	22	poetry	q1	
Jer	31	23	prose	p	
Jer	31	26	prose	p	
Jer	31	27	prose	p	
Jer	31	30	prose	m	
Jer	31	31	prose	p	
Jer	31	34	poetry	q1	
Jer	31	35	poetry	q1	
Jer	31	36	poetry	q1	
Jer	31	37	poetry	q1	
Jer	31	38	prose	p	
Jer	32	3	prose	p	
Jer	32	6	prose	p	
Jer	32	8	prose	p	
Jer	32	9	prose	p	
Jer	32	13	prose	p	
Jer	32	16	prose	p	
Jer	32	17	prose	mi	
Jer	32	24	prose	pi1	
Jer	32	26	prose	p	
Jer	32	30	prose	p	
Jer	32	36	prose	p	
Jer	32	42	prose	p	
Jer	33	10	prose	p	
Jer	33	12	prose	p	
Jer	33	14	prose	p	
Jer	33	15	poetry	q1	
Jer	33	16	poetry	q1	
Jer	33	17	prose	p	
Jer	33	19	prose	p	
Jer	33	23	prose	p	
Jer	34	4	prose	p	
Jer	34	6	prose	p	
Jer	34	8	prose	p	
Jer	34	12	prose	p	
Jer	34	17	prose	p	
Jer	34	21	prose	p	
Jer	35	3	prose	p	
Jer	35	6	prose	p	
Jer	35	12	prose	p	
Jer	35	17	prose	p	
Jer	35	18	prose	p	
Jer	36	4	prose	p	
Jer	36	8	prose	p	
Jer	36	11	prose	p	
Jer	36	15	prose	p	
Jer	36	16	prose	p	
Jer	36	18	prose	p	
Jer	36	19	prose	p	
Jer	36	20	prose	p	
Jer	36	27	prose	p	
Jer	36	32	prose	p	
Jer	37	3	prose	p	
Jer	37	4	prose	p	
Jer	37	6	prose	p	
Jer	37	9	prose	p	
Jer	37	11	prose	p	
Jer	37	14	prose	p	
Jer	37	15	prose	p	
Jer	37	16	prose	p	
Jer	37	18	prose	p	
Jer	37	21	prose	p	
Jer	38	4	prose	p	
Jer	38	5	prose	p	
Jer	38	6	prose	p	
Jer	38	7	prose	p	
Jer	38	10	prose	p	
Jer	38	11	prose	p	
Jer	38	13	prose	p	
Jer	38	14	prose	p	
Jer	38	15	prose	p	
Jer	38	16	prose	p	
Jer	38	17	prose	p	
Jer	38	19	prose	p	
Jer	38	20	prose	p	
Jer	38	23	prose	p	
Jer	38	24	prose	p	
Jer	38	27	prose	p	
Jer	38	28	prose	p	
Jer	39	5	prose	p	
Jer	39	8	prose	p	
Jer	39	11	prose	p	
Jer	39	13	prose	p	
Jer	39	15	prose	p	
Jer	40	6	prose	p	
Jer	40	7	prose	p	
Jer	40	11	prose	p	
Jer	40	13	prose	p	
Jer	40	15	prose	p	
Jer	40	16	prose	p	
Jer	41	4	prose	p	
Jer	41	9	prose	p	
Jer	41	10	prose	p	
Jer	41	11	prose	p	
Jer	41	16	prose	p	
Jer	42	4	prose	p	
Jer	42	5	prose	p	
Jer	42	7	prose	p	
Jer	42	13	prose	p	
Jer	42	19	prose	p	
Jer	43	4	prose	p	
Jer	43	8	prose	p	
Jer	44	7	prose	p	
Jer	44	11	prose	p	
Jer	44	15	prose	p	
Jer	44	19	prose	p	
Jer	44	20	prose	p	
Jer	44	24	prose	p	
Jer	44	26	prose	p	
Jer	44	29	prose	p	
Jer	45	4	prose	p	
Jer	46	2	prose	p	
Jer	46	3	poetry	q1	
Jer	46	4	poetry	q1	
Jer	46	5	poetry	q1	
Jer	46	6	poetry	q1	
Jer	46	7	poetry	q1	
Jer	46	8	poetry	q1	
Jer	46	9	poetry	q1	
Jer	46	10	poetry	q1	
Jer	46	11	poetry	q1	
Jer	46	12	poetry	q1	
Jer	46	13	prose	p	
Jer	46	14	poetry	q1	
Jer	46	15	poetry	q1	
Jer	46	16	poetry	q1	
Jer	46	17	poetry	q1	
Jer	46	18	poetry	q1	
Jer	46	19	poetry	q1	
Jer	46	20	poetry	q1	
Jer	46	21	poetry	q1	
Jer	46	22	poetry	q1	
Jer	46	23	poetry	q1	
Jer	46	24	poetry	q1	
Jer	46	25	prose	p	
Jer	46	27	poetry	q1	
Jer	46	28	poetry	q1	
Jer	47	2	prose	p	
Jer	47	3	poetry	q1	
Jer	47	4	poetry	q1	
Jer	47	5	poetry	q1	
Jer	47	6	poetry	q1	
Jer	47	7	poetry	q1	
Jer	48	2	poetry	q1	
Jer	48	3	poetry	q1	
Jer	48	4	poetry	q1	
Jer	48	5	poetry	q1	
Jer	48	6	poetry	q1	
Jer	48	7	poetry	q1	
Jer	48	8	poetry	q1	
Jer	48	9	poetry	q1	
Jer	48	10	poetry	q1	
Jer	48	11	poetry	q1	
Jer	48	12	poetry	q1	
Jer	48	13	poetry	q1	
Jer	48	14	poetry	q1	
Jer	48	15	poetry	q1	
Jer	48	16	poetry	q1	
Jer	48	17	poetry	q1	
Jer	48	18	poetry	q1	
Jer	48	19	poetry	q1	
Jer	48	20	poetry	q1	
Jer	48	21	poetry	q1	
Jer	48	22	poetry	q2	
Jer	48	23	poetry	q2	
Jer	48	24	poetry	q2	
Jer	48	25	poetry	q1	
Jer	48	26	poetry	q1	
Jer	48	27	poetry	q1	
Jer	48	28	poetry	q1	
Jer	48	29	poetry	q1	
Jer	48	30	poetry	q1	
Jer	48	31	poetry	q1	
Jer	48	32	poetry	q1	
Jer	48	33	poetry	q1	
Jer	48	34	poetry	q1	
Jer	48	35	poetry	q1	
Jer	48	36	poetry	q1	
Jer	48	37	poetry	q1	
Jer	48	38	poetry	q1	
Jer	48	39	poetry	q1	
Jer	48	40	poetry	q1	
Jer	48	41	poetry	q1	
Jer	48	42	poetry	q1	
Jer	48	43	poetry	q1	
Jer	48	44	poetry	q1	
Jer	48	45	poetry	q1	
Jer	48	46	poetry	q1	
Jer	48	47	poetry	q1	
Jer	49	2	poetry	q1	
Jer	49	3	poetry	q1	
Jer	49	4	poetry	q1	
Jer	49	5	poetry	q1	
Jer	49	6	poetry	q1	
Jer	49	7	prose	p	
Jer	49	8	poetry	q1	
Jer	49	9	poetry	q1	
Jer	49	10	poetry	q1	
Jer	49	11	poetry	q1	
Jer	49	12	prose	p	
Jer	49	14	poetry	q1	
Jer	49	15	poetry	q1	
Jer	49	16	poetry	q1	
Jer	49	17	poetry	q1	
Jer	49	18	poetry	q1	
Jer	49	19	poetry	q1	
Jer	49	20	poetry	q1	
Jer	49	21	poetry	q1	
Jer	49	22	poetry	q1	
Jer	49	23	prose	p	
Jer	49	24	poetry	q1	
Jer	49	25	poetry	q1	
Jer	49	26	poetry	q1	
Jer	49	27	poetry	q1	
Jer	49	28	poetry	q1	
Jer	49	29	poetry	q1	
Jer	49	30	poetry	q1	
Jer	49	31	poetry	q1	
Jer	49	32	poetry	q1	
Jer	49	33	poetry	q1	
Jer	49	34	prose	p	
Jer	49	36	poetry	q1	
Jer	49	37	poetry	q1	
Jer	49	38	poetry	q1	
Jer	49	39	poetry	q1	
Jer	50	2	poetry	q1	
Jer	50	3	poetry	q1	
Jer	50	4	poetry	q1	
Jer	50	5	poetry	q1	
Jer	50	6	poetry	q1	
Jer	50	7	poetry	q1	
Jer	50	8	poetry	q1	
Jer	50	9	poetry	q1	
Jer	50	10	poetry	q1	
Jer	50	11	poetry	q1	
Jer	50	12	poetry	q1	
Jer	50	13	poetry	q1	
Jer	50	14	poetry	q1	
Jer	50	15	poetry	q1	
Jer	50	16	poetry	q1	
Jer	50	17	poetry	q1	
Jer	50	18	prose	p	
Jer	50	19	poetry	q1	
Jer	50	20	poetry	q1	
Jer	50	21	poetry	q1	
Jer	50	22	poetry	q1	
Jer	50	23	poetry	q1	
Jer	50	24	poetry	q1	
Jer	50	25	poetry	q1	
Jer	50	26	poetry	q1	
Jer	50	27	poetry	q1	
Jer	50	28	poetry	q1	
Jer	50	29	poetry	q1	
Jer	50	30	poetry	q1	
Jer	50	31	poetry	q1	
Jer	50	32	poetry	q1	
Jer	50	33	poetry	q1	
Jer	50	34	poetry	q1	
Jer	50	35	poetry	q1	
Jer	50	36	poetry	q1	
Jer	50	37	poetry	q1	
Jer	50	38	poetry	q1	
Jer	50	39	poetry	q1	
Jer	50	40	poetry	q1	
Jer	50	41	poetry	q1	
Jer	50	42	poetry	q1	
Jer	50	43	poetry	q1	
Jer	50	44	poetry	q1	
Jer	50	45	poetry	q1	
Jer	50	46	poetry	q1	
Jer	51	2	poetry	q1	
Jer	51	3	poetry	q1	
Jer	51	4	poetry	q1	
Jer	51	5	poetry	q1	
Jer	51	6	poetry	q1	
Jer	51	7	poetry	q1	
Jer	51	8	poetry	q1	
Jer	51	9	poetry	q1	
Jer	51	10	poetry	q1	
Jer	51	11	poetry	q1	
Jer	51	12	poetry	q1	
Jer	51	13	poetry	q1	
Jer	51	14	poetry	q1	
Jer	51	15	poetry	q1	
Jer	51	16	poetry	q1	
Jer	51	17	poetry	q1	
Jer	51	18	poetry	q1	
Jer	51	19	poetry	q1	
Jer	51	20	poetry	q1	
Jer	51	21	poetry	q1	
Jer	51	22	poetry	q1	
Jer	51	23	poetry	q1	
Jer	51	24	prose	p	
Jer	51	25	poetry	q1	
Jer	51	26	poetry	q1	
Jer	51	27	poetry	q1	
Jer	51	28	poetry	q1	
Jer	51	29	poetry	q1	
Jer	51	30	poetry	q1	
Jer	51	31	poetry	q1	
Jer	51	32	poetry	q1	
Jer	51	33	prose	p	
Jer	51	34	poetry	q1	
Jer	51	35	poetry	q1	
Jer	51	36	prose	p	
Jer	51	37	poetry	q1	
Jer	51	38	poetry	q1	
Jer	51	39	poetry	q1	
Jer	51	40	poetry	q1	
Jer	51	41	poetry	q1	
Jer	51	42	poetry	q1	
Jer	51	43	poetry	q1	
Jer	51	44	poetry	q1	
Jer	51	45	poetry	q1	
Jer	51	46	poetry	q1	
Jer	51	47	poetry	q1	
Jer	51	48	poetry	q1	
Jer	51	49	poetry	q1	
Jer	51	50	poetry	q1	
Jer	51	51	poetry	q1	
Jer	51	52	poetry	q1	
Jer	51	53	poetry	q1	
Jer	51	54	poetry	q1	
Jer	51	55	poetry	q1	
Jer	51	56	poetry	q1	
Jer	51	57	poetry	q1	
Jer	51	58	prose	p	
Jer	51	59	prose	p	
Jer	52	4	prose	p	
Jer	52	6	prose	p	
Jer	52	12	prose	p	
Jer	52	17	prose	p	
Jer	52	20	prose	p	
Jer	52	24	prose	p	
Jer	52	28	prose	p	
Jer	52	29	prose	m	
Jer	52	30	prose	m	
Jer	52	31	prose	p	
Lam	1	2	poetry	q1	
Lam	1	3	poetry	q1	
Lam	1	4	poetry	q1	
Lam	1	5	poetry	q1	
Lam	1	6	poetry	q1	
Lam	1	7	poetry	q1	
Lam	1	8	poetry	q1	
Lam	1	9	poetry	q1	
Lam	1	10	poetry	q1	
Lam	1	11	poetry	q1	
Lam	1	12	poetry	q1	
Lam	1	13	poetry	q1	
Lam	1	14	poetry	q1	
Lam	1	15	poetry	q1	
Lam	1	16	poetry	q1	
Lam	1	17	poetry	q1	
Lam	1	18	poetry	q1	
Lam	1	19	poetry	q1	
Lam	1	20	poetry	q1	
Lam	1	21	poetry	q1	
Lam	1	22	poetry	q1	
Lam	2	2	poetry	q1	
Lam	2	3	poetry	q1	
Lam	2	4	poetry	q1	
Lam	2	5	poetry	q1	
Lam	2	6	poetry	q1	
Lam	2	7	poetry	q1	
Lam	2	8	poetry	q1	
Lam	2	9	poetry	q1	
Lam	2	10	poetry	q1	
Lam	2	11	poetry	q1	
Lam	2	12	poetry	q1	
Lam	2	13	poetry	q1	
Lam	2	14	poetry	q1	
Lam	2	15	poetry	q1	
Lam	2	16	poetry	q1	
Lam	2	17	poetry	q1	
Lam	2	18	poetry	q1	
Lam	2	19	poetry	q1	
Lam	2	20	poetry	q1	
Lam	2	21	poetry	q1	
Lam	2	22	poetry	q1	
Lam	3	2	poetry	q1	
Lam	3	3	poetry	q1	
Lam	3	4	poetry	q1	
Lam	3	5	poetry	q1	
Lam	3	6	poetry	q1	
Lam	3	7	poetry	q1	
Lam	3	8	poetry	q1	
Lam	3	9	poetry	q1	
Lam	3	10	poetry	q1	
Lam	3	11	poetry	q1	
Lam	3	12	poetry	q1	
Lam	3	13	poetry	q1	
Lam	3	14	poetry	q2	
Lam	3	15	poetry	q1	
Lam	3	16	poetry	q1	
Lam	3	17	poetry	q1	
Lam	3	18	poetry	q1	
Lam	3	19	poetry	q1	
Lam	3	20	poetry	q1	
Lam	3	21	poetry	q1	
Lam	3	22	poetry	q1	
Lam	3	23	poetry	q1	
Lam	3	24	poetry	q1	
Lam	3	25	poetry	q1	
Lam	3	26	poetry	q1	
Lam	3	27	poetry	q2	
Lam	3	28	poetry	q1	
Lam	3	29	poetry	q1	
Lam	3	30	poetry	q1	
Lam	3	31	poetry	q1	
Lam	3	32	poetry	q2	
Lam	3	33	poetry	q1	
Lam	3	34	poetry	q1	
Lam	3	35	poetry	q2	
Lam	3	36	poetry	q2	
Lam	3	37	poetry	q1	
Lam	3	38	poetry	q1	
Lam	3	39	poetry	q2	
Lam	3	40	poetry	q1	
Lam	3	41	poetry	q1	
Lam	3	42	poetry	q2	
Lam	3	43	poetry	q1	
Lam	3	44	poetry	q1	
Lam	3	45	poetry	q1	
Lam	3	46	poetry	q1	
Lam	3	47	poetry	q2	
Lam	3	48	poetry	q1	
Lam	3	49	poetry	q1	
Lam	3	50	poetry	q1	
Lam	3	51	poetry	q1	
Lam	3	52	poetry	q1	
Lam	3	53	poetry	q1	
Lam	3	54	poetry	q1	
Lam	3	55	poetry	q1	
Lam	3	56	poetry	q1	
Lam	3	57	poetry	q1	
Lam	3	58	poetry	q1	
Lam	3	59	poetry	q1	
Lam	3	60	poetry	q1	
Lam	3	61	poetry	q1	
Lam	3	62	poetry	q1	
Lam	3	63	poetry	q1	
Lam	3	64	poetry	q1	
Lam	3	65	poetry	q1	
Lam	3	66	poetry	q1	
Lam	4	2	poetry	q1	
Lam	4	3	poetry	q1	
Lam	4	4	poetry	q1	
Lam	4	5	poetry	q1	
Lam	4	6	poetry	q1	
Lam	4	7	poetry	q1	
Lam	4	8	poetry	q1	
Lam	4	9	poetry	q1	
Lam	4	10	poetry	q1	
Lam	4	11	poetry	q1	
Lam	4	12	poetry	q1	
Lam	4	13	poetry	q1	
Lam	4	14	poetry	q1	
Lam	4	15	poetry	q1	
Lam	4	16	poetry	q1	
Lam	4	17	poetry	q1	
Lam	4	18	poetry	q1	
Lam	4	19	poetry	q1	
Lam	4	20	poetry	q1	
Lam	4	21	poetry	q1	
Lam	4	22	poetry	q1	
Lam	5	2	poetry	q1	
Lam	5	3	poetry	q1	
Lam	5	4	poetry	q1	
Lam	5	5	poetry	q1	
Lam	5	6	poetry	q1	
Lam	5	7	poetry	q1	
Lam	5	8	poetry	q1	
Lam	5	9	poetry	q1	
Lam	5	10	poetry	q1	
Lam	5	11	poetry	q1	
Lam	5	12	poetry	q1	
Lam	5	13	poetry	q1	
Lam	5	14	poetry	q1	
Lam	5	15	poetry	q1	
Lam	5	16	poetry	q1	
Lam	5	17	poetry	q1	
Lam	5	18	poetry	q1	
Lam	5	19	poetry	q1	
Lam	5	20	poetry	q1	
Lam	5	21	poetry	q1	
Lam	5	22	poetry	q1	
Bar	1	10	prose	p	
Bar	1	15	prose	p	
Bar	2	11	prose	p	
Bar	2	19	prose	p	
Bar	2	27	prose	p	
Bar	3	9	prose	p	
Bar	3	20	prose	p	
Bar	3	24	prose	p	
Bar	4	5	prose	p	
Bar	4	17	prose	p	
Bar	4	21	prose	p	
Bar	4	27	prose	p	
Bar	4	36	prose	p	
Bar	5	5	prose	p	
Bar	6	2	prose	p	
Bar	6	40	prose	p	
Bar	6	53	prose	p	
Bar	6	60	prose	p	
Ezech	1	2	prose	p	
Ezech	1	4	prose	p	
Ezech	1	10	prose	p	
Ezech	1	15	prose	p	
Ezech	1	19	prose	p	
Ezech	1	22	prose	p	
Ezech	1	25	prose	p	
Ezech	2	3	prose	p	
Ezech	2	9	prose	p	
Ezech	3	2	prose	p	
Ezech	3	3	prose	p	
Ezech	3	4	prose	p	
Ezech	3	10	prose	p	
Ezech	3	12	prose	p	
Ezech	3	16	prose	p	
Ezech	3	20	prose	p	
Ezech	3	22	prose	p	
Ezech	3	23	prose	p	
Ezech	3	24	prose	p	
Ezech	4	4	prose	p	
Ezech	4	6	prose	p	
Ezech	4	9	prose	p	
Ezech	4	14	prose	p	
Ezech	4	15	prose	p	
Ezech	4	16	prose	p	
Ezech	5	5	prose	p	
Ezech	5	7	prose	p	
Ezech	5	13	prose	p	
Ezech	5	14	prose	p	
Ezech	6	8	prose	p	
Ezech	6	11	prose	p	
Ezech	7	5	prose	p	
Ezech	7	10	prose	p	
Ezech	7	15	prose	p	
Ezech	7	23	prose	p	
Ezech	8	5	prose	p	
Ezech	8	6	prose	p	
Ezech	8	7	prose	p	
Ezech	8	9	prose	p	
Ezech	8	10	prose	p	
Ezech	8	12	prose	p	
Ezech	8	14	prose	p	
Ezech	8	16	prose	p	
Ezech	8	17	prose	p	
Ezech	9	3	prose	p	
Ezech	9	5	prose	p	
Ezech	9	7	prose	p	
Ezech	9	8	prose	p	
Ezech	9	9	prose	p	
Ezech	9	11	prose	p	
Ezech	10	3	prose	p	
Ezech	10	6	prose	p	
Ezech	10	9	prose	p	
Ezech	10	15	prose	p	
Ezech	10	18	prose	p	
Ezech	10	20	prose	p	
Ezech	11	5	prose	p	
Ezech	11	7	prose	p	
Ezech	11	13	prose	p	
Ezech	11	14	prose	p	
Ezech	11	16	prose	p	
Ezech	11	17	prose	p	
Ezech	11	18	prose	p	
Ezech	11	22	prose	p	
Ezech	11	25	prose	p	
Ezech	12	3	prose	p	
Ezech	12	7	prose	p	
Ezech	12	8	prose	p	
Ezech	12	10	prose	p	
Ezech	12	11	prose	p	
Ezech	12	12	prose	p	
Ezech	12	15	prose	p	
Ezech	12	17	prose	p	
Ezech	12	21	prose	p	
Ezech	12	26	prose	p	
Ezech	12	28	prose	p	
Ezech	13	8	prose	p	
Ezech	13	10	prose	p	
Ezech	13	13	prose	p	
Ezech	13	17	prose	p	
Ezech	13	20	prose	p	
Ezech	14	6	prose	p	
Ezech	14	7	prose	p	
Ezech	14	9	prose	p	
Ezech	14	12	prose	p	
Ezech	14	15	prose	p	
Ezech	14	17	prose	p	
Ezech	14	19	prose	p	
Ezech	14	21	prose	p	
Ezech	15	6	prose	p	
Ezech	16	6	prose	p	
Ezech	16	8	prose	p	
Ezech	16	9	prose	p	
Ezech	16	15	prose	p	
Ezech	16	20	prose	p	
Ezech	16	23	prose	p	
Ezech	16	30	prose	p	
Ezech	16	32	prose	p	
Ezech	16	35	prose	p	
Ezech	16	43	prose	p	
Ezech	16	44	prose	p	
Ezech	16	49	prose	p	
Ezech	16	53	prose	p	
Ezech	16	59	prose	p	
Ezech	17	5	prose	p	
Ezech	17	7	prose	p	
Ezech	17	9	prose	p	
Ezech	17	11	prose	p	
Ezech	17	16	prose	p	
Ezech	17	19	prose	p	
Ezech	17	22	prose	p	
Ezech	18	3	prose	p	
Ezech	18	5	poetry	q1	
Ezech	18	6	poetry	q1	
Ezech	18	7	poetry	q1	
Ezech	18	8	poetry	q1	
Ezech	18	9	poetry	q1	
Ezech	18	10	prose	p	
Ezech	18	12	poetry	q1	
Ezech	18	13	poetry	q1	
Ezech	18	14	prose	p	
Ezech	18	15	poetry	q1	
Ezech	18	16	poetry	q1	
Ezech	18	17	poetry	q1	
Ezech	18	18	prose	m	
Ezech	18	19	prose	p	
Ezech	18	21	prose	p	
Ezech	18	24	prose	p	
Ezech	18	25	prose	p	
Ezech	18	30	prose	p	
Ezech	19	3	poetry	q1	
Ezech	19	4	poetry	q1	
Ezech	19	5	poetry	q1	
Ezech	19	6	poetry	q1	
Ezech	19	7	poetry	q1	
Ezech	19	8	poetry	q1	
Ezech	19	9	poetry	q1	
Ezech	19	10	poetry	q1	
Ezech	19	11	poetry	q1	
Ezech	19	12	poetry	q1	
Ezech	19	13	poetry	q1	
Ezech	19	14	poetry	q1	
Ezech	20	2	prose	p	
Ezech	20	4	prose	p	
Ezech	20	8	prose	p	
Ezech	20	13	prose	p	
Ezech	20	21	prose	p	
Ezech	20	27	prose	p	
Ezech	20	30	prose	p	
Ezech	20	32	prose	p	
Ezech	20	39	prose	p	
Ezech	20	45	prose	p	
Ezech	20	49	prose	p	
Ezech	21	6	prose	p	
Ezech	21	8	prose	p	
Ezech	21	10	poetry	q1	
Ezech	21	11	poetry	q1	
Ezech	21	12	poetry	q1	
Ezech	21	13	prose	p	
Ezech	21	14	poetry	q1	
Ezech	21	15	poetry	q1	
Ezech	21	16	poetry	q1	
Ezech	21	17	poetry	q1	
Ezech	21	18	prose	p	
Ezech	21	24	prose	p	
Ezech	21	25	prose	p	
Ezech	21	28	prose	p	
Ezech	21	29	poetry	q1	
Ezech	21	30	poetry	q1	
Ezech	21	31	poetry	q1	
Ezech	21	32	poetry	q1	
Ezech	22	6	prose	p	
Ezech	22	13	prose	p	
Ezech	22	17	prose	p	
Ezech	22	23	prose	p	
Ezech	22	30	prose	p	
Ezech	23	5	prose	p	
Ezech	23	9	prose	p	
Ezech	23	11	prose	p	
Ezech	23	14	prose	p	
Ezech	23	22	prose	p	
Ezech	23	28	prose	p	
Ezech	23	32	prose	p	
Ezech	23	33	poetry	q1	
Ezech	23	34	poetry	q1	
Ezech	23	35	prose	p	
Ezech	23	36	prose	p	
Ezech	23	40	prose	p	
Ezech	23	42	prose	p	
Ezech	23	46	prose	p	
Ezech	23	48	prose	p	
Ezech	24	4	poetry	q1	
Ezech	24	5	poetry	q1	
Ezech	24	6	prose	m	
Ezech	24	7	poetry	q1	
Ezech	24	8	poetry	q1	
Ezech	24	9	prose	m	
Ezech	24	10	poetry	q1	
Ezech	24	11	poetry	q1	
Ezech	24	12	poetry	q1	
Ezech	24	13	prose	p	
Ezech	24	14	prose	p	
Ezech	24	15	prose	p	
Ezech	24	18	prose	p	
Ezech	24	19	prose	p	
Ezech	24	20	prose	p	
Ezech	24	25	prose	p	
Ezech	25	8	prose	p	
Ezech	25	12	prose	p	
Ezech	25	15	prose	p	
Ezech	26	7	prose	p	
Ezech	26	15	prose	p	
Ezech	26	18	poetry	q1	
Ezech	26	19	prose	p	
Ezech	27	4	poetry	q1	
Ezech	27	5	poetry	q1	
Ezech	27	6	poetry	q1	
Ezech	27	7	poetry	q1	
Ezech	27	8	poetry	q1	
Ezech	27	9	poetry	q1	
Ezech	27	10	poetry	q1	
Ezech	27	11	poetry	q1	
Ezech	27	12	prose	p	
Ezech	27	13	prose	p	
Ezech	27	14	prose	p	
Ezech	27	15	prose	p	
Ezech	27	16	prose	p	
Ezech	27	17	prose	p	
Ezech	27	18	prose	p	
Ezech	27	19	prose	p	
Ezech	27	20	prose	p	
Ezech	27	21	prose	p	
Ezech	27	22	prose	p	
Ezech	27	23	prose	p	
Ezech	27	25	poetry	q1	
Ezech	27	26	poetry	q1	
Ezech	27	27	poetry	q1	
Ezech	27	28	poetry	q1	
Ezech	27	29	poetry	q1	
Ezech	27	30	poetry	q2	
Ezech	27	31	poetry	q1	
Ezech	27	32	poetry	q1	
Ezech	27	33	poetry	q1	
Ezech	27	34	poetry	q1	
Ezech	27	35	poetry	q1	
Ezech	27	36	poetry	q1	
Ezech	28	3	poetry	q1	
Ezech	28	4	poetry	q1	
Ezech	28	5	poetry	q1	
Ezech	28	6	prose	p	
Ezech	28	7	poetry	q2	
Ezech	28	8	poetry	q1	
Ezech	28	9	poetry	q1	
Ezech	28	10	poetry	q1	
Ezech	28	11	prose	p	
Ezech	28	13	poetry	q1	
Ezech	28	14	poetry	q1	
Ezech	28	15	poetry	q1	
Ezech	28	16	poetry	q1	
Ezech	28	17	poetry	q1	
Ezech	28	18	poetry	q1	
Ezech	28	19	poetry	q1	
Ezech	28	20	prose	p	
Ezech	28	23	poetry	q1	
Ezech	28	24	prose	p	
Ezech	28	25	prose	p	
Ezech	29	4	poetry	q1	
Ezech	29	5	poetry	q1	
Ezech	29	6	prose	p	
Ezech	29	8	prose	p	
Ezech	29	10	prose	p	
Ezech	29	13	prose	p	
Ezech	29	17	prose	p	
Ezech	29	21	prose	p	
Ezech	30	3	poetry	q2	
Ezech	30	4	poetry	q1	
Ezech	30	5	prose	p	
Ezech	30	6	prose	p	
Ezech	30	7	poetry	q1	
Ezech	30	8	poetry	q1	
Ezech	30	9	prose	p	
Ezech	30	10	prose	p	
Ezech	30	11	poetry	q1	
Ezech	30	12	poetry	q1	
Ezech	30	13	prose	p	
Ezech	30	14	poetry	q1	
Ezech	30	15	poetry	q1	
Ezech	30	16	poetry	q1	
Ezech	30	17	poetry	q1	
Ezech	30	18	poetry	q1	
Ezech	30	19	poetry	q1	
Ezech	30	20	prose	p	
Ezech	31	3	poetry	q1	
Ezech	31	4	poetry	q1	
Ezech	31	5	poetry	q1	
Ezech	31	6	poetry	q1	
Ezech	31	7	poetry	q1	
Ezech	31	8	poetry	q1	
Ezech	31	9	poetry	q1	
Ezech	31	10	prose	p	
Ezech	31	15	prose	p	
Ezech	31	18	prose	p	
Ezech	32	3	poetry	q1	
Ezech	32	4	poetry	q1	
Ezech	32	5	poetry	q1	
Ezech	32	6	poetry	q1	
Ezech	32	7	poetry	q1	
Ezech	32	8	poetry	q1	
Ezech	32	9	poetry	q1	
Ezech	32	10	poetry	q1	
Ezech	32	11	poetry	q1	
Ezech	32	12	poetry	q1	
Ezech	32	13	poetry	q1	
Ezech	32	14	poetry	q1	
Ezech	32	15	poetry	q1	
Ezech	32	16	prose	p	
Ezech	32	17	prose	p	
Ezech	32	22	prose	p	
Ezech	32	24	prose	p	
Ezech	32	26	prose	p	
Ezech	32	28	prose	p	
Ezech	32	29	prose	p	
Ezech	32	30	prose	p	
Ezech	32	31	prose	p	
Ezech	33	7	prose	p	
Ezech	33	10	prose	p	
Ezech	33	12	prose	p	
Ezech	33	17	prose	p	
Ezech	33	21	prose	p	
Ezech	33	23	prose	p	
Ezech	33	27	prose	p	
Ezech	33	30	prose	p	
Ezech	33	33	prose	p	
Ezech	34	7	prose	p	
Ezech	34	11	prose	p	
Ezech	34	17	prose	p	
Ezech	34	20	prose	p	
Ezech	34	25	prose	p	
Ezech	35	5	prose	p	
Ezech	35	10	prose	p	
Ezech	36	8	prose	p	
Ezech	36	13	prose	p	
Ezech	36	16	prose	p	
Ezech	36	22	prose	p	
Ezech	36	24	prose	p	
Ezech	36	31	prose	p	
Ezech	36	33	prose	p	
Ezech	36	37	prose	p	
Ezech	37	4	prose	p	
Ezech	37	7	prose	p	
Ezech	37	9	prose	p	
Ezech	37	10	prose	p	
Ezech	37	11	prose	p	
Ezech	37	15	prose	p	
Ezech	37	18	prose	p	
Ezech	37	24	prose	p	
Ezech	38	7	prose	p	
Ezech	38	10	prose	p	
Ezech	38	14	prose	p	
Ezech	38	17	prose	p	
Ezech	39	7	prose	p	
Ezech	39	9	prose	p	
Ezech	39	11	prose	p	
Ezech	39	12	prose	p	
Ezech	39	14	prose	p	
Ezech	39	17	prose	p	
Ezech	39	21	prose	p	
Ezech	39	25	prose	p	
Ezech	40	5	prose	p	
Ezech	40	6	prose	p	
Ezech	40	8	prose	p	
Ezech	40	10	prose	p	
Ezech	40	17	prose	p	
Ezech	40	20	prose	p	
Ezech	40	24	prose	p	
Ezech	40	28	prose	p	
Ezech	40	32	prose	p	
Ezech	40	35	prose	p	
Ezech	40	38	prose	p	
Ezech	40	44	prose	p	
Ezech	40	48	prose	p	
Ezech	41	3	prose	p	
Ezech	41	5	prose	p	
Ezech	41	8	prose	p	
Ezech	41	12	prose	p	
Ezech	41	13	prose	p	
Ezech	41	15	prose	p	
Ezech	41	21	prose	p	
Ezech	42	10	prose	p	
Ezech	42	13	prose	p	
Ezech	42	15	prose	p	
Ezech	43	6	prose	p	
Ezech	43	10	prose	p	
Ezech	43	12	prose	p	
Ezech	43	13	prose	p	
Ezech	43	18	prose	p	
Ezech	43	22	prose	p	
Ezech	43	25	prose	p	
Ezech	44	4	prose	p	
Ezech	44	5	prose	p	
Ezech	44	10	prose	p	
Ezech	44	15	prose	p	
Ezech	44	17	prose	p	
Ezech	44	20	prose	p	
Ezech	44	24	prose	p	
Ezech	44	25	prose	p	
Ezech	44	28	prose	p	
Ezech	45	6	prose	p	
Ezech	45	7	prose	p	
Ezech	45	9	prose	p	
Ezech	45	13	prose	p	
Ezech	45	18	prose	p	
Ezech	45	21	prose	p	
Ezech	45	25	prose	p	
Ezech	46	9	prose	p	
Ezech	46	11	prose	p	
Ezech	46	13	prose	p	
Ezech	46	16	prose	p	
Ezech	46	19	prose	p	
Ezech	46	21	prose	p	
Ezech	47	3	prose	p	
Ezech	47	6	prose	p	
Ezech	47	7	prose	p	
Ezech	47	13	prose	p	
Ezech	47	15	prose	p	
Ezech	47	16	prose	p	
Ezech	47	18	prose	p	
Ezech	47	19	prose	p	
Ezech	47	20	prose	p	
Ezech	47	21	prose	p	
Ezech	48	2	prose	p	
Ezech	48	3	prose	p	
Ezech	48	4	prose	p	
Ezech	48	5	prose	p	
Ezech	48	6	prose	p	
Ezech	48	7	prose	p	
Ezech	48	8	prose	p	
Ezech	48	9	prose	p	
Ezech	48	13	prose	p	
Ezech	48	15	prose	p	
Ezech	48	21	prose	p	
Ezech	48	23	prose	p	
Ezech	48	24	prose	p	
Ezech	48	25	prose	p	
Ezech	48	26	prose	p	
Ezech	48	27	prose	p	
Ezech	48	28	prose	p	
Ezech	48	29	prose	p	
Ezech	48	30	prose	p	
Ezech	48	32	prose	p	
Ezech	48	33	prose	p	
Ezech	48	34	prose	p	
Ezech	48	35	prose	p	
Dan	1	3	prose	p	
Dan	1	6	prose	p	
Dan	1	8	prose	p	
Dan	1	11	prose	p	
Dan	1	15	prose	p	
Dan	1	17	prose	p	
Dan	1	18	prose	p	
Dan	1	21	prose	p	
Dan	2	4	prose	p	
Dan	2	5	prose	p	
Dan	2	7	prose	p	
Dan	2	8	prose	p	
Dan	2	10	prose	p	
Dan	2	12	prose	p	
Dan	2	14	prose	p	
Dan	2	17	prose	p	
Dan	2	21	poetry	q1	
Dan	2	22	poetry	q1	
Dan	2	23	poetry	q1	
Dan	2	24	prose	p	
Dan	2	25	prose	p	
Dan	2	26	prose	p	
Dan	2	27	prose	p	
Dan	2	29	prose	p	
Dan	2	31	prose	p	
Dan	2	36	prose	p	
Dan	2	39	prose	p	
Dan	2	44	prose	p	
Dan	2	46	prose	p	
Dan	2	48	prose	p	
Dan	3	4	prose	p	
Dan	3	7	prose	p	
Dan	3	8	prose	p	
Dan	3	13	prose	p	
Dan	3	16	prose	p	
Dan	3	19	prose	p	
Dan	3	24	prose	p	
Dan	3	46	prose	p	
Dan	3	51	prose	p	
Dan	3	58	prose	p	
Dan	3	91	prose	p	
Dan	3	92	prose	p	
Dan	3	93	prose	p	
Dan	3	94	prose	p	
Dan	3	95	prose	p	
Dan	3	97	prose	p	
Dan	4	2	prose	pi1	
Dan	4	3	poetry	q2	
Dan	4	4	prose	pi1	
Dan	4	9	prose	pi1	
Dan	4	13	prose	pi1	
Dan	4	17	prose	pi1	
Dan	4	18	prose	pi1	
Dan	4	19	prose	pi1	
Dan	4	20	prose	pi1	
Dan	4	23	prose	pi1	
Dan	4	24	prose	pi1	
Dan	4	28	prose	pi1	
Dan	4	31	prose	pi1	
Dan	4	33	prose	pi1	
Dan	4	34	prose	pi1	
Dan	4	35	poetry	q2	
Dan	4	36	prose	pi1	
Dan	5	5	prose	p	
Dan	5	7	prose	p	
Dan	5	8	prose	p	
Dan	5	10	prose	p	
Dan	5	13	prose	p	
Dan	5	17	prose	p	
Dan	5	18	prose	p	
Dan	5	22	prose	p	
Dan	5	25	prose	p	
Dan	5	26	prose	p	
Dan	5	27	prose	m	
Dan	5	28	prose	m	
Dan	5	29	prose	p	
Dan	5	30	prose	p	
Dan	6	4	prose	p	
Dan	6	6	prose	p	
Dan	6	10	prose	p	
Dan	6	13	prose	p	
Dan	6	15	prose	p	
Dan	6	16	prose	p	
Dan	6	17	prose	p	
Dan	6	19	prose	p	
Dan	6	21	prose	p	
Dan	6	23	prose	p	
Dan	6	24	prose	p	
Dan	6	25	prose	p	
Dan	6	26	prose	pi1	
Dan	6	27	poetry	q1	
Dan	6	28	prose	p	
Dan	7	2	prose	p	
Dan	7	4	prose	p	
Dan	7	5	prose	p	
Dan	7	6	prose	p	
Dan	7	7	prose	p	
Dan	7	8	prose	p	
Dan	7	9	poetry	q1	
Dan	7	10	poetry	q1	
Dan	7	11	prose	p	
Dan	7	13	prose	p	
Dan	7	15	prose	p	
Dan	7	17	prose	p	
Dan	7	19	prose	p	
Dan	7	23	prose	p	
Dan	7	26	prose	p	
Dan	7	28	prose	p	
Dan	8	5	prose	p	
Dan	8	9	prose	p	
Dan	8	13	prose	p	
Dan	8	14	prose	p	
Dan	8	15	prose	p	
Dan	8	17	prose	p	
Dan	8	18	prose	p	
Dan	8	19	prose	p	
Dan	8	23	prose	p	
Dan	8	26	prose	p	
Dan	8	27	prose	p	
Dan	9	4	prose	p	
Dan	9	5	prose	pi1	
Dan	9	7	prose	pi1	
Dan	9	12	prose	pi1	
Dan	9	15	prose	pi1	
Dan	9	17	prose	pi1	
Dan	9	20	prose	p	
Dan	9	24	prose	p	
Dan	9	25	prose	p	
Dan	10	2	prose	p	
Dan	10	4	prose	p	
Dan	10	7	prose	p	
Dan	10	10	prose	p	
Dan	10	12	prose	p	
Dan	10	15	prose	p	
Dan	10	18	prose	p	
Dan	10	20	prose	p	
Dan	11	2	prose	p	
Dan	11	5	prose	p	
Dan	11	7	prose	p	
Dan	11	11	prose	p	
Dan	11	14	prose	p	
Dan	11	20	prose	p	
Dan	11	21	prose	p	
Dan	11	25	prose	p	
Dan	11	29	prose	p	
Dan	11	31	prose	p	
Dan	11	33	prose	p	
Dan	11	36	prose	p	
Dan	11	40	prose	p	
Dan	12	5	prose	p	
Dan	12	7	prose	p	
Dan	12	8	prose	p	
Dan	12	9	prose	p	
Dan	12	11	prose	p	
Dan	12	13	prose	p	
Dan	13	7	prose	p	
Dan	13	15	prose	p	
Dan	13	19	prose	p	
Dan	13	22	prose	p	
Dan	13	26	prose	p	
Dan	13	28	prose	p	
Dan	13	36	prose	p	
Dan	13	41	prose	p	
Dan	13	42	prose	p	
Dan	13	44	prose	p	
Dan	13	47	prose	p	
Dan	13	48	prose	p	
Dan	13	50	prose	p	
Dan	13	51	prose	p	
Dan	13	55	prose	p	
Dan	13	59	prose	p	
Dan	13	60	prose	p	
Dan	14	3	prose	p	
Dan	14	5	prose	p	
Dan	14	6	prose	p	
Dan	14	7	prose	p	
Dan	14	8	prose	p	
Dan	14	10	prose	p	
Dan	14	13	prose	p	
Dan	14	15	prose	p	
Dan	14	18	prose	p	
Dan	14	19	prose	p	
Dan	14	20	prose	p	
Dan	14	23	prose	p	
Dan	14	25	prose	p	
Dan	14	27	prose	p	
Dan	14	28	prose	p	
Dan	14	30	prose	p	
Dan	14	33	prose	p	
Dan	14	35	prose	p	
Dan	14	36	prose	p	
Dan	14	37	prose	p	
Dan	14	38	prose	p	
Os	1	2	prose	p	
Os	1	3	prose	p	
Os	1	4	prose	p	
Os	1	6	prose	p	
Os	1	7	prose	p	
Os	1	8	prose	p	
Os	1	9	prose	p	
Os	2	2	poetry	q1	
Os	2	3	poetry	q1	
Os	2	4	poetry	q1	
Os	2	5	poetry	q1	
Os	2	6	poetry	q1	
Os	2	7	poetry	q1	
Os	2	8	poetry	q1	
Os	2	9	poetry	q1	
Os	2	10	poetry	q1	
Os	2	11	poetry	q1	
Os	2	12	poetry	q1	
Os	2	13	poetry	q1	
Os	2	14	poetry	q1	
Os	2	15	poetry	q1	
Os	2	16	poetry	q1	
Os	2	17	poetry	q1	
Os	2	18	poetry	q1	
Os	2	19	poetry	q1	
Os	2	20	poetry	q1	
Os	2	21	poetry	q1	
Os	2	22	poetry	q2	
Os	2	23	poetry	q1	
Os	3	2	prose	p	
Os	3	4	prose	p	
Os	4	2	poetry	q1	
Os	4	3	poetry	q1	
Os	4	4	poetry	q1	
Os	4	5	poetry	q1	
Os	4	6	poetry	q1	
Os	4	7	poetry	q1	
Os	4	8	poetry	q1	
Os	4	9	poetry	q1	
Os	4	10	poetry	q1	
Os	4	11	poetry	q1	
Os	4	12	poetry	q2	
Os	4	13	poetry	q1	
Os	4	14	poetry	q1	
Os	4	15	poetry	q1	
Os	4	16	poetry	q1	
Os	4	17	poetry	q1	
Os	4	18	poetry	q1	
Os	4	19	poetry	q1	
Os	5	2	poetry	q1	
Os	5	3	poetry	q1	
Os	5	4	poetry	q1	
Os	5	5	poetry	q1	
Os	5	6	poetry	q1	
Os	5	7	poetry	q1	
Os	5	8	poetry	q1	
Os	5	9	poetry	q1	
Os	5	10	poetry	q1	
Os	5	11	poetry	q1	
Os	5	12	poetry	q1	
Os	5	13	poetry	q1	
Os	5	14	poetry	q1	
Os	5	15	poetry	q1	
Os	6	2	poetry	q1	
Os	6	3	poetry	q1	
Os	6	4	poetry	q1	
Os	6	5	poetry	q1	
Os	6	6	poetry	q1	
Os	6	7	poetry	q1	
Os	6	8	poetry	q1	
Os	6	9	poetry	q1	
Os	6	10	poetry	q1	
Os	6	11	poetry	q1	
Os	7	2	poetry	q1	
Os	7	3	poetry	q1	
Os	7	4	poetry	q1	
Os	7	5	poetry	q1	
Os	7	6	poetry	q1	
Os	7	7	poetry	q1	
Os	7	8	poetry	q1	
Os	7	9	poetry	q1	
Os	7	10	poetry	q1	
Os	7	11	poetry	q1	
Os	7	12	poetry	q1	
Os	7	13	poetry	q1	
Os	7	14	poetry	q1	
Os	7	15	poetry	q1	
Os	7	16	poetry	q1	
Os	8	2	poetry	q1	
Os	8	3	poetry	q2	
Os	8	4	poetry	q1	
Os	8	5	poetry	q1	
Os	8	6	poetry	q1	
Os	8	7	poetry	q1	
Os	8	8	poetry	q1	
Os	8	9	poetry	q1	
Os	8	10	poetry	q1	
Os	8	11	poetry	q1	
Os	8	12	poetry	q1	
Os	8	13	poetry	q1	
Os	8	14	poetry	q1	
Os	9	2	poetry	q1	
Os	9	3	poetry	q1	
Os	9	4	poetry	q1	
Os	9	5	poetry	q1	
Os	9	6	poetry	q1	
Os	9	7	poetry	q1	
Os	9	8	poetry	q1	
Os	9	9	poetry	q1	
Os	9	10	poetry	q1	
Os	9	11	poetry	q1	
Os	9	12	poetry	q1	
Os	9	13	poetry	q1	
Os	9	14	poetry	q1	
Os	9	15	poetry	q1	
Os	9	16	poetry	q1	
Os	9	17	poetry	q1	
Os	10	2	poetry	q1	
Os	10	3	poetry	q1	
Os	10	4	poetry	q1	
Os	10	5	poetry	q1	
Os	10	6	poetry	q1	
Os	10	7	poetry	q1	
Os	10	8	poetry	q1	
Os	10	9	poetry	q1	
Os	10	10	poetry	q1	
Os	10	11	poetry	q1	
Os	10	12	poetry	q1	
Os	10	13	poetry	q1	
Os	10	14	poetry	q1	
Os	10	15	poetry	q1	
Os	11	2	poetry	q1	
Os	11	3	poetry	q1	
Os	11	4	poetry	q1	
Os	11	5	poetry	q1	
Os	11	6	poetry	q1	
Os	11	7	poetry	q1	
Os	11	8	poetry	q1	
Os	11	9	poetry	q1	
Os	11	10	poetry	q1	
Os	11	11	poetry	q1	
Os	11	12	poetry	q1	
Os	12	2	poetry	q1	
Os	12	3	poetry	q1	
Os	12	4	poetry	q1	
Os	12	5	poetry	q2	
Os	12	6	poetry	q1	
Os	12	7	poetry	q1	
Os	12	8	poetry	q1	
Os	12	9	poetry	q1	
Os	12	10	poetry	q1	
Os	12	11	poetry	q1	
Os	12	12	poetry	q1	
Os	12	13	poetry	q1	
Os	12	14	poetry	q1	
Os	13	2	poetry	q1	
Os	13	3	poetry	q1	
Os	13	4	poetry	q1	
Os	13	5	poetry	q1	
Os	13	6	poetry	q1	
Os	13	7	poetry	q1	
Os	13	8	poetry	q1	
Os	13	9	poetry	q1	
Os	13	10	poetry	q1	
Os	13	11	poetry	q1	
Os	13	12	poetry	q1	
Os	13	13	poetry	q1	
Os	13	14	poetry	q1	
Os	13	15	poetry	q2	
Os	13	16	poetry	q1	
Os	14	2	poetry	q1	
Os	14	3	poetry	q1	
Os	14	4	poetry	q1	
Os	14	5	poetry	q1	
Os	14	6	poetry	q1	
Os	14	7	poetry	q1	
Os	14	8	poetry	q1	
Os	14	9	poetry	q1	
Joel	1	2	poetry	q1	
Joel	1	3	poetry	q1	
Joel	1	4	poetry	q1	
Joel	1	5	poetry	q1	
Joel	1	6	poetry	q1	
Joel	1	7	poetry	q1	
Joel	1	8	poetry	q1	
Joel	1	9	poetry	q1	
Joel	1	10	poetry	q1	
Joel	1	11	poetry	q1	
Joel	1	12	poetry	q1	
Joel	1	13	poetry	q1	
Joel	1	14	poetry	q1	
Joel	1	15	poetry	q1	
Joel	1	16	poetry	q1	
Joel	1	17	poetry	q1	
Joel	1	18	poetry	q1	
Joel	1	19	poetry	q1	
Joel	1	20	poetry	q1	
Joel	2	2	poetry	q1	
Joel	2	3	poetry	q1	
Joel	2	4	poetry	q1	
Joel	2	5	poetry	q1	
Joel	2	6	poetry	q1	
Joel	2	7	poetry	q1	
Joel	2	8	poetry	q1	
Joel	2	9	poetry	q1	
Joel	2	10	poetry	q1	
Joel	2	11	poetry	q1	
Joel	2	12	poetry	q1	
Joel	2	13	poetry	q1	
Joel	2	14	poetry	q1	
Joel	2	15	poetry	q1	
Joel	2	16	poetry	q1	
Joel	2	17	poetry	q1	
Joel	2	18	poetry	q1	
Joel	2	19	poetry	q1	
Joel	2	20	poetry	q1	
Joel	2	21	poetry	q1	
Joel	2	22	poetry	q1	
Joel	2	23	poetry	q1	
Joel	2	24	poetry	q1	
Joel	2	25	poetry	q1	
Joel	2	26	poetry	q1	
Joel	2	27	poetry	q1	
Joel	2	28	poetry	q1	
Joel	2	29	poetry	q1	
Joel	2	30	poetry	q1	
Joel	2	31	poetry	q1	
Joel	2	32	poetry	q1	
Joel	3	2	poetry	q1	
Joel	3	3	poetry	q2	
Joel	3	4	poetry	q1	
Joel	3	5	poetry	q1	
Joel	3	6	poetry	q2	
Joel	3	7	poetry	q1	
Joel	3	8	poetry	q1	
Joel	3	9	poetry	q1	
Joel	3	10	poetry	q2	
Joel	3	11	poetry	q1	
Joel	3	12	poetry	q1	
Joel	3	13	poetry	q1	
Joel	3	14	poetry	q1	
Joel	3	15	poetry	q1	
Joel	3	16	poetry	q1	
Joel	3	17	poetry	q1	
Joel	3	18	poetry	q1	
Joel	3	19	poetry	q1	
Joel	3	20	poetry	q1	
Joel	3	21	poetry	q1	
Amos	1	3	prose	p	
Amos	1	4	poetry	q1	
Amos	1	5	poetry	q1	
Amos	1	6	prose	p	
Amos	1	7	poetry	q1	
Amos	1	8	poetry	q1	
Amos	1	9	prose	p	
Amos	1	10	poetry	q1	
Amos	1	11	prose	p	
Amos	1	12	poetry	q1	
Amos	1	13	prose	p	
Amos	1	14	poetry	q1	
Amos	1	15	poetry	q1	
Amos	2	2	poetry	q1	
Amos	2	3	poetry	q1	
Amos	2	4	prose	p	
Amos	2	5	poetry	q1	
Amos	2	6	prose	p	
Amos	2	7	poetry	q2	
Amos	2	8	poetry	q2	
Amos	2	9	poetry	q1	
Amos	2	10	poetry	q1	
Amos	2	11	poetry	q1	
Amos	2	12	poetry	q1	
Amos	2	13	poetry	q1	
Amos	2	14	poetry	q1	
Amos	2	15	poetry	q1	
Amos	2	16	poetry	q1	
Amos	3	2	poetry	q1	
Amos	3	3	poetry	q1	
Amos	3	4	poetry	q1	
Amos	3	5	poetry	q1	
Amos	3	6	poetry	q1	
Amos	3	7	poetry	q1	
Amos	3	8	poetry	q1	
Amos	3	9	poetry	q1	
Amos	3	10	poetry	q1	
Amos	3	11	prose	p	
Amos	3	12	prose	p	
Amos	3	13	prose	p	
Amos	3	14	poetry	q1	
Amos	3	15	poetry	q1	
Amos	4	2	poetry	q1	
Amos	4	3	poetry	q1	
Amos	4	4	poetry	q1	
Amos	4	5	poetry	q2	
Amos	4	6	poetry	q1	
Amos	4	7	poetry	q1	
Amos	4	8	poetry	q1	
Amos	4	9	poetry	q1	
Amos	4	10	poetry	q1	
Amos	4	11	poetry	q1	
Amos	4	12	poetry	q1	
Amos	4	13	poetry	q1	
Amos	5	2	poetry	q1	
Amos	5	3	prose	p	
Amos	5	4	prose	p	
Amos	5	5	poetry	q1	
Amos	5	6	poetry	q1	
Amos	5	7	poetry	q1	
Amos	5	8	poetry	q1	
Amos	5	9	poetry	q1	
Amos	5	10	poetry	q1	
Amos	5	11	poetry	q1	
Amos	5	12	poetry	q1	
Amos	5	13	poetry	q1	
Amos	5	14	poetry	q1	
Amos	5	15	poetry	q1	
Amos	5	16	prose	p	
Amos	5	17	poetry	q1	
Amos	5	18	poetry	q1	
Amos	5	19	poetry	q1	
Amos	5	20	poetry	q1	
Amos	5	21	poetry	q1	
Amos	5	22	poetry	q1	
Amos	5	23	poetry	q1	
Amos	5	24	poetry	q1	
Amos	5	25	prose	p	
Amos	6	2	poetry	q1	
Amos	6	3	poetry	q1	
Amos	6	4	poetry	q2	
Amos	6	5	poetry	q2	
Amos	6	6	poetry	q2	
Amos	6	7	poetry	q1	
Amos	6	8	poetry	q1	
Amos	6	9	poetry	q1	
Amos	6	10	prose	p	
Amos	6	11	poetry	q1	
Amos	6	12	poetry	q1	
Amos	6	13	poetry	q1	
Amos	6	14	poetry	q1	
Amos	7	3	prose	p	
Amos	7	4	prose	p	
Amos	7	6	prose	p	
Amos	7	7	prose	p	
Amos	7	9	prose	p	
Amos	7	10	prose	p	
Amos	7	12	prose	p	
Amos	7	14	prose	p	
Amos	8	2	prose	p	
Amos	8	3	poetry	q1	
Amos	8	4	poetry	q1	
Amos	8	5	poetry	q2	
Amos	8	6	poetry	q1	
Amos	8	7	poetry	q1	
Amos	8	8	poetry	q1	
Amos	8	9	poetry	q1	
Amos	8	10	poetry	q1	
Amos	8	11	poetry	q1	
Amos	8	12	poetry	q1	
Amos	8	13	poetry	q1	
Amos	8	14	poetry	q1	
Amos	9	13	poetry	q1	
Amos	9	14	poetry	q1	
Amos	9	15	poetry	q1	
Abd	1	8	prose	p	
Abd	1	19	prose	p	
Jon	1	3	prose	p	
Jon	1	4	prose	p	
Jon	1	7	prose	p	
Jon	1	9	prose	p	
Jon	1	10	prose	p	
Jon	1	12	prose	p	
Jon	1	13	prose	p	
Jon	1	17	prose	p	
Jon	2	3	poetry	q1	
Jon	2	4	poetry	q1	
Jon	2	5	poetry	q1	
Jon	2	6	poetry	q1	
Jon	2	7	poetry	q1	
Jon	2	8	poetry	q1	
Jon	2	9	poetry	q2	
Jon	2	10	prose	p	
Jon	3	3	prose	p	
Jon	3	5	prose	p	
Jon	3	10	prose	p	
Jon	4	4	prose	p	
Jon	4	5	prose	p	
Jon	4	9	prose	p	
Jon	4	10	prose	p	
Mich	1	2	poetry	q1	
Mich	1	3	poetry	q1	
Mich	1	4	poetry	q1	
Mich	1	5	poetry	q1	
Mich	1	6	poetry	q1	
Mich	1	7	poetry	q1	
Mich	1	8	poetry	q1	
Mich	1	9	poetry	q1	
Mich	1	10	poetry	q1	
Mich	1	11	poetry	q1	
Mich	1	12	poetry	q1	
Mich	1	13	poetry	q1	
Mich	1	14	poetry	q1	
Mich	1	15	poetry	q1	
Mich	1	16	poetry	q1	
Mich	2	2	poetry	q1	
Mich	2	3	poetry	q1	
Mich	2	4	poetry	q1	
Mich	2	5	poetry	q1	
Mich	2	6	poetry	q1	
Mich	2	7	poetry	q1	
Mich	2	8	poetry	q1	
Mich	2	9	poetry	q1	
Mich	2	10	poetry	q1	
Mich	2	11	poetry	q1	
Mich	2	12	poetry	q1	
Mich	2	13	poetry	q1	
Mich	3	2	poetry	q1	
Mich	3	3	poetry	q2	
Mich	3	4	poetry	q1	
Mich	3	5	prose	p	
Mich	3	6	poetry	q1	
Mich	3	7	poetry	q1	
Mich	3	8	poetry	q1	
Mich	3	9	poetry	q1	
Mich	3	10	poetry	q2	
Mich	3	11	poetry	q1	
Mich	3	12	poetry	q1	
Mich	4	2	poetry	q1	
Mich	4	3	poetry	q1	
Mich	4	4	poetry	q1	
Mich	4	5	poetry	q2	
Mich	4	6	poetry	q1	
Mich	4	7	poetry	q2	
Mich	4	8	poetry	q1	
Mich	4	9	poetry	q1	
Mich	4	10	poetry	q1	
Mich	4	11	poetry	q1	
Mich	4	12	poetry	q1	
Mich	4	13	poetry	q1	
Mich	5	2	poetry	q1	
Mich	5	3	poetry	q1	
Mich	5	4	poetry	q1	
Mich	5	5	poetry	q1	
Mich	5	6	poetry	q1	
Mich	5	7	poetry	q1	
Mich	5	8	poetry	q1	
Mich	5	9	poetry	q1	
Mich	5	10	poetry	q1	
Mich	5	11	poetry	q1	
Mich	5	12	poetry	q1	
Mich	5	13	poetry	q1	
Mich	5	14	poetry	q1	
Mich	5	15	poetry	q1	
Mich	6	2	poetry	q1	
Mich	6	3	poetry	q1	
Mich	6	4	poetry	q1	
Mich	6	5	poetry	q1	
Mich	6	6	poetry	q1	
Mich	6	7	poetry	q1	
Mich	6	8	poetry	q1	
Mich	6	9	poetry	q1	
Mich	6	10	poetry	q1	
Mich	6	11	poetry	q1	
Mich	6	12	poetry	q1	
Mich	6	13	poetry	q1	
Mich	6	14	poetry	q1	
Mich	6	15	poetry	q1	
Mich	6	16	poetry	q1	
Mich	7	2	poetry	q1	
Mich	7	3	poetry	q1	
Mich	7	4	poetry	q1	
Mich	7	5	poetry	q1	
Mich	7	6	poetry	q1	
Mich	7	7	poetry	q1	
Mich	7	8	poetry	q1	
Mich	7	9	poetry	q1	
Mich	7	10	poetry	q1	
Mich	7	11	poetry	q1	
Mich	7	12	poetry	q1	
Mich	7	13	poetry	q1	
Mich	7	14	poetry	q1	
Mich	7	15	poetry	q1	
Mich	7	16	poetry	q1	
Mich	7	17	poetry	q1	
Mich	7	18	poetry	q1	
Mich	7	19	poetry	q1	
Mich	7	20	poetry	q1	
Nah	1	12	prose	p	
Nah	1	14	prose	p	
Nah	1	15	prose	p	
Nah	2	2	prose	p	
Nah	2	3	prose	p	
Nah	3	8	prose	p	
Nah	3	14	prose	p	
Nah	3	18	prose	p	
Hab	1	5	prose	p	
Hab	1	12	prose	p	
Hab	2	2	prose	p	
Hab	2	6	prose	p	
Hab	2	9	prose	p	
Hab	2	12	prose	p	
Hab	2	15	prose	p	
Hab	2	18	prose	p	
Hab	3	2	poetry	q1	
Hab	3	3	poetry	q1	
Hab	3	4	poetry	q1	
Hab	3	5	poetry	q1	
Hab	3	6	poetry	q1	
Hab	3	7	poetry	q1	
Hab	3	8	poetry	q1	
Hab	3	9	poetry	q1	
Hab	3	10	poetry	q1	
Hab	3	11	poetry	q1	
Hab	3	12	poetry	q1	
Hab	3	13	poetry	q1	
Hab	3	14	poetry	q1	
Hab	3	15	poetry	q1	
Hab	3	16	poetry	q1	
Hab	3	17	poetry	q1	
Hab	3	18	poetry	q1	
Hab	3	19	poetry	q1	
Soph	1	2	prose	p	
Soph	1	7	prose	p	
Soph	1	10	prose	p	
Soph	1	14	prose	p	
Soph	2	12	prose	p	
Soph	2	13	prose	p	
Soph	3	3	prose	p	
Soph	3	6	prose	p	
Soph	3	8	prose	p	
Soph	3	9	prose	p	
Soph	3	14	prose	p	
Agg	1	3	prose	p	
Agg	1	7	prose	p	
Agg	1	12	prose	p	
Agg	1	13	prose	p	
Agg	1	14	prose	p	
Agg	2	10	prose	p	
Agg	2	13	prose	p	
Agg	2	14	prose	p	
Agg	2	20	prose	p	
Zach	1	7	prose	p	
Zach	1	10	prose	p	
Zach	1	11	prose	p	
Zach	1	12	prose	p	
Zach	1	13	prose	p	
Zach	1	17	prose	p	
Zach	1	18	prose	p	
Zach	1	20	prose	p	
Zach	2	3	prose	p	
Zach	2	6	prose	p	
Zach	3	3	prose	p	
Zach	3	5	prose	p	
Zach	3	6	prose	p	
Zach	4	3	prose	p	
Zach	4	4	prose	p	
Zach	4	5	prose	p	
Zach	4	6	prose	p	
Zach	4	8	prose	p	
Zach	4	11	prose	p	
Zach	4	12	prose	p	
Zach	4	13	prose	p	
Zach	4	14	prose	p	
Zach	5	3	prose	p	
Zach	5	5	prose	p	
Zach	5	6	prose	p	
Zach	5	7	prose	p	
Zach	5	9	prose	p	
Zach	5	11	prose	p	
Zach	6	5	prose	p	
Zach	6	8	prose	p	
Zach	6	9	prose	p	
Zach	6	15	prose	p	
Zach	7	4	prose	p	
Zach	7	8	prose	p	
Zach	8	3	prose	p	
Zach	8	4	prose	p	
Zach	8	6	prose	p	
Zach	8	7	prose	p	
Zach	8	9	prose	p	
Zach	8	14	prose	p	
Zach	8	18	prose	p	
Zach	8	20	prose	p	
Zach	9	2	poetry	q1	
Zach	9	3	poetry	q1	
Zach	9	4	poetry	q1	
Zach	9	5	poetry	q1	
Zach	9	6	poetry	q1	
Zach	9	7	poetry	q1	
Zach	9	8	poetry	q1	
Zach	9	9	poetry	q1	
Zach	9	10	poetry	q1	
Zach	9	11	poetry	q1	
Zach	9	12	poetry	q1	
Zach	9	13	poetry	q1	
Zach	9	14	poetry	q1	
Zach	9	15	poetry	q1	
Zach	9	16	poetry	q1	
Zach	9	17	poetry	q1	
Zach	10	2	poetry	q1	
Zach	10	3	poetry	q1	
Zach	10	4	poetry	q1	
Zach	10	5	poetry	q2	
Zach	10	6	poetry	q1	
Zach	10	7	poetry	q1	
Zach	10	8	poetry	q1	
Zach	10	9	poetry	q1	
Zach	10	10	poetry	q1	
Zach	10	11	poetry	q1	
Zach	10	12	poetry	q1	
Zach	11	2	poetry	q1	
Zach	11	3	poetry	q1	
Zach	11	4	prose	p	
Zach	11	7	prose	p	
Zach	11	15	prose	p	
Zach	12	6	prose	p	
Zach	12	7	prose	p	
Zach	12	10	prose	p	
Zach	13	2	prose	p	
Zach	13	7	poetry	q1	
Zach	13	8	poetry	q1	
Zach	13	9	poetry	q1	
Zach	14	6	prose	p	
Zach	14	8	prose	p	
Zach	14	9	prose	p	
Zach	14	10	prose	p	
Zach	14	12	prose	p	
Zach	14	15	prose	p	
Zach	14	16	prose	p	
Zach	14	20	prose	p	
Mal	1	2	prose	p	
Mal	1	3	prose	p	
Mal	1	5	prose	p	
Mal	1	6	prose	p	
Mal	1	9	prose	p	
Mal	1	10	prose	p	
Mal	1	14	prose	p	
Mal	2	13	prose	p	
Mal	2	17	prose	p	
Mal	3	5	prose	p	
Mal	3	6	prose	p	
Mal	3	8	prose	p	
Mal	3	13	prose	p	
Mal	3	16	prose	p	
Mal	4	4	prose	p	
Mal	4	5	prose	p	
1Mach	1	5	prose	p	
1Mach	1	10	prose	p	
1Mach	1	11	prose	p	
1Mach	1	16	prose	p	
1Mach	1	20	prose	p	
1Mach	1	29	prose	p	
1Mach	1	41	prose	p	
1Mach	1	54	prose	p	
1Mach	2	6	prose	p	
1Mach	2	14	prose	p	
1Mach	2	15	prose	p	
1Mach	2	19	prose	p	
1Mach	2	23	prose	p	
1Mach	2	27	prose	p	
1Mach	2	29	prose	p	
1Mach	2	34	prose	p	
1Mach	2	35	prose	p	
1Mach	2	36	prose	p	
1Mach	2	38	prose	p	
1Mach	2	39	prose	p	
1Mach	2	42	prose	p	
1Mach	2	49	prose	p	
1Mach	2	61	prose	p	
1Mach	2	69	prose	p	
1Mach	3	10	prose	p	
1Mach	3	13	prose	p	
1Mach	3	16	prose	p	
1Mach	3	18	prose	p	
1Mach	3	23	prose	p	
1Mach	3	25	prose	p	
1Mach	3	27	prose	p	
1Mach	3	38	prose	p	
1Mach	3	42	prose	p	
1Mach	3	55	prose	p	
1Mach	4	6	prose	p	
1Mach	4	12	prose	p	
1Mach	4	26	prose	p	
1Mach	4	28	prose	p	
1Mach	4	34	prose	p	
1Mach	4	36	prose	p	
1Mach	4	42	prose	p	
1Mach	4	52	prose	p	
1Mach	4	59	prose	p	
1Mach	4	60	prose	p	
1Mach	5	9	prose	p	
1Mach	5	14	prose	p	
1Mach	5	16	prose	p	
1Mach	5	21	prose	p	
1Mach	5	28	prose	p	
1Mach	5	35	prose	p	
1Mach	5	37	prose	p	
1Mach	5	40	prose	p	
1Mach	5	45	prose	p	
1Mach	5	55	prose	p	
1Mach	5	63	prose	p	
1Mach	5	65	prose	p	
1Mach	6	5	prose	p	
1Mach	6	8	prose	p	
1Mach	6	14	prose	p	
1Mach	6	18	prose	p	
1Mach	6	28	prose	p	
1Mach	6	32	prose	p	
1Mach	6	40	prose	p	
1Mach	6	48	prose	p	
1Mach	6	55	prose	p	
1Mach	6	60	prose	p	
1Mach	7	5	prose	p	
1Mach	7	10	prose	p	
1Mach	7	17	poetry	q1	
1Mach	7	18	prose	p	
1Mach	7	21	prose	p	
1Mach	7	26	prose	p	
1Mach	7	33	prose	p	
1Mach	7	39	prose	p	
1Mach	8	17	prose	p	
1Mach	8	21	prose	p	
1Mach	8	23	prose	p	
1Mach	8	31	prose	p	
1Mach	9	7	prose	p	
1Mach	9	9	prose	p	
1Mach	9	10	prose	p	
1Mach	9	11	prose	p	
1Mach	9	14	prose	p	
1Mach	9	19	prose	p	
1Mach	9	23	prose	p	
1Mach	9	28	prose	p	
1Mach	9	32	prose	p	
1Mach	9	35	prose	p	
1Mach	9	37	prose	p	
1Mach	9	43	prose	p	
1Mach	9	54	prose	p	
1Mach	9	58	prose	p	
1Mach	9	65	prose	p	
1Mach	9	70	prose	p	
1Mach	10	3	prose	p	
1Mach	10	7	prose	p	
1Mach	10	10	prose	p	
1Mach	10	15	prose	p	
1Mach	10	21	prose	p	
1Mach	10	22	prose	p	
1Mach	10	26	prose	p	
1Mach	10	29	prose	p	
1Mach	10	34	prose	p	
1Mach	10	36	prose	p	
1Mach	10	38	prose	p	
1Mach	10	46	prose	p	
1Mach	10	48	prose	p	
1Mach	10	51	prose	p	
1Mach	10	55	prose	p	
1Mach	10	59	prose	p	
1Mach	10	67	prose	p	
1Mach	10	70	prose	p	
1Mach	10	74	prose	p	
1Mach	10	77	prose	p	
1Mach	10	82	prose	p	
1Mach	10	86	prose	p	
1Mach	11	4	prose	p	
1Mach	11	8	prose	p	
1Mach	11	13	prose	p	
1Mach	11	20	prose	p	
1Mach	11	23	prose	p	
1Mach	11	30	prose	p	
1Mach	11	38	prose	p	
1Mach	11	41	prose	p	
1Mach	11	45	prose	p	
1Mach	11	54	prose	p	
1Mach	11	60	prose	p	
1Mach	11	63	prose	p	
1Mach	11	67	prose	p	
1Mach	12	6	prose	p	
1Mach	12	19	prose	p	
1Mach	12	20	prose	p	
1Mach	12	24	prose	p	
1Mach	12	33	prose	p	
1Mach	12	35	prose	p	
1Mach	12	39	prose	p	
1Mach	12	46	prose	p	
1Mach	12	49	prose	p	
1Mach	13	7	prose	p	
1Mach	13	10	prose	p	
1Mach	13	12	prose	p	
1Mach	13	17	prose	p	
1Mach	13	20	prose	p	
1Mach	13	25	prose	p	
1Mach	13	31	prose	p	
1Mach	13	36	prose	p	
1Mach	13	41	prose	p	
1Mach	13	43	prose	p	
1Mach	13	49	prose	p	
1Mach	14	4	prose	p	
1Mach	14	16	prose	p	
1Mach	14	20	prose	p	
1Mach	14	21	prose	p	
1Mach	14	24	prose	p	
1Mach	14	25	prose	p	
1Mach	14	28	prose	p	
1Mach	14	48	prose	p	
1Mach	15	3	prose	p	
1Mach	15	10	prose	p	
1Mach	15	15	prose	p	
1Mach	15	16	prose	p	
1Mach	15	22	prose	p	
1Mach	15	25	prose	p	
1Mach	15	32	prose	p	
1Mach	15	36	prose	p	
1Mach	15	38	prose	p	
1Mach	16	4	prose	p	
1Mach	16	11	prose	p	
1Mach	16	18	prose	p	
1Mach	16	23	prose	p	
2Mach	1	7	prose	p	
2Mach	1	10	prose	p	
2Mach	1	11	prose	p	
2Mach	1	18	prose	p	
2Mach	1	19	prose	p	
2Mach	1	24	prose	p	
2Mach	1	30	prose	p	
2Mach	2	4	prose	p	
2Mach	2	13	prose	p	
2Mach	2	16	prose	p	
2Mach	2	19	prose	p	
2Mach	3	9	prose	p	
2Mach	3	14	prose	p	
2Mach	3	22	prose	p	
2Mach	3	31	prose	p	
2Mach	3	37	prose	p	
2Mach	3	40	prose	p	
2Mach	4	7	prose	p	
2Mach	4	18	prose	p	
2Mach	4	21	prose	p	
2Mach	4	23	prose	p	
2Mach	4	30	prose	p	
2Mach	4	39	prose	p	
2Mach	4	43	prose	p	
2Mach	5	5	prose	p	
2Mach	5	11	prose	p	
2Mach	5	15	prose	p	
2Mach	5	21	prose	p	
2Mach	6	3	prose	p	
2Mach	6	7	prose	p	
2Mach	6	12	prose	p	
2Mach	6	18	prose	p	
2Mach	6	21	prose	p	
2Mach	6	24	prose	p	
2Mach	6	29	prose	p	
2Mach	6	31	prose	p	
2Mach	7	3	prose	p	
2Mach	7	7	prose	p	
2Mach	7	8	prose	p	
2Mach	7	10	prose	p	
2Mach	7	13	prose	p	
2Mach	7	15	prose	p	
2Mach	7	18	prose	p	
2Mach	7	20	prose	p	
2Mach	7	24	prose	p	
2Mach	7	30	prose	p	
2Mach	7	39	prose	p	
2Mach	7	41	prose	p	
2Mach	7	42	prose	p	
2Mach	8	5	prose	p	
2Mach	8	8	prose	p	
2Mach	8	12	prose	p	
2Mach	8	21	prose	p	
2Mach	8	24	prose	p	
2Mach	8	30	prose	p	
2Mach	8	34	prose	p	
2Mach	9	5	prose	p	
2Mach	9	13	prose	p	
2Mach	9	19	prose	p	
2Mach	9	28	prose	p	
2Mach	10	9	prose	p	
2Mach	10	10	prose	p	
2Mach	10	14	prose	p	
2Mach	10	18	prose	p	
2Mach	10	24	prose	p	
2Mach	10	29	prose	p	
2Mach	10	32	prose	p	
2Mach	11	6	prose	p	
2Mach	11	16	prose	p	
2Mach	11	17	prose	p	
2Mach	11	22	prose	p	
2Mach	11	23	prose	p	
2Mach	11	27	prose	p	
2Mach	11	28	prose	p	
2Mach	11	34	prose	p	
2Mach	11	35	prose	p	
2Mach	12	2	prose	p	
2Mach	12	10	prose	p	
2Mach	12	13	prose	p	
2Mach	12	17	prose	p	
2Mach	12	24	prose	p	
2Mach	12	26	prose	p	
2Mach	12	29	prose	p	
2Mach	12	32	prose	p	
2Mach	12	36	prose	p	
2Mach	12	38	prose	p	
2Mach	12	39	prose	p	
2Mach	13	3	prose	p	
2Mach	13	9	prose	p	
2Mach	13	13	prose	p	
2Mach	13	18	prose	p	
2Mach	14	3	prose	p	
2Mach	14	6	prose	p	
2Mach	14	15	prose	p	
2Mach	14	18	prose	p	
2Mach	14	26	prose	p	
2Mach	14	31	prose	p	
2Mach	14	34	prose	p	
2Mach	14	37	prose	p	
2Mach	15	3	prose	p	
2Mach	15	4	prose	p	
2Mach	15	5	prose	p	
2Mach	15	6	prose	p	
2Mach	15	12	prose	p	
2Mach	15	17	prose	p	
2Mach	15	20	prose	p	
2Mach	15	28	prose	p	
2Mach	15	37	prose	p	
Matt	1	2	prose	p	
Matt	1	12	prose	p	
Matt	1	17	prose	p	
Matt	1	18	prose	p	
Matt	1	22	prose	p	
Matt	1	23	poetry	q1	
Matt	1	24	prose	p	
Matt	2	6	poetry	q1	
Matt	2	7	prose	p	
Matt	2	9	prose	p	
Matt	2	13	prose	p	
Matt	2	14	prose	p	
Matt	2	16	prose	p	
Matt	2	18	poetry	q1	
Matt	2	19	prose	p	
Matt	2	21	prose	p	
Matt	3	4	prose	p	
Matt	3	7	prose	p	
Matt	3	11	prose	p	
Matt	3	13	prose	p	
Matt	3	15	prose	p	
Matt	3	16	prose	p	
Matt	4	4	prose	p	
Matt	4	5	prose	p	
Matt	4	7	prose	p	
Matt	4	8	prose	p	
Matt	4	10	prose	p	
Matt	4	11	prose	p	
Matt	4	12	prose	p	
Matt	4	15	poetry	q1	
Matt	4	16	poetry	q1	
Matt	4	17	prose	p	
Matt	4	18	prose	p	
Matt	4	20	prose	p	
Matt	4	23	prose	p	
Matt	5	3	poetry	q1	
Matt	5	4	poetry	q1	
Matt	5	5	poetry	q1	
Matt	5	6	poetry	q1	
Matt	5	7	poetry	q1	
Matt	5	8	poetry	q1	
Matt	5	9	poetry	q1	
Matt	5	10	poetry	q1	
Matt	5	11	prose	p	
Matt	5	13	prose	p	
Matt	5	14	prose	p	
Matt	5	17	prose	p	
Matt	5	21	prose	p	
Matt	5	23	prose	p	
Matt	5	27	prose	p	
Matt	5	31	prose	p	
Matt	5	33	prose	p	
Matt	5	38	prose	p	
Matt	5	43	prose	p	
Matt	6	5	prose	p	
Matt	6	10	poetry	q1	
Matt	6	11	poetry	q1	
Matt	6	12	poetry	q1	
Matt	6	13	poetry	q1	
Matt	6	14	prose	p	
Matt	6	16	prose	p	
Matt	6	19	prose	p	
Matt	6	22	prose	p	
Matt	6	24	prose	p	
Matt	6	27	prose	p	
Matt	6	31	prose	p	
Matt	7	6	prose	p	
Matt	7	7	prose	p	
Matt	7	13	prose	p	
Matt	7	15	prose	p	
Matt	7	21	prose	p	
Matt	7	24	prose	p	
Matt	7	28	prose	p	
Matt	8	3	prose	p	
Matt	8	5	prose	p	
Matt	8	7	prose	p	
Matt	8	8	prose	p	
Matt	8	10	prose	p	
Matt	8	14	prose	p	
Matt	8	18	prose	p	
Matt	8	19	prose	p	
Matt	8	20	prose	p	
Matt	8	21	prose	p	
Matt	8	22	prose	p	
Matt	8	23	prose	p	
Matt	8	26	prose	p	
Matt	8	27	prose	p	
Matt	8	28	prose	p	
Matt	8	32	prose	p	
Matt	8	33	prose	p	
Matt	9	3	prose	p	
Matt	9	4	prose	p	
Matt	9	7	prose	p	
Matt	9	9	prose	p	
Matt	9	12	prose	p	
Matt	9	14	prose	p	
Matt	9	15	prose	p	
Matt	9	18	prose	p	
Matt	9	19	prose	p	
Matt	9	22	prose	p	
Matt	9	23	prose	p	
Matt	9	25	prose	p	
Matt	9	27	prose	p	
Matt	9	29	prose	p	
Matt	9	32	prose	p	
Matt	9	34	prose	p	
Matt	9	35	prose	p	
Matt	10	5	prose	p	
Matt	10	16	prose	p	
Matt	10	21	prose	p	
Matt	10	24	prose	p	
Matt	10	29	prose	p	
Matt	10	34	prose	p	
Matt	10	40	prose	p	
Matt	11	2	prose	p	
Matt	11	4	prose	p	
Matt	11	7	prose	p	
Matt	11	16	prose	p	
Matt	11	20	prose	p	
Matt	11	25	prose	p	
Matt	11	28	prose	p	
Matt	12	3	prose	p	
Matt	12	9	prose	p	
Matt	12	11	prose	p	
Matt	12	15	prose	p	
Matt	12	18	poetry	q1	
Matt	12	19	poetry	q1	
Matt	12	20	poetry	q1	
Matt	12	21	poetry	q2	
Matt	12	22	prose	p	
Matt	12	25	prose	p	
Matt	12	30	prose	p	
Matt	12	33	prose	p	
Matt	12	38	prose	p	
Matt	12	39	prose	p	
Matt	12	43	prose	p	
Matt	12	46	prose	p	
Matt	12	48	prose	p	
Matt	13	10	prose	p	
Matt	13	11	prose	p	
Matt	13	15	poetry	q1	
Matt	13	16	prose	p	
Matt	13	18	prose	p	
Matt	13	24	prose	p	
Matt	13	28	prose	p	
Matt	13	29	prose	p	
Matt	13	31	prose	p	
Matt	13	33	prose	p	
Matt	13	34	prose	p	
Matt	13	36	prose	p	
Matt	13	37	prose	p	
Matt	13	44	prose	p	
Matt	13	45	prose	p	
Matt	13	47	prose	p	
Matt	13	52	prose	p	
Matt	13	53	prose	p	
Matt	13	58	prose	p	
Matt	14	9	prose	p	
Matt	14	14	prose	p	
Matt	14	16	prose	p	
Matt	14	17	prose	p	
Matt	14	18	prose	p	
Matt	14	22	prose	p	
Matt	14	28	prose	p	
Matt	14	29	prose	p	
Matt	14	30	prose	p	
Matt	14	31	prose	p	
Matt	14	34	prose	p	
Matt	15	3	prose	p	
Matt	15	8	poetry	q1	
Matt	15	9	poetry	q1	
Matt	15	10	prose	p	
Matt	15	12	prose	p	
Matt	15	13	prose	p	
Matt	15	15	prose	p	
Matt	15	16	prose	p	
Matt	15	21	prose	p	
Matt	15	23	prose	p	
Matt	15	24	prose	p	
Matt	15	25	prose	p	
Matt	15	26	prose	p	
Matt	15	27	prose	p	
Matt	15	28	prose	p	
Matt	15	29	prose	p	
Matt	15	32	prose	p	
Matt	15	33	prose	p	
Matt	15	34	prose	p	
Matt	15	35	prose	p	
Matt	16	5	prose	p	
Matt	16	7	prose	p	
Matt	16	8	prose	p	
Matt	16	12	prose	p	
Matt	16	13	prose	p	
Matt	16	14	prose	p	
Matt	16	15	prose	p	
Matt	16	16	prose	p	
Matt	16	17	prose	p	
Matt	16	21	prose	p	
Matt	16	22	prose	p	
Matt	16	23	prose	p	
Matt	16	24	prose	p	
Matt	17	4	prose	p	
Matt	17	5	prose	p	
Matt	17	6	prose	p	
Matt	17	9	prose	p	
Matt	17	10	prose	p	
Matt	17	11	prose	p	
Matt	17	14	prose	p	
Matt	17	17	prose	p	
Matt	17	19	prose	p	
Matt	17	20	prose	p	
Matt	17	22	prose	p	
Matt	17	24	prose	p	
Matt	17	26	prose	p	
Matt	17	27	prose	p	
Matt	18	2	prose	p	
Matt	18	7	prose	p	
Matt	18	12	prose	p	
Matt	18	15	prose	p	
Matt	18	21	prose	p	
Matt	18	22	prose	p	
Matt	18	28	prose	p	
Matt	18	29	prose	p	
Matt	19	3	prose	p	
Matt	19	4	prose	p	
Matt	19	7	prose	p	
Matt	19	8	prose	p	
Matt	19	10	prose	p	
Matt	19	11	prose	p	
Matt	19	13	prose	p	
Matt	19	16	prose	p	
Matt	19	17	prose	p	
Matt	19	18	prose	p	
Matt	19	19	prose	p	
Matt	19	20	prose	p	
Matt	19	21	prose	p	
Matt	19	23	prose	p	
Matt	19	25	prose	p	
Matt	19	26	prose	p	
Matt	19	27	prose	p	
Matt	19	28	prose	p	
Matt	20	7	prose	p	
Matt	20	8	prose	p	
Matt	20	13	prose	p	
Matt	20	17	prose	p	
Matt	20	20	prose	p	
Matt	20	22	prose	p	
Matt	20	23	prose	p	
Matt	20	24	prose	p	
Matt	20	25	prose	p	
Matt	20	29	prose	p	
Matt	20	32	prose	p	
Matt	20	33	prose	p	
Matt	20	34	prose	p	
Matt	21	4	prose	p	
Matt	21	5	poetry	q1	
Matt	21	6	prose	p	
Matt	21	10	prose	p	
Matt	21	11	prose	p	
Matt	21	12	prose	p	
Matt	21	14	prose	p	
Matt	21	17	prose	p	
Matt	21	18	prose	p	
Matt	21	20	prose	p	
Matt	21	21	prose	p	
Matt	21	23	prose	p	
Matt	21	24	prose	p	
Matt	21	26	prose	p	
Matt	21	28	prose	p	
Matt	21	32	prose	p	
Matt	21	33	prose	p	
Matt	21	41	prose	p	
Matt	21	42	prose	p	
Matt	21	43	prose	p	
Matt	21	45	prose	p	
Matt	22	8	prose	p	
Matt	22	11	prose	p	
Matt	22	15	prose	p	
Matt	22	18	prose	p	
Matt	22	20	prose	p	
Matt	22	21	prose	p	
Matt	22	22	prose	p	
Matt	22	23	prose	p	
Matt	22	29	prose	p	
Matt	22	33	prose	p	
Matt	22	34	prose	p	
Matt	22	37	prose	p	
Matt	22	41	prose	p	
Matt	22	43	prose	p	
Matt	22	44	poetry	q1	
Matt	22	45	prose	p	
Matt	22	46	prose	p	
Matt	23	13	prose	p	
Matt	23	14	prose	p	
Matt	23	16	prose	p	
Matt	23	23	prose	p	
Matt	23	25	prose	p	
Matt	23	27	prose	p	
Matt	23	29	prose	p	
Matt	23	37	prose	p	
Matt	24	3	prose	p	
Matt	24	4	prose	p	
Matt	24	9	prose	p	
Matt	24	15	prose	p	
Matt	24	23	prose	p	
Matt	24	25	prose	p	
Matt	24	26	prose	p	
Matt	24	29	prose	p	
Matt	24	32	prose	p	
Matt	24	36	prose	p	
Matt	24	45	prose	p	
Matt	25	14	prose	p	
Matt	25	19	prose	p	
Matt	25	21	prose	p	
Matt	25	22	prose	p	
Matt	25	23	prose	p	
Matt	25	24	prose	p	
Matt	25	26	prose	p	
Matt	25	31	prose	p	
Matt	25	37	prose	p	
Matt	25	40	prose	p	
Matt	25	44	prose	p	
Matt	25	45	prose	p	
Matt	26	3	prose	p	
Matt	26	6	prose	p	
Matt	26	10	prose	p	
Matt	26	14	prose	p	
Matt	26	17	prose	p	
Matt	26	18	prose	p	
Matt	26	19	prose	p	
Matt	26	20	prose	p	
Matt	26	22	prose	p	
Matt	26	23	prose	p	
Matt	26	25	prose	p	
Matt	26	26	prose	p	
Matt	26	30	prose	p	
Matt	26	31	prose	p	
Matt	26	33	prose	p	
Matt	26	34	prose	p	
Matt	26	35	prose	p	
Matt	26	36	prose	p	
Matt	26	39	prose	p	
Matt	26	40	prose	p	
Matt	26	42	prose	p	
Matt	26	43	prose	p	
Matt	26	47	prose	p	
Matt	26	50	prose	p	
Matt	26	51	prose	p	
Matt	26	52	prose	p	
Matt	26	55	prose	p	
Matt	26	57	prose	p	
Matt	26	59	prose	p	
Matt	26	62	prose	p	
Matt	26	64	prose	p	
Matt	26	65	prose	p	
Matt	26	67	prose	p	
Matt	26	69	prose	p	
Matt	26	70	prose	p	
Matt	26	71	prose	p	
Matt	26	72	prose	p	
Matt	26	73	prose	p	
Matt	26	74	prose	p	
Matt	26	75	prose	p	
Matt	27	3	prose	p	
Matt	27	5	prose	p	
Matt	27	6	prose	p	
Matt	27	10	poetry	q1	
Matt	27	11	prose	p	
Matt	27	12	prose	p	
Matt	27	14	prose	p	
Matt	27	15	prose	p	
Matt	27	19	prose	p	
Matt	27	20	prose	p	
Matt	27	22	prose	p	
Matt	27	23	prose	p	
Matt	27	24	prose	p	
Matt	27	25	prose	p	
Matt	27	26	prose	p	
Matt	27	27	prose	p	
Matt	27	32	prose	p	
Matt	27	38	prose	p	
Matt	27	39	prose	p	
Matt	27	41	prose	p	
Matt	27	45	prose	p	
Matt	27	47	prose	p	
Matt	27	48	prose	p	
Matt	27	50	prose	p	
Matt	27	51	prose	p	
Matt	27	54	prose	p	
Matt	27	55	prose	p	
Matt	27	57	prose	p	
Matt	27	62	prose	p	
Matt	27	65	prose	p	
Matt	28	8	prose	p	
Matt	28	10	prose	p	
Matt	28	11	prose	p	
Matt	28	16	prose	p	
Mark	1	2	prose	p	
Mark	1	3	poetry	q1	
Mark	1	4	prose	p	
Mark	1	9	prose	p	
Mark	1	12	prose	p	
Mark	1	14	prose	p	
Mark	1	16	prose	p	
Mark	1	18	prose	p	
Mark	1	19	prose	p	
Mark	1	21	prose	p	
Mark	1	25	prose	p	
Mark	1	26	prose	p	
Mark	1	29	prose	p	
Mark	1	32	prose	p	
Mark	1	35	prose	p	
Mark	1	38	prose	p	
Mark	1	40	prose	p	
Mark	1	41	prose	p	
Mark	1	45	prose	p	
Mark	2	6	prose	p	
Mark	2	8	prose	p	
Mark	2	12	prose	p	
Mark	2	13	prose	p	
Mark	2	15	prose	p	
Mark	2	17	prose	p	
Mark	2	18	prose	p	
Mark	2	19	prose	p	
Mark	2	23	prose	p	
Mark	2	25	prose	p	
Mark	2	27	prose	p	
Mark	3	7	prose	p	
Mark	3	13	prose	p	
Mark	3	20	prose	p	
Mark	3	23	prose	p	
Mark	3	28	prose	p	
Mark	3	31	prose	p	
Mark	3	33	prose	p	
Mark	4	10	prose	p	
Mark	4	13	prose	p	
Mark	4	21	prose	p	
Mark	4	24	prose	p	
Mark	4	26	prose	p	
Mark	4	30	prose	p	
Mark	4	33	prose	p	
Mark	4	35	prose	p	
Mark	4	39	prose	p	
Mark	4	41	prose	p	
Mark	5	9	prose	p	
Mark	5	10	prose	p	
Mark	5	13	prose	p	
Mark	5	15	prose	p	
Mark	5	18	prose	p	
Mark	5	20	prose	p	
Mark	5	21	prose	p	
Mark	5	24	prose	p	
Mark	5	30	prose	p	
Mark	5	31	prose	p	
Mark	5	32	prose	p	
Mark	5	34	prose	p	
Mark	5	35	prose	p	
Mark	5	36	prose	p	
Mark	5	40	prose	p	
Mark	6	4	prose	p	
Mark	6	7	prose	p	
Mark	6	12	prose	p	
Mark	6	21	prose	p	
Mark	6	24	prose	p	
Mark	6	25	prose	p	
Mark	6	26	prose	p	
Mark	6	29	prose	p	
Mark	6	30	prose	p	
Mark	6	37	prose	p	
Mark	6	38	prose	p	
Mark	6	39	prose	p	
Mark	6	45	prose	p	
Mark	6	47	prose	p	
Mark	6	53	prose	p	
Mark	7	6	prose	p	
Mark	7	7	poetry	q1	
Mark	7	8	prose	p	
Mark	7	14	prose	p	
Mark	7	17	prose	p	
Mark	7	24	prose	p	
Mark	7	28	prose	p	
Mark	7	29	prose	p	
Mark	7	30	prose	p	
Mark	7	31	prose	p	
Mark	8	4	prose	p	
Mark	8	5	prose	p	
Mark	8	6	prose	p	
Mark	8	10	prose	p	
Mark	8	13	prose	p	
Mark	8	16	prose	p	
Mark	8	17	prose	p	
Mark	8	20	prose	p	
Mark	8	21	prose	p	
Mark	8	22	prose	p	
Mark	8	24	prose	p	
Mark	8	25	prose	p	
Mark	8	27	prose	p	
Mark	8	28	prose	p	
Mark	8	29	prose	p	
Mark	8	30	prose	p	
Mark	8	34	prose	p	
Mark	9	2	prose	p	
Mark	9	5	prose	p	
Mark	9	7	prose	p	
Mark	9	8	prose	p	
Mark	9	9	prose	p	
Mark	9	11	prose	p	
Mark	9	12	prose	p	
Mark	9	14	prose	p	
Mark	9	17	prose	p	
Mark	9	19	prose	p	
Mark	9	20	prose	p	
Mark	9	21	prose	p	
Mark	9	22	prose	p	
Mark	9	23	prose	p	
Mark	9	24	prose	p	
Mark	9	25	prose	p	
Mark	9	26	prose	p	
Mark	9	28	prose	p	
Mark	9	29	prose	p	
Mark	9	30	prose	p	
Mark	9	32	prose	p	
Mark	9	33	prose	p	
Mark	9	34	prose	p	
Mark	9	35	prose	p	
Mark	9	38	prose	p	
Mark	9	39	prose	p	
Mark	9	42	prose	p	
Mark	10	2	prose	p	
Mark	10	3	prose	p	
Mark	10	4	prose	p	
Mark	10	5	prose	p	
Mark	10	10	prose	p	
Mark	10	13	prose	p	
Mark	10	17	prose	p	
Mark	10	18	prose	p	
Mark	10	20	prose	p	
Mark	10	21	prose	p	
Mark	10	22	prose	p	
Mark	10	23	prose	p	
Mark	10	24	prose	p	
Mark	10	26	prose	p	
Mark	10	27	prose	p	
Mark	10	28	prose	p	
Mark	10	29	prose	p	
Mark	10	32	prose	p	
Mark	10	35	prose	p	
Mark	10	36	prose	p	
Mark	10	37	prose	p	
Mark	10	38	prose	p	
Mark	10	39	prose	p	
Mark	10	40	prose	p	
Mark	10	41	prose	p	
Mark	10	42	prose	p	
Mark	10	46	prose	p	
Mark	10	49	prose	p	
Mark	10	50	prose	p	
Mark	10	51	prose	p	
Mark	10	52	prose	p	
Mark	11	4	prose	p	
Mark	11	7	prose	p	
Mark	11	11	prose	p	
Mark	11	12	prose	p	
Mark	11	15	prose	p	
Mark	11	18	prose	p	
Mark	11	19	prose	p	
Mark	11	22	prose	p	
Mark	11	27	prose	p	
Mark	11	29	prose	p	
Mark	11	31	prose	p	
Mark	12	11	poetry	q1	
Mark	12	12	prose	p	
Mark	12	16	prose	p	
Mark	12	17	prose	p	
Mark	12	18	prose	p	
Mark	12	24	prose	p	
Mark	12	28	prose	p	
Mark	12	29	prose	p	
Mark	12	32	prose	p	
Mark	12	34	prose	p	
Mark	12	35	prose	p	
Mark	12	37	prose	p	
Mark	12	38	prose	p	
Mark	12	41	prose	p	
Mark	13	2	prose	p	
Mark	13	3	prose	p	
Mark	13	5	prose	p	
Mark	13	7	prose	p	
Mark	13	9	prose	p	
Mark	13	12	prose	p	
Mark	13	14	prose	p	
Mark	13	24	prose	p	
Mark	13	28	prose	p	
Mark	13	32	prose	p	
Mark	13	34	prose	p	
Mark	14	3	prose	p	
Mark	14	6	prose	p	
Mark	14	10	prose	p	
Mark	14	12	prose	p	
Mark	14	13	prose	p	
Mark	14	16	prose	p	
Mark	14	17	prose	p	
Mark	14	19	prose	p	
Mark	14	20	prose	p	
Mark	14	22	prose	p	
Mark	14	23	prose	p	
Mark	14	27	prose	p	
Mark	14	29	prose	p	
Mark	14	30	prose	p	
Mark	14	31	prose	p	
Mark	14	32	prose	p	
Mark	14	35	prose	p	
Mark	14	37	prose	p	
Mark	14	39	prose	p	
Mark	14	43	prose	p	
Mark	14	48	prose	p	
Mark	14	50	prose	p	
Mark	14	54	prose	p	
Mark	14	60	prose	p	
Mark	14	62	prose	p	
Mark	14	63	prose	p	
Mark	14	66	prose	p	
Mark	14	68	prose	p	
Mark	14	69	prose	p	
Mark	14	72	prose	p	
Mark	15	3	prose	p	
Mark	15	5	prose	p	
Mark	15	6	prose	p	
Mark	15	13	prose	p	
Mark	15	14	prose	p	
Mark	15	15	prose	p	
Mark	15	16	prose	p	
Mark	15	21	prose	p	
Mark	15	24	prose	p	
Mark	15	29	prose	p	
Mark	15	31	prose	p	
Mark	15	33	prose	p	
Mark	15	35	prose	p	
Mark	15	36	prose	p	
Mark	15	37	prose	p	
Mark	15	40	prose	p	
Mark	15	42	prose	p	
Mark	16	5	prose	p	
Mark	16	8	prose	p	
Mark	16	9	prose	p	
Mark	16	12	prose	p	
Mark	16	14	prose	p	
Mark	16	19	prose	p	
Luke	1	5	prose	p	
Luke	1	8	prose	p	
Luke	1	11	prose	p	
Luke	1	18	prose	p	
Luke	1	19	prose	p	
Luke	1	21	prose	p	
Luke	1	26	prose	p	
Luke	1	29	prose	p	
Luke	1	34	prose	p	
Luke	1	35	prose	p	
Luke	1	38	prose	p	
Luke	1	39	prose	p	
Luke	1	46	prose	p	
Luke	1	47	poetry	q2	
Luke	1	48	poetry	q2	
Luke	1	49	poetry	q2	
Luke	1	50	poetry	q2	
Luke	1	51	poetry	q1	
Luke	1	52	poetry	q1	
Luke	1	53	poetry	q1	
Luke	1	54	poetry	q1	
Luke	1	55	poetry	q2	
Luke	1	56	prose	p	
Luke	1	57	prose	p	
Luke	1	61	prose	p	
Luke	1	63	prose	p	
Luke	1	64	prose	p	
Luke	1	67	prose	p	
Luke	1	68	poetry	q1	
Luke	1	69	poetry	q1	
Luke	1	70	poetry	q2	
Luke	1	71	poetry	q2	
Luke	1	72	poetry	q1	
Luke	1	73	poetry	q1	
Luke	1	74	poetry	q2	
Luke	1	75	poetry	q2	
Luke	1	76	poetry	q1	
Luke	1	77	poetry	q2	
Luke	1	78	poetry	q1	
Luke	1	79	poetry	q2	
Luke	1	80	prose	p	
Luke	2	6	prose	p	
Luke	2	8	prose	p	
Luke	2	14	poetry	q1	
Luke	2	15	prose	p	
Luke	2	21	prose	p	
Luke	2	22	prose	p	
Luke	2	25	prose	p	
Luke	2	29	poetry	q1	
Luke	2	30	poetry	q1	
Luke	2	31	poetry	q2	
Luke	2	32	poetry	q1	
Luke	2	33	prose	p	
Luke	2	36	prose	p	
Luke	2	39	prose	p	
Luke	2	41	prose	p	
Luke	2	49	prose	p	
Luke	3	5	poetry	q2	
Luke	3	6	poetry	q1	
Luke	3	7	prose	p	
Luke	3	10	prose	p	
Luke	3	11	prose	p	
Luke	3	12	prose	p	
Luke	3	13	prose	p	
Luke	3	14	prose	p	
Luke	3	15	prose	p	
Luke	3	18	prose	p	
Luke	3	21	prose	p	
Luke	3	23	prose	p	
Luke	4	3	prose	p	
Luke	4	4	prose	p	
Luke	4	5	prose	p	
Luke	4	8	prose	p	
Luke	4	9	prose	p	
Luke	4	11	prose	p	
Luke	4	12	prose	p	
Luke	4	13	prose	p	
Luke	4	14	prose	p	
Luke	4	16	prose	p	
Luke	4	18	poetry	q1	
Luke	4	19	poetry	q2	
Luke	4	20	prose	p	
Luke	4	22	prose	p	
Luke	4	23	prose	p	
Luke	4	28	prose	p	
Luke	4	31	prose	p	
Luke	4	35	prose	p	
Luke	4	36	prose	p	
Luke	4	38	prose	p	
Luke	4	42	prose	p	
Luke	5	4	prose	p	
Luke	5	5	prose	p	
Luke	5	11	prose	p	
Luke	5	12	prose	p	
Luke	5	13	prose	p	
Luke	5	14	prose	p	
Luke	5	15	prose	p	
Luke	5	17	prose	p	
Luke	5	21	prose	p	
Luke	5	22	prose	p	
Luke	5	25	prose	p	
Luke	5	27	prose	p	
Luke	5	28	prose	p	
Luke	5	31	prose	p	
Luke	5	33	prose	p	
Luke	5	34	prose	p	
Luke	5	36	prose	p	
Luke	6	3	prose	p	
Luke	6	6	prose	p	
Luke	6	12	prose	p	
Luke	6	17	prose	p	
Luke	6	20	prose	p	
Luke	6	21	poetry	q1	
Luke	6	22	poetry	q1	
Luke	6	23	poetry	q2	
Luke	6	24	poetry	q1	
Luke	6	25	poetry	q1	
Luke	6	26	poetry	q1	
Luke	6	27	prose	p	
Luke	6	31	prose	p	
Luke	6	32	prose	p	
Luke	6	36	poetry	q1	
Luke	6	37	poetry	q1	
Luke	6	38	prose	p	
Luke	6	39	prose	p	
Luke	6	43	prose	p	
Luke	6	46	prose	p	
Luke	7	9	prose	p	
Luke	7	11	prose	p	
Luke	7	16	prose	p	
Luke	7	18	prose	p	
Luke	7	21	prose	p	
Luke	7	24	prose	p	
Luke	7	28	prose	p	
Luke	7	29	prose	p	
Luke	7	31	prose	p	
Luke	7	36	prose	p	
Luke	7	40	prose	p	
Luke	7	41	prose	p	
Luke	7	43	prose	p	
Luke	7	44	prose	p	
Luke	7	49	prose	p	
Luke	7	50	prose	p	
Luke	8	9	prose	p	
Luke	8	10	prose	p	
Luke	8	11	prose	p	
Luke	8	16	prose	p	
Luke	8	19	prose	p	
Luke	8	21	prose	p	
Luke	8	22	prose	p	
Luke	8	26	prose	p	
Luke	8	30	prose	p	
Luke	8	31	prose	p	
Luke	8	32	prose	p	
Luke	8	34	prose	p	
Luke	8	35	prose	p	
Luke	8	40	prose	p	
Luke	8	45	prose	p	
Luke	8	46	prose	p	
Luke	8	49	prose	p	
Luke	8	50	prose	p	
Luke	8	51	prose	p	
Luke	8	53	prose	p	
Luke	9	6	prose	p	
Luke	9	7	prose	p	
Luke	9	10	prose	p	
Luke	9	11	prose	p	
Luke	9	13	prose	p	
Luke	9	14	prose	p	
Luke	9	15	prose	p	
Luke	9	18	prose	p	
Luke	9	19	prose	p	
Luke	9	20	prose	p	
Luke	9	21	prose	p	
Luke	9	23	prose	p	
Luke	9	28	prose	p	
Luke	9	32	prose	p	
Luke	9	34	prose	p	
Luke	9	37	prose	p	
Luke	9	41	prose	p	
Luke	9	42	prose	p	
Luke	9	44	prose	p	
Luke	9	46	prose	p	
Luke	9	49	prose	p	
Luke	9	50	prose	p	
Luke	9	51	prose	p	
Luke	9	55	prose	p	
Luke	9	57	prose	p	
Luke	9	58	prose	p	
Luke	9	59	prose	p	
Luke	9	60	prose	p	
Luke	9	61	prose	p	
Luke	9	62	prose	p	
Luke	10	13	prose	p	
Luke	10	17	prose	p	
Luke	10	18	prose	p	
Luke	10	21	prose	p	
Luke	10	22	prose	p	
Luke	10	23	prose	p	
Luke	10	25	prose	p	
Luke	10	26	prose	p	
Luke	10	27	prose	p	
Luke	10	28	prose	p	
Luke	10	29	prose	p	
Luke	10	30	prose	p	
Luke	10	37	prose	p	
Luke	10	38	prose	p	
Luke	10	41	prose	p	
Luke	11	2	prose	p	
Luke	11	3	poetry	q1	
Luke	11	4	poetry	q1	
Luke	11	5	prose	p	
Luke	11	9	prose	p	
Luke	11	11	prose	p	
Luke	11	14	prose	p	
Luke	11	21	prose	p	
Luke	11	23	prose	p	
Luke	11	24	prose	p	
Luke	11	27	prose	p	
Luke	11	28	prose	p	
Luke	11	29	prose	p	
Luke	11	33	prose	p	
Luke	11	37	prose	p	
Luke	11	45	prose	p	
Luke	11	46	prose	p	
Luke	11	53	prose	p	
Luke	12	4	prose	p	
Luke	12	6	prose	p	
Luke	12	8	prose	p	
Luke	12	13	prose	p	
Luke	12	14	prose	p	
Luke	12	16	prose	p	
Luke	12	20	prose	p	
Luke	12	22	prose	p	
Luke	12	29	prose	p	
Luke	12	32	prose	p	
Luke	12	35	prose	p	
Luke	12	41	prose	p	
Luke	12	42	prose	p	
Luke	12	49	prose	p	
Luke	12	54	prose	p	
Luke	12	57	prose	p	
Luke	13	6	prose	p	
Luke	13	10	prose	p	
Luke	13	14	prose	p	
Luke	13	15	prose	p	
Luke	13	17	prose	p	
Luke	13	18	prose	p	
Luke	13	20	prose	p	
Luke	13	22	prose	p	
Luke	13	24	prose	p	
Luke	13	31	prose	p	
Luke	13	32	prose	p	
Luke	13	34	prose	p	
Luke	14	4	prose	p	
Luke	14	5	prose	p	
Luke	14	6	prose	p	
Luke	14	7	prose	p	
Luke	14	12	prose	p	
Luke	14	15	prose	p	
Luke	14	16	prose	p	
Luke	14	19	prose	p	
Luke	14	20	prose	p	
Luke	14	21	prose	p	
Luke	14	22	prose	p	
Luke	14	23	prose	p	
Luke	14	25	prose	p	
Luke	14	34	prose	p	
Luke	15	3	prose	p	
Luke	15	8	prose	p	
Luke	15	11	prose	p	
Luke	15	20	prose	p	
Luke	15	22	prose	p	
Luke	15	25	prose	p	
Luke	15	31	prose	p	
Luke	16	3	prose	p	
Luke	16	8	prose	p	
Luke	16	14	prose	p	
Luke	16	16	prose	p	
Luke	16	18	prose	p	
Luke	16	19	prose	p	
Luke	16	25	prose	p	
Luke	16	27	prose	p	
Luke	16	29	prose	p	
Luke	16	30	prose	p	
Luke	16	31	prose	p	
Luke	17	5	prose	p	
Luke	17	6	prose	p	
Luke	17	11	prose	p	
Luke	17	14	prose	p	
Luke	17	17	prose	p	
Luke	17	20	prose	p	
Luke	17	22	prose	p	
Luke	17	37	prose	p	
Luke	18	6	prose	p	
Luke	18	9	prose	p	
Luke	18	15	prose	p	
Luke	18	18	prose	p	
Luke	18	19	prose	p	
Luke	18	21	prose	p	
Luke	18	22	prose	p	
Luke	18	23	prose	p	
Luke	18	24	prose	p	
Luke	18	26	prose	p	
Luke	18	27	prose	p	
Luke	18	28	prose	p	
Luke	18	29	prose	p	
Luke	18	31	prose	p	
Luke	18	34	prose	p	
Luke	18	35	prose	p	
Luke	18	40	prose	p	
Luke	18	42	prose	p	
Luke	18	43	prose	p	
Luke	19	8	prose	p	
Luke	19	9	prose	p	
Luke	19	11	prose	p	
Luke	19	15	prose	p	
Luke	19	17	prose	p	
Luke	19	18	prose	p	
Luke	19	19	prose	p	
Luke	19	20	prose	p	
Luke	19	22	prose	p	
Luke	19	25	prose	p	
Luke	19	29	prose	p	
Luke	19	32	prose	p	
Luke	19	37	prose	p	
Luke	19	39	prose	p	
Luke	19	40	prose	p	
Luke	19	41	prose	p	
Luke	19	45	prose	p	
Luke	19	47	prose	p	
Luke	20	3	prose	p	
Luke	20	5	prose	p	
Luke	20	8	prose	p	
Luke	20	9	prose	p	
Luke	20	14	prose	p	
Luke	20	17	prose	p	
Luke	20	18	poetry	q1	
Luke	20	19	prose	p	
Luke	20	23	prose	p	
Luke	20	25	prose	p	
Luke	20	26	prose	p	
Luke	20	34	prose	p	
Luke	20	39	prose	p	
Luke	20	41	prose	p	
Luke	20	43	poetry	q2	
Luke	20	44	prose	p	
Luke	20	45	prose	p	
Luke	21	5	prose	p	
Luke	21	7	prose	p	
Luke	21	8	prose	p	
Luke	21	10	prose	p	
Luke	21	19	prose	p	
Luke	21	20	prose	p	
Luke	21	25	prose	p	
Luke	21	29	prose	p	
Luke	21	34	prose	p	
Luke	21	37	prose	p	
Luke	22	3	prose	p	
Luke	22	7	prose	p	
Luke	22	9	prose	p	
Luke	22	10	prose	p	
Luke	22	13	prose	p	
Luke	22	14	prose	p	
Luke	22	19	prose	p	
Luke	22	23	prose	p	
Luke	22	24	prose	p	
Luke	22	28	prose	p	
Luke	22	31	prose	p	
Luke	22	33	prose	p	
Luke	22	34	prose	p	
Luke	22	35	prose	p	
Luke	22	36	prose	p	
Luke	22	38	prose	p	
Luke	22	39	prose	p	
Luke	22	41	prose	p	
Luke	22	43	prose	p	
Luke	22	45	prose	p	
Luke	22	47	prose	p	
Luke	22	49	prose	p	
Luke	22	51	prose	p	
Luke	22	54	prose	p	
Luke	22	57	prose	p	
Luke	22	58	prose	p	
Luke	22	59	prose	p	
Luke	22	60	prose	p	
Luke	22	63	prose	p	
Luke	22	66	prose	p	
Luke	22	68	prose	p	
Luke	22	70	prose	p	
Luke	22	71	prose	p	
Luke	23	3	prose	p	
Luke	23	4	prose	p	
Luke	23	5	prose	p	
Luke	23	6	prose	p	
Luke	23	8	prose	p	
Luke	23	13	prose	p	
Luke	23	17	prose	p	
Luke	23	20	prose	p	
Luke	23	22	prose	p	
Luke	23	26	prose	p	
Luke	23	32	prose	p	
Luke	23	34	prose	p	
Luke	23	35	prose	p	
Luke	23	36	prose	p	
Luke	23	38	prose	p	
Luke	23	39	prose	p	
Luke	23	40	prose	p	
Luke	23	43	prose	p	
Luke	23	44	prose	p	
Luke	23	47	prose	p	
Luke	23	50	prose	p	
Luke	24	6	prose	p	
Luke	24	8	prose	p	
Luke	24	13	prose	p	
Luke	24	18	prose	p	
Luke	24	19	prose	p	
Luke	24	20	prose	p	
Luke	24	25	prose	p	
Luke	24	28	prose	p	
Luke	24	29	prose	p	
Luke	24	30	prose	p	
Luke	24	36	prose	p	
Luke	24	37	prose	p	
Luke	24	38	prose	p	
Luke	24	42	prose	p	
Luke	24	45	prose	p	
Luke	24	50	prose	p	
John	1	6	prose	p	
John	1	10	prose	p	
John	1	14	prose	p	
John	1	19	prose	p	
John	1	20	prose	p	
John	1	21	prose	p	
John	1	22	prose	p	
John	1	23	prose	p	
John	1	24	prose	p	
John	1	26	prose	p	
John	1	29	prose	p	
John	1	35	prose	p	
John	1	39	prose	p	
John	1	40	prose	p	
John	1	43	prose	p	
John	1	46	prose	p	
John	1	47	prose	p	
John	1	48	prose	p	
John	1	49	prose	p	
John	1	50	prose	p	
John	2	4	prose	p	
John	2	5	prose	p	
John	2	6	prose	p	
John	2	12	prose	p	
John	2	13	prose	p	
John	2	18	prose	p	
John	2	19	prose	p	
John	2	20	prose	p	
John	2	23	prose	p	
John	3	3	prose	p	
John	3	4	prose	p	
John	3	5	prose	p	
John	3	9	prose	p	
John	3	10	prose	p	
John	3	22	prose	p	
John	3	27	prose	p	
John	3	31	prose	p	
John	4	7	prose	p	
John	4	9	prose	p	
John	4	10	prose	p	
John	4	11	prose	p	
John	4	13	prose	p	
John	4	15	prose	p	
John	4	16	prose	p	
John	4	17	prose	p	
John	4	18	prose	p	
John	4	19	prose	p	
John	4	21	prose	p	
John	4	25	prose	p	
John	4	26	prose	p	
John	4	27	prose	p	
John	4	31	prose	p	
John	4	32	prose	p	
John	4	33	prose	p	
John	4	34	prose	p	
John	4	39	prose	p	
John	4	43	prose	p	
John	4	49	prose	p	
John	4	50	prose	p	
John	5	7	prose	p	
John	5	8	prose	p	
John	5	9	prose	p	
John	5	10	prose	p	
John	5	11	prose	p	
John	5	12	prose	p	
John	5	13	prose	p	
John	5	14	prose	p	
John	5	15	prose	p	
John	5	18	prose	p	
John	5	24	prose	p	
John	5	31	prose	p	
John	5	39	prose	p	
John	5	45	prose	p	
John	6	7	prose	p	
John	6	8	prose	p	
John	6	10	prose	p	
John	6	16	prose	p	
John	6	22	prose	p	
John	6	26	prose	p	
John	6	28	prose	p	
John	6	29	prose	p	
John	6	30	prose	p	
John	6	32	prose	p	
John	6	34	prose	p	
John	6	35	prose	p	
John	6	41	prose	p	
John	6	43	prose	p	
John	6	52	prose	p	
John	6	53	prose	p	
John	6	60	prose	p	
John	6	61	prose	p	
John	6	66	prose	p	
John	6	68	prose	p	
John	6	70	prose	p	
John	7	6	prose	p	
John	7	9	prose	p	
John	7	16	prose	p	
John	7	20	prose	p	
John	7	21	prose	p	
John	7	25	prose	p	
John	7	28	prose	p	
John	7	30	prose	p	
John	7	33	prose	p	
John	7	35	prose	p	
John	7	37	prose	p	
John	7	40	prose	p	
John	7	46	prose	p	
John	7	47	prose	p	
John	7	50	prose	p	
John	7	52	prose	p	
John	7	53	prose	p	
John	8	2	prose	p	
John	8	7	prose	p	
John	8	9	prose	p	
John	8	11	prose	p	
John	8	12	prose	p	
John	8	13	prose	p	
John	8	14	prose	p	
John	8	19	prose	p	
John	8	20	prose	p	
John	8	22	prose	p	
John	8	23	prose	p	
John	8	25	prose	p	
John	8	26	prose	p	
John	8	27	prose	p	
John	8	30	prose	p	
John	8	33	prose	p	
John	8	34	prose	p	
John	8	39	prose	p	
John	8	40	prose	p	
John	8	42	prose	p	
John	8	48	prose	p	
John	8	49	prose	p	
John	8	52	prose	p	
John	8	54	prose	p	
John	8	57	prose	p	
John	8	58	prose	p	
John	8	59	prose	p	
John	9	3	prose	p	
John	9	8	prose	p	
John	9	10	prose	p	
John	9	11	prose	p	
John	9	12	prose	p	
John	9	13	prose	p	
John	9	16	prose	p	
John	9	17	prose	p	
John	9	18	prose	p	
John	9	20	prose	p	
John	9	24	prose	p	
John	9	25	prose	p	
John	9	26	prose	p	
John	9	27	prose	p	
John	9	28	prose	p	
John	9	30	prose	p	
John	9	34	prose	p	
John	9	35	prose	p	
John	9	36	prose	p	
John	9	37	prose	p	
John	9	38	prose	p	
John	9	39	prose	p	
John	9	40	prose	p	
John	9	41	prose	p	
John	10	7	prose	p	
John	10	11	prose	p	
John	10	19	prose	p	
John	10	22	prose	p	
John	10	25	prose	p	
John	10	31	prose	p	
John	10	33	prose	p	
John	10	34	prose	p	
John	10	39	prose	p	
John	11	4	prose	p	
John	11	8	prose	p	
John	11	9	prose	p	
John	11	12	prose	p	
John	11	13	prose	p	
John	11	16	prose	p	
John	11	17	prose	p	
John	11	23	prose	p	
John	11	24	prose	p	
John	11	25	prose	p	
John	11	27	prose	p	
John	11	28	prose	p	
John	11	29	prose	p	
John	11	32	prose	p	
John	11	33	prose	p	
John	11	35	prose	p	
John	11	36	prose	p	
John	11	38	prose	p	
John	11	40	prose	p	
John	11	41	prose	p	
John	11	44	prose	p	
John	11	45	prose	p	
John	11	49	prose	p	
John	11	55	prose	p	
John	12	4	prose	p	
John	12	7	prose	p	
John	12	9	prose	p	
John	12	12	prose	p	
John	12	14	prose	p	
John	12	20	prose	p	
John	12	23	prose	p	
John	12	27	prose	p	
John	12	29	prose	p	
John	12	30	prose	p	
John	12	34	prose	p	
John	12	35	prose	p	
John	12	39	prose	p	
John	12	40	poetry	q1	
John	12	41	prose	p	
John	12	44	prose	p	
John	13	7	prose	p	
John	13	8	prose	p	
John	13	9	prose	p	
John	13	10	prose	p	
John	13	21	prose	p	
John	13	22	prose	p	
John	13	25	prose	p	
John	13	26	prose	p	
John	13	28	prose	p	
John	13	31	prose	p	
John	13	36	prose	p	
John	13	37	prose	p	
John	13	38	prose	p	
John	14	5	prose	p	
John	14	6	prose	p	
John	14	8	prose	p	
John	14	9	prose	p	
John	14	22	prose	p	
John	14	23	prose	p	
John	14	25	prose	p	
John	15	8	prose	p	
John	15	12	prose	p	
John	15	17	prose	p	
John	15	26	prose	p	
John	16	12	prose	p	
John	16	16	prose	p	
John	16	17	prose	p	
John	16	19	prose	p	
John	16	23	prose	p	
John	16	25	prose	p	
John	16	29	prose	p	
John	16	31	prose	p	
John	17	6	prose	p	
John	17	20	prose	p	
John	18	5	prose	p	
John	18	6	prose	p	
John	18	7	prose	p	
John	18	8	prose	p	
John	18	10	prose	p	
John	18	12	prose	p	
John	18	15	prose	p	
John	18	18	prose	p	
John	18	19	prose	p	
John	18	20	prose	p	
John	18	22	prose	p	
John	18	23	prose	p	
John	18	24	prose	p	
John	18	25	prose	p	
John	18	26	prose	p	
John	18	27	prose	p	
John	18	28	prose	p	
John	18	30	prose	p	
John	18	31	prose	p	
John	18	32	prose	p	
John	18	33	prose	p	
John	18	34	prose	p	
John	18	35	prose	p	
John	18	36	prose	p	
John	18	37	prose	p	
John	18	38	prose	p	
John	18	39	prose	p	
John	18	40	prose	p	
John	19	4	prose	p	
John	19	5	prose	p	
John	19	6	prose	p	
John	19	7	prose	p	
John	19	8	prose	p	
John	19	11	prose	p	
John	19	12	prose	p	
John	19	13	prose	p	
John	19	15	prose	p	
John	19	16	prose	p	
John	19	22	prose	p	
John	19	23	prose	p	
John	19	25	prose	p	
John	19	28	prose	p	
John	19	31	prose	p	
John	19	38	prose	p	
John	20	3	prose	p	
John	20	11	prose	p	
John	20	14	prose	p	
John	20	15	prose	p	
John	20	16	prose	p	
John	20	17	prose	p	
John	20	18	prose	p	
John	20	20	prose	p	
John	20	24	prose	p	
John	20	26	prose	p	
John	20	28	prose	p	
John	20	29	prose	p	
John	20	30	prose	p	
John	21	4	prose	p	
John	21	6	prose	p	
John	21	7	prose	p	
John	21	8	prose	p	
John	21	11	prose	p	
John	21	12	prose	p	
John	21	13	prose	p	
John	21	16	prose	p	
John	21	17	prose	p	
John	21	18	prose	p	
John	21	19	prose	p	
John	21	20	prose	p	
John	21	22	prose	p	
John	21	24	prose	p	
Acts	1	6	prose	p	
Acts	1	7	prose	p	
Acts	1	9	prose	p	
Acts	1	12	prose	p	
Acts	1	15	prose	p	
Acts	1	21	prose	p	
Acts	1	23	prose	p	
Acts	2	5	prose	p	
Acts	2	14	prose	p	
Acts	2	17	poetry	q1	
Acts	2	18	poetry	q1	
Acts	2	19	poetry	q1	
Acts	2	20	poetry	q1	
Acts	2	21	poetry	q1	
Acts	2	22	prose	p	
Acts	2	26	poetry	q1	
Acts	2	27	poetry	q1	
Acts	2	28	poetry	q1	
Acts	2	29	prose	p	
Acts	2	35	poetry	q2	
Acts	2	36	prose	p	
Acts	2	37	prose	p	
Acts	2	38	prose	p	
Acts	2	41	prose	p	
Acts	3	12	prose	p	
Acts	3	17	prose	p	
Acts	3	19	prose	p	
Acts	4	5	prose	p	
Acts	4	8	prose	p	
Acts	4	13	prose	p	
Acts	4	19	prose	p	
Acts	4	21	prose	p	
Acts	4	23	prose	p	
Acts	4	26	poetry	q1	
Acts	4	27	prose	p	
Acts	4	31	prose	p	
Acts	4	32	prose	p	
Acts	4	36	prose	p	
Acts	5	5	prose	p	
Acts	5	9	prose	p	
Acts	5	10	prose	p	
Acts	5	12	prose	p	
Acts	5	17	prose	p	
Acts	5	21	prose	p	
Acts	5	24	prose	p	
Acts	5	27	prose	p	
Acts	5	29	prose	p	
Acts	5	33	prose	p	
Acts	5	40	prose	p	
Acts	5	42	prose	p	
Acts	6	5	prose	p	
Acts	6	7	prose	p	
Acts	6	8	prose	p	
Acts	7	2	prose	p	
Acts	7	9	prose	p	
Acts	7	17	prose	p	
Acts	7	26	prose	p	
Acts	7	30	prose	p	
Acts	7	35	prose	p	
Acts	7	43	poetry	q1	
Acts	7	44	prose	p	
Acts	7	49	poetry	q1	
Acts	7	50	poetry	q1	
Acts	7	51	prose	p	
Acts	7	54	prose	p	
Acts	7	57	prose	p	
Acts	8	9	prose	p	
Acts	8	14	prose	p	
Acts	8	24	prose	p	
Acts	8	25	prose	p	
Acts	8	26	prose	p	
Acts	8	27	prose	p	
Acts	8	29	prose	p	
Acts	8	30	prose	p	
Acts	8	31	prose	p	
Acts	8	33	poetry	q1	
Acts	8	34	prose	p	
Acts	8	35	prose	p	
Acts	8	39	prose	p	
Acts	9	5	prose	p	
Acts	9	6	prose	p	
Acts	9	7	prose	p	
Acts	9	10	prose	p	
Acts	9	11	prose	p	
Acts	9	13	prose	p	
Acts	9	15	prose	p	
Acts	9	17	prose	p	
Acts	9	20	prose	p	
Acts	9	22	prose	p	
Acts	9	26	prose	p	
Acts	9	31	prose	p	
Acts	9	32	prose	p	
Acts	9	36	prose	p	
Acts	10	4	prose	p	
Acts	10	5	prose	p	
Acts	10	7	prose	p	
Acts	10	9	prose	p	
Acts	10	14	prose	p	
Acts	10	15	prose	p	
Acts	10	17	prose	p	
Acts	10	21	prose	p	
Acts	10	22	prose	p	
Acts	10	24	prose	p	
Acts	10	30	prose	p	
Acts	10	34	prose	p	
Acts	10	44	prose	p	
Acts	10	47	prose	p	
Acts	11	4	prose	p	
Acts	11	18	prose	p	
Acts	11	19	prose	p	
Acts	11	25	prose	p	
Acts	11	27	prose	p	
Acts	12	7	prose	p	
Acts	12	11	prose	p	
Acts	12	15	prose	p	
Acts	12	18	prose	p	
Acts	12	20	prose	p	
Acts	12	24	prose	p	
Acts	13	3	prose	p	
Acts	13	12	prose	p	
Acts	13	13	prose	p	
Acts	13	16	prose	p	
Acts	13	26	prose	p	
Acts	13	34	prose	p	
Acts	13	41	poetry	q1	
Acts	13	42	prose	p	
Acts	13	44	prose	p	
Acts	13	46	prose	p	
Acts	13	48	prose	p	
Acts	14	8	prose	p	
Acts	14	14	prose	p	
Acts	14	18	prose	p	
Acts	14	20	prose	p	
Acts	14	21	prose	p	
Acts	14	24	prose	p	
Acts	15	5	prose	p	
Acts	15	6	prose	p	
Acts	15	12	prose	p	
Acts	15	16	poetry	q1	
Acts	15	17	poetry	q1	
Acts	15	18	prose	p	
Acts	15	22	prose	p	
Acts	15	24	prose	p	
Acts	15	30	prose	p	
Acts	15	36	prose	p	
Acts	16	6	prose	p	
Acts	16	13	prose	p	
Acts	16	16	prose	p	
Acts	16	19	prose	p	
Acts	16	22	prose	p	
Acts	16	25	prose	p	
Acts	16	29	prose	p	
Acts	16	31	prose	p	
Acts	16	33	prose	p	
Acts	16	35	prose	p	
Acts	16	36	prose	p	
Acts	16	37	prose	p	
Acts	16	38	prose	p	
Acts	17	4	prose	p	
Acts	17	10	prose	p	
Acts	17	11	prose	p	
Acts	17	16	prose	p	
Acts	17	19	prose	p	
Acts	17	22	prose	p	
Acts	17	32	prose	p	
Acts	17	33	prose	p	
Acts	18	5	prose	p	
Acts	18	7	prose	p	
Acts	18	11	prose	p	
Acts	18	14	prose	p	
Acts	18	17	prose	p	
Acts	18	18	prose	p	
Acts	18	22	prose	p	
Acts	18	27	prose	p	
Acts	19	3	prose	p	
Acts	19	4	prose	p	
Acts	19	5	prose	p	
Acts	19	8	prose	p	
Acts	19	9	prose	p	
Acts	19	11	prose	p	
Acts	19	15	prose	p	
Acts	19	21	prose	p	
Acts	19	22	prose	p	
Acts	19	28	prose	p	
Acts	19	35	prose	p	
Acts	20	7	prose	p	
Acts	20	11	prose	p	
Acts	20	13	prose	p	
Acts	20	17	prose	p	
Acts	20	25	prose	p	
Acts	20	36	prose	p	
Acts	21	7	prose	p	
Acts	21	9	prose	p	
Acts	21	12	prose	p	
Acts	21	14	prose	p	
Acts	21	15	prose	p	
Acts	21	17	prose	p	
Acts	21	26	prose	p	
Acts	21	30	prose	p	
Acts	21	35	prose	p	
Acts	21	38	prose	p	
Acts	21	39	prose	p	
Acts	21	40	prose	p	
Acts	22	2	prose	p	
Acts	22	3	prose	p	
Acts	22	6	prose	p	
Acts	22	9	prose	p	
Acts	22	12	prose	p	
Acts	22	17	prose	p	
Acts	22	21	prose	p	
Acts	22	22	prose	p	
Acts	22	23	prose	p	
Acts	22	26	prose	p	
Acts	22	27	prose	p	
Acts	22	28	prose	p	
Acts	22	29	prose	p	
Acts	23	2	prose	p	
Acts	23	3	prose	p	
Acts	23	4	prose	p	
Acts	23	5	prose	p	
Acts	23	6	prose	p	
Acts	23	7	prose	p	
Acts	23	10	prose	p	
Acts	23	11	prose	p	
Acts	23	12	prose	p	
Acts	23	16	prose	p	
Acts	23	18	prose	p	
Acts	23	19	prose	p	
Acts	23	20	prose	p	
Acts	23	22	prose	p	
Acts	23	23	prose	p	
Acts	23	26	prose	p	
Acts	23	27	prose	p	
Acts	23	31	prose	p	
Acts	24	9	prose	p	
Acts	24	10	prose	p	
Acts	24	22	prose	p	
Acts	24	24	prose	p	
Acts	24	27	prose	p	
Acts	25	6	prose	p	
Acts	25	9	prose	p	
Acts	25	10	prose	p	
Acts	25	12	prose	p	
Acts	25	13	prose	p	
Acts	25	22	prose	p	
Acts	25	23	prose	p	
Acts	26	2	prose	p	
Acts	26	4	prose	p	
Acts	26	9	prose	p	
Acts	26	12	prose	p	
Acts	26	15	prose	p	
Acts	26	16	prose	p	
Acts	26	19	prose	p	
Acts	26	24	prose	p	
Acts	26	25	prose	p	
Acts	26	28	prose	p	
Acts	26	29	prose	p	
Acts	26	30	prose	p	
Acts	27	9	prose	p	
Acts	27	13	prose	p	
Acts	27	21	prose	p	
Acts	27	27	prose	p	
Acts	27	33	prose	p	
Acts	27	42	prose	p	
Acts	28	7	prose	p	
Acts	28	11	prose	p	
Acts	28	17	prose	p	
Acts	28	21	prose	p	
Acts	28	23	prose	p	
Acts	28	27	poetry	q1	
Acts	28	28	prose	p	
Acts	28	29	prose	p	
Acts	28	30	prose	p	
Rom	1	8	prose	p	
Rom	1	13	prose	p	
Rom	1	16	prose	p	
Rom	1	18	prose	p	
Rom	1	22	prose	p	
Rom	1	26	prose	p	
Rom	2	10	prose	p	
Rom	2	17	prose	p	
Rom	3	5	prose	p	
Rom	3	9	prose	p	
Rom	3	11	poetry	q1	
Rom	3	12	poetry	q1	
Rom	3	13	poetry	q1	
Rom	3	14	poetry	q2	
Rom	3	15	poetry	q1	
Rom	3	16	poetry	q2	
Rom	3	17	poetry	q2	
Rom	3	18	poetry	q1	
Rom	3	19	prose	p	
Rom	3	21	prose	p	
Rom	3	27	prose	p	
Rom	3	31	prose	p	
Rom	4	7	poetry	q1	
Rom	4	8	poetry	q1	
Rom	4	9	prose	p	
Rom	4	13	prose	p	
Rom	4	16	prose	p	
Rom	5	6	prose	p	
Rom	5	9	prose	p	
Rom	5	11	prose	p	
Rom	5	15	prose	p	
Rom	5	18	prose	p	
Rom	6	5	prose	p	
Rom	6	12	prose	p	
Rom	6	15	prose	p	
Rom	6	19	prose	p	
Rom	7	7	prose	p	
Rom	7	13	prose	p	
Rom	8	9	prose	p	
Rom	8	12	prose	p	
Rom	8	16	prose	p	
Rom	8	18	prose	p	
Rom	8	26	prose	p	
Rom	8	28	prose	p	
Rom	8	31	prose	p	
Rom	8	35	prose	p	
Rom	8	37	prose	m	
Rom	9	6	prose	p	
Rom	9	14	prose	p	
Rom	9	19	prose	p	
Rom	9	26	poetry	q1	
Rom	9	27	prose	p	
Rom	9	28	poetry	q1	
Rom	9	29	prose	p	
Rom	9	30	prose	p	
Rom	10	5	prose	p	
Rom	10	12	prose	p	
Rom	10	16	prose	p	
Rom	10	19	prose	p	
Rom	10	20	prose	p	
Rom	10	21	prose	p	
Rom	11	7	prose	p	
Rom	11	9	prose	p	
Rom	11	10	poetry	q1	
Rom	11	11	prose	p	
Rom	11	13	prose	p	
Rom	11	16	prose	p	
Rom	11	25	prose	p	
Rom	11	27	poetry	q1	
Rom	11	28	prose	p	
Rom	11	33	prose	p	
Rom	11	34	poetry	q1	
Rom	11	35	poetry	q1	
Rom	11	36	prose	p	
Rom	12	3	prose	p	
Rom	12	9	prose	p	
Rom	12	14	prose	p	
Rom	12	21	prose	p	
Rom	13	8	prose	p	
Rom	13	11	prose	p	
Rom	14	5	prose	p	
Rom	14	10	prose	p	
Rom	14	12	prose	p	
Rom	14	13	prose	p	
Rom	14	22	prose	p	
Rom	14	24	prose	p	
Rom	15	7	prose	p	
Rom	15	10	prose	p	
Rom	15	11	prose	p	
Rom	15	12	prose	p	
Rom	15	13	prose	p	
Rom	15	14	prose	p	
Rom	15	22	prose	p	
Rom	15	30	prose	p	
Rom	16	3	prose	p	
Rom	16	17	prose	p	
Rom	16	21	prose	p	
1Cor	1	4	prose	p	
1Cor	1	10	prose	p	
1Cor	1	20	prose	p	
1Cor	1	26	prose	p	
1Cor	2	6	prose	p	
1Cor	2	10	prose	p	
1Cor	3	5	prose	p	
1Cor	3	10	prose	p	
1Cor	3	16	prose	p	
1Cor	3	18	prose	p	
1Cor	4	6	prose	p	
1Cor	4	8	prose	p	
1Cor	4	14	prose	p	
1Cor	5	6	prose	p	
1Cor	5	9	prose	p	
1Cor	6	9	prose	p	
1Cor	6	12	prose	p	
1Cor	7	6	prose	p	
1Cor	7	12	prose	p	
1Cor	7	17	prose	p	
1Cor	7	18	prose	p	
1Cor	7	25	prose	p	
1Cor	7	32	prose	p	
1Cor	7	36	prose	p	
1Cor	7	39	prose	p	
1Cor	8	4	prose	p	
1Cor	8	7	prose	p	
1Cor	9	3	prose	p	
1Cor	9	8	prose	p	
1Cor	9	13	prose	p	
1Cor	9	15	prose	p	
1Cor	9	19	prose	p	
1Cor	10	6	prose	p	
1Cor	10	13	prose	p	
1Cor	10	14	prose	p	
1Cor	10	19	prose	p	
1Cor	10	23	prose	p	
1Cor	10	31	prose	p	
1Cor	11	2	prose	p	
1Cor	11	11	prose	p	
1Cor	11	17	prose	p	
1Cor	11	23	prose	p	
1Cor	11	27	prose	p	
1Cor	12	4	prose	p	
1Cor	12	12	prose	p	
1Cor	12	14	prose	p	
1Cor	12	27	prose	p	
1Cor	13	4	prose	p	
1Cor	13	8	prose	p	
1Cor	14	6	prose	p	
1Cor	14	13	prose	p	
1Cor	14	15	prose	p	
1Cor	14	20	prose	p	
1Cor	14	26	prose	p	
1Cor	14	37	prose	p	
1Cor	14	39	prose	p	
1Cor	15	3	prose	p	
1Cor	15	12	prose	p	
1Cor	15	20	prose	p	
1Cor	15	29	prose	p	
1Cor	15	35	prose	p	
1Cor	15	42	prose	p	
1Cor	15	45	prose	p	
1Cor	15	51	prose	p	
1Cor	15	55	poetry	q1	
1Cor	15	56	prose	p	
1Cor	16	5	prose	p	
1Cor	16	10	prose	p	
1Cor	16	12	prose	p	
1Cor	16	13	prose	p	
1Cor	16	15	prose	p	
1Cor	16	19	prose	p	
1Cor	16	21	prose	p	
2Cor	1	3	prose	p	
2Cor	1	8	prose	p	
2Cor	1	12	prose	p	
2Cor	1	15	prose	p	
2Cor	1	21	prose	p	
2Cor	1	23	prose	p	
2Cor	2	5	prose	p	
2Cor	2	12	prose	p	
2Cor	2	14	prose	p	
2Cor	3	4	prose	p	
2Cor	3	7	prose	p	
2Cor	3	12	prose	p	
2Cor	4	7	prose	p	
2Cor	4	13	prose	p	
2Cor	4	16	prose	p	
2Cor	5	6	prose	p	
2Cor	5	11	prose	p	
2Cor	5	16	prose	p	
2Cor	5	20	prose	p	
2Cor	6	3	prose	p	
2Cor	6	11	prose	p	
2Cor	6	14	prose	p	
2Cor	6	18	poetry	q1	
2Cor	7	2	prose	p	
2Cor	7	5	prose	p	
2Cor	7	8	prose	p	
2Cor	8	8	prose	p	
2Cor	8	16	prose	p	
2Cor	9	6	prose	p	
2Cor	9	10	prose	p	
2Cor	10	7	prose	p	
2Cor	10	12	prose	p	
2Cor	11	7	prose	p	
2Cor	11	12	prose	p	
2Cor	11	16	prose	p	
2Cor	11	28	prose	p	
2Cor	11	30	prose	p	
2Cor	12	10	prose	p	
2Cor	12	14	prose	p	
2Cor	12	19	prose	p	
2Cor	13	5	prose	p	
2Cor	13	7	prose	p	
2Cor	13	11	prose	p	
2Cor	13	13	prose	p	
2Cor	13	14	prose	p	
Gal	1	6	prose	p	
Gal	1	10	prose	p	
Gal	1	11	prose	p	
Gal	1	18	prose	p	
Gal	2	11	prose	p	
Gal	2	15	prose	p	
Gal	3	10	prose	p	
Gal	3	13	prose	p	
Gal	3	15	prose	p	
Gal	3	19	prose	p	
Gal	3	21	prose	p	
Gal	3	23	prose	p	
Gal	4	8	prose	p	
Gal	4	12	prose	p	
Gal	4	15	prose	p	
Gal	4	19	prose	p	
Gal	4	21	prose	p	
Gal	4	28	prose	p	
Gal	5	2	prose	p	
Gal	5	7	prose	p	
Gal	5	11	prose	p	
Gal	5	13	prose	p	
Gal	5	16	prose	p	
Gal	5	22	prose	p	
Gal	5	25	prose	p	
Gal	6	6	prose	p	
Gal	6	7	prose	p	
Gal	6	11	prose	p	
Gal	6	17	prose	p	
Gal	6	18	prose	p	
Eph	1	3	prose	p	
Eph	1	15	prose	p	
Eph	2	11	prose	p	
Eph	3	14	prose	p	
Eph	3	20	prose	p	
Eph	4	9	prose	m	
Eph	4	11	prose	p	
Eph	4	17	prose	p	
Eph	4	25	prose	p	
Eph	5	3	prose	p	
Eph	5	5	prose	p	
Eph	5	6	prose	p	
Eph	5	15	prose	p	
Eph	5	22	prose	p	
Eph	5	25	prose	p	
Eph	6	4	prose	p	
Eph	6	5	prose	p	
Eph	6	9	prose	p	
Eph	6	10	prose	p	
Eph	6	21	prose	p	
Eph	6	23	prose	p	
Phil	1	3	prose	p	
Phil	1	9	prose	p	
Phil	1	12	prose	p	
Phil	1	18	prose	p	
Phil	1	27	prose	p	
Phil	2	5	prose	p	
Phil	2	12	prose	p	
Phil	2	14	prose	p	
Phil	2	19	prose	p	
Phil	2	25	prose	p	
Phil	3	2	prose	p	
Phil	3	7	prose	p	
Phil	3	13	prose	p	
Phil	3	17	prose	p	
Phil	4	2	prose	p	
Phil	4	4	prose	p	
Phil	4	8	prose	p	
Phil	4	10	prose	p	
Phil	4	21	prose	p	
Phil	4	23	prose	p	
Col	1	3	prose	p	
Col	1	9	prose	p	
Col	1	15	prose	p	
Col	1	21	prose	p	
Col	1	24	prose	p	
Col	2	6	prose	p	
Col	2	8	prose	p	
Col	2	16	prose	p	
Col	2	20	prose	p	
Col	3	5	prose	p	
Col	3	12	prose	p	
Col	3	14	prose	p	
Col	3	17	prose	p	
Col	3	18	prose	p	
Col	3	19	prose	p	
Col	3	20	prose	p	
Col	3	21	prose	p	
Col	3	22	prose	p	
Col	4	2	prose	p	
Col	4	5	prose	p	
Col	4	7	prose	p	
Col	4	10	prose	p	
Col	4	12	prose	p	
Col	4	18	prose	p	
1Thess	1	2	prose	p	
1Thess	2	8	prose	p	
1Thess	2	13	prose	p	
1Thess	2	17	prose	p	
1Thess	3	6	prose	p	
1Thess	3	11	prose	p	
1Thess	4	9	prose	p	
1Thess	4	13	prose	p	
1Thess	5	12	prose	p	
1Thess	5	14	prose	p	
1Thess	5	16	prose	p	
1Thess	5	23	prose	p	
1Thess	5	24	prose	p	
1Thess	5	25	prose	p	
1Thess	5	26	prose	p	
1Thess	5	28	prose	p	
2Thess	1	3	prose	p	
2Thess	1	11	prose	p	
2Thess	2	13	prose	p	
2Thess	2	16	prose	p	
2Thess	3	6	prose	p	
2Thess	3	13	prose	p	
2Thess	3	16	prose	p	
2Thess	3	17	prose	p	
1Tim	1	3	prose	p	
1Tim	1	8	prose	p	
1Tim	1	12	prose	p	
1Tim	1	18	prose	p	
1Tim	2	8	prose	p	
1Tim	3	8	prose	p	
1Tim	3	14	prose	p	
1Tim	4	6	prose	p	
1Tim	4	12	prose	p	
1Tim	5	3	prose	p	
1Tim	5	9	prose	p	
1Tim	5	11	prose	p	
1Tim	5	17	prose	p	
1Tim	5	19	prose	p	
1Tim	5	23	prose	p	
1Tim	5	24	prose	p	
1Tim	6	3	prose	p	
1Tim	6	6	prose	p	
1Tim	6	11	prose	p	
1Tim	6	17	prose	p	
1Tim	6	20	prose	p	
2Tim	1	3	prose	p	
2Tim	1	6	prose	p	
2Tim	1	13	prose	p	
2Tim	1	15	prose	p	
2Tim	2	8	prose	p	
2Tim	2	12	poetry	q1	
2Tim	2	13	poetry	q1	
2Tim	2	14	prose	p	
2Tim	2	15	prose	p	
2Tim	2	20	prose	p	
2Tim	2	22	prose	p	
2Tim	3	10	prose	p	
2Tim	4	6	prose	p	
2Tim	4	9	prose	p	
2Tim	4	16	prose	p	
2Tim	4	19	prose	p	
2Tim	4	22	prose	p	
Tit	1	5	prose	p	
Tit	1	10	prose	p	
Tit	2	6	prose	p	
Tit	2	9	prose	p	
Tit	2	15	prose	p	
Tit	3	12	prose	p	
Tit	3	15	prose	p	
Philem	1	4	prose	p	
Philem	1	8	prose	p	
Philem	1	17	prose	p	
Philem	1	21	prose	p	
Philem	1	22	prose	p	
Philem	1	23	prose	p	
Philem	1	25	prose	p	
Heb	1	6	prose	p	
Heb	1	8	prose	p	
Heb	1	9	poetry	q1	
Heb	1	10	prose	p	
Heb	1	11	poetry	q1	
Heb	1	12	poetry	q1	
Heb	1	13	prose	p	
Heb	1	14	prose	p	
Heb	2	5	prose	p	
Heb	2	7	poetry	q1	
Heb	2	8	poetry	q2	
Heb	2	9	prose	p	
Heb	2	10	prose	p	
Heb	2	13	prose	p	
Heb	3	8	poetry	q2	
Heb	3	9	poetry	q2	
Heb	3	10	poetry	q1	
Heb	3	11	poetry	q1	
Heb	3	12	prose	p	
Heb	3	16	prose	p	
Heb	4	6	prose	p	
Heb	4	8	prose	p	
Heb	4	14	prose	p	
Heb	5	6	prose	p	
Heb	5	7	prose	p	
Heb	5	11	prose	p	
Heb	6	9	prose	p	
Heb	6	13	prose	p	
Heb	7	4	prose	p	
Heb	7	11	prose	p	
Heb	7	18	prose	p	
Heb	7	22	prose	p	
Heb	7	23	prose	p	
Heb	7	26	prose	p	
Heb	8	7	prose	p	
Heb	8	9	poetry	q1	
Heb	8	10	poetry	q1	
Heb	8	11	poetry	q1	
Heb	8	12	poetry	q1	
Heb	8	13	prose	p	
Heb	9	6	prose	p	
Heb	9	11	prose	p	
Heb	9	21	prose	p	
Heb	9	23	prose	p	
Heb	10	6	poetry	q1	
Heb	10	7	poetry	q2	
Heb	10	8	prose	p	
Heb	10	11	prose	p	
Heb	10	16	poetry	q1	
Heb	10	17	poetry	q1	
Heb	10	18	prose	p	
Heb	10	19	prose	p	
Heb	10	24	prose	p	
Heb	10	26	prose	p	
Heb	10	32	prose	p	
Heb	10	37	poetry	q1	
Heb	10	38	poetry	q1	
Heb	10	39	prose	p	
Heb	11	4	prose	p	
Heb	11	5	prose	p	
Heb	11	7	prose	p	
Heb	11	8	prose	p	
Heb	11	11	prose	p	
Heb	11	13	prose	p	
Heb	11	17	prose	p	
Heb	11	20	prose	p	
Heb	11	21	prose	p	
Heb	11	22	prose	p	
Heb	11	23	prose	p	
Heb	11	24	prose	p	
Heb	11	29	prose	p	
Heb	11	30	prose	p	
Heb	11	31	prose	p	
Heb	11	32	prose	p	
Heb	11	39	prose	p	
Heb	12	3	prose	p	
Heb	12	6	poetry	q2	
Heb	12	7	prose	p	
Heb	12	14	prose	p	
Heb	12	18	prose	p	
Heb	12	22	prose	p	
Heb	12	25	prose	p	
Heb	13	5	prose	p	
Heb	13	7	prose	p	
Heb	13	10	prose	p	
Heb	13	17	prose	p	
Heb	13	18	prose	p	
Heb	13	20	prose	p	
Heb	13	22	prose	p	
Heb	13	24	prose	p	
Heb	13	25	prose	p	
James	1	2	prose	p	
James	1	5	prose	p	
James	1	9	prose	p	
James	1	12	prose	p	
James	1	13	prose	p	
James	1	19	prose	p	
James	1	22	prose	p	
James	1	26	prose	p	
James	2	8	prose	p	
James	2	14	prose	p	
James	2	19	prose	p	
James	3	13	prose	p	
James	4	11	prose	p	
James	4	13	prose	p	
James	5	7	prose	p	
James	5	9	prose	p	
James	5	12	prose	p	
James	5	13	prose	p	
James	5	19	prose	p	
1Pet	1	3	prose	p	
1Pet	1	10	prose	p	
1Pet	1	13	prose	p	
1Pet	1	17	prose	p	
1Pet	1	22	prose	p	
1Pet	1	25	poetry	q2	
1Pet	2	7	prose	p	
1Pet	2	8	prose	p	
1Pet	2	9	prose	p	
1Pet	2	11	prose	p	
1Pet	2	13	prose	p	
1Pet	2	17	prose	p	
1Pet	2	18	prose	p	
1Pet	3	7	prose	p	
1Pet	3	8	prose	p	
1Pet	3	11	poetry	q1	
1Pet	3	12	poetry	q1	
1Pet	3	13	prose	p	
1Pet	4	7	prose	p	
1Pet	4	12	prose	p	
1Pet	5	5	prose	p	
1Pet	5	8	prose	p	
1Pet	5	12	prose	p	
2Pet	1	12	prose	p	
2Pet	1	16	prose	p	
2Pet	1	19	prose	p	
2Pet	2	4	prose	p	
2Pet	2	17	prose	p	
2Pet	2	20	prose	p	
2Pet	3	8	prose	p	
2Pet	3	14	prose	p	
1John	1	5	prose	p	
1John	2	7	prose	p	
1John	2	12	prose	p	
1John	2	13	prose	p	
1John	2	14	prose	p	
1John	2	15	prose	p	
1John	2	18	prose	p	
1John	2	24	prose	p	
1John	2	26	prose	p	
1John	2	28	prose	p	
1John	3	4	prose	p	
1John	3	7	prose	p	
1John	3	13	prose	p	
1John	3	16	prose	p	
1John	3	18	prose	p	
1John	4	7	prose	p	
1John	4	13	prose	p	
1John	5	6	prose	p	
1John	5	13	prose	p	
1John	5	14	prose	p	
1John	5	16	prose	p	
1John	5	18	prose	p	
1John	5	21	prose	p	
2John	1	4	prose	p	
2John	1	7	prose	p	
2John	1	12	prose	p	
3John	1	2	prose	p	
3John	1	5	prose	p	
3John	1	9	prose	p	
3John	1	11	prose	p	
3John	1	13	prose	p	
Jude	1	3	prose	p	
Jude	1	5	prose	p	
Jude	1	17	prose	p	
Jude	1	20	prose	p	
Jude	1	24	prose	p	
Apoc	1	3	prose	p	
Apoc	1	4	prose	p	
Apoc	1	7	prose	p	
Apoc	1	8	prose	p	
Apoc	1	9	prose	p	
Apoc	1	12	prose	p	
Apoc	1	18	prose	p	
Apoc	2	2	prose	p	
Apoc	2	8	prose	p	
Apoc	2	9	prose	p	
Apoc	2	12	prose	p	
Apoc	2	13	prose	p	
Apoc	2	18	prose	p	
Apoc	2	19	prose	p	
Apoc	3	2	prose	p	
Apoc	3	7	prose	p	
Apoc	3	8	prose	p	
Apoc	3	14	prose	p	
Apoc	3	15	prose	p	
Apoc	4	2	prose	p	
Apoc	4	9	prose	p	
Apoc	5	6	prose	p	
Apoc	5	10	poetry	q1	
Apoc	5	11	prose	p	
Apoc	5	13	prose	p	
Apoc	5	14	prose	p	
Apoc	6	3	prose	p	
Apoc	6	5	prose	p	
Apoc	6	7	prose	p	
Apoc	6	9	prose	p	
Apoc	6	12	prose	p	
Apoc	7	5	poetry	q1	
Apoc	7	6	poetry	q1	
Apoc	7	7	poetry	q1	
Apoc	7	8	poetry	q1	
Apoc	7	9	prose	p	
Apoc	7	11	prose	p	
Apoc	7	13	prose	p	
Apoc	7	14	prose	p	
Apoc	7	15	prose	p	
Apoc	8	3	prose	p	
Apoc	8	6	prose	p	
Apoc	8	7	prose	p	
Apoc	8	8	prose	p	
Apoc	8	10	prose	p	
Apoc	8	12	prose	p	
Apoc	9	7	prose	p	
Apoc	9	12	prose	p	
Apoc	9	13	prose	p	
Apoc	9	15	prose	p	
Apoc	9	20	prose	p	
Apoc	10	5	prose	p	
Apoc	10	8	prose	p	
Apoc	10	9	prose	p	
Apoc	10	10	prose	p	
Apoc	11	4	prose	p	
Apoc	11	7	prose	p	
Apoc	11	11	prose	p	
Apoc	11	14	prose	p	
Apoc	11	15	prose	p	
Apoc	11	16	prose	p	
Apoc	11	19	prose	p	
Apoc	12	3	prose	p	
Apoc	12	7	prose	p	
Apoc	12	10	prose	p	
Apoc	12	13	prose	p	
Apoc	13	5	prose	p	
Apoc	13	11	prose	p	
Apoc	14	6	prose	p	
Apoc	14	8	prose	p	
Apoc	14	9	prose	p	
Apoc	14	12	prose	p	
Apoc	14	13	prose	p	
Apoc	14	14	prose	p	
Apoc	14	17	prose	p	
Apoc	15	2	prose	p	
Apoc	15	4	poetry	q1	
Apoc	15	5	prose	p	
Apoc	15	7	prose	p	
Apoc	16	2	prose	p	
Apoc	16	3	prose	p	
Apoc	16	4	prose	p	
Apoc	16	7	prose	p	
Apoc	16	8	prose	p	
Apoc	16	10	prose	p	
Apoc	16	12	prose	p	
Apoc	16	15	prose	p	
Apoc	16	17	prose	p	
Apoc	17	7	prose	p	
Apoc	17	9	prose	p	
Apoc	18	4	prose	p	
Apoc	18	9	prose	p	
Apoc	18	20	prose	p	
Apoc	18	21	prose	p	
Apoc	19	3	prose	p	
Apoc	19	5	prose	p	
Apoc	19	6	prose	p	
Apoc	19	9	prose	p	
Apoc	19	10	prose	p	
Apoc	19	11	prose	p	
Apoc	19	17	prose	p	
Apoc	20	4	prose	p	
Apoc	20	7	prose	p	
Apoc	20	11	prose	p	
Apoc	21	5	prose	p	
Apoc	21	9	prose	p	
Apoc	21	15	prose	p	
Apoc	21	22	prose	p	
Apoc	22	6	prose	p	
Apoc	22	7	prose	p	
Apoc	22	8	prose	p	
Apoc	22	12	prose	p	
Apoc	22	17	prose	p	
Apoc	22	18	prose	p	
Apoc	22	21	prose	p	
