cited_locus	resolves_to	kind	note
Esth.1.1		absent	this edition prints Esther in the Septuagint arrangement and in fifteen chapters, so no Vulgate chapter or verse number addresses the matter it names: its 1:1 is the Vulgate's 11:2, its 3:1 is the Vulgate's 1:1, and its 13:9 is part of the king's letter and not Mardochai's prayer
Esth.1.10		absent	this edition prints Esther in the Septuagint arrangement and in fifteen chapters, so no Vulgate chapter or verse number addresses the matter it names: its 1:1 is the Vulgate's 11:2, its 3:1 is the Vulgate's 1:1, and its 13:9 is part of the king's letter and not Mardochai's prayer
Esth.1.11		absent	this edition prints Esther in the Septuagint arrangement and in fifteen chapters, so no Vulgate chapter or verse number addresses the matter it names: its 1:1 is the Vulgate's 11:2, its 3:1 is the Vulgate's 1:1, and its 13:9 is part of the king's letter and not Mardochai's prayer
Esth.1.12		absent	this edition prints Esther in the Septuagint arrangement and in fifteen chapters, so no Vulgate chapter or verse number addresses the matter it names: its 1:1 is the Vulgate's 11:2, its 3:1 is the Vulgate's 1:1, and its 13:9 is part of the king's letter and not Mardochai's prayer
Esth.1.13		absent	this edition prints Esther in the Septuagint arrangement and in fifteen chapters, so no Vulgate chapter or verse number addresses the matter it names: its 1:1 is the Vulgate's 11:2, its 3:1 is the Vulgate's 1:1, and its 13:9 is part of the king's letter and not Mardochai's prayer
Esth.1.14		absent	this edition prints Esther in the Septuagint arrangement and in fifteen chapters, so no Vulgate chapter or verse number addresses the matter it names: its 1:1 is the Vulgate's 11:2, its 3:1 is the Vulgate's 1:1, and its 13:9 is part of the king's letter and not Mardochai's prayer
Esth.1.15		absent	this edition prints Esther in the Septuagint arrangement and in fifteen chapters, so no Vulgate chapter or verse number addresses the matter it names: its 1:1 is the Vulgate's 11:2, its 3:1 is the Vulgate's 1:1, and its 13:9 is part of the king's letter and not Mardochai's prayer
Esth.1.16		absent	this edition prints Esther in the Septuagint arrangement and in fifteen chapters, so no Vulgate chapter or verse number addresses the matter it names: its 1:1 is the Vulgate's 11:2, its 3:1 is the Vulgate's 1:1, and its 13:9 is part of the king's letter and not Mardochai's prayer
Esth.1.17		absent	this edition prints Esther in the Septuagint arrangement and in fifteen chapters, so no Vulgate chapter or verse number addresses the matter it names: its 1:1 is the Vulgate's 11:2, its 3:1 is the Vulgate's 1:1, and its 13:9 is part of the king's letter and not Mardochai's prayer
Esth.1.18		absent	this edition prints Esther in the Septuagint arrangement and in fifteen chapters, so no Vulgate chapter or verse number addresses the matter it names: its 1:1 is the Vulgate's 11:2, its 3:1 is the Vulgate's 1:1, and its 13:9 is part of the king's letter and not Mardochai's prayer
Esth.1.19		absent	this edition prints Esther in the Septuagint arrangement and in fifteen chapters, so no Vulgate chapter or verse number addresses the matter it names: its 1:1 is the Vulgate's 11:2, its 3:1 is the Vulgate's 1:1, and its 13:9 is part of the king's letter and not Mardochai's prayer
Esth.1.2		absent	this edition prints Esther in the Septuagint arrangement and in fifteen chapters, so no Vulgate chapter or verse number addresses the matter it names: its 1:1 is the Vulgate's 11:2, its 3:1 is the Vulgate's 1:1, and its 13:9 is part of the king's letter and not Mardochai's prayer
Esth.1.20		absent	this edition prints Esther in the Septuagint arrangement and in fifteen chapters, so no Vulgate chapter or verse number addresses the matter it names: its 1:1 is the Vulgate's 11:2, its 3:1 is the Vulgate's 1:1, and its 13:9 is part of the king's letter and not Mardochai's prayer
Esth.1.21		absent	this edition prints Esther in the Septuagint arrangement and in fifteen chapters, so no Vulgate chapter or verse number addresses the matter it names: its 1:1 is the Vulgate's 11:2, its 3:1 is the Vulgate's 1:1, and its 13:9 is part of the king's letter and not Mardochai's prayer
Esth.1.22		absent	this edition prints Esther in the Septuagint arrangement and in fifteen chapters, so no Vulgate chapter or verse number addresses the matter it names: its 1:1 is the Vulgate's 11:2, its 3:1 is the Vulgate's 1:1, and its 13:9 is part of the king's letter and not Mardochai's prayer
Esth.1.23		absent	this edition prints Esther in the Septuagint arrangement and in fifteen chapters, so no Vulgate chapter or verse number addresses the matter it names: its 1:1 is the Vulgate's 11:2, its 3:1 is the Vulgate's 1:1, and its 13:9 is part of the king's letter and not Mardochai's prayer
Esth.1.24		absent	this edition prints Esther in the Septuagint arrangement and in fifteen chapters, so no Vulgate chapter or verse number addresses the matter it names: its 1:1 is the Vulgate's 11:2, its 3:1 is the Vulgate's 1:1, and its 13:9 is part of the king's letter and not Mardochai's prayer
Esth.1.25		absent	this edition prints Esther in the Septuagint arrangement and in fifteen chapters, so no Vulgate chapter or verse number addresses the matter it names: its 1:1 is the Vulgate's 11:2, its 3:1 is the Vulgate's 1:1, and its 13:9 is part of the king's letter and not Mardochai's prayer
Esth.1.26		absent	this edition prints Esther in the Septuagint arrangement and in fifteen chapters, so no Vulgate chapter or verse number addresses the matter it names: its 1:1 is the Vulgate's 11:2, its 3:1 is the Vulgate's 1:1, and its 13:9 is part of the king's letter and not Mardochai's prayer
Esth.1.27		absent	this edition prints Esther in the Septuagint arrangement and in fifteen chapters, so no Vulgate chapter or verse number addresses the matter it names: its 1:1 is the Vulgate's 11:2, its 3:1 is the Vulgate's 1:1, and its 13:9 is part of the king's letter and not Mardochai's prayer
Esth.1.28		absent	this edition prints Esther in the Septuagint arrangement and in fifteen chapters, so no Vulgate chapter or verse number addresses the matter it names: its 1:1 is the Vulgate's 11:2, its 3:1 is the Vulgate's 1:1, and its 13:9 is part of the king's letter and not Mardochai's prayer
Esth.1.29		absent	this edition prints Esther in the Septuagint arrangement and in fifteen chapters, so no Vulgate chapter or verse number addresses the matter it names: its 1:1 is the Vulgate's 11:2, its 3:1 is the Vulgate's 1:1, and its 13:9 is part of the king's letter and not Mardochai's prayer
Esth.1.3		absent	this edition prints Esther in the Septuagint arrangement and in fifteen chapters, so no Vulgate chapter or verse number addresses the matter it names: its 1:1 is the Vulgate's 11:2, its 3:1 is the Vulgate's 1:1, and its 13:9 is part of the king's letter and not Mardochai's prayer
Esth.1.30		absent	this edition prints Esther in the Septuagint arrangement and in fifteen chapters, so no Vulgate chapter or verse number addresses the matter it names: its 1:1 is the Vulgate's 11:2, its 3:1 is the Vulgate's 1:1, and its 13:9 is part of the king's letter and not Mardochai's prayer
Esth.1.31		absent	this edition prints Esther in the Septuagint arrangement and in fifteen chapters, so no Vulgate chapter or verse number addresses the matter it names: its 1:1 is the Vulgate's 11:2, its 3:1 is the Vulgate's 1:1, and its 13:9 is part of the king's letter and not Mardochai's prayer
Esth.1.32		absent	this edition prints Esther in the Septuagint arrangement and in fifteen chapters, so no Vulgate chapter or verse number addresses the matter it names: its 1:1 is the Vulgate's 11:2, its 3:1 is the Vulgate's 1:1, and its 13:9 is part of the king's letter and not Mardochai's prayer
Esth.1.4		absent	this edition prints Esther in the Septuagint arrangement and in fifteen chapters, so no Vulgate chapter or verse number addresses the matter it names: its 1:1 is the Vulgate's 11:2, its 3:1 is the Vulgate's 1:1, and its 13:9 is part of the king's letter and not Mardochai's prayer
Esth.1.5		absent	this edition prints Esther in the Septuagint arrangement and in fifteen chapters, so no Vulgate chapter or verse number addresses the matter it names: its 1:1 is the Vulgate's 11:2, its 3:1 is the Vulgate's 1:1, and its 13:9 is part of the king's letter and not Mardochai's prayer
Esth.1.6		absent	this edition prints Esther in the Septuagint arrangement and in fifteen chapters, so no Vulgate chapter or verse number addresses the matter it names: its 1:1 is the Vulgate's 11:2, its 3:1 is the Vulgate's 1:1, and its 13:9 is part of the king's letter and not Mardochai's prayer
Esth.1.7		absent	this edition prints Esther in the Septuagint arrangement and in fifteen chapters, so no Vulgate chapter or verse number addresses the matter it names: its 1:1 is the Vulgate's 11:2, its 3:1 is the Vulgate's 1:1, and its 13:9 is part of the king's letter and not Mardochai's prayer
Esth.1.8		absent	this edition prints Esther in the Septuagint arrangement and in fifteen chapters, so no Vulgate chapter or verse number addresses the matter it names: its 1:1 is the Vulgate's 11:2, its 3:1 is the Vulgate's 1:1, and its 13:9 is part of the king's letter and not Mardochai's prayer
Esth.1.9		absent	this edition prints Esther in the Septuagint arrangement and in fifteen chapters, so no Vulgate chapter or verse number addresses the matter it names: its 1:1 is the Vulgate's 11:2, its 3:1 is the Vulgate's 1:1, and its 13:9 is part of the king's letter and not Mardochai's prayer
Esth.10.1		absent	this edition prints Esther in the Septuagint arrangement and in fifteen chapters, so no Vulgate chapter or verse number addresses the matter it names: its 1:1 is the Vulgate's 11:2, its 3:1 is the Vulgate's 1:1, and its 13:9 is part of the king's letter and not Mardochai's prayer
Esth.10.10		absent	this edition prints Esther in the Septuagint arrangement and in fifteen chapters, so no Vulgate chapter or verse number addresses the matter it names: its 1:1 is the Vulgate's 11:2, its 3:1 is the Vulgate's 1:1, and its 13:9 is part of the king's letter and not Mardochai's prayer
Esth.10.11		absent	this edition prints Esther in the Septuagint arrangement and in fifteen chapters, so no Vulgate chapter or verse number addresses the matter it names: its 1:1 is the Vulgate's 11:2, its 3:1 is the Vulgate's 1:1, and its 13:9 is part of the king's letter and not Mardochai's prayer
Esth.10.12		absent	this edition prints Esther in the Septuagint arrangement and in fifteen chapters, so no Vulgate chapter or verse number addresses the matter it names: its 1:1 is the Vulgate's 11:2, its 3:1 is the Vulgate's 1:1, and its 13:9 is part of the king's letter and not Mardochai's prayer
Esth.10.13		absent	this edition prints Esther in the Septuagint arrangement and in fifteen chapters, so no Vulgate chapter or verse number addresses the matter it names: its 1:1 is the Vulgate's 11:2, its 3:1 is the Vulgate's 1:1, and its 13:9 is part of the king's letter and not Mardochai's prayer
Esth.10.14		absent	this edition prints Esther in the Septuagint arrangement and in fifteen chapters, so no Vulgate chapter or verse number addresses the matter it names: its 1:1 is the Vulgate's 11:2, its 3:1 is the Vulgate's 1:1, and its 13:9 is part of the king's letter and not Mardochai's prayer
Esth.10.15		absent	this edition prints Esther in the Septuagint arrangement and in fifteen chapters, so no Vulgate chapter or verse number addresses the matter it names: its 1:1 is the Vulgate's 11:2, its 3:1 is the Vulgate's 1:1, and its 13:9 is part of the king's letter and not Mardochai's prayer
Esth.10.16		absent	this edition prints Esther in the Septuagint arrangement and in fifteen chapters, so no Vulgate chapter or verse number addresses the matter it names: its 1:1 is the Vulgate's 11:2, its 3:1 is the Vulgate's 1:1, and its 13:9 is part of the king's letter and not Mardochai's prayer
Esth.10.17		absent	this edition prints Esther in the Septuagint arrangement and in fifteen chapters, so no Vulgate chapter or verse number addresses the matter it names: its 1:1 is the Vulgate's 11:2, its 3:1 is the Vulgate's 1:1, and its 13:9 is part of the king's letter and not Mardochai's prayer
Esth.10.18		absent	this edition prints Esther in the Septuagint arrangement and in fifteen chapters, so no Vulgate chapter or verse number addresses the matter it names: its 1:1 is the Vulgate's 11:2, its 3:1 is the Vulgate's 1:1, and its 13:9 is part of the king's letter and not Mardochai's prayer
Esth.10.19		absent	this edition prints Esther in the Septuagint arrangement and in fifteen chapters, so no Vulgate chapter or verse number addresses the matter it names: its 1:1 is the Vulgate's 11:2, its 3:1 is the Vulgate's 1:1, and its 13:9 is part of the king's letter and not Mardochai's prayer
Esth.10.2		absent	this edition prints Esther in the Septuagint arrangement and in fifteen chapters, so no Vulgate chapter or verse number addresses the matter it names: its 1:1 is the Vulgate's 11:2, its 3:1 is the Vulgate's 1:1, and its 13:9 is part of the king's letter and not Mardochai's prayer
Esth.10.20		absent	this edition prints Esther in the Septuagint arrangement and in fifteen chapters, so no Vulgate chapter or verse number addresses the matter it names: its 1:1 is the Vulgate's 11:2, its 3:1 is the Vulgate's 1:1, and its 13:9 is part of the king's letter and not Mardochai's prayer
Esth.10.21		absent	this edition prints Esther in the Septuagint arrangement and in fifteen chapters, so no Vulgate chapter or verse number addresses the matter it names: its 1:1 is the Vulgate's 11:2, its 3:1 is the Vulgate's 1:1, and its 13:9 is part of the king's letter and not Mardochai's prayer
Esth.10.22		absent	this edition prints Esther in the Septuagint arrangement and in fifteen chapters, so no Vulgate chapter or verse number addresses the matter it names: its 1:1 is the Vulgate's 11:2, its 3:1 is the Vulgate's 1:1, and its 13:9 is part of the king's letter and not Mardochai's prayer
Esth.10.23		absent	this edition prints Esther in the Septuagint arrangement and in fifteen chapters, so no Vulgate chapter or verse number addresses the matter it names: its 1:1 is the Vulgate's 11:2, its 3:1 is the Vulgate's 1:1, and its 13:9 is part of the king's letter and not Mardochai's prayer
Esth.10.24		absent	this edition prints Esther in the Septuagint arrangement and in fifteen chapters, so no Vulgate chapter or verse number addresses the matter it names: its 1:1 is the Vulgate's 11:2, its 3:1 is the Vulgate's 1:1, and its 13:9 is part of the king's letter and not Mardochai's prayer
Esth.10.25		absent	this edition prints Esther in the Septuagint arrangement and in fifteen chapters, so no Vulgate chapter or verse number addresses the matter it names: its 1:1 is the Vulgate's 11:2, its 3:1 is the Vulgate's 1:1, and its 13:9 is part of the king's letter and not Mardochai's prayer
Esth.10.26		absent	this edition prints Esther in the Septuagint arrangement and in fifteen chapters, so no Vulgate chapter or verse number addresses the matter it names: its 1:1 is the Vulgate's 11:2, its 3:1 is the Vulgate's 1:1, and its 13:9 is part of the king's letter and not Mardochai's prayer
Esth.10.27		absent	this edition prints Esther in the Septuagint arrangement and in fifteen chapters, so no Vulgate chapter or verse number addresses the matter it names: its 1:1 is the Vulgate's 11:2, its 3:1 is the Vulgate's 1:1, and its 13:9 is part of the king's letter and not Mardochai's prayer
Esth.10.28		absent	this edition prints Esther in the Septuagint arrangement and in fifteen chapters, so no Vulgate chapter or verse number addresses the matter it names: its 1:1 is the Vulgate's 11:2, its 3:1 is the Vulgate's 1:1, and its 13:9 is part of the king's letter and not Mardochai's prayer
Esth.10.29		absent	this edition prints Esther in the Septuagint arrangement and in fifteen chapters, so no Vulgate chapter or verse number addresses the matter it names: its 1:1 is the Vulgate's 11:2, its 3:1 is the Vulgate's 1:1, and its 13:9 is part of the king's letter and not Mardochai's prayer
Esth.10.3		absent	this edition prints Esther in the Septuagint arrangement and in fifteen chapters, so no Vulgate chapter or verse number addresses the matter it names: its 1:1 is the Vulgate's 11:2, its 3:1 is the Vulgate's 1:1, and its 13:9 is part of the king's letter and not Mardochai's prayer
Esth.10.30		absent	this edition prints Esther in the Septuagint arrangement and in fifteen chapters, so no Vulgate chapter or verse number addresses the matter it names: its 1:1 is the Vulgate's 11:2, its 3:1 is the Vulgate's 1:1, and its 13:9 is part of the king's letter and not Mardochai's prayer
Esth.10.31		absent	this edition prints Esther in the Septuagint arrangement and in fifteen chapters, so no Vulgate chapter or verse number addresses the matter it names: its 1:1 is the Vulgate's 11:2, its 3:1 is the Vulgate's 1:1, and its 13:9 is part of the king's letter and not Mardochai's prayer
Esth.10.32		absent	this edition prints Esther in the Septuagint arrangement and in fifteen chapters, so no Vulgate chapter or verse number addresses the matter it names: its 1:1 is the Vulgate's 11:2, its 3:1 is the Vulgate's 1:1, and its 13:9 is part of the king's letter and not Mardochai's prayer
Esth.10.4		absent	this edition prints Esther in the Septuagint arrangement and in fifteen chapters, so no Vulgate chapter or verse number addresses the matter it names: its 1:1 is the Vulgate's 11:2, its 3:1 is the Vulgate's 1:1, and its 13:9 is part of the king's letter and not Mardochai's prayer
Esth.10.5		absent	this edition prints Esther in the Septuagint arrangement and in fifteen chapters, so no Vulgate chapter or verse number addresses the matter it names: its 1:1 is the Vulgate's 11:2, its 3:1 is the Vulgate's 1:1, and its 13:9 is part of the king's letter and not Mardochai's prayer
Esth.10.6		absent	this edition prints Esther in the Septuagint arrangement and in fifteen chapters, so no Vulgate chapter or verse number addresses the matter it names: its 1:1 is the Vulgate's 11:2, its 3:1 is the Vulgate's 1:1, and its 13:9 is part of the king's letter and not Mardochai's prayer
Esth.10.7		absent	this edition prints Esther in the Septuagint arrangement and in fifteen chapters, so no Vulgate chapter or verse number addresses the matter it names: its 1:1 is the Vulgate's 11:2, its 3:1 is the Vulgate's 1:1, and its 13:9 is part of the king's letter and not Mardochai's prayer
Esth.10.8		absent	this edition prints Esther in the Septuagint arrangement and in fifteen chapters, so no Vulgate chapter or verse number addresses the matter it names: its 1:1 is the Vulgate's 11:2, its 3:1 is the Vulgate's 1:1, and its 13:9 is part of the king's letter and not Mardochai's prayer
Esth.10.9		absent	this edition prints Esther in the Septuagint arrangement and in fifteen chapters, so no Vulgate chapter or verse number addresses the matter it names: its 1:1 is the Vulgate's 11:2, its 3:1 is the Vulgate's 1:1, and its 13:9 is part of the king's letter and not Mardochai's prayer
Esth.11.1		absent	this edition prints Esther in the Septuagint arrangement and in fifteen chapters, so no Vulgate chapter or verse number addresses the matter it names: its 1:1 is the Vulgate's 11:2, its 3:1 is the Vulgate's 1:1, and its 13:9 is part of the king's letter and not Mardochai's prayer
Esth.11.10		absent	this edition prints Esther in the Septuagint arrangement and in fifteen chapters, so no Vulgate chapter or verse number addresses the matter it names: its 1:1 is the Vulgate's 11:2, its 3:1 is the Vulgate's 1:1, and its 13:9 is part of the king's letter and not Mardochai's prayer
Esth.11.11		absent	this edition prints Esther in the Septuagint arrangement and in fifteen chapters, so no Vulgate chapter or verse number addresses the matter it names: its 1:1 is the Vulgate's 11:2, its 3:1 is the Vulgate's 1:1, and its 13:9 is part of the king's letter and not Mardochai's prayer
Esth.11.12		absent	this edition prints Esther in the Septuagint arrangement and in fifteen chapters, so no Vulgate chapter or verse number addresses the matter it names: its 1:1 is the Vulgate's 11:2, its 3:1 is the Vulgate's 1:1, and its 13:9 is part of the king's letter and not Mardochai's prayer
Esth.11.13		absent	this edition prints Esther in the Septuagint arrangement and in fifteen chapters, so no Vulgate chapter or verse number addresses the matter it names: its 1:1 is the Vulgate's 11:2, its 3:1 is the Vulgate's 1:1, and its 13:9 is part of the king's letter and not Mardochai's prayer
Esth.11.14		absent	this edition prints Esther in the Septuagint arrangement and in fifteen chapters, so no Vulgate chapter or verse number addresses the matter it names: its 1:1 is the Vulgate's 11:2, its 3:1 is the Vulgate's 1:1, and its 13:9 is part of the king's letter and not Mardochai's prayer
Esth.11.15		absent	this edition prints Esther in the Septuagint arrangement and in fifteen chapters, so no Vulgate chapter or verse number addresses the matter it names: its 1:1 is the Vulgate's 11:2, its 3:1 is the Vulgate's 1:1, and its 13:9 is part of the king's letter and not Mardochai's prayer
Esth.11.16		absent	this edition prints Esther in the Septuagint arrangement and in fifteen chapters, so no Vulgate chapter or verse number addresses the matter it names: its 1:1 is the Vulgate's 11:2, its 3:1 is the Vulgate's 1:1, and its 13:9 is part of the king's letter and not Mardochai's prayer
Esth.11.17		absent	this edition prints Esther in the Septuagint arrangement and in fifteen chapters, so no Vulgate chapter or verse number addresses the matter it names: its 1:1 is the Vulgate's 11:2, its 3:1 is the Vulgate's 1:1, and its 13:9 is part of the king's letter and not Mardochai's prayer
Esth.11.18		absent	this edition prints Esther in the Septuagint arrangement and in fifteen chapters, so no Vulgate chapter or verse number addresses the matter it names: its 1:1 is the Vulgate's 11:2, its 3:1 is the Vulgate's 1:1, and its 13:9 is part of the king's letter and not Mardochai's prayer
Esth.11.19		absent	this edition prints Esther in the Septuagint arrangement and in fifteen chapters, so no Vulgate chapter or verse number addresses the matter it names: its 1:1 is the Vulgate's 11:2, its 3:1 is the Vulgate's 1:1, and its 13:9 is part of the king's letter and not Mardochai's prayer
Esth.11.2		absent	this edition prints Esther in the Septuagint arrangement and in fifteen chapters, so no Vulgate chapter or verse number addresses the matter it names: its 1:1 is the Vulgate's 11:2, its 3:1 is the Vulgate's 1:1, and its 13:9 is part of the king's letter and not Mardochai's prayer
Esth.11.20		absent	this edition prints Esther in the Septuagint arrangement and in fifteen chapters, so no Vulgate chapter or verse number addresses the matter it names: its 1:1 is the Vulgate's 11:2, its 3:1 is the Vulgate's 1:1, and its 13:9 is part of the king's letter and not Mardochai's prayer
Esth.11.21		absent	this edition prints Esther in the Septuagint arrangement and in fifteen chapters, so no Vulgate chapter or verse number addresses the matter it names: its 1:1 is the Vulgate's 11:2, its 3:1 is the Vulgate's 1:1, and its 13:9 is part of the king's letter and not Mardochai's prayer
Esth.11.22		absent	this edition prints Esther in the Septuagint arrangement and in fifteen chapters, so no Vulgate chapter or verse number addresses the matter it names: its 1:1 is the Vulgate's 11:2, its 3:1 is the Vulgate's 1:1, and its 13:9 is part of the king's letter and not Mardochai's prayer
Esth.11.23		absent	this edition prints Esther in the Septuagint arrangement and in fifteen chapters, so no Vulgate chapter or verse number addresses the matter it names: its 1:1 is the Vulgate's 11:2, its 3:1 is the Vulgate's 1:1, and its 13:9 is part of the king's letter and not Mardochai's prayer
Esth.11.24		absent	this edition prints Esther in the Septuagint arrangement and in fifteen chapters, so no Vulgate chapter or verse number addresses the matter it names: its 1:1 is the Vulgate's 11:2, its 3:1 is the Vulgate's 1:1, and its 13:9 is part of the king's letter and not Mardochai's prayer
Esth.11.25		absent	this edition prints Esther in the Septuagint arrangement and in fifteen chapters, so no Vulgate chapter or verse number addresses the matter it names: its 1:1 is the Vulgate's 11:2, its 3:1 is the Vulgate's 1:1, and its 13:9 is part of the king's letter and not Mardochai's prayer
Esth.11.26		absent	this edition prints Esther in the Septuagint arrangement and in fifteen chapters, so no Vulgate chapter or verse number addresses the matter it names: its 1:1 is the Vulgate's 11:2, its 3:1 is the Vulgate's 1:1, and its 13:9 is part of the king's letter and not Mardochai's prayer
Esth.11.27		absent	this edition prints Esther in the Septuagint arrangement and in fifteen chapters, so no Vulgate chapter or verse number addresses the matter it names: its 1:1 is the Vulgate's 11:2, its 3:1 is the Vulgate's 1:1, and its 13:9 is part of the king's letter and not Mardochai's prayer
Esth.11.28		absent	this edition prints Esther in the Septuagint arrangement and in fifteen chapters, so no Vulgate chapter or verse number addresses the matter it names: its 1:1 is the Vulgate's 11:2, its 3:1 is the Vulgate's 1:1, and its 13:9 is part of the king's letter and not Mardochai's prayer
Esth.11.29		absent	this edition prints Esther in the Septuagint arrangement and in fifteen chapters, so no Vulgate chapter or verse number addresses the matter it names: its 1:1 is the Vulgate's 11:2, its 3:1 is the Vulgate's 1:1, and its 13:9 is part of the king's letter and not Mardochai's prayer
Esth.11.3		absent	this edition prints Esther in the Septuagint arrangement and in fifteen chapters, so no Vulgate chapter or verse number addresses the matter it names: its 1:1 is the Vulgate's 11:2, its 3:1 is the Vulgate's 1:1, and its 13:9 is part of the king's letter and not Mardochai's prayer
Esth.11.30		absent	this edition prints Esther in the Septuagint arrangement and in fifteen chapters, so no Vulgate chapter or verse number addresses the matter it names: its 1:1 is the Vulgate's 11:2, its 3:1 is the Vulgate's 1:1, and its 13:9 is part of the king's letter and not Mardochai's prayer
Esth.11.31		absent	this edition prints Esther in the Septuagint arrangement and in fifteen chapters, so no Vulgate chapter or verse number addresses the matter it names: its 1:1 is the Vulgate's 11:2, its 3:1 is the Vulgate's 1:1, and its 13:9 is part of the king's letter and not Mardochai's prayer
Esth.11.32		absent	this edition prints Esther in the Septuagint arrangement and in fifteen chapters, so no Vulgate chapter or verse number addresses the matter it names: its 1:1 is the Vulgate's 11:2, its 3:1 is the Vulgate's 1:1, and its 13:9 is part of the king's letter and not Mardochai's prayer
Esth.11.4		absent	this edition prints Esther in the Septuagint arrangement and in fifteen chapters, so no Vulgate chapter or verse number addresses the matter it names: its 1:1 is the Vulgate's 11:2, its 3:1 is the Vulgate's 1:1, and its 13:9 is part of the king's letter and not Mardochai's prayer
Esth.11.5		absent	this edition prints Esther in the Septuagint arrangement and in fifteen chapters, so no Vulgate chapter or verse number addresses the matter it names: its 1:1 is the Vulgate's 11:2, its 3:1 is the Vulgate's 1:1, and its 13:9 is part of the king's letter and not Mardochai's prayer
Esth.11.6		absent	this edition prints Esther in the Septuagint arrangement and in fifteen chapters, so no Vulgate chapter or verse number addresses the matter it names: its 1:1 is the Vulgate's 11:2, its 3:1 is the Vulgate's 1:1, and its 13:9 is part of the king's letter and not Mardochai's prayer
Esth.11.7		absent	this edition prints Esther in the Septuagint arrangement and in fifteen chapters, so no Vulgate chapter or verse number addresses the matter it names: its 1:1 is the Vulgate's 11:2, its 3:1 is the Vulgate's 1:1, and its 13:9 is part of the king's letter and not Mardochai's prayer
Esth.11.8		absent	this edition prints Esther in the Septuagint arrangement and in fifteen chapters, so no Vulgate chapter or verse number addresses the matter it names: its 1:1 is the Vulgate's 11:2, its 3:1 is the Vulgate's 1:1, and its 13:9 is part of the king's letter and not Mardochai's prayer
Esth.11.9		absent	this edition prints Esther in the Septuagint arrangement and in fifteen chapters, so no Vulgate chapter or verse number addresses the matter it names: its 1:1 is the Vulgate's 11:2, its 3:1 is the Vulgate's 1:1, and its 13:9 is part of the king's letter and not Mardochai's prayer
Esth.12.1		absent	this edition prints Esther in the Septuagint arrangement and in fifteen chapters, so no Vulgate chapter or verse number addresses the matter it names: its 1:1 is the Vulgate's 11:2, its 3:1 is the Vulgate's 1:1, and its 13:9 is part of the king's letter and not Mardochai's prayer
Esth.12.10		absent	this edition prints Esther in the Septuagint arrangement and in fifteen chapters, so no Vulgate chapter or verse number addresses the matter it names: its 1:1 is the Vulgate's 11:2, its 3:1 is the Vulgate's 1:1, and its 13:9 is part of the king's letter and not Mardochai's prayer
Esth.12.11		absent	this edition prints Esther in the Septuagint arrangement and in fifteen chapters, so no Vulgate chapter or verse number addresses the matter it names: its 1:1 is the Vulgate's 11:2, its 3:1 is the Vulgate's 1:1, and its 13:9 is part of the king's letter and not Mardochai's prayer
Esth.12.12		absent	this edition prints Esther in the Septuagint arrangement and in fifteen chapters, so no Vulgate chapter or verse number addresses the matter it names: its 1:1 is the Vulgate's 11:2, its 3:1 is the Vulgate's 1:1, and its 13:9 is part of the king's letter and not Mardochai's prayer
Esth.12.13		absent	this edition prints Esther in the Septuagint arrangement and in fifteen chapters, so no Vulgate chapter or verse number addresses the matter it names: its 1:1 is the Vulgate's 11:2, its 3:1 is the Vulgate's 1:1, and its 13:9 is part of the king's letter and not Mardochai's prayer
Esth.12.14		absent	this edition prints Esther in the Septuagint arrangement and in fifteen chapters, so no Vulgate chapter or verse number addresses the matter it names: its 1:1 is the Vulgate's 11:2, its 3:1 is the Vulgate's 1:1, and its 13:9 is part of the king's letter and not Mardochai's prayer
Esth.12.15		absent	this edition prints Esther in the Septuagint arrangement and in fifteen chapters, so no Vulgate chapter or verse number addresses the matter it names: its 1:1 is the Vulgate's 11:2, its 3:1 is the Vulgate's 1:1, and its 13:9 is part of the king's letter and not Mardochai's prayer
Esth.12.16		absent	this edition prints Esther in the Septuagint arrangement and in fifteen chapters, so no Vulgate chapter or verse number addresses the matter it names: its 1:1 is the Vulgate's 11:2, its 3:1 is the Vulgate's 1:1, and its 13:9 is part of the king's letter and not Mardochai's prayer
Esth.12.17		absent	this edition prints Esther in the Septuagint arrangement and in fifteen chapters, so no Vulgate chapter or verse number addresses the matter it names: its 1:1 is the Vulgate's 11:2, its 3:1 is the Vulgate's 1:1, and its 13:9 is part of the king's letter and not Mardochai's prayer
Esth.12.18		absent	this edition prints Esther in the Septuagint arrangement and in fifteen chapters, so no Vulgate chapter or verse number addresses the matter it names: its 1:1 is the Vulgate's 11:2, its 3:1 is the Vulgate's 1:1, and its 13:9 is part of the king's letter and not Mardochai's prayer
Esth.12.19		absent	this edition prints Esther in the Septuagint arrangement and in fifteen chapters, so no Vulgate chapter or verse number addresses the matter it names: its 1:1 is the Vulgate's 11:2, its 3:1 is the Vulgate's 1:1, and its 13:9 is part of the king's letter and not Mardochai's prayer
Esth.12.2		absent	this edition prints Esther in the Septuagint arrangement and in fifteen chapters, so no Vulgate chapter or verse number addresses the matter it names: its 1:1 is the Vulgate's 11:2, its 3:1 is the Vulgate's 1:1, and its 13:9 is part of the king's letter and not Mardochai's prayer
Esth.12.20		absent	this edition prints Esther in the Septuagint arrangement and in fifteen chapters, so no Vulgate chapter or verse number addresses the matter it names: its 1:1 is the Vulgate's 11:2, its 3:1 is the Vulgate's 1:1, and its 13:9 is part of the king's letter and not Mardochai's prayer
Esth.12.21		absent	this edition prints Esther in the Septuagint arrangement and in fifteen chapters, so no Vulgate chapter or verse number addresses the matter it names: its 1:1 is the Vulgate's 11:2, its 3:1 is the Vulgate's 1:1, and its 13:9 is part of the king's letter and not Mardochai's prayer
Esth.12.22		absent	this edition prints Esther in the Septuagint arrangement and in fifteen chapters, so no Vulgate chapter or verse number addresses the matter it names: its 1:1 is the Vulgate's 11:2, its 3:1 is the Vulgate's 1:1, and its 13:9 is part of the king's letter and not Mardochai's prayer
Esth.12.23		absent	this edition prints Esther in the Septuagint arrangement and in fifteen chapters, so no Vulgate chapter or verse number addresses the matter it names: its 1:1 is the Vulgate's 11:2, its 3:1 is the Vulgate's 1:1, and its 13:9 is part of the king's letter and not Mardochai's prayer
Esth.12.24		absent	this edition prints Esther in the Septuagint arrangement and in fifteen chapters, so no Vulgate chapter or verse number addresses the matter it names: its 1:1 is the Vulgate's 11:2, its 3:1 is the Vulgate's 1:1, and its 13:9 is part of the king's letter and not Mardochai's prayer
Esth.12.25		absent	this edition prints Esther in the Septuagint arrangement and in fifteen chapters, so no Vulgate chapter or verse number addresses the matter it names: its 1:1 is the Vulgate's 11:2, its 3:1 is the Vulgate's 1:1, and its 13:9 is part of the king's letter and not Mardochai's prayer
Esth.12.26		absent	this edition prints Esther in the Septuagint arrangement and in fifteen chapters, so no Vulgate chapter or verse number addresses the matter it names: its 1:1 is the Vulgate's 11:2, its 3:1 is the Vulgate's 1:1, and its 13:9 is part of the king's letter and not Mardochai's prayer
Esth.12.27		absent	this edition prints Esther in the Septuagint arrangement and in fifteen chapters, so no Vulgate chapter or verse number addresses the matter it names: its 1:1 is the Vulgate's 11:2, its 3:1 is the Vulgate's 1:1, and its 13:9 is part of the king's letter and not Mardochai's prayer
Esth.12.28		absent	this edition prints Esther in the Septuagint arrangement and in fifteen chapters, so no Vulgate chapter or verse number addresses the matter it names: its 1:1 is the Vulgate's 11:2, its 3:1 is the Vulgate's 1:1, and its 13:9 is part of the king's letter and not Mardochai's prayer
Esth.12.29		absent	this edition prints Esther in the Septuagint arrangement and in fifteen chapters, so no Vulgate chapter or verse number addresses the matter it names: its 1:1 is the Vulgate's 11:2, its 3:1 is the Vulgate's 1:1, and its 13:9 is part of the king's letter and not Mardochai's prayer
Esth.12.3		absent	this edition prints Esther in the Septuagint arrangement and in fifteen chapters, so no Vulgate chapter or verse number addresses the matter it names: its 1:1 is the Vulgate's 11:2, its 3:1 is the Vulgate's 1:1, and its 13:9 is part of the king's letter and not Mardochai's prayer
Esth.12.30		absent	this edition prints Esther in the Septuagint arrangement and in fifteen chapters, so no Vulgate chapter or verse number addresses the matter it names: its 1:1 is the Vulgate's 11:2, its 3:1 is the Vulgate's 1:1, and its 13:9 is part of the king's letter and not Mardochai's prayer
Esth.12.31		absent	this edition prints Esther in the Septuagint arrangement and in fifteen chapters, so no Vulgate chapter or verse number addresses the matter it names: its 1:1 is the Vulgate's 11:2, its 3:1 is the Vulgate's 1:1, and its 13:9 is part of the king's letter and not Mardochai's prayer
Esth.12.32		absent	this edition prints Esther in the Septuagint arrangement and in fifteen chapters, so no Vulgate chapter or verse number addresses the matter it names: its 1:1 is the Vulgate's 11:2, its 3:1 is the Vulgate's 1:1, and its 13:9 is part of the king's letter and not Mardochai's prayer
Esth.12.4		absent	this edition prints Esther in the Septuagint arrangement and in fifteen chapters, so no Vulgate chapter or verse number addresses the matter it names: its 1:1 is the Vulgate's 11:2, its 3:1 is the Vulgate's 1:1, and its 13:9 is part of the king's letter and not Mardochai's prayer
Esth.12.5		absent	this edition prints Esther in the Septuagint arrangement and in fifteen chapters, so no Vulgate chapter or verse number addresses the matter it names: its 1:1 is the Vulgate's 11:2, its 3:1 is the Vulgate's 1:1, and its 13:9 is part of the king's letter and not Mardochai's prayer
Esth.12.6		absent	this edition prints Esther in the Septuagint arrangement and in fifteen chapters, so no Vulgate chapter or verse number addresses the matter it names: its 1:1 is the Vulgate's 11:2, its 3:1 is the Vulgate's 1:1, and its 13:9 is part of the king's letter and not Mardochai's prayer
Esth.12.7		absent	this edition prints Esther in the Septuagint arrangement and in fifteen chapters, so no Vulgate chapter or verse number addresses the matter it names: its 1:1 is the Vulgate's 11:2, its 3:1 is the Vulgate's 1:1, and its 13:9 is part of the king's letter and not Mardochai's prayer
Esth.12.8		absent	this edition prints Esther in the Septuagint arrangement and in fifteen chapters, so no Vulgate chapter or verse number addresses the matter it names: its 1:1 is the Vulgate's 11:2, its 3:1 is the Vulgate's 1:1, and its 13:9 is part of the king's letter and not Mardochai's prayer
Esth.12.9		absent	this edition prints Esther in the Septuagint arrangement and in fifteen chapters, so no Vulgate chapter or verse number addresses the matter it names: its 1:1 is the Vulgate's 11:2, its 3:1 is the Vulgate's 1:1, and its 13:9 is part of the king's letter and not Mardochai's prayer
Esth.13.1		absent	this edition prints Esther in the Septuagint arrangement and in fifteen chapters, so no Vulgate chapter or verse number addresses the matter it names: its 1:1 is the Vulgate's 11:2, its 3:1 is the Vulgate's 1:1, and its 13:9 is part of the king's letter and not Mardochai's prayer
Esth.13.10		absent	this edition prints Esther in the Septuagint arrangement and in fifteen chapters, so no Vulgate chapter or verse number addresses the matter it names: its 1:1 is the Vulgate's 11:2, its 3:1 is the Vulgate's 1:1, and its 13:9 is part of the king's letter and not Mardochai's prayer
Esth.13.11		absent	this edition prints Esther in the Septuagint arrangement and in fifteen chapters, so no Vulgate chapter or verse number addresses the matter it names: its 1:1 is the Vulgate's 11:2, its 3:1 is the Vulgate's 1:1, and its 13:9 is part of the king's letter and not Mardochai's prayer
Esth.13.12		absent	this edition prints Esther in the Septuagint arrangement and in fifteen chapters, so no Vulgate chapter or verse number addresses the matter it names: its 1:1 is the Vulgate's 11:2, its 3:1 is the Vulgate's 1:1, and its 13:9 is part of the king's letter and not Mardochai's prayer
Esth.13.13		absent	this edition prints Esther in the Septuagint arrangement and in fifteen chapters, so no Vulgate chapter or verse number addresses the matter it names: its 1:1 is the Vulgate's 11:2, its 3:1 is the Vulgate's 1:1, and its 13:9 is part of the king's letter and not Mardochai's prayer
Esth.13.14		absent	this edition prints Esther in the Septuagint arrangement and in fifteen chapters, so no Vulgate chapter or verse number addresses the matter it names: its 1:1 is the Vulgate's 11:2, its 3:1 is the Vulgate's 1:1, and its 13:9 is part of the king's letter and not Mardochai's prayer
Esth.13.15		absent	this edition prints Esther in the Septuagint arrangement and in fifteen chapters, so no Vulgate chapter or verse number addresses the matter it names: its 1:1 is the Vulgate's 11:2, its 3:1 is the Vulgate's 1:1, and its 13:9 is part of the king's letter and not Mardochai's prayer
Esth.13.16		absent	this edition prints Esther in the Septuagint arrangement and in fifteen chapters, so no Vulgate chapter or verse number addresses the matter it names: its 1:1 is the Vulgate's 11:2, its 3:1 is the Vulgate's 1:1, and its 13:9 is part of the king's letter and not Mardochai's prayer
Esth.13.17		absent	this edition prints Esther in the Septuagint arrangement and in fifteen chapters, so no Vulgate chapter or verse number addresses the matter it names: its 1:1 is the Vulgate's 11:2, its 3:1 is the Vulgate's 1:1, and its 13:9 is part of the king's letter and not Mardochai's prayer
Esth.13.18		absent	this edition prints Esther in the Septuagint arrangement and in fifteen chapters, so no Vulgate chapter or verse number addresses the matter it names: its 1:1 is the Vulgate's 11:2, its 3:1 is the Vulgate's 1:1, and its 13:9 is part of the king's letter and not Mardochai's prayer
Esth.13.19		absent	this edition prints Esther in the Septuagint arrangement and in fifteen chapters, so no Vulgate chapter or verse number addresses the matter it names: its 1:1 is the Vulgate's 11:2, its 3:1 is the Vulgate's 1:1, and its 13:9 is part of the king's letter and not Mardochai's prayer
Esth.13.2		absent	this edition prints Esther in the Septuagint arrangement and in fifteen chapters, so no Vulgate chapter or verse number addresses the matter it names: its 1:1 is the Vulgate's 11:2, its 3:1 is the Vulgate's 1:1, and its 13:9 is part of the king's letter and not Mardochai's prayer
Esth.13.20		absent	this edition prints Esther in the Septuagint arrangement and in fifteen chapters, so no Vulgate chapter or verse number addresses the matter it names: its 1:1 is the Vulgate's 11:2, its 3:1 is the Vulgate's 1:1, and its 13:9 is part of the king's letter and not Mardochai's prayer
Esth.13.21		absent	this edition prints Esther in the Septuagint arrangement and in fifteen chapters, so no Vulgate chapter or verse number addresses the matter it names: its 1:1 is the Vulgate's 11:2, its 3:1 is the Vulgate's 1:1, and its 13:9 is part of the king's letter and not Mardochai's prayer
Esth.13.22		absent	this edition prints Esther in the Septuagint arrangement and in fifteen chapters, so no Vulgate chapter or verse number addresses the matter it names: its 1:1 is the Vulgate's 11:2, its 3:1 is the Vulgate's 1:1, and its 13:9 is part of the king's letter and not Mardochai's prayer
Esth.13.23		absent	this edition prints Esther in the Septuagint arrangement and in fifteen chapters, so no Vulgate chapter or verse number addresses the matter it names: its 1:1 is the Vulgate's 11:2, its 3:1 is the Vulgate's 1:1, and its 13:9 is part of the king's letter and not Mardochai's prayer
Esth.13.24		absent	this edition prints Esther in the Septuagint arrangement and in fifteen chapters, so no Vulgate chapter or verse number addresses the matter it names: its 1:1 is the Vulgate's 11:2, its 3:1 is the Vulgate's 1:1, and its 13:9 is part of the king's letter and not Mardochai's prayer
Esth.13.25		absent	this edition prints Esther in the Septuagint arrangement and in fifteen chapters, so no Vulgate chapter or verse number addresses the matter it names: its 1:1 is the Vulgate's 11:2, its 3:1 is the Vulgate's 1:1, and its 13:9 is part of the king's letter and not Mardochai's prayer
Esth.13.26		absent	this edition prints Esther in the Septuagint arrangement and in fifteen chapters, so no Vulgate chapter or verse number addresses the matter it names: its 1:1 is the Vulgate's 11:2, its 3:1 is the Vulgate's 1:1, and its 13:9 is part of the king's letter and not Mardochai's prayer
Esth.13.27		absent	this edition prints Esther in the Septuagint arrangement and in fifteen chapters, so no Vulgate chapter or verse number addresses the matter it names: its 1:1 is the Vulgate's 11:2, its 3:1 is the Vulgate's 1:1, and its 13:9 is part of the king's letter and not Mardochai's prayer
Esth.13.28		absent	this edition prints Esther in the Septuagint arrangement and in fifteen chapters, so no Vulgate chapter or verse number addresses the matter it names: its 1:1 is the Vulgate's 11:2, its 3:1 is the Vulgate's 1:1, and its 13:9 is part of the king's letter and not Mardochai's prayer
Esth.13.29		absent	this edition prints Esther in the Septuagint arrangement and in fifteen chapters, so no Vulgate chapter or verse number addresses the matter it names: its 1:1 is the Vulgate's 11:2, its 3:1 is the Vulgate's 1:1, and its 13:9 is part of the king's letter and not Mardochai's prayer
Esth.13.3		absent	this edition prints Esther in the Septuagint arrangement and in fifteen chapters, so no Vulgate chapter or verse number addresses the matter it names: its 1:1 is the Vulgate's 11:2, its 3:1 is the Vulgate's 1:1, and its 13:9 is part of the king's letter and not Mardochai's prayer
Esth.13.30		absent	this edition prints Esther in the Septuagint arrangement and in fifteen chapters, so no Vulgate chapter or verse number addresses the matter it names: its 1:1 is the Vulgate's 11:2, its 3:1 is the Vulgate's 1:1, and its 13:9 is part of the king's letter and not Mardochai's prayer
Esth.13.31		absent	this edition prints Esther in the Septuagint arrangement and in fifteen chapters, so no Vulgate chapter or verse number addresses the matter it names: its 1:1 is the Vulgate's 11:2, its 3:1 is the Vulgate's 1:1, and its 13:9 is part of the king's letter and not Mardochai's prayer
Esth.13.32		absent	this edition prints Esther in the Septuagint arrangement and in fifteen chapters, so no Vulgate chapter or verse number addresses the matter it names: its 1:1 is the Vulgate's 11:2, its 3:1 is the Vulgate's 1:1, and its 13:9 is part of the king's letter and not Mardochai's prayer
Esth.13.4		absent	this edition prints Esther in the Septuagint arrangement and in fifteen chapters, so no Vulgate chapter or verse number addresses the matter it names: its 1:1 is the Vulgate's 11:2, its 3:1 is the Vulgate's 1:1, and its 13:9 is part of the king's letter and not Mardochai's prayer
Esth.13.5		absent	this edition prints Esther in the Septuagint arrangement and in fifteen chapters, so no Vulgate chapter or verse number addresses the matter it names: its 1:1 is the Vulgate's 11:2, its 3:1 is the Vulgate's 1:1, and its 13:9 is part of the king's letter and not Mardochai's prayer
Esth.13.6		absent	this edition prints Esther in the Septuagint arrangement and in fifteen chapters, so no Vulgate chapter or verse number addresses the matter it names: its 1:1 is the Vulgate's 11:2, its 3:1 is the Vulgate's 1:1, and its 13:9 is part of the king's letter and not Mardochai's prayer
Esth.13.7		absent	this edition prints Esther in the Septuagint arrangement and in fifteen chapters, so no Vulgate chapter or verse number addresses the matter it names: its 1:1 is the Vulgate's 11:2, its 3:1 is the Vulgate's 1:1, and its 13:9 is part of the king's letter and not Mardochai's prayer
Esth.13.8		absent	this edition prints Esther in the Septuagint arrangement and in fifteen chapters, so no Vulgate chapter or verse number addresses the matter it names: its 1:1 is the Vulgate's 11:2, its 3:1 is the Vulgate's 1:1, and its 13:9 is part of the king's letter and not Mardochai's prayer
Esth.13.9		absent	this edition prints Esther in the Septuagint arrangement and in fifteen chapters, so no Vulgate chapter or verse number addresses the matter it names: its 1:1 is the Vulgate's 11:2, its 3:1 is the Vulgate's 1:1, and its 13:9 is part of the king's letter and not Mardochai's prayer
Esth.14.1		absent	this edition prints Esther in the Septuagint arrangement and in fifteen chapters, so no Vulgate chapter or verse number addresses the matter it names: its 1:1 is the Vulgate's 11:2, its 3:1 is the Vulgate's 1:1, and its 13:9 is part of the king's letter and not Mardochai's prayer
Esth.14.10		absent	this edition prints Esther in the Septuagint arrangement and in fifteen chapters, so no Vulgate chapter or verse number addresses the matter it names: its 1:1 is the Vulgate's 11:2, its 3:1 is the Vulgate's 1:1, and its 13:9 is part of the king's letter and not Mardochai's prayer
Esth.14.11		absent	this edition prints Esther in the Septuagint arrangement and in fifteen chapters, so no Vulgate chapter or verse number addresses the matter it names: its 1:1 is the Vulgate's 11:2, its 3:1 is the Vulgate's 1:1, and its 13:9 is part of the king's letter and not Mardochai's prayer
Esth.14.12		absent	this edition prints Esther in the Septuagint arrangement and in fifteen chapters, so no Vulgate chapter or verse number addresses the matter it names: its 1:1 is the Vulgate's 11:2, its 3:1 is the Vulgate's 1:1, and its 13:9 is part of the king's letter and not Mardochai's prayer
Esth.14.13		absent	this edition prints Esther in the Septuagint arrangement and in fifteen chapters, so no Vulgate chapter or verse number addresses the matter it names: its 1:1 is the Vulgate's 11:2, its 3:1 is the Vulgate's 1:1, and its 13:9 is part of the king's letter and not Mardochai's prayer
Esth.14.14		absent	this edition prints Esther in the Septuagint arrangement and in fifteen chapters, so no Vulgate chapter or verse number addresses the matter it names: its 1:1 is the Vulgate's 11:2, its 3:1 is the Vulgate's 1:1, and its 13:9 is part of the king's letter and not Mardochai's prayer
Esth.14.15		absent	this edition prints Esther in the Septuagint arrangement and in fifteen chapters, so no Vulgate chapter or verse number addresses the matter it names: its 1:1 is the Vulgate's 11:2, its 3:1 is the Vulgate's 1:1, and its 13:9 is part of the king's letter and not Mardochai's prayer
Esth.14.16		absent	this edition prints Esther in the Septuagint arrangement and in fifteen chapters, so no Vulgate chapter or verse number addresses the matter it names: its 1:1 is the Vulgate's 11:2, its 3:1 is the Vulgate's 1:1, and its 13:9 is part of the king's letter and not Mardochai's prayer
Esth.14.17		absent	this edition prints Esther in the Septuagint arrangement and in fifteen chapters, so no Vulgate chapter or verse number addresses the matter it names: its 1:1 is the Vulgate's 11:2, its 3:1 is the Vulgate's 1:1, and its 13:9 is part of the king's letter and not Mardochai's prayer
Esth.14.18		absent	this edition prints Esther in the Septuagint arrangement and in fifteen chapters, so no Vulgate chapter or verse number addresses the matter it names: its 1:1 is the Vulgate's 11:2, its 3:1 is the Vulgate's 1:1, and its 13:9 is part of the king's letter and not Mardochai's prayer
Esth.14.19		absent	this edition prints Esther in the Septuagint arrangement and in fifteen chapters, so no Vulgate chapter or verse number addresses the matter it names: its 1:1 is the Vulgate's 11:2, its 3:1 is the Vulgate's 1:1, and its 13:9 is part of the king's letter and not Mardochai's prayer
Esth.14.2		absent	this edition prints Esther in the Septuagint arrangement and in fifteen chapters, so no Vulgate chapter or verse number addresses the matter it names: its 1:1 is the Vulgate's 11:2, its 3:1 is the Vulgate's 1:1, and its 13:9 is part of the king's letter and not Mardochai's prayer
Esth.14.20		absent	this edition prints Esther in the Septuagint arrangement and in fifteen chapters, so no Vulgate chapter or verse number addresses the matter it names: its 1:1 is the Vulgate's 11:2, its 3:1 is the Vulgate's 1:1, and its 13:9 is part of the king's letter and not Mardochai's prayer
Esth.14.21		absent	this edition prints Esther in the Septuagint arrangement and in fifteen chapters, so no Vulgate chapter or verse number addresses the matter it names: its 1:1 is the Vulgate's 11:2, its 3:1 is the Vulgate's 1:1, and its 13:9 is part of the king's letter and not Mardochai's prayer
Esth.14.22		absent	this edition prints Esther in the Septuagint arrangement and in fifteen chapters, so no Vulgate chapter or verse number addresses the matter it names: its 1:1 is the Vulgate's 11:2, its 3:1 is the Vulgate's 1:1, and its 13:9 is part of the king's letter and not Mardochai's prayer
Esth.14.23		absent	this edition prints Esther in the Septuagint arrangement and in fifteen chapters, so no Vulgate chapter or verse number addresses the matter it names: its 1:1 is the Vulgate's 11:2, its 3:1 is the Vulgate's 1:1, and its 13:9 is part of the king's letter and not Mardochai's prayer
Esth.14.24		absent	this edition prints Esther in the Septuagint arrangement and in fifteen chapters, so no Vulgate chapter or verse number addresses the matter it names: its 1:1 is the Vulgate's 11:2, its 3:1 is the Vulgate's 1:1, and its 13:9 is part of the king's letter and not Mardochai's prayer
Esth.14.25		absent	this edition prints Esther in the Septuagint arrangement and in fifteen chapters, so no Vulgate chapter or verse number addresses the matter it names: its 1:1 is the Vulgate's 11:2, its 3:1 is the Vulgate's 1:1, and its 13:9 is part of the king's letter and not Mardochai's prayer
Esth.14.26		absent	this edition prints Esther in the Septuagint arrangement and in fifteen chapters, so no Vulgate chapter or verse number addresses the matter it names: its 1:1 is the Vulgate's 11:2, its 3:1 is the Vulgate's 1:1, and its 13:9 is part of the king's letter and not Mardochai's prayer
Esth.14.27		absent	this edition prints Esther in the Septuagint arrangement and in fifteen chapters, so no Vulgate chapter or verse number addresses the matter it names: its 1:1 is the Vulgate's 11:2, its 3:1 is the Vulgate's 1:1, and its 13:9 is part of the king's letter and not Mardochai's prayer
Esth.14.28		absent	this edition prints Esther in the Septuagint arrangement and in fifteen chapters, so no Vulgate chapter or verse number addresses the matter it names: its 1:1 is the Vulgate's 11:2, its 3:1 is the Vulgate's 1:1, and its 13:9 is part of the king's letter and not Mardochai's prayer
Esth.14.29		absent	this edition prints Esther in the Septuagint arrangement and in fifteen chapters, so no Vulgate chapter or verse number addresses the matter it names: its 1:1 is the Vulgate's 11:2, its 3:1 is the Vulgate's 1:1, and its 13:9 is part of the king's letter and not Mardochai's prayer
Esth.14.3		absent	this edition prints Esther in the Septuagint arrangement and in fifteen chapters, so no Vulgate chapter or verse number addresses the matter it names: its 1:1 is the Vulgate's 11:2, its 3:1 is the Vulgate's 1:1, and its 13:9 is part of the king's letter and not Mardochai's prayer
Esth.14.30		absent	this edition prints Esther in the Septuagint arrangement and in fifteen chapters, so no Vulgate chapter or verse number addresses the matter it names: its 1:1 is the Vulgate's 11:2, its 3:1 is the Vulgate's 1:1, and its 13:9 is part of the king's letter and not Mardochai's prayer
Esth.14.31		absent	this edition prints Esther in the Septuagint arrangement and in fifteen chapters, so no Vulgate chapter or verse number addresses the matter it names: its 1:1 is the Vulgate's 11:2, its 3:1 is the Vulgate's 1:1, and its 13:9 is part of the king's letter and not Mardochai's prayer
Esth.14.32		absent	this edition prints Esther in the Septuagint arrangement and in fifteen chapters, so no Vulgate chapter or verse number addresses the matter it names: its 1:1 is the Vulgate's 11:2, its 3:1 is the Vulgate's 1:1, and its 13:9 is part of the king's letter and not Mardochai's prayer
Esth.14.4		absent	this edition prints Esther in the Septuagint arrangement and in fifteen chapters, so no Vulgate chapter or verse number addresses the matter it names: its 1:1 is the Vulgate's 11:2, its 3:1 is the Vulgate's 1:1, and its 13:9 is part of the king's letter and not Mardochai's prayer
Esth.14.5		absent	this edition prints Esther in the Septuagint arrangement and in fifteen chapters, so no Vulgate chapter or verse number addresses the matter it names: its 1:1 is the Vulgate's 11:2, its 3:1 is the Vulgate's 1:1, and its 13:9 is part of the king's letter and not Mardochai's prayer
Esth.14.6		absent	this edition prints Esther in the Septuagint arrangement and in fifteen chapters, so no Vulgate chapter or verse number addresses the matter it names: its 1:1 is the Vulgate's 11:2, its 3:1 is the Vulgate's 1:1, and its 13:9 is part of the king's letter and not Mardochai's prayer
Esth.14.7		absent	this edition prints Esther in the Septuagint arrangement and in fifteen chapters, so no Vulgate chapter or verse number addresses the matter it names: its 1:1 is the Vulgate's 11:2, its 3:1 is the Vulgate's 1:1, and its 13:9 is part of the king's letter and not Mardochai's prayer
Esth.14.8		absent	this edition prints Esther in the Septuagint arrangement and in fifteen chapters, so no Vulgate chapter or verse number addresses the matter it names: its 1:1 is the Vulgate's 11:2, its 3:1 is the Vulgate's 1:1, and its 13:9 is part of the king's letter and not Mardochai's prayer
Esth.14.9		absent	this edition prints Esther in the Septuagint arrangement and in fifteen chapters, so no Vulgate chapter or verse number addresses the matter it names: its 1:1 is the Vulgate's 11:2, its 3:1 is the Vulgate's 1:1, and its 13:9 is part of the king's letter and not Mardochai's prayer
Esth.15.1		absent	this edition prints Esther in the Septuagint arrangement and in fifteen chapters, so no Vulgate chapter or verse number addresses the matter it names: its 1:1 is the Vulgate's 11:2, its 3:1 is the Vulgate's 1:1, and its 13:9 is part of the king's letter and not Mardochai's prayer
Esth.15.10		absent	this edition prints Esther in the Septuagint arrangement and in fifteen chapters, so no Vulgate chapter or verse number addresses the matter it names: its 1:1 is the Vulgate's 11:2, its 3:1 is the Vulgate's 1:1, and its 13:9 is part of the king's letter and not Mardochai's prayer
Esth.15.11		absent	this edition prints Esther in the Septuagint arrangement and in fifteen chapters, so no Vulgate chapter or verse number addresses the matter it names: its 1:1 is the Vulgate's 11:2, its 3:1 is the Vulgate's 1:1, and its 13:9 is part of the king's letter and not Mardochai's prayer
Esth.15.12		absent	this edition prints Esther in the Septuagint arrangement and in fifteen chapters, so no Vulgate chapter or verse number addresses the matter it names: its 1:1 is the Vulgate's 11:2, its 3:1 is the Vulgate's 1:1, and its 13:9 is part of the king's letter and not Mardochai's prayer
Esth.15.13		absent	this edition prints Esther in the Septuagint arrangement and in fifteen chapters, so no Vulgate chapter or verse number addresses the matter it names: its 1:1 is the Vulgate's 11:2, its 3:1 is the Vulgate's 1:1, and its 13:9 is part of the king's letter and not Mardochai's prayer
Esth.15.14		absent	this edition prints Esther in the Septuagint arrangement and in fifteen chapters, so no Vulgate chapter or verse number addresses the matter it names: its 1:1 is the Vulgate's 11:2, its 3:1 is the Vulgate's 1:1, and its 13:9 is part of the king's letter and not Mardochai's prayer
Esth.15.15		absent	this edition prints Esther in the Septuagint arrangement and in fifteen chapters, so no Vulgate chapter or verse number addresses the matter it names: its 1:1 is the Vulgate's 11:2, its 3:1 is the Vulgate's 1:1, and its 13:9 is part of the king's letter and not Mardochai's prayer
Esth.15.16		absent	this edition prints Esther in the Septuagint arrangement and in fifteen chapters, so no Vulgate chapter or verse number addresses the matter it names: its 1:1 is the Vulgate's 11:2, its 3:1 is the Vulgate's 1:1, and its 13:9 is part of the king's letter and not Mardochai's prayer
Esth.15.17		absent	this edition prints Esther in the Septuagint arrangement and in fifteen chapters, so no Vulgate chapter or verse number addresses the matter it names: its 1:1 is the Vulgate's 11:2, its 3:1 is the Vulgate's 1:1, and its 13:9 is part of the king's letter and not Mardochai's prayer
Esth.15.18		absent	this edition prints Esther in the Septuagint arrangement and in fifteen chapters, so no Vulgate chapter or verse number addresses the matter it names: its 1:1 is the Vulgate's 11:2, its 3:1 is the Vulgate's 1:1, and its 13:9 is part of the king's letter and not Mardochai's prayer
Esth.15.19		absent	this edition prints Esther in the Septuagint arrangement and in fifteen chapters, so no Vulgate chapter or verse number addresses the matter it names: its 1:1 is the Vulgate's 11:2, its 3:1 is the Vulgate's 1:1, and its 13:9 is part of the king's letter and not Mardochai's prayer
Esth.15.2		absent	this edition prints Esther in the Septuagint arrangement and in fifteen chapters, so no Vulgate chapter or verse number addresses the matter it names: its 1:1 is the Vulgate's 11:2, its 3:1 is the Vulgate's 1:1, and its 13:9 is part of the king's letter and not Mardochai's prayer
Esth.15.20		absent	this edition prints Esther in the Septuagint arrangement and in fifteen chapters, so no Vulgate chapter or verse number addresses the matter it names: its 1:1 is the Vulgate's 11:2, its 3:1 is the Vulgate's 1:1, and its 13:9 is part of the king's letter and not Mardochai's prayer
Esth.15.21		absent	this edition prints Esther in the Septuagint arrangement and in fifteen chapters, so no Vulgate chapter or verse number addresses the matter it names: its 1:1 is the Vulgate's 11:2, its 3:1 is the Vulgate's 1:1, and its 13:9 is part of the king's letter and not Mardochai's prayer
Esth.15.22		absent	this edition prints Esther in the Septuagint arrangement and in fifteen chapters, so no Vulgate chapter or verse number addresses the matter it names: its 1:1 is the Vulgate's 11:2, its 3:1 is the Vulgate's 1:1, and its 13:9 is part of the king's letter and not Mardochai's prayer
Esth.15.23		absent	this edition prints Esther in the Septuagint arrangement and in fifteen chapters, so no Vulgate chapter or verse number addresses the matter it names: its 1:1 is the Vulgate's 11:2, its 3:1 is the Vulgate's 1:1, and its 13:9 is part of the king's letter and not Mardochai's prayer
Esth.15.24		absent	this edition prints Esther in the Septuagint arrangement and in fifteen chapters, so no Vulgate chapter or verse number addresses the matter it names: its 1:1 is the Vulgate's 11:2, its 3:1 is the Vulgate's 1:1, and its 13:9 is part of the king's letter and not Mardochai's prayer
Esth.15.25		absent	this edition prints Esther in the Septuagint arrangement and in fifteen chapters, so no Vulgate chapter or verse number addresses the matter it names: its 1:1 is the Vulgate's 11:2, its 3:1 is the Vulgate's 1:1, and its 13:9 is part of the king's letter and not Mardochai's prayer
Esth.15.26		absent	this edition prints Esther in the Septuagint arrangement and in fifteen chapters, so no Vulgate chapter or verse number addresses the matter it names: its 1:1 is the Vulgate's 11:2, its 3:1 is the Vulgate's 1:1, and its 13:9 is part of the king's letter and not Mardochai's prayer
Esth.15.27		absent	this edition prints Esther in the Septuagint arrangement and in fifteen chapters, so no Vulgate chapter or verse number addresses the matter it names: its 1:1 is the Vulgate's 11:2, its 3:1 is the Vulgate's 1:1, and its 13:9 is part of the king's letter and not Mardochai's prayer
Esth.15.28		absent	this edition prints Esther in the Septuagint arrangement and in fifteen chapters, so no Vulgate chapter or verse number addresses the matter it names: its 1:1 is the Vulgate's 11:2, its 3:1 is the Vulgate's 1:1, and its 13:9 is part of the king's letter and not Mardochai's prayer
Esth.15.29		absent	this edition prints Esther in the Septuagint arrangement and in fifteen chapters, so no Vulgate chapter or verse number addresses the matter it names: its 1:1 is the Vulgate's 11:2, its 3:1 is the Vulgate's 1:1, and its 13:9 is part of the king's letter and not Mardochai's prayer
Esth.15.3		absent	this edition prints Esther in the Septuagint arrangement and in fifteen chapters, so no Vulgate chapter or verse number addresses the matter it names: its 1:1 is the Vulgate's 11:2, its 3:1 is the Vulgate's 1:1, and its 13:9 is part of the king's letter and not Mardochai's prayer
Esth.15.30		absent	this edition prints Esther in the Septuagint arrangement and in fifteen chapters, so no Vulgate chapter or verse number addresses the matter it names: its 1:1 is the Vulgate's 11:2, its 3:1 is the Vulgate's 1:1, and its 13:9 is part of the king's letter and not Mardochai's prayer
Esth.15.31		absent	this edition prints Esther in the Septuagint arrangement and in fifteen chapters, so no Vulgate chapter or verse number addresses the matter it names: its 1:1 is the Vulgate's 11:2, its 3:1 is the Vulgate's 1:1, and its 13:9 is part of the king's letter and not Mardochai's prayer
Esth.15.32		absent	this edition prints Esther in the Septuagint arrangement and in fifteen chapters, so no Vulgate chapter or verse number addresses the matter it names: its 1:1 is the Vulgate's 11:2, its 3:1 is the Vulgate's 1:1, and its 13:9 is part of the king's letter and not Mardochai's prayer
Esth.15.4		absent	this edition prints Esther in the Septuagint arrangement and in fifteen chapters, so no Vulgate chapter or verse number addresses the matter it names: its 1:1 is the Vulgate's 11:2, its 3:1 is the Vulgate's 1:1, and its 13:9 is part of the king's letter and not Mardochai's prayer
Esth.15.5		absent	this edition prints Esther in the Septuagint arrangement and in fifteen chapters, so no Vulgate chapter or verse number addresses the matter it names: its 1:1 is the Vulgate's 11:2, its 3:1 is the Vulgate's 1:1, and its 13:9 is part of the king's letter and not Mardochai's prayer
Esth.15.6		absent	this edition prints Esther in the Septuagint arrangement and in fifteen chapters, so no Vulgate chapter or verse number addresses the matter it names: its 1:1 is the Vulgate's 11:2, its 3:1 is the Vulgate's 1:1, and its 13:9 is part of the king's letter and not Mardochai's prayer
Esth.15.7		absent	this edition prints Esther in the Septuagint arrangement and in fifteen chapters, so no Vulgate chapter or verse number addresses the matter it names: its 1:1 is the Vulgate's 11:2, its 3:1 is the Vulgate's 1:1, and its 13:9 is part of the king's letter and not Mardochai's prayer
Esth.15.8		absent	this edition prints Esther in the Septuagint arrangement and in fifteen chapters, so no Vulgate chapter or verse number addresses the matter it names: its 1:1 is the Vulgate's 11:2, its 3:1 is the Vulgate's 1:1, and its 13:9 is part of the king's letter and not Mardochai's prayer
Esth.15.9		absent	this edition prints Esther in the Septuagint arrangement and in fifteen chapters, so no Vulgate chapter or verse number addresses the matter it names: its 1:1 is the Vulgate's 11:2, its 3:1 is the Vulgate's 1:1, and its 13:9 is part of the king's letter and not Mardochai's prayer
Esth.16.1		absent	this edition prints Esther in the Septuagint arrangement and in fifteen chapters, so no Vulgate chapter or verse number addresses the matter it names: its 1:1 is the Vulgate's 11:2, its 3:1 is the Vulgate's 1:1, and its 13:9 is part of the king's letter and not Mardochai's prayer
Esth.16.10		absent	this edition prints Esther in the Septuagint arrangement and in fifteen chapters, so no Vulgate chapter or verse number addresses the matter it names: its 1:1 is the Vulgate's 11:2, its 3:1 is the Vulgate's 1:1, and its 13:9 is part of the king's letter and not Mardochai's prayer
Esth.16.11		absent	this edition prints Esther in the Septuagint arrangement and in fifteen chapters, so no Vulgate chapter or verse number addresses the matter it names: its 1:1 is the Vulgate's 11:2, its 3:1 is the Vulgate's 1:1, and its 13:9 is part of the king's letter and not Mardochai's prayer
Esth.16.12		absent	this edition prints Esther in the Septuagint arrangement and in fifteen chapters, so no Vulgate chapter or verse number addresses the matter it names: its 1:1 is the Vulgate's 11:2, its 3:1 is the Vulgate's 1:1, and its 13:9 is part of the king's letter and not Mardochai's prayer
Esth.16.13		absent	this edition prints Esther in the Septuagint arrangement and in fifteen chapters, so no Vulgate chapter or verse number addresses the matter it names: its 1:1 is the Vulgate's 11:2, its 3:1 is the Vulgate's 1:1, and its 13:9 is part of the king's letter and not Mardochai's prayer
Esth.16.14		absent	this edition prints Esther in the Septuagint arrangement and in fifteen chapters, so no Vulgate chapter or verse number addresses the matter it names: its 1:1 is the Vulgate's 11:2, its 3:1 is the Vulgate's 1:1, and its 13:9 is part of the king's letter and not Mardochai's prayer
Esth.16.15		absent	this edition prints Esther in the Septuagint arrangement and in fifteen chapters, so no Vulgate chapter or verse number addresses the matter it names: its 1:1 is the Vulgate's 11:2, its 3:1 is the Vulgate's 1:1, and its 13:9 is part of the king's letter and not Mardochai's prayer
Esth.16.16		absent	this edition prints Esther in the Septuagint arrangement and in fifteen chapters, so no Vulgate chapter or verse number addresses the matter it names: its 1:1 is the Vulgate's 11:2, its 3:1 is the Vulgate's 1:1, and its 13:9 is part of the king's letter and not Mardochai's prayer
Esth.16.17		absent	this edition prints Esther in the Septuagint arrangement and in fifteen chapters, so no Vulgate chapter or verse number addresses the matter it names: its 1:1 is the Vulgate's 11:2, its 3:1 is the Vulgate's 1:1, and its 13:9 is part of the king's letter and not Mardochai's prayer
Esth.16.18		absent	this edition prints Esther in the Septuagint arrangement and in fifteen chapters, so no Vulgate chapter or verse number addresses the matter it names: its 1:1 is the Vulgate's 11:2, its 3:1 is the Vulgate's 1:1, and its 13:9 is part of the king's letter and not Mardochai's prayer
Esth.16.19		absent	this edition prints Esther in the Septuagint arrangement and in fifteen chapters, so no Vulgate chapter or verse number addresses the matter it names: its 1:1 is the Vulgate's 11:2, its 3:1 is the Vulgate's 1:1, and its 13:9 is part of the king's letter and not Mardochai's prayer
Esth.16.2		absent	this edition prints Esther in the Septuagint arrangement and in fifteen chapters, so no Vulgate chapter or verse number addresses the matter it names: its 1:1 is the Vulgate's 11:2, its 3:1 is the Vulgate's 1:1, and its 13:9 is part of the king's letter and not Mardochai's prayer
Esth.16.20		absent	this edition prints Esther in the Septuagint arrangement and in fifteen chapters, so no Vulgate chapter or verse number addresses the matter it names: its 1:1 is the Vulgate's 11:2, its 3:1 is the Vulgate's 1:1, and its 13:9 is part of the king's letter and not Mardochai's prayer
Esth.16.21		absent	this edition prints Esther in the Septuagint arrangement and in fifteen chapters, so no Vulgate chapter or verse number addresses the matter it names: its 1:1 is the Vulgate's 11:2, its 3:1 is the Vulgate's 1:1, and its 13:9 is part of the king's letter and not Mardochai's prayer
Esth.16.22		absent	this edition prints Esther in the Septuagint arrangement and in fifteen chapters, so no Vulgate chapter or verse number addresses the matter it names: its 1:1 is the Vulgate's 11:2, its 3:1 is the Vulgate's 1:1, and its 13:9 is part of the king's letter and not Mardochai's prayer
Esth.16.23		absent	this edition prints Esther in the Septuagint arrangement and in fifteen chapters, so no Vulgate chapter or verse number addresses the matter it names: its 1:1 is the Vulgate's 11:2, its 3:1 is the Vulgate's 1:1, and its 13:9 is part of the king's letter and not Mardochai's prayer
Esth.16.24		absent	this edition prints Esther in the Septuagint arrangement and in fifteen chapters, so no Vulgate chapter or verse number addresses the matter it names: its 1:1 is the Vulgate's 11:2, its 3:1 is the Vulgate's 1:1, and its 13:9 is part of the king's letter and not Mardochai's prayer
Esth.16.3		absent	this edition prints Esther in the Septuagint arrangement and in fifteen chapters, so no Vulgate chapter or verse number addresses the matter it names: its 1:1 is the Vulgate's 11:2, its 3:1 is the Vulgate's 1:1, and its 13:9 is part of the king's letter and not Mardochai's prayer
Esth.16.4		absent	this edition prints Esther in the Septuagint arrangement and in fifteen chapters, so no Vulgate chapter or verse number addresses the matter it names: its 1:1 is the Vulgate's 11:2, its 3:1 is the Vulgate's 1:1, and its 13:9 is part of the king's letter and not Mardochai's prayer
Esth.16.5		absent	this edition prints Esther in the Septuagint arrangement and in fifteen chapters, so no Vulgate chapter or verse number addresses the matter it names: its 1:1 is the Vulgate's 11:2, its 3:1 is the Vulgate's 1:1, and its 13:9 is part of the king's letter and not Mardochai's prayer
Esth.16.6		absent	this edition prints Esther in the Septuagint arrangement and in fifteen chapters, so no Vulgate chapter or verse number addresses the matter it names: its 1:1 is the Vulgate's 11:2, its 3:1 is the Vulgate's 1:1, and its 13:9 is part of the king's letter and not Mardochai's prayer
Esth.16.7		absent	this edition prints Esther in the Septuagint arrangement and in fifteen chapters, so no Vulgate chapter or verse number addresses the matter it names: its 1:1 is the Vulgate's 11:2, its 3:1 is the Vulgate's 1:1, and its 13:9 is part of the king's letter and not Mardochai's prayer
Esth.16.8		absent	this edition prints Esther in the Septuagint arrangement and in fifteen chapters, so no Vulgate chapter or verse number addresses the matter it names: its 1:1 is the Vulgate's 11:2, its 3:1 is the Vulgate's 1:1, and its 13:9 is part of the king's letter and not Mardochai's prayer
Esth.16.9		absent	this edition prints Esther in the Septuagint arrangement and in fifteen chapters, so no Vulgate chapter or verse number addresses the matter it names: its 1:1 is the Vulgate's 11:2, its 3:1 is the Vulgate's 1:1, and its 13:9 is part of the king's letter and not Mardochai's prayer
Esth.2.1		absent	this edition prints Esther in the Septuagint arrangement and in fifteen chapters, so no Vulgate chapter or verse number addresses the matter it names: its 1:1 is the Vulgate's 11:2, its 3:1 is the Vulgate's 1:1, and its 13:9 is part of the king's letter and not Mardochai's prayer
Esth.2.10		absent	this edition prints Esther in the Septuagint arrangement and in fifteen chapters, so no Vulgate chapter or verse number addresses the matter it names: its 1:1 is the Vulgate's 11:2, its 3:1 is the Vulgate's 1:1, and its 13:9 is part of the king's letter and not Mardochai's prayer
Esth.2.11		absent	this edition prints Esther in the Septuagint arrangement and in fifteen chapters, so no Vulgate chapter or verse number addresses the matter it names: its 1:1 is the Vulgate's 11:2, its 3:1 is the Vulgate's 1:1, and its 13:9 is part of the king's letter and not Mardochai's prayer
Esth.2.12		absent	this edition prints Esther in the Septuagint arrangement and in fifteen chapters, so no Vulgate chapter or verse number addresses the matter it names: its 1:1 is the Vulgate's 11:2, its 3:1 is the Vulgate's 1:1, and its 13:9 is part of the king's letter and not Mardochai's prayer
Esth.2.13		absent	this edition prints Esther in the Septuagint arrangement and in fifteen chapters, so no Vulgate chapter or verse number addresses the matter it names: its 1:1 is the Vulgate's 11:2, its 3:1 is the Vulgate's 1:1, and its 13:9 is part of the king's letter and not Mardochai's prayer
Esth.2.14		absent	this edition prints Esther in the Septuagint arrangement and in fifteen chapters, so no Vulgate chapter or verse number addresses the matter it names: its 1:1 is the Vulgate's 11:2, its 3:1 is the Vulgate's 1:1, and its 13:9 is part of the king's letter and not Mardochai's prayer
Esth.2.15		absent	this edition prints Esther in the Septuagint arrangement and in fifteen chapters, so no Vulgate chapter or verse number addresses the matter it names: its 1:1 is the Vulgate's 11:2, its 3:1 is the Vulgate's 1:1, and its 13:9 is part of the king's letter and not Mardochai's prayer
Esth.2.16		absent	this edition prints Esther in the Septuagint arrangement and in fifteen chapters, so no Vulgate chapter or verse number addresses the matter it names: its 1:1 is the Vulgate's 11:2, its 3:1 is the Vulgate's 1:1, and its 13:9 is part of the king's letter and not Mardochai's prayer
Esth.2.17		absent	this edition prints Esther in the Septuagint arrangement and in fifteen chapters, so no Vulgate chapter or verse number addresses the matter it names: its 1:1 is the Vulgate's 11:2, its 3:1 is the Vulgate's 1:1, and its 13:9 is part of the king's letter and not Mardochai's prayer
Esth.2.18		absent	this edition prints Esther in the Septuagint arrangement and in fifteen chapters, so no Vulgate chapter or verse number addresses the matter it names: its 1:1 is the Vulgate's 11:2, its 3:1 is the Vulgate's 1:1, and its 13:9 is part of the king's letter and not Mardochai's prayer
Esth.2.19		absent	this edition prints Esther in the Septuagint arrangement and in fifteen chapters, so no Vulgate chapter or verse number addresses the matter it names: its 1:1 is the Vulgate's 11:2, its 3:1 is the Vulgate's 1:1, and its 13:9 is part of the king's letter and not Mardochai's prayer
Esth.2.2		absent	this edition prints Esther in the Septuagint arrangement and in fifteen chapters, so no Vulgate chapter or verse number addresses the matter it names: its 1:1 is the Vulgate's 11:2, its 3:1 is the Vulgate's 1:1, and its 13:9 is part of the king's letter and not Mardochai's prayer
Esth.2.20		absent	this edition prints Esther in the Septuagint arrangement and in fifteen chapters, so no Vulgate chapter or verse number addresses the matter it names: its 1:1 is the Vulgate's 11:2, its 3:1 is the Vulgate's 1:1, and its 13:9 is part of the king's letter and not Mardochai's prayer
Esth.2.21		absent	this edition prints Esther in the Septuagint arrangement and in fifteen chapters, so no Vulgate chapter or verse number addresses the matter it names: its 1:1 is the Vulgate's 11:2, its 3:1 is the Vulgate's 1:1, and its 13:9 is part of the king's letter and not Mardochai's prayer
Esth.2.22		absent	this edition prints Esther in the Septuagint arrangement and in fifteen chapters, so no Vulgate chapter or verse number addresses the matter it names: its 1:1 is the Vulgate's 11:2, its 3:1 is the Vulgate's 1:1, and its 13:9 is part of the king's letter and not Mardochai's prayer
Esth.2.23		absent	this edition prints Esther in the Septuagint arrangement and in fifteen chapters, so no Vulgate chapter or verse number addresses the matter it names: its 1:1 is the Vulgate's 11:2, its 3:1 is the Vulgate's 1:1, and its 13:9 is part of the king's letter and not Mardochai's prayer
Esth.2.24		absent	this edition prints Esther in the Septuagint arrangement and in fifteen chapters, so no Vulgate chapter or verse number addresses the matter it names: its 1:1 is the Vulgate's 11:2, its 3:1 is the Vulgate's 1:1, and its 13:9 is part of the king's letter and not Mardochai's prayer
Esth.2.25		absent	this edition prints Esther in the Septuagint arrangement and in fifteen chapters, so no Vulgate chapter or verse number addresses the matter it names: its 1:1 is the Vulgate's 11:2, its 3:1 is the Vulgate's 1:1, and its 13:9 is part of the king's letter and not Mardochai's prayer
Esth.2.26		absent	this edition prints Esther in the Septuagint arrangement and in fifteen chapters, so no Vulgate chapter or verse number addresses the matter it names: its 1:1 is the Vulgate's 11:2, its 3:1 is the Vulgate's 1:1, and its 13:9 is part of the king's letter and not Mardochai's prayer
Esth.2.27		absent	this edition prints Esther in the Septuagint arrangement and in fifteen chapters, so no Vulgate chapter or verse number addresses the matter it names: its 1:1 is the Vulgate's 11:2, its 3:1 is the Vulgate's 1:1, and its 13:9 is part of the king's letter and not Mardochai's prayer
Esth.2.28		absent	this edition prints Esther in the Septuagint arrangement and in fifteen chapters, so no Vulgate chapter or verse number addresses the matter it names: its 1:1 is the Vulgate's 11:2, its 3:1 is the Vulgate's 1:1, and its 13:9 is part of the king's letter and not Mardochai's prayer
Esth.2.29		absent	this edition prints Esther in the Septuagint arrangement and in fifteen chapters, so no Vulgate chapter or verse number addresses the matter it names: its 1:1 is the Vulgate's 11:2, its 3:1 is the Vulgate's 1:1, and its 13:9 is part of the king's letter and not Mardochai's prayer
Esth.2.3		absent	this edition prints Esther in the Septuagint arrangement and in fifteen chapters, so no Vulgate chapter or verse number addresses the matter it names: its 1:1 is the Vulgate's 11:2, its 3:1 is the Vulgate's 1:1, and its 13:9 is part of the king's letter and not Mardochai's prayer
Esth.2.30		absent	this edition prints Esther in the Septuagint arrangement and in fifteen chapters, so no Vulgate chapter or verse number addresses the matter it names: its 1:1 is the Vulgate's 11:2, its 3:1 is the Vulgate's 1:1, and its 13:9 is part of the king's letter and not Mardochai's prayer
Esth.2.31		absent	this edition prints Esther in the Septuagint arrangement and in fifteen chapters, so no Vulgate chapter or verse number addresses the matter it names: its 1:1 is the Vulgate's 11:2, its 3:1 is the Vulgate's 1:1, and its 13:9 is part of the king's letter and not Mardochai's prayer
Esth.2.32		absent	this edition prints Esther in the Septuagint arrangement and in fifteen chapters, so no Vulgate chapter or verse number addresses the matter it names: its 1:1 is the Vulgate's 11:2, its 3:1 is the Vulgate's 1:1, and its 13:9 is part of the king's letter and not Mardochai's prayer
Esth.2.4		absent	this edition prints Esther in the Septuagint arrangement and in fifteen chapters, so no Vulgate chapter or verse number addresses the matter it names: its 1:1 is the Vulgate's 11:2, its 3:1 is the Vulgate's 1:1, and its 13:9 is part of the king's letter and not Mardochai's prayer
Esth.2.5		absent	this edition prints Esther in the Septuagint arrangement and in fifteen chapters, so no Vulgate chapter or verse number addresses the matter it names: its 1:1 is the Vulgate's 11:2, its 3:1 is the Vulgate's 1:1, and its 13:9 is part of the king's letter and not Mardochai's prayer
Esth.2.6		absent	this edition prints Esther in the Septuagint arrangement and in fifteen chapters, so no Vulgate chapter or verse number addresses the matter it names: its 1:1 is the Vulgate's 11:2, its 3:1 is the Vulgate's 1:1, and its 13:9 is part of the king's letter and not Mardochai's prayer
Esth.2.7		absent	this edition prints Esther in the Septuagint arrangement and in fifteen chapters, so no Vulgate chapter or verse number addresses the matter it names: its 1:1 is the Vulgate's 11:2, its 3:1 is the Vulgate's 1:1, and its 13:9 is part of the king's letter and not Mardochai's prayer
Esth.2.8		absent	this edition prints Esther in the Septuagint arrangement and in fifteen chapters, so no Vulgate chapter or verse number addresses the matter it names: its 1:1 is the Vulgate's 11:2, its 3:1 is the Vulgate's 1:1, and its 13:9 is part of the king's letter and not Mardochai's prayer
Esth.2.9		absent	this edition prints Esther in the Septuagint arrangement and in fifteen chapters, so no Vulgate chapter or verse number addresses the matter it names: its 1:1 is the Vulgate's 11:2, its 3:1 is the Vulgate's 1:1, and its 13:9 is part of the king's letter and not Mardochai's prayer
Esth.3.1		absent	this edition prints Esther in the Septuagint arrangement and in fifteen chapters, so no Vulgate chapter or verse number addresses the matter it names: its 1:1 is the Vulgate's 11:2, its 3:1 is the Vulgate's 1:1, and its 13:9 is part of the king's letter and not Mardochai's prayer
Esth.3.10		absent	this edition prints Esther in the Septuagint arrangement and in fifteen chapters, so no Vulgate chapter or verse number addresses the matter it names: its 1:1 is the Vulgate's 11:2, its 3:1 is the Vulgate's 1:1, and its 13:9 is part of the king's letter and not Mardochai's prayer
Esth.3.11		absent	this edition prints Esther in the Septuagint arrangement and in fifteen chapters, so no Vulgate chapter or verse number addresses the matter it names: its 1:1 is the Vulgate's 11:2, its 3:1 is the Vulgate's 1:1, and its 13:9 is part of the king's letter and not Mardochai's prayer
Esth.3.12		absent	this edition prints Esther in the Septuagint arrangement and in fifteen chapters, so no Vulgate chapter or verse number addresses the matter it names: its 1:1 is the Vulgate's 11:2, its 3:1 is the Vulgate's 1:1, and its 13:9 is part of the king's letter and not Mardochai's prayer
Esth.3.13		absent	this edition prints Esther in the Septuagint arrangement and in fifteen chapters, so no Vulgate chapter or verse number addresses the matter it names: its 1:1 is the Vulgate's 11:2, its 3:1 is the Vulgate's 1:1, and its 13:9 is part of the king's letter and not Mardochai's prayer
Esth.3.14		absent	this edition prints Esther in the Septuagint arrangement and in fifteen chapters, so no Vulgate chapter or verse number addresses the matter it names: its 1:1 is the Vulgate's 11:2, its 3:1 is the Vulgate's 1:1, and its 13:9 is part of the king's letter and not Mardochai's prayer
Esth.3.15		absent	this edition prints Esther in the Septuagint arrangement and in fifteen chapters, so no Vulgate chapter or verse number addresses the matter it names: its 1:1 is the Vulgate's 11:2, its 3:1 is the Vulgate's 1:1, and its 13:9 is part of the king's letter and not Mardochai's prayer
Esth.3.16		absent	this edition prints Esther in the Septuagint arrangement and in fifteen chapters, so no Vulgate chapter or verse number addresses the matter it names: its 1:1 is the Vulgate's 11:2, its 3:1 is the Vulgate's 1:1, and its 13:9 is part of the king's letter and not Mardochai's prayer
Esth.3.17		absent	this edition prints Esther in the Septuagint arrangement and in fifteen chapters, so no Vulgate chapter or verse number addresses the matter it names: its 1:1 is the Vulgate's 11:2, its 3:1 is the Vulgate's 1:1, and its 13:9 is part of the king's letter and not Mardochai's prayer
Esth.3.18		absent	this edition prints Esther in the Septuagint arrangement and in fifteen chapters, so no Vulgate chapter or verse number addresses the matter it names: its 1:1 is the Vulgate's 11:2, its 3:1 is the Vulgate's 1:1, and its 13:9 is part of the king's letter and not Mardochai's prayer
Esth.3.19		absent	this edition prints Esther in the Septuagint arrangement and in fifteen chapters, so no Vulgate chapter or verse number addresses the matter it names: its 1:1 is the Vulgate's 11:2, its 3:1 is the Vulgate's 1:1, and its 13:9 is part of the king's letter and not Mardochai's prayer
Esth.3.2		absent	this edition prints Esther in the Septuagint arrangement and in fifteen chapters, so no Vulgate chapter or verse number addresses the matter it names: its 1:1 is the Vulgate's 11:2, its 3:1 is the Vulgate's 1:1, and its 13:9 is part of the king's letter and not Mardochai's prayer
Esth.3.20		absent	this edition prints Esther in the Septuagint arrangement and in fifteen chapters, so no Vulgate chapter or verse number addresses the matter it names: its 1:1 is the Vulgate's 11:2, its 3:1 is the Vulgate's 1:1, and its 13:9 is part of the king's letter and not Mardochai's prayer
Esth.3.21		absent	this edition prints Esther in the Septuagint arrangement and in fifteen chapters, so no Vulgate chapter or verse number addresses the matter it names: its 1:1 is the Vulgate's 11:2, its 3:1 is the Vulgate's 1:1, and its 13:9 is part of the king's letter and not Mardochai's prayer
Esth.3.22		absent	this edition prints Esther in the Septuagint arrangement and in fifteen chapters, so no Vulgate chapter or verse number addresses the matter it names: its 1:1 is the Vulgate's 11:2, its 3:1 is the Vulgate's 1:1, and its 13:9 is part of the king's letter and not Mardochai's prayer
Esth.3.23		absent	this edition prints Esther in the Septuagint arrangement and in fifteen chapters, so no Vulgate chapter or verse number addresses the matter it names: its 1:1 is the Vulgate's 11:2, its 3:1 is the Vulgate's 1:1, and its 13:9 is part of the king's letter and not Mardochai's prayer
Esth.3.24		absent	this edition prints Esther in the Septuagint arrangement and in fifteen chapters, so no Vulgate chapter or verse number addresses the matter it names: its 1:1 is the Vulgate's 11:2, its 3:1 is the Vulgate's 1:1, and its 13:9 is part of the king's letter and not Mardochai's prayer
Esth.3.25		absent	this edition prints Esther in the Septuagint arrangement and in fifteen chapters, so no Vulgate chapter or verse number addresses the matter it names: its 1:1 is the Vulgate's 11:2, its 3:1 is the Vulgate's 1:1, and its 13:9 is part of the king's letter and not Mardochai's prayer
Esth.3.26		absent	this edition prints Esther in the Septuagint arrangement and in fifteen chapters, so no Vulgate chapter or verse number addresses the matter it names: its 1:1 is the Vulgate's 11:2, its 3:1 is the Vulgate's 1:1, and its 13:9 is part of the king's letter and not Mardochai's prayer
Esth.3.27		absent	this edition prints Esther in the Septuagint arrangement and in fifteen chapters, so no Vulgate chapter or verse number addresses the matter it names: its 1:1 is the Vulgate's 11:2, its 3:1 is the Vulgate's 1:1, and its 13:9 is part of the king's letter and not Mardochai's prayer
Esth.3.28		absent	this edition prints Esther in the Septuagint arrangement and in fifteen chapters, so no Vulgate chapter or verse number addresses the matter it names: its 1:1 is the Vulgate's 11:2, its 3:1 is the Vulgate's 1:1, and its 13:9 is part of the king's letter and not Mardochai's prayer
Esth.3.29		absent	this edition prints Esther in the Septuagint arrangement and in fifteen chapters, so no Vulgate chapter or verse number addresses the matter it names: its 1:1 is the Vulgate's 11:2, its 3:1 is the Vulgate's 1:1, and its 13:9 is part of the king's letter and not Mardochai's prayer
Esth.3.3		absent	this edition prints Esther in the Septuagint arrangement and in fifteen chapters, so no Vulgate chapter or verse number addresses the matter it names: its 1:1 is the Vulgate's 11:2, its 3:1 is the Vulgate's 1:1, and its 13:9 is part of the king's letter and not Mardochai's prayer
Esth.3.30		absent	this edition prints Esther in the Septuagint arrangement and in fifteen chapters, so no Vulgate chapter or verse number addresses the matter it names: its 1:1 is the Vulgate's 11:2, its 3:1 is the Vulgate's 1:1, and its 13:9 is part of the king's letter and not Mardochai's prayer
Esth.3.31		absent	this edition prints Esther in the Septuagint arrangement and in fifteen chapters, so no Vulgate chapter or verse number addresses the matter it names: its 1:1 is the Vulgate's 11:2, its 3:1 is the Vulgate's 1:1, and its 13:9 is part of the king's letter and not Mardochai's prayer
Esth.3.32		absent	this edition prints Esther in the Septuagint arrangement and in fifteen chapters, so no Vulgate chapter or verse number addresses the matter it names: its 1:1 is the Vulgate's 11:2, its 3:1 is the Vulgate's 1:1, and its 13:9 is part of the king's letter and not Mardochai's prayer
Esth.3.4		absent	this edition prints Esther in the Septuagint arrangement and in fifteen chapters, so no Vulgate chapter or verse number addresses the matter it names: its 1:1 is the Vulgate's 11:2, its 3:1 is the Vulgate's 1:1, and its 13:9 is part of the king's letter and not Mardochai's prayer
Esth.3.5		absent	this edition prints Esther in the Septuagint arrangement and in fifteen chapters, so no Vulgate chapter or verse number addresses the matter it names: its 1:1 is the Vulgate's 11:2, its 3:1 is the Vulgate's 1:1, and its 13:9 is part of the king's letter and not Mardochai's prayer
Esth.3.6		absent	this edition prints Esther in the Septuagint arrangement and in fifteen chapters, so no Vulgate chapter or verse number addresses the matter it names: its 1:1 is the Vulgate's 11:2, its 3:1 is the Vulgate's 1:1, and its 13:9 is part of the king's letter and not Mardochai's prayer
Esth.3.7		absent	this edition prints Esther in the Septuagint arrangement and in fifteen chapters, so no Vulgate chapter or verse number addresses the matter it names: its 1:1 is the Vulgate's 11:2, its 3:1 is the Vulgate's 1:1, and its 13:9 is part of the king's letter and not Mardochai's prayer
Esth.3.8		absent	this edition prints Esther in the Septuagint arrangement and in fifteen chapters, so no Vulgate chapter or verse number addresses the matter it names: its 1:1 is the Vulgate's 11:2, its 3:1 is the Vulgate's 1:1, and its 13:9 is part of the king's letter and not Mardochai's prayer
Esth.3.9		absent	this edition prints Esther in the Septuagint arrangement and in fifteen chapters, so no Vulgate chapter or verse number addresses the matter it names: its 1:1 is the Vulgate's 11:2, its 3:1 is the Vulgate's 1:1, and its 13:9 is part of the king's letter and not Mardochai's prayer
Esth.4.1		absent	this edition prints Esther in the Septuagint arrangement and in fifteen chapters, so no Vulgate chapter or verse number addresses the matter it names: its 1:1 is the Vulgate's 11:2, its 3:1 is the Vulgate's 1:1, and its 13:9 is part of the king's letter and not Mardochai's prayer
Esth.4.10		absent	this edition prints Esther in the Septuagint arrangement and in fifteen chapters, so no Vulgate chapter or verse number addresses the matter it names: its 1:1 is the Vulgate's 11:2, its 3:1 is the Vulgate's 1:1, and its 13:9 is part of the king's letter and not Mardochai's prayer
Esth.4.11		absent	this edition prints Esther in the Septuagint arrangement and in fifteen chapters, so no Vulgate chapter or verse number addresses the matter it names: its 1:1 is the Vulgate's 11:2, its 3:1 is the Vulgate's 1:1, and its 13:9 is part of the king's letter and not Mardochai's prayer
Esth.4.12		absent	this edition prints Esther in the Septuagint arrangement and in fifteen chapters, so no Vulgate chapter or verse number addresses the matter it names: its 1:1 is the Vulgate's 11:2, its 3:1 is the Vulgate's 1:1, and its 13:9 is part of the king's letter and not Mardochai's prayer
Esth.4.13		absent	this edition prints Esther in the Septuagint arrangement and in fifteen chapters, so no Vulgate chapter or verse number addresses the matter it names: its 1:1 is the Vulgate's 11:2, its 3:1 is the Vulgate's 1:1, and its 13:9 is part of the king's letter and not Mardochai's prayer
Esth.4.14		absent	this edition prints Esther in the Septuagint arrangement and in fifteen chapters, so no Vulgate chapter or verse number addresses the matter it names: its 1:1 is the Vulgate's 11:2, its 3:1 is the Vulgate's 1:1, and its 13:9 is part of the king's letter and not Mardochai's prayer
Esth.4.15		absent	this edition prints Esther in the Septuagint arrangement and in fifteen chapters, so no Vulgate chapter or verse number addresses the matter it names: its 1:1 is the Vulgate's 11:2, its 3:1 is the Vulgate's 1:1, and its 13:9 is part of the king's letter and not Mardochai's prayer
Esth.4.16		absent	this edition prints Esther in the Septuagint arrangement and in fifteen chapters, so no Vulgate chapter or verse number addresses the matter it names: its 1:1 is the Vulgate's 11:2, its 3:1 is the Vulgate's 1:1, and its 13:9 is part of the king's letter and not Mardochai's prayer
Esth.4.17		absent	this edition prints Esther in the Septuagint arrangement and in fifteen chapters, so no Vulgate chapter or verse number addresses the matter it names: its 1:1 is the Vulgate's 11:2, its 3:1 is the Vulgate's 1:1, and its 13:9 is part of the king's letter and not Mardochai's prayer
Esth.4.18		absent	this edition prints Esther in the Septuagint arrangement and in fifteen chapters, so no Vulgate chapter or verse number addresses the matter it names: its 1:1 is the Vulgate's 11:2, its 3:1 is the Vulgate's 1:1, and its 13:9 is part of the king's letter and not Mardochai's prayer
Esth.4.19		absent	this edition prints Esther in the Septuagint arrangement and in fifteen chapters, so no Vulgate chapter or verse number addresses the matter it names: its 1:1 is the Vulgate's 11:2, its 3:1 is the Vulgate's 1:1, and its 13:9 is part of the king's letter and not Mardochai's prayer
Esth.4.2		absent	this edition prints Esther in the Septuagint arrangement and in fifteen chapters, so no Vulgate chapter or verse number addresses the matter it names: its 1:1 is the Vulgate's 11:2, its 3:1 is the Vulgate's 1:1, and its 13:9 is part of the king's letter and not Mardochai's prayer
Esth.4.20		absent	this edition prints Esther in the Septuagint arrangement and in fifteen chapters, so no Vulgate chapter or verse number addresses the matter it names: its 1:1 is the Vulgate's 11:2, its 3:1 is the Vulgate's 1:1, and its 13:9 is part of the king's letter and not Mardochai's prayer
Esth.4.21		absent	this edition prints Esther in the Septuagint arrangement and in fifteen chapters, so no Vulgate chapter or verse number addresses the matter it names: its 1:1 is the Vulgate's 11:2, its 3:1 is the Vulgate's 1:1, and its 13:9 is part of the king's letter and not Mardochai's prayer
Esth.4.22		absent	this edition prints Esther in the Septuagint arrangement and in fifteen chapters, so no Vulgate chapter or verse number addresses the matter it names: its 1:1 is the Vulgate's 11:2, its 3:1 is the Vulgate's 1:1, and its 13:9 is part of the king's letter and not Mardochai's prayer
Esth.4.23		absent	this edition prints Esther in the Septuagint arrangement and in fifteen chapters, so no Vulgate chapter or verse number addresses the matter it names: its 1:1 is the Vulgate's 11:2, its 3:1 is the Vulgate's 1:1, and its 13:9 is part of the king's letter and not Mardochai's prayer
Esth.4.24		absent	this edition prints Esther in the Septuagint arrangement and in fifteen chapters, so no Vulgate chapter or verse number addresses the matter it names: its 1:1 is the Vulgate's 11:2, its 3:1 is the Vulgate's 1:1, and its 13:9 is part of the king's letter and not Mardochai's prayer
Esth.4.25		absent	this edition prints Esther in the Septuagint arrangement and in fifteen chapters, so no Vulgate chapter or verse number addresses the matter it names: its 1:1 is the Vulgate's 11:2, its 3:1 is the Vulgate's 1:1, and its 13:9 is part of the king's letter and not Mardochai's prayer
Esth.4.26		absent	this edition prints Esther in the Septuagint arrangement and in fifteen chapters, so no Vulgate chapter or verse number addresses the matter it names: its 1:1 is the Vulgate's 11:2, its 3:1 is the Vulgate's 1:1, and its 13:9 is part of the king's letter and not Mardochai's prayer
Esth.4.27		absent	this edition prints Esther in the Septuagint arrangement and in fifteen chapters, so no Vulgate chapter or verse number addresses the matter it names: its 1:1 is the Vulgate's 11:2, its 3:1 is the Vulgate's 1:1, and its 13:9 is part of the king's letter and not Mardochai's prayer
Esth.4.28		absent	this edition prints Esther in the Septuagint arrangement and in fifteen chapters, so no Vulgate chapter or verse number addresses the matter it names: its 1:1 is the Vulgate's 11:2, its 3:1 is the Vulgate's 1:1, and its 13:9 is part of the king's letter and not Mardochai's prayer
Esth.4.29		absent	this edition prints Esther in the Septuagint arrangement and in fifteen chapters, so no Vulgate chapter or verse number addresses the matter it names: its 1:1 is the Vulgate's 11:2, its 3:1 is the Vulgate's 1:1, and its 13:9 is part of the king's letter and not Mardochai's prayer
Esth.4.3		absent	this edition prints Esther in the Septuagint arrangement and in fifteen chapters, so no Vulgate chapter or verse number addresses the matter it names: its 1:1 is the Vulgate's 11:2, its 3:1 is the Vulgate's 1:1, and its 13:9 is part of the king's letter and not Mardochai's prayer
Esth.4.30		absent	this edition prints Esther in the Septuagint arrangement and in fifteen chapters, so no Vulgate chapter or verse number addresses the matter it names: its 1:1 is the Vulgate's 11:2, its 3:1 is the Vulgate's 1:1, and its 13:9 is part of the king's letter and not Mardochai's prayer
Esth.4.31		absent	this edition prints Esther in the Septuagint arrangement and in fifteen chapters, so no Vulgate chapter or verse number addresses the matter it names: its 1:1 is the Vulgate's 11:2, its 3:1 is the Vulgate's 1:1, and its 13:9 is part of the king's letter and not Mardochai's prayer
Esth.4.32		absent	this edition prints Esther in the Septuagint arrangement and in fifteen chapters, so no Vulgate chapter or verse number addresses the matter it names: its 1:1 is the Vulgate's 11:2, its 3:1 is the Vulgate's 1:1, and its 13:9 is part of the king's letter and not Mardochai's prayer
Esth.4.4		absent	this edition prints Esther in the Septuagint arrangement and in fifteen chapters, so no Vulgate chapter or verse number addresses the matter it names: its 1:1 is the Vulgate's 11:2, its 3:1 is the Vulgate's 1:1, and its 13:9 is part of the king's letter and not Mardochai's prayer
Esth.4.5		absent	this edition prints Esther in the Septuagint arrangement and in fifteen chapters, so no Vulgate chapter or verse number addresses the matter it names: its 1:1 is the Vulgate's 11:2, its 3:1 is the Vulgate's 1:1, and its 13:9 is part of the king's letter and not Mardochai's prayer
Esth.4.6		absent	this edition prints Esther in the Septuagint arrangement and in fifteen chapters, so no Vulgate chapter or verse number addresses the matter it names: its 1:1 is the Vulgate's 11:2, its 3:1 is the Vulgate's 1:1, and its 13:9 is part of the king's letter and not Mardochai's prayer
Esth.4.7		absent	this edition prints Esther in the Septuagint arrangement and in fifteen chapters, so no Vulgate chapter or verse number addresses the matter it names: its 1:1 is the Vulgate's 11:2, its 3:1 is the Vulgate's 1:1, and its 13:9 is part of the king's letter and not Mardochai's prayer
Esth.4.8		absent	this edition prints Esther in the Septuagint arrangement and in fifteen chapters, so no Vulgate chapter or verse number addresses the matter it names: its 1:1 is the Vulgate's 11:2, its 3:1 is the Vulgate's 1:1, and its 13:9 is part of the king's letter and not Mardochai's prayer
Esth.4.9		absent	this edition prints Esther in the Septuagint arrangement and in fifteen chapters, so no Vulgate chapter or verse number addresses the matter it names: its 1:1 is the Vulgate's 11:2, its 3:1 is the Vulgate's 1:1, and its 13:9 is part of the king's letter and not Mardochai's prayer
Esth.5.1		absent	this edition prints Esther in the Septuagint arrangement and in fifteen chapters, so no Vulgate chapter or verse number addresses the matter it names: its 1:1 is the Vulgate's 11:2, its 3:1 is the Vulgate's 1:1, and its 13:9 is part of the king's letter and not Mardochai's prayer
Esth.5.10		absent	this edition prints Esther in the Septuagint arrangement and in fifteen chapters, so no Vulgate chapter or verse number addresses the matter it names: its 1:1 is the Vulgate's 11:2, its 3:1 is the Vulgate's 1:1, and its 13:9 is part of the king's letter and not Mardochai's prayer
Esth.5.11		absent	this edition prints Esther in the Septuagint arrangement and in fifteen chapters, so no Vulgate chapter or verse number addresses the matter it names: its 1:1 is the Vulgate's 11:2, its 3:1 is the Vulgate's 1:1, and its 13:9 is part of the king's letter and not Mardochai's prayer
Esth.5.12		absent	this edition prints Esther in the Septuagint arrangement and in fifteen chapters, so no Vulgate chapter or verse number addresses the matter it names: its 1:1 is the Vulgate's 11:2, its 3:1 is the Vulgate's 1:1, and its 13:9 is part of the king's letter and not Mardochai's prayer
Esth.5.13		absent	this edition prints Esther in the Septuagint arrangement and in fifteen chapters, so no Vulgate chapter or verse number addresses the matter it names: its 1:1 is the Vulgate's 11:2, its 3:1 is the Vulgate's 1:1, and its 13:9 is part of the king's letter and not Mardochai's prayer
Esth.5.14		absent	this edition prints Esther in the Septuagint arrangement and in fifteen chapters, so no Vulgate chapter or verse number addresses the matter it names: its 1:1 is the Vulgate's 11:2, its 3:1 is the Vulgate's 1:1, and its 13:9 is part of the king's letter and not Mardochai's prayer
Esth.5.15		absent	this edition prints Esther in the Septuagint arrangement and in fifteen chapters, so no Vulgate chapter or verse number addresses the matter it names: its 1:1 is the Vulgate's 11:2, its 3:1 is the Vulgate's 1:1, and its 13:9 is part of the king's letter and not Mardochai's prayer
Esth.5.16		absent	this edition prints Esther in the Septuagint arrangement and in fifteen chapters, so no Vulgate chapter or verse number addresses the matter it names: its 1:1 is the Vulgate's 11:2, its 3:1 is the Vulgate's 1:1, and its 13:9 is part of the king's letter and not Mardochai's prayer
Esth.5.17		absent	this edition prints Esther in the Septuagint arrangement and in fifteen chapters, so no Vulgate chapter or verse number addresses the matter it names: its 1:1 is the Vulgate's 11:2, its 3:1 is the Vulgate's 1:1, and its 13:9 is part of the king's letter and not Mardochai's prayer
Esth.5.18		absent	this edition prints Esther in the Septuagint arrangement and in fifteen chapters, so no Vulgate chapter or verse number addresses the matter it names: its 1:1 is the Vulgate's 11:2, its 3:1 is the Vulgate's 1:1, and its 13:9 is part of the king's letter and not Mardochai's prayer
Esth.5.19		absent	this edition prints Esther in the Septuagint arrangement and in fifteen chapters, so no Vulgate chapter or verse number addresses the matter it names: its 1:1 is the Vulgate's 11:2, its 3:1 is the Vulgate's 1:1, and its 13:9 is part of the king's letter and not Mardochai's prayer
Esth.5.2		absent	this edition prints Esther in the Septuagint arrangement and in fifteen chapters, so no Vulgate chapter or verse number addresses the matter it names: its 1:1 is the Vulgate's 11:2, its 3:1 is the Vulgate's 1:1, and its 13:9 is part of the king's letter and not Mardochai's prayer
Esth.5.20		absent	this edition prints Esther in the Septuagint arrangement and in fifteen chapters, so no Vulgate chapter or verse number addresses the matter it names: its 1:1 is the Vulgate's 11:2, its 3:1 is the Vulgate's 1:1, and its 13:9 is part of the king's letter and not Mardochai's prayer
Esth.5.21		absent	this edition prints Esther in the Septuagint arrangement and in fifteen chapters, so no Vulgate chapter or verse number addresses the matter it names: its 1:1 is the Vulgate's 11:2, its 3:1 is the Vulgate's 1:1, and its 13:9 is part of the king's letter and not Mardochai's prayer
Esth.5.22		absent	this edition prints Esther in the Septuagint arrangement and in fifteen chapters, so no Vulgate chapter or verse number addresses the matter it names: its 1:1 is the Vulgate's 11:2, its 3:1 is the Vulgate's 1:1, and its 13:9 is part of the king's letter and not Mardochai's prayer
Esth.5.23		absent	this edition prints Esther in the Septuagint arrangement and in fifteen chapters, so no Vulgate chapter or verse number addresses the matter it names: its 1:1 is the Vulgate's 11:2, its 3:1 is the Vulgate's 1:1, and its 13:9 is part of the king's letter and not Mardochai's prayer
Esth.5.24		absent	this edition prints Esther in the Septuagint arrangement and in fifteen chapters, so no Vulgate chapter or verse number addresses the matter it names: its 1:1 is the Vulgate's 11:2, its 3:1 is the Vulgate's 1:1, and its 13:9 is part of the king's letter and not Mardochai's prayer
Esth.5.25		absent	this edition prints Esther in the Septuagint arrangement and in fifteen chapters, so no Vulgate chapter or verse number addresses the matter it names: its 1:1 is the Vulgate's 11:2, its 3:1 is the Vulgate's 1:1, and its 13:9 is part of the king's letter and not Mardochai's prayer
Esth.5.26		absent	this edition prints Esther in the Septuagint arrangement and in fifteen chapters, so no Vulgate chapter or verse number addresses the matter it names: its 1:1 is the Vulgate's 11:2, its 3:1 is the Vulgate's 1:1, and its 13:9 is part of the king's letter and not Mardochai's prayer
Esth.5.27		absent	this edition prints Esther in the Septuagint arrangement and in fifteen chapters, so no Vulgate chapter or verse number addresses the matter it names: its 1:1 is the Vulgate's 11:2, its 3:1 is the Vulgate's 1:1, and its 13:9 is part of the king's letter and not Mardochai's prayer
Esth.5.28		absent	this edition prints Esther in the Septuagint arrangement and in fifteen chapters, so no Vulgate chapter or verse number addresses the matter it names: its 1:1 is the Vulgate's 11:2, its 3:1 is the Vulgate's 1:1, and its 13:9 is part of the king's letter and not Mardochai's prayer
Esth.5.29		absent	this edition prints Esther in the Septuagint arrangement and in fifteen chapters, so no Vulgate chapter or verse number addresses the matter it names: its 1:1 is the Vulgate's 11:2, its 3:1 is the Vulgate's 1:1, and its 13:9 is part of the king's letter and not Mardochai's prayer
Esth.5.3		absent	this edition prints Esther in the Septuagint arrangement and in fifteen chapters, so no Vulgate chapter or verse number addresses the matter it names: its 1:1 is the Vulgate's 11:2, its 3:1 is the Vulgate's 1:1, and its 13:9 is part of the king's letter and not Mardochai's prayer
Esth.5.30		absent	this edition prints Esther in the Septuagint arrangement and in fifteen chapters, so no Vulgate chapter or verse number addresses the matter it names: its 1:1 is the Vulgate's 11:2, its 3:1 is the Vulgate's 1:1, and its 13:9 is part of the king's letter and not Mardochai's prayer
Esth.5.31		absent	this edition prints Esther in the Septuagint arrangement and in fifteen chapters, so no Vulgate chapter or verse number addresses the matter it names: its 1:1 is the Vulgate's 11:2, its 3:1 is the Vulgate's 1:1, and its 13:9 is part of the king's letter and not Mardochai's prayer
Esth.5.32		absent	this edition prints Esther in the Septuagint arrangement and in fifteen chapters, so no Vulgate chapter or verse number addresses the matter it names: its 1:1 is the Vulgate's 11:2, its 3:1 is the Vulgate's 1:1, and its 13:9 is part of the king's letter and not Mardochai's prayer
Esth.5.4		absent	this edition prints Esther in the Septuagint arrangement and in fifteen chapters, so no Vulgate chapter or verse number addresses the matter it names: its 1:1 is the Vulgate's 11:2, its 3:1 is the Vulgate's 1:1, and its 13:9 is part of the king's letter and not Mardochai's prayer
Esth.5.5		absent	this edition prints Esther in the Septuagint arrangement and in fifteen chapters, so no Vulgate chapter or verse number addresses the matter it names: its 1:1 is the Vulgate's 11:2, its 3:1 is the Vulgate's 1:1, and its 13:9 is part of the king's letter and not Mardochai's prayer
Esth.5.6		absent	this edition prints Esther in the Septuagint arrangement and in fifteen chapters, so no Vulgate chapter or verse number addresses the matter it names: its 1:1 is the Vulgate's 11:2, its 3:1 is the Vulgate's 1:1, and its 13:9 is part of the king's letter and not Mardochai's prayer
Esth.5.7		absent	this edition prints Esther in the Septuagint arrangement and in fifteen chapters, so no Vulgate chapter or verse number addresses the matter it names: its 1:1 is the Vulgate's 11:2, its 3:1 is the Vulgate's 1:1, and its 13:9 is part of the king's letter and not Mardochai's prayer
Esth.5.8		absent	this edition prints Esther in the Septuagint arrangement and in fifteen chapters, so no Vulgate chapter or verse number addresses the matter it names: its 1:1 is the Vulgate's 11:2, its 3:1 is the Vulgate's 1:1, and its 13:9 is part of the king's letter and not Mardochai's prayer
Esth.5.9		absent	this edition prints Esther in the Septuagint arrangement and in fifteen chapters, so no Vulgate chapter or verse number addresses the matter it names: its 1:1 is the Vulgate's 11:2, its 3:1 is the Vulgate's 1:1, and its 13:9 is part of the king's letter and not Mardochai's prayer
Esth.6.1		absent	this edition prints Esther in the Septuagint arrangement and in fifteen chapters, so no Vulgate chapter or verse number addresses the matter it names: its 1:1 is the Vulgate's 11:2, its 3:1 is the Vulgate's 1:1, and its 13:9 is part of the king's letter and not Mardochai's prayer
Esth.6.10		absent	this edition prints Esther in the Septuagint arrangement and in fifteen chapters, so no Vulgate chapter or verse number addresses the matter it names: its 1:1 is the Vulgate's 11:2, its 3:1 is the Vulgate's 1:1, and its 13:9 is part of the king's letter and not Mardochai's prayer
Esth.6.11		absent	this edition prints Esther in the Septuagint arrangement and in fifteen chapters, so no Vulgate chapter or verse number addresses the matter it names: its 1:1 is the Vulgate's 11:2, its 3:1 is the Vulgate's 1:1, and its 13:9 is part of the king's letter and not Mardochai's prayer
Esth.6.12		absent	this edition prints Esther in the Septuagint arrangement and in fifteen chapters, so no Vulgate chapter or verse number addresses the matter it names: its 1:1 is the Vulgate's 11:2, its 3:1 is the Vulgate's 1:1, and its 13:9 is part of the king's letter and not Mardochai's prayer
Esth.6.13		absent	this edition prints Esther in the Septuagint arrangement and in fifteen chapters, so no Vulgate chapter or verse number addresses the matter it names: its 1:1 is the Vulgate's 11:2, its 3:1 is the Vulgate's 1:1, and its 13:9 is part of the king's letter and not Mardochai's prayer
Esth.6.14		absent	this edition prints Esther in the Septuagint arrangement and in fifteen chapters, so no Vulgate chapter or verse number addresses the matter it names: its 1:1 is the Vulgate's 11:2, its 3:1 is the Vulgate's 1:1, and its 13:9 is part of the king's letter and not Mardochai's prayer
Esth.6.15		absent	this edition prints Esther in the Septuagint arrangement and in fifteen chapters, so no Vulgate chapter or verse number addresses the matter it names: its 1:1 is the Vulgate's 11:2, its 3:1 is the Vulgate's 1:1, and its 13:9 is part of the king's letter and not Mardochai's prayer
Esth.6.16		absent	this edition prints Esther in the Septuagint arrangement and in fifteen chapters, so no Vulgate chapter or verse number addresses the matter it names: its 1:1 is the Vulgate's 11:2, its 3:1 is the Vulgate's 1:1, and its 13:9 is part of the king's letter and not Mardochai's prayer
Esth.6.17		absent	this edition prints Esther in the Septuagint arrangement and in fifteen chapters, so no Vulgate chapter or verse number addresses the matter it names: its 1:1 is the Vulgate's 11:2, its 3:1 is the Vulgate's 1:1, and its 13:9 is part of the king's letter and not Mardochai's prayer
Esth.6.18		absent	this edition prints Esther in the Septuagint arrangement and in fifteen chapters, so no Vulgate chapter or verse number addresses the matter it names: its 1:1 is the Vulgate's 11:2, its 3:1 is the Vulgate's 1:1, and its 13:9 is part of the king's letter and not Mardochai's prayer
Esth.6.19		absent	this edition prints Esther in the Septuagint arrangement and in fifteen chapters, so no Vulgate chapter or verse number addresses the matter it names: its 1:1 is the Vulgate's 11:2, its 3:1 is the Vulgate's 1:1, and its 13:9 is part of the king's letter and not Mardochai's prayer
Esth.6.2		absent	this edition prints Esther in the Septuagint arrangement and in fifteen chapters, so no Vulgate chapter or verse number addresses the matter it names: its 1:1 is the Vulgate's 11:2, its 3:1 is the Vulgate's 1:1, and its 13:9 is part of the king's letter and not Mardochai's prayer
Esth.6.20		absent	this edition prints Esther in the Septuagint arrangement and in fifteen chapters, so no Vulgate chapter or verse number addresses the matter it names: its 1:1 is the Vulgate's 11:2, its 3:1 is the Vulgate's 1:1, and its 13:9 is part of the king's letter and not Mardochai's prayer
Esth.6.21		absent	this edition prints Esther in the Septuagint arrangement and in fifteen chapters, so no Vulgate chapter or verse number addresses the matter it names: its 1:1 is the Vulgate's 11:2, its 3:1 is the Vulgate's 1:1, and its 13:9 is part of the king's letter and not Mardochai's prayer
Esth.6.22		absent	this edition prints Esther in the Septuagint arrangement and in fifteen chapters, so no Vulgate chapter or verse number addresses the matter it names: its 1:1 is the Vulgate's 11:2, its 3:1 is the Vulgate's 1:1, and its 13:9 is part of the king's letter and not Mardochai's prayer
Esth.6.23		absent	this edition prints Esther in the Septuagint arrangement and in fifteen chapters, so no Vulgate chapter or verse number addresses the matter it names: its 1:1 is the Vulgate's 11:2, its 3:1 is the Vulgate's 1:1, and its 13:9 is part of the king's letter and not Mardochai's prayer
Esth.6.24		absent	this edition prints Esther in the Septuagint arrangement and in fifteen chapters, so no Vulgate chapter or verse number addresses the matter it names: its 1:1 is the Vulgate's 11:2, its 3:1 is the Vulgate's 1:1, and its 13:9 is part of the king's letter and not Mardochai's prayer
Esth.6.25		absent	this edition prints Esther in the Septuagint arrangement and in fifteen chapters, so no Vulgate chapter or verse number addresses the matter it names: its 1:1 is the Vulgate's 11:2, its 3:1 is the Vulgate's 1:1, and its 13:9 is part of the king's letter and not Mardochai's prayer
Esth.6.26		absent	this edition prints Esther in the Septuagint arrangement and in fifteen chapters, so no Vulgate chapter or verse number addresses the matter it names: its 1:1 is the Vulgate's 11:2, its 3:1 is the Vulgate's 1:1, and its 13:9 is part of the king's letter and not Mardochai's prayer
Esth.6.27		absent	this edition prints Esther in the Septuagint arrangement and in fifteen chapters, so no Vulgate chapter or verse number addresses the matter it names: its 1:1 is the Vulgate's 11:2, its 3:1 is the Vulgate's 1:1, and its 13:9 is part of the king's letter and not Mardochai's prayer
Esth.6.28		absent	this edition prints Esther in the Septuagint arrangement and in fifteen chapters, so no Vulgate chapter or verse number addresses the matter it names: its 1:1 is the Vulgate's 11:2, its 3:1 is the Vulgate's 1:1, and its 13:9 is part of the king's letter and not Mardochai's prayer
Esth.6.29		absent	this edition prints Esther in the Septuagint arrangement and in fifteen chapters, so no Vulgate chapter or verse number addresses the matter it names: its 1:1 is the Vulgate's 11:2, its 3:1 is the Vulgate's 1:1, and its 13:9 is part of the king's letter and not Mardochai's prayer
Esth.6.3		absent	this edition prints Esther in the Septuagint arrangement and in fifteen chapters, so no Vulgate chapter or verse number addresses the matter it names: its 1:1 is the Vulgate's 11:2, its 3:1 is the Vulgate's 1:1, and its 13:9 is part of the king's letter and not Mardochai's prayer
Esth.6.30		absent	this edition prints Esther in the Septuagint arrangement and in fifteen chapters, so no Vulgate chapter or verse number addresses the matter it names: its 1:1 is the Vulgate's 11:2, its 3:1 is the Vulgate's 1:1, and its 13:9 is part of the king's letter and not Mardochai's prayer
Esth.6.31		absent	this edition prints Esther in the Septuagint arrangement and in fifteen chapters, so no Vulgate chapter or verse number addresses the matter it names: its 1:1 is the Vulgate's 11:2, its 3:1 is the Vulgate's 1:1, and its 13:9 is part of the king's letter and not Mardochai's prayer
Esth.6.32		absent	this edition prints Esther in the Septuagint arrangement and in fifteen chapters, so no Vulgate chapter or verse number addresses the matter it names: its 1:1 is the Vulgate's 11:2, its 3:1 is the Vulgate's 1:1, and its 13:9 is part of the king's letter and not Mardochai's prayer
Esth.6.4		absent	this edition prints Esther in the Septuagint arrangement and in fifteen chapters, so no Vulgate chapter or verse number addresses the matter it names: its 1:1 is the Vulgate's 11:2, its 3:1 is the Vulgate's 1:1, and its 13:9 is part of the king's letter and not Mardochai's prayer
Esth.6.5		absent	this edition prints Esther in the Septuagint arrangement and in fifteen chapters, so no Vulgate chapter or verse number addresses the matter it names: its 1:1 is the Vulgate's 11:2, its 3:1 is the Vulgate's 1:1, and its 13:9 is part of the king's letter and not Mardochai's prayer
Esth.6.6		absent	this edition prints Esther in the Septuagint arrangement and in fifteen chapters, so no Vulgate chapter or verse number addresses the matter it names: its 1:1 is the Vulgate's 11:2, its 3:1 is the Vulgate's 1:1, and its 13:9 is part of the king's letter and not Mardochai's prayer
Esth.6.7		absent	this edition prints Esther in the Septuagint arrangement and in fifteen chapters, so no Vulgate chapter or verse number addresses the matter it names: its 1:1 is the Vulgate's 11:2, its 3:1 is the Vulgate's 1:1, and its 13:9 is part of the king's letter and not Mardochai's prayer
Esth.6.8		absent	this edition prints Esther in the Septuagint arrangement and in fifteen chapters, so no Vulgate chapter or verse number addresses the matter it names: its 1:1 is the Vulgate's 11:2, its 3:1 is the Vulgate's 1:1, and its 13:9 is part of the king's letter and not Mardochai's prayer
Esth.6.9		absent	this edition prints Esther in the Septuagint arrangement and in fifteen chapters, so no Vulgate chapter or verse number addresses the matter it names: its 1:1 is the Vulgate's 11:2, its 3:1 is the Vulgate's 1:1, and its 13:9 is part of the king's letter and not Mardochai's prayer
Esth.7.1		absent	this edition prints Esther in the Septuagint arrangement and in fifteen chapters, so no Vulgate chapter or verse number addresses the matter it names: its 1:1 is the Vulgate's 11:2, its 3:1 is the Vulgate's 1:1, and its 13:9 is part of the king's letter and not Mardochai's prayer
Esth.7.10		absent	this edition prints Esther in the Septuagint arrangement and in fifteen chapters, so no Vulgate chapter or verse number addresses the matter it names: its 1:1 is the Vulgate's 11:2, its 3:1 is the Vulgate's 1:1, and its 13:9 is part of the king's letter and not Mardochai's prayer
Esth.7.11		absent	this edition prints Esther in the Septuagint arrangement and in fifteen chapters, so no Vulgate chapter or verse number addresses the matter it names: its 1:1 is the Vulgate's 11:2, its 3:1 is the Vulgate's 1:1, and its 13:9 is part of the king's letter and not Mardochai's prayer
Esth.7.12		absent	this edition prints Esther in the Septuagint arrangement and in fifteen chapters, so no Vulgate chapter or verse number addresses the matter it names: its 1:1 is the Vulgate's 11:2, its 3:1 is the Vulgate's 1:1, and its 13:9 is part of the king's letter and not Mardochai's prayer
Esth.7.13		absent	this edition prints Esther in the Septuagint arrangement and in fifteen chapters, so no Vulgate chapter or verse number addresses the matter it names: its 1:1 is the Vulgate's 11:2, its 3:1 is the Vulgate's 1:1, and its 13:9 is part of the king's letter and not Mardochai's prayer
Esth.7.14		absent	this edition prints Esther in the Septuagint arrangement and in fifteen chapters, so no Vulgate chapter or verse number addresses the matter it names: its 1:1 is the Vulgate's 11:2, its 3:1 is the Vulgate's 1:1, and its 13:9 is part of the king's letter and not Mardochai's prayer
Esth.7.15		absent	this edition prints Esther in the Septuagint arrangement and in fifteen chapters, so no Vulgate chapter or verse number addresses the matter it names: its 1:1 is the Vulgate's 11:2, its 3:1 is the Vulgate's 1:1, and its 13:9 is part of the king's letter and not Mardochai's prayer
Esth.7.16		absent	this edition prints Esther in the Septuagint arrangement and in fifteen chapters, so no Vulgate chapter or verse number addresses the matter it names: its 1:1 is the Vulgate's 11:2, its 3:1 is the Vulgate's 1:1, and its 13:9 is part of the king's letter and not Mardochai's prayer
Esth.7.17		absent	this edition prints Esther in the Septuagint arrangement and in fifteen chapters, so no Vulgate chapter or verse number addresses the matter it names: its 1:1 is the Vulgate's 11:2, its 3:1 is the Vulgate's 1:1, and its 13:9 is part of the king's letter and not Mardochai's prayer
Esth.7.18		absent	this edition prints Esther in the Septuagint arrangement and in fifteen chapters, so no Vulgate chapter or verse number addresses the matter it names: its 1:1 is the Vulgate's 11:2, its 3:1 is the Vulgate's 1:1, and its 13:9 is part of the king's letter and not Mardochai's prayer
Esth.7.19		absent	this edition prints Esther in the Septuagint arrangement and in fifteen chapters, so no Vulgate chapter or verse number addresses the matter it names: its 1:1 is the Vulgate's 11:2, its 3:1 is the Vulgate's 1:1, and its 13:9 is part of the king's letter and not Mardochai's prayer
Esth.7.2		absent	this edition prints Esther in the Septuagint arrangement and in fifteen chapters, so no Vulgate chapter or verse number addresses the matter it names: its 1:1 is the Vulgate's 11:2, its 3:1 is the Vulgate's 1:1, and its 13:9 is part of the king's letter and not Mardochai's prayer
Esth.7.20		absent	this edition prints Esther in the Septuagint arrangement and in fifteen chapters, so no Vulgate chapter or verse number addresses the matter it names: its 1:1 is the Vulgate's 11:2, its 3:1 is the Vulgate's 1:1, and its 13:9 is part of the king's letter and not Mardochai's prayer
Esth.7.21		absent	this edition prints Esther in the Septuagint arrangement and in fifteen chapters, so no Vulgate chapter or verse number addresses the matter it names: its 1:1 is the Vulgate's 11:2, its 3:1 is the Vulgate's 1:1, and its 13:9 is part of the king's letter and not Mardochai's prayer
Esth.7.22		absent	this edition prints Esther in the Septuagint arrangement and in fifteen chapters, so no Vulgate chapter or verse number addresses the matter it names: its 1:1 is the Vulgate's 11:2, its 3:1 is the Vulgate's 1:1, and its 13:9 is part of the king's letter and not Mardochai's prayer
Esth.7.23		absent	this edition prints Esther in the Septuagint arrangement and in fifteen chapters, so no Vulgate chapter or verse number addresses the matter it names: its 1:1 is the Vulgate's 11:2, its 3:1 is the Vulgate's 1:1, and its 13:9 is part of the king's letter and not Mardochai's prayer
Esth.7.24		absent	this edition prints Esther in the Septuagint arrangement and in fifteen chapters, so no Vulgate chapter or verse number addresses the matter it names: its 1:1 is the Vulgate's 11:2, its 3:1 is the Vulgate's 1:1, and its 13:9 is part of the king's letter and not Mardochai's prayer
Esth.7.25		absent	this edition prints Esther in the Septuagint arrangement and in fifteen chapters, so no Vulgate chapter or verse number addresses the matter it names: its 1:1 is the Vulgate's 11:2, its 3:1 is the Vulgate's 1:1, and its 13:9 is part of the king's letter and not Mardochai's prayer
Esth.7.26		absent	this edition prints Esther in the Septuagint arrangement and in fifteen chapters, so no Vulgate chapter or verse number addresses the matter it names: its 1:1 is the Vulgate's 11:2, its 3:1 is the Vulgate's 1:1, and its 13:9 is part of the king's letter and not Mardochai's prayer
Esth.7.27		absent	this edition prints Esther in the Septuagint arrangement and in fifteen chapters, so no Vulgate chapter or verse number addresses the matter it names: its 1:1 is the Vulgate's 11:2, its 3:1 is the Vulgate's 1:1, and its 13:9 is part of the king's letter and not Mardochai's prayer
Esth.7.28		absent	this edition prints Esther in the Septuagint arrangement and in fifteen chapters, so no Vulgate chapter or verse number addresses the matter it names: its 1:1 is the Vulgate's 11:2, its 3:1 is the Vulgate's 1:1, and its 13:9 is part of the king's letter and not Mardochai's prayer
Esth.7.29		absent	this edition prints Esther in the Septuagint arrangement and in fifteen chapters, so no Vulgate chapter or verse number addresses the matter it names: its 1:1 is the Vulgate's 11:2, its 3:1 is the Vulgate's 1:1, and its 13:9 is part of the king's letter and not Mardochai's prayer
Esth.7.3		absent	this edition prints Esther in the Septuagint arrangement and in fifteen chapters, so no Vulgate chapter or verse number addresses the matter it names: its 1:1 is the Vulgate's 11:2, its 3:1 is the Vulgate's 1:1, and its 13:9 is part of the king's letter and not Mardochai's prayer
Esth.7.30		absent	this edition prints Esther in the Septuagint arrangement and in fifteen chapters, so no Vulgate chapter or verse number addresses the matter it names: its 1:1 is the Vulgate's 11:2, its 3:1 is the Vulgate's 1:1, and its 13:9 is part of the king's letter and not Mardochai's prayer
Esth.7.31		absent	this edition prints Esther in the Septuagint arrangement and in fifteen chapters, so no Vulgate chapter or verse number addresses the matter it names: its 1:1 is the Vulgate's 11:2, its 3:1 is the Vulgate's 1:1, and its 13:9 is part of the king's letter and not Mardochai's prayer
Esth.7.32		absent	this edition prints Esther in the Septuagint arrangement and in fifteen chapters, so no Vulgate chapter or verse number addresses the matter it names: its 1:1 is the Vulgate's 11:2, its 3:1 is the Vulgate's 1:1, and its 13:9 is part of the king's letter and not Mardochai's prayer
Esth.7.4		absent	this edition prints Esther in the Septuagint arrangement and in fifteen chapters, so no Vulgate chapter or verse number addresses the matter it names: its 1:1 is the Vulgate's 11:2, its 3:1 is the Vulgate's 1:1, and its 13:9 is part of the king's letter and not Mardochai's prayer
Esth.7.5		absent	this edition prints Esther in the Septuagint arrangement and in fifteen chapters, so no Vulgate chapter or verse number addresses the matter it names: its 1:1 is the Vulgate's 11:2, its 3:1 is the Vulgate's 1:1, and its 13:9 is part of the king's letter and not Mardochai's prayer
Esth.7.6		absent	this edition prints Esther in the Septuagint arrangement and in fifteen chapters, so no Vulgate chapter or verse number addresses the matter it names: its 1:1 is the Vulgate's 11:2, its 3:1 is the Vulgate's 1:1, and its 13:9 is part of the king's letter and not Mardochai's prayer
Esth.7.7		absent	this edition prints Esther in the Septuagint arrangement and in fifteen chapters, so no Vulgate chapter or verse number addresses the matter it names: its 1:1 is the Vulgate's 11:2, its 3:1 is the Vulgate's 1:1, and its 13:9 is part of the king's letter and not Mardochai's prayer
Esth.7.8		absent	this edition prints Esther in the Septuagint arrangement and in fifteen chapters, so no Vulgate chapter or verse number addresses the matter it names: its 1:1 is the Vulgate's 11:2, its 3:1 is the Vulgate's 1:1, and its 13:9 is part of the king's letter and not Mardochai's prayer
Esth.7.9		absent	this edition prints Esther in the Septuagint arrangement and in fifteen chapters, so no Vulgate chapter or verse number addresses the matter it names: its 1:1 is the Vulgate's 11:2, its 3:1 is the Vulgate's 1:1, and its 13:9 is part of the king's letter and not Mardochai's prayer
Esth.8.1		absent	this edition prints Esther in the Septuagint arrangement and in fifteen chapters, so no Vulgate chapter or verse number addresses the matter it names: its 1:1 is the Vulgate's 11:2, its 3:1 is the Vulgate's 1:1, and its 13:9 is part of the king's letter and not Mardochai's prayer
Esth.8.10		absent	this edition prints Esther in the Septuagint arrangement and in fifteen chapters, so no Vulgate chapter or verse number addresses the matter it names: its 1:1 is the Vulgate's 11:2, its 3:1 is the Vulgate's 1:1, and its 13:9 is part of the king's letter and not Mardochai's prayer
Esth.8.11		absent	this edition prints Esther in the Septuagint arrangement and in fifteen chapters, so no Vulgate chapter or verse number addresses the matter it names: its 1:1 is the Vulgate's 11:2, its 3:1 is the Vulgate's 1:1, and its 13:9 is part of the king's letter and not Mardochai's prayer
Esth.8.12		absent	this edition prints Esther in the Septuagint arrangement and in fifteen chapters, so no Vulgate chapter or verse number addresses the matter it names: its 1:1 is the Vulgate's 11:2, its 3:1 is the Vulgate's 1:1, and its 13:9 is part of the king's letter and not Mardochai's prayer
Esth.8.13		absent	this edition prints Esther in the Septuagint arrangement and in fifteen chapters, so no Vulgate chapter or verse number addresses the matter it names: its 1:1 is the Vulgate's 11:2, its 3:1 is the Vulgate's 1:1, and its 13:9 is part of the king's letter and not Mardochai's prayer
Esth.8.14		absent	this edition prints Esther in the Septuagint arrangement and in fifteen chapters, so no Vulgate chapter or verse number addresses the matter it names: its 1:1 is the Vulgate's 11:2, its 3:1 is the Vulgate's 1:1, and its 13:9 is part of the king's letter and not Mardochai's prayer
Esth.8.15		absent	this edition prints Esther in the Septuagint arrangement and in fifteen chapters, so no Vulgate chapter or verse number addresses the matter it names: its 1:1 is the Vulgate's 11:2, its 3:1 is the Vulgate's 1:1, and its 13:9 is part of the king's letter and not Mardochai's prayer
Esth.8.16		absent	this edition prints Esther in the Septuagint arrangement and in fifteen chapters, so no Vulgate chapter or verse number addresses the matter it names: its 1:1 is the Vulgate's 11:2, its 3:1 is the Vulgate's 1:1, and its 13:9 is part of the king's letter and not Mardochai's prayer
Esth.8.17		absent	this edition prints Esther in the Septuagint arrangement and in fifteen chapters, so no Vulgate chapter or verse number addresses the matter it names: its 1:1 is the Vulgate's 11:2, its 3:1 is the Vulgate's 1:1, and its 13:9 is part of the king's letter and not Mardochai's prayer
Esth.8.18		absent	this edition prints Esther in the Septuagint arrangement and in fifteen chapters, so no Vulgate chapter or verse number addresses the matter it names: its 1:1 is the Vulgate's 11:2, its 3:1 is the Vulgate's 1:1, and its 13:9 is part of the king's letter and not Mardochai's prayer
Esth.8.19		absent	this edition prints Esther in the Septuagint arrangement and in fifteen chapters, so no Vulgate chapter or verse number addresses the matter it names: its 1:1 is the Vulgate's 11:2, its 3:1 is the Vulgate's 1:1, and its 13:9 is part of the king's letter and not Mardochai's prayer
Esth.8.2		absent	this edition prints Esther in the Septuagint arrangement and in fifteen chapters, so no Vulgate chapter or verse number addresses the matter it names: its 1:1 is the Vulgate's 11:2, its 3:1 is the Vulgate's 1:1, and its 13:9 is part of the king's letter and not Mardochai's prayer
Esth.8.20		absent	this edition prints Esther in the Septuagint arrangement and in fifteen chapters, so no Vulgate chapter or verse number addresses the matter it names: its 1:1 is the Vulgate's 11:2, its 3:1 is the Vulgate's 1:1, and its 13:9 is part of the king's letter and not Mardochai's prayer
Esth.8.21		absent	this edition prints Esther in the Septuagint arrangement and in fifteen chapters, so no Vulgate chapter or verse number addresses the matter it names: its 1:1 is the Vulgate's 11:2, its 3:1 is the Vulgate's 1:1, and its 13:9 is part of the king's letter and not Mardochai's prayer
Esth.8.22		absent	this edition prints Esther in the Septuagint arrangement and in fifteen chapters, so no Vulgate chapter or verse number addresses the matter it names: its 1:1 is the Vulgate's 11:2, its 3:1 is the Vulgate's 1:1, and its 13:9 is part of the king's letter and not Mardochai's prayer
Esth.8.23		absent	this edition prints Esther in the Septuagint arrangement and in fifteen chapters, so no Vulgate chapter or verse number addresses the matter it names: its 1:1 is the Vulgate's 11:2, its 3:1 is the Vulgate's 1:1, and its 13:9 is part of the king's letter and not Mardochai's prayer
Esth.8.24		absent	this edition prints Esther in the Septuagint arrangement and in fifteen chapters, so no Vulgate chapter or verse number addresses the matter it names: its 1:1 is the Vulgate's 11:2, its 3:1 is the Vulgate's 1:1, and its 13:9 is part of the king's letter and not Mardochai's prayer
Esth.8.25		absent	this edition prints Esther in the Septuagint arrangement and in fifteen chapters, so no Vulgate chapter or verse number addresses the matter it names: its 1:1 is the Vulgate's 11:2, its 3:1 is the Vulgate's 1:1, and its 13:9 is part of the king's letter and not Mardochai's prayer
Esth.8.26		absent	this edition prints Esther in the Septuagint arrangement and in fifteen chapters, so no Vulgate chapter or verse number addresses the matter it names: its 1:1 is the Vulgate's 11:2, its 3:1 is the Vulgate's 1:1, and its 13:9 is part of the king's letter and not Mardochai's prayer
Esth.8.27		absent	this edition prints Esther in the Septuagint arrangement and in fifteen chapters, so no Vulgate chapter or verse number addresses the matter it names: its 1:1 is the Vulgate's 11:2, its 3:1 is the Vulgate's 1:1, and its 13:9 is part of the king's letter and not Mardochai's prayer
Esth.8.28		absent	this edition prints Esther in the Septuagint arrangement and in fifteen chapters, so no Vulgate chapter or verse number addresses the matter it names: its 1:1 is the Vulgate's 11:2, its 3:1 is the Vulgate's 1:1, and its 13:9 is part of the king's letter and not Mardochai's prayer
Esth.8.29		absent	this edition prints Esther in the Septuagint arrangement and in fifteen chapters, so no Vulgate chapter or verse number addresses the matter it names: its 1:1 is the Vulgate's 11:2, its 3:1 is the Vulgate's 1:1, and its 13:9 is part of the king's letter and not Mardochai's prayer
Esth.8.3		absent	this edition prints Esther in the Septuagint arrangement and in fifteen chapters, so no Vulgate chapter or verse number addresses the matter it names: its 1:1 is the Vulgate's 11:2, its 3:1 is the Vulgate's 1:1, and its 13:9 is part of the king's letter and not Mardochai's prayer
Esth.8.30		absent	this edition prints Esther in the Septuagint arrangement and in fifteen chapters, so no Vulgate chapter or verse number addresses the matter it names: its 1:1 is the Vulgate's 11:2, its 3:1 is the Vulgate's 1:1, and its 13:9 is part of the king's letter and not Mardochai's prayer
Esth.8.31		absent	this edition prints Esther in the Septuagint arrangement and in fifteen chapters, so no Vulgate chapter or verse number addresses the matter it names: its 1:1 is the Vulgate's 11:2, its 3:1 is the Vulgate's 1:1, and its 13:9 is part of the king's letter and not Mardochai's prayer
Esth.8.32		absent	this edition prints Esther in the Septuagint arrangement and in fifteen chapters, so no Vulgate chapter or verse number addresses the matter it names: its 1:1 is the Vulgate's 11:2, its 3:1 is the Vulgate's 1:1, and its 13:9 is part of the king's letter and not Mardochai's prayer
Esth.8.4		absent	this edition prints Esther in the Septuagint arrangement and in fifteen chapters, so no Vulgate chapter or verse number addresses the matter it names: its 1:1 is the Vulgate's 11:2, its 3:1 is the Vulgate's 1:1, and its 13:9 is part of the king's letter and not Mardochai's prayer
Esth.8.5		absent	this edition prints Esther in the Septuagint arrangement and in fifteen chapters, so no Vulgate chapter or verse number addresses the matter it names: its 1:1 is the Vulgate's 11:2, its 3:1 is the Vulgate's 1:1, and its 13:9 is part of the king's letter and not Mardochai's prayer
Esth.8.6		absent	this edition prints Esther in the Septuagint arrangement and in fifteen chapters, so no Vulgate chapter or verse number addresses the matter it names: its 1:1 is the Vulgate's 11:2, its 3:1 is the Vulgate's 1:1, and its 13:9 is part of the king's letter and not Mardochai's prayer
Esth.8.7		absent	this edition prints Esther in the Septuagint arrangement and in fifteen chapters, so no Vulgate chapter or verse number addresses the matter it names: its 1:1 is the Vulgate's 11:2, its 3:1 is the Vulgate's 1:1, and its 13:9 is part of the king's letter and not Mardochai's prayer
Esth.8.8		absent	this edition prints Esther in the Septuagint arrangement and in fifteen chapters, so no Vulgate chapter or verse number addresses the matter it names: its 1:1 is the Vulgate's 11:2, its 3:1 is the Vulgate's 1:1, and its 13:9 is part of the king's letter and not Mardochai's prayer
Esth.8.9		absent	this edition prints Esther in the Septuagint arrangement and in fifteen chapters, so no Vulgate chapter or verse number addresses the matter it names: its 1:1 is the Vulgate's 11:2, its 3:1 is the Vulgate's 1:1, and its 13:9 is part of the king's letter and not Mardochai's prayer
Esth.9.1		absent	this edition prints Esther in the Septuagint arrangement and in fifteen chapters, so no Vulgate chapter or verse number addresses the matter it names: its 1:1 is the Vulgate's 11:2, its 3:1 is the Vulgate's 1:1, and its 13:9 is part of the king's letter and not Mardochai's prayer
Esth.9.10		absent	this edition prints Esther in the Septuagint arrangement and in fifteen chapters, so no Vulgate chapter or verse number addresses the matter it names: its 1:1 is the Vulgate's 11:2, its 3:1 is the Vulgate's 1:1, and its 13:9 is part of the king's letter and not Mardochai's prayer
Esth.9.11		absent	this edition prints Esther in the Septuagint arrangement and in fifteen chapters, so no Vulgate chapter or verse number addresses the matter it names: its 1:1 is the Vulgate's 11:2, its 3:1 is the Vulgate's 1:1, and its 13:9 is part of the king's letter and not Mardochai's prayer
Esth.9.12		absent	this edition prints Esther in the Septuagint arrangement and in fifteen chapters, so no Vulgate chapter or verse number addresses the matter it names: its 1:1 is the Vulgate's 11:2, its 3:1 is the Vulgate's 1:1, and its 13:9 is part of the king's letter and not Mardochai's prayer
Esth.9.13		absent	this edition prints Esther in the Septuagint arrangement and in fifteen chapters, so no Vulgate chapter or verse number addresses the matter it names: its 1:1 is the Vulgate's 11:2, its 3:1 is the Vulgate's 1:1, and its 13:9 is part of the king's letter and not Mardochai's prayer
Esth.9.14		absent	this edition prints Esther in the Septuagint arrangement and in fifteen chapters, so no Vulgate chapter or verse number addresses the matter it names: its 1:1 is the Vulgate's 11:2, its 3:1 is the Vulgate's 1:1, and its 13:9 is part of the king's letter and not Mardochai's prayer
Esth.9.15		absent	this edition prints Esther in the Septuagint arrangement and in fifteen chapters, so no Vulgate chapter or verse number addresses the matter it names: its 1:1 is the Vulgate's 11:2, its 3:1 is the Vulgate's 1:1, and its 13:9 is part of the king's letter and not Mardochai's prayer
Esth.9.16		absent	this edition prints Esther in the Septuagint arrangement and in fifteen chapters, so no Vulgate chapter or verse number addresses the matter it names: its 1:1 is the Vulgate's 11:2, its 3:1 is the Vulgate's 1:1, and its 13:9 is part of the king's letter and not Mardochai's prayer
Esth.9.17		absent	this edition prints Esther in the Septuagint arrangement and in fifteen chapters, so no Vulgate chapter or verse number addresses the matter it names: its 1:1 is the Vulgate's 11:2, its 3:1 is the Vulgate's 1:1, and its 13:9 is part of the king's letter and not Mardochai's prayer
Esth.9.18		absent	this edition prints Esther in the Septuagint arrangement and in fifteen chapters, so no Vulgate chapter or verse number addresses the matter it names: its 1:1 is the Vulgate's 11:2, its 3:1 is the Vulgate's 1:1, and its 13:9 is part of the king's letter and not Mardochai's prayer
Esth.9.19		absent	this edition prints Esther in the Septuagint arrangement and in fifteen chapters, so no Vulgate chapter or verse number addresses the matter it names: its 1:1 is the Vulgate's 11:2, its 3:1 is the Vulgate's 1:1, and its 13:9 is part of the king's letter and not Mardochai's prayer
Esth.9.2		absent	this edition prints Esther in the Septuagint arrangement and in fifteen chapters, so no Vulgate chapter or verse number addresses the matter it names: its 1:1 is the Vulgate's 11:2, its 3:1 is the Vulgate's 1:1, and its 13:9 is part of the king's letter and not Mardochai's prayer
Esth.9.20		absent	this edition prints Esther in the Septuagint arrangement and in fifteen chapters, so no Vulgate chapter or verse number addresses the matter it names: its 1:1 is the Vulgate's 11:2, its 3:1 is the Vulgate's 1:1, and its 13:9 is part of the king's letter and not Mardochai's prayer
Esth.9.21		absent	this edition prints Esther in the Septuagint arrangement and in fifteen chapters, so no Vulgate chapter or verse number addresses the matter it names: its 1:1 is the Vulgate's 11:2, its 3:1 is the Vulgate's 1:1, and its 13:9 is part of the king's letter and not Mardochai's prayer
Esth.9.22		absent	this edition prints Esther in the Septuagint arrangement and in fifteen chapters, so no Vulgate chapter or verse number addresses the matter it names: its 1:1 is the Vulgate's 11:2, its 3:1 is the Vulgate's 1:1, and its 13:9 is part of the king's letter and not Mardochai's prayer
Esth.9.23		absent	this edition prints Esther in the Septuagint arrangement and in fifteen chapters, so no Vulgate chapter or verse number addresses the matter it names: its 1:1 is the Vulgate's 11:2, its 3:1 is the Vulgate's 1:1, and its 13:9 is part of the king's letter and not Mardochai's prayer
Esth.9.24		absent	this edition prints Esther in the Septuagint arrangement and in fifteen chapters, so no Vulgate chapter or verse number addresses the matter it names: its 1:1 is the Vulgate's 11:2, its 3:1 is the Vulgate's 1:1, and its 13:9 is part of the king's letter and not Mardochai's prayer
Esth.9.25		absent	this edition prints Esther in the Septuagint arrangement and in fifteen chapters, so no Vulgate chapter or verse number addresses the matter it names: its 1:1 is the Vulgate's 11:2, its 3:1 is the Vulgate's 1:1, and its 13:9 is part of the king's letter and not Mardochai's prayer
Esth.9.26		absent	this edition prints Esther in the Septuagint arrangement and in fifteen chapters, so no Vulgate chapter or verse number addresses the matter it names: its 1:1 is the Vulgate's 11:2, its 3:1 is the Vulgate's 1:1, and its 13:9 is part of the king's letter and not Mardochai's prayer
Esth.9.27		absent	this edition prints Esther in the Septuagint arrangement and in fifteen chapters, so no Vulgate chapter or verse number addresses the matter it names: its 1:1 is the Vulgate's 11:2, its 3:1 is the Vulgate's 1:1, and its 13:9 is part of the king's letter and not Mardochai's prayer
Esth.9.28		absent	this edition prints Esther in the Septuagint arrangement and in fifteen chapters, so no Vulgate chapter or verse number addresses the matter it names: its 1:1 is the Vulgate's 11:2, its 3:1 is the Vulgate's 1:1, and its 13:9 is part of the king's letter and not Mardochai's prayer
Esth.9.29		absent	this edition prints Esther in the Septuagint arrangement and in fifteen chapters, so no Vulgate chapter or verse number addresses the matter it names: its 1:1 is the Vulgate's 11:2, its 3:1 is the Vulgate's 1:1, and its 13:9 is part of the king's letter and not Mardochai's prayer
Esth.9.3		absent	this edition prints Esther in the Septuagint arrangement and in fifteen chapters, so no Vulgate chapter or verse number addresses the matter it names: its 1:1 is the Vulgate's 11:2, its 3:1 is the Vulgate's 1:1, and its 13:9 is part of the king's letter and not Mardochai's prayer
Esth.9.30		absent	this edition prints Esther in the Septuagint arrangement and in fifteen chapters, so no Vulgate chapter or verse number addresses the matter it names: its 1:1 is the Vulgate's 11:2, its 3:1 is the Vulgate's 1:1, and its 13:9 is part of the king's letter and not Mardochai's prayer
Esth.9.31		absent	this edition prints Esther in the Septuagint arrangement and in fifteen chapters, so no Vulgate chapter or verse number addresses the matter it names: its 1:1 is the Vulgate's 11:2, its 3:1 is the Vulgate's 1:1, and its 13:9 is part of the king's letter and not Mardochai's prayer
Esth.9.32		absent	this edition prints Esther in the Septuagint arrangement and in fifteen chapters, so no Vulgate chapter or verse number addresses the matter it names: its 1:1 is the Vulgate's 11:2, its 3:1 is the Vulgate's 1:1, and its 13:9 is part of the king's letter and not Mardochai's prayer
Esth.9.4		absent	this edition prints Esther in the Septuagint arrangement and in fifteen chapters, so no Vulgate chapter or verse number addresses the matter it names: its 1:1 is the Vulgate's 11:2, its 3:1 is the Vulgate's 1:1, and its 13:9 is part of the king's letter and not Mardochai's prayer
Esth.9.5		absent	this edition prints Esther in the Septuagint arrangement and in fifteen chapters, so no Vulgate chapter or verse number addresses the matter it names: its 1:1 is the Vulgate's 11:2, its 3:1 is the Vulgate's 1:1, and its 13:9 is part of the king's letter and not Mardochai's prayer
Esth.9.6		absent	this edition prints Esther in the Septuagint arrangement and in fifteen chapters, so no Vulgate chapter or verse number addresses the matter it names: its 1:1 is the Vulgate's 11:2, its 3:1 is the Vulgate's 1:1, and its 13:9 is part of the king's letter and not Mardochai's prayer
Esth.9.7		absent	this edition prints Esther in the Septuagint arrangement and in fifteen chapters, so no Vulgate chapter or verse number addresses the matter it names: its 1:1 is the Vulgate's 11:2, its 3:1 is the Vulgate's 1:1, and its 13:9 is part of the king's letter and not Mardochai's prayer
Esth.9.8		absent	this edition prints Esther in the Septuagint arrangement and in fifteen chapters, so no Vulgate chapter or verse number addresses the matter it names: its 1:1 is the Vulgate's 11:2, its 3:1 is the Vulgate's 1:1, and its 13:9 is part of the king's letter and not Mardochai's prayer
Esth.9.9		absent	this edition prints Esther in the Septuagint arrangement and in fifteen chapters, so no Vulgate chapter or verse number addresses the matter it names: its 1:1 is the Vulgate's 11:2, its 3:1 is the Vulgate's 1:1, and its 13:9 is part of the king's letter and not Mardochai's prayer
Ps.115.10	Ps.115.1	renumber	the Vulgate keeps the numbering Psalm 115 had before the Hebrew split and opens it at verse 10; this edition restarts it at 1, so every verse of the psalm answers to a different number here
Ps.115.11	Ps.115.2	renumber	the Vulgate keeps the numbering Psalm 115 had before the Hebrew split and opens it at verse 10; this edition restarts it at 1, so every verse of the psalm answers to a different number here
Ps.115.12	Ps.115.3	renumber	the Vulgate keeps the numbering Psalm 115 had before the Hebrew split and opens it at verse 10; this edition restarts it at 1, so every verse of the psalm answers to a different number here
Ps.115.13	Ps.115.4	renumber	the Vulgate keeps the numbering Psalm 115 had before the Hebrew split and opens it at verse 10; this edition restarts it at 1, so every verse of the psalm answers to a different number here
Ps.115.14	Ps.115.5	renumber	the Vulgate keeps the numbering Psalm 115 had before the Hebrew split and opens it at verse 10; this edition restarts it at 1, so every verse of the psalm answers to a different number here
Ps.115.15	Ps.115.6	renumber	the Vulgate keeps the numbering Psalm 115 had before the Hebrew split and opens it at verse 10; this edition restarts it at 1, so every verse of the psalm answers to a different number here
Ps.115.16	Ps.115.7	renumber	the Vulgate keeps the numbering Psalm 115 had before the Hebrew split and opens it at verse 10; this edition restarts it at 1, so every verse of the psalm answers to a different number here
Ps.115.17	Ps.115.8	renumber	the Vulgate keeps the numbering Psalm 115 had before the Hebrew split and opens it at verse 10; this edition restarts it at 1, so every verse of the psalm answers to a different number here
Ps.115.18	Ps.115.9	renumber	the Vulgate keeps the numbering Psalm 115 had before the Hebrew split and opens it at verse 10; this edition restarts it at 1, so every verse of the psalm answers to a different number here
Ps.115.19	Ps.115.10	renumber	the Vulgate keeps the numbering Psalm 115 had before the Hebrew split and opens it at verse 10; this edition restarts it at 1, so every verse of the psalm answers to a different number here
Ps.13.3		split	the Old Latin plus that Romans 3 quotes stands inside one verse in the concordance's witness and is four verses here
Ps.13.4	Ps.13.7	renumber	the four verses after the plus stand three numbers later here
Ps.13.5	Ps.13.8	renumber	the four verses after the plus stand three numbers later here
Ps.13.6	Ps.13.9	renumber	the four verses after the plus stand three numbers later here
Ps.13.7	Ps.13.10	renumber	the four verses after the plus stand three numbers later here
Ps.147.12	Ps.147.1	renumber	as at Psalm 115: the Vulgate opens Psalm 147 at verse 12 and this edition restarts it at 1
Ps.147.13	Ps.147.2	renumber	as at Psalm 115: the Vulgate opens Psalm 147 at verse 12 and this edition restarts it at 1
Ps.147.14	Ps.147.3	renumber	as at Psalm 115: the Vulgate opens Psalm 147 at verse 12 and this edition restarts it at 1
Ps.147.15	Ps.147.4	renumber	as at Psalm 115: the Vulgate opens Psalm 147 at verse 12 and this edition restarts it at 1
Ps.147.16	Ps.147.5	renumber	as at Psalm 115: the Vulgate opens Psalm 147 at verse 12 and this edition restarts it at 1
Ps.147.17	Ps.147.6	renumber	as at Psalm 115: the Vulgate opens Psalm 147 at verse 12 and this edition restarts it at 1
Ps.147.18	Ps.147.7	renumber	as at Psalm 115: the Vulgate opens Psalm 147 at verse 12 and this edition restarts it at 1
Ps.147.19	Ps.147.8	renumber	as at Psalm 115: the Vulgate opens Psalm 147 at verse 12 and this edition restarts it at 1
Ps.147.20	Ps.147.9	renumber	as at Psalm 115: the Vulgate opens Psalm 147 at verse 12 and this edition restarts it at 1
Ps.19.9		split	this edition gives *O Lord, save the king* a verse of its own, as the published Vulgate scheme does and the concordance's witness does not
Ps.42.4	Ps.42.4	merge	the verse boundary moves inside this psalm: this edition's verse 4 carries the confession on the stringed instrument as well, which the concordance's witness numbers 5
Ps.42.5		unrecorded	the cited verse is divided between this edition's 4 and 5 and no printed verse carries it whole, so there is no number here to send a citation of it to
Ps.42.6	Ps.42.5	merge	this edition's verse 5 opens with the *why are you sad* the concordance's witness numbers 5 and closes with the whole of its 6
Ps.92.1		split	the reigning, the strength and the founding of the world are one verse in the concordance's witness and two here — and because the title took verse 1, a citation of 92:1 lands on the title rather than on the head of the verse it means
Ps.92.1		unrecorded	the reigning, the strength and the founding of the world are one verse in the concordance's witness and two here — and because the title took verse 1, a citation of 92:1 lands on the title rather than on the head of the verse it means
Ps.92.2	Ps.92.4	renumber	the rest of the psalm stands two numbers later here
Ps.92.3	Ps.92.5	renumber	the rest of the psalm stands two numbers later here
Ps.92.4	Ps.92.6	renumber	the rest of the psalm stands two numbers later here
Ps.92.5	Ps.92.7	renumber	the rest of the psalm stands two numbers later here
